iata_code,name,iso_country,iso_region,municipality,type,lat,lon
AAA,Anaa Airport,PF,PF-U-A,Anaa,medium,-17.3526,-145.509995
AAB,Arrabury Airport,AU,AU-QLD,Tanbar,small,-26.69639,141.048718
AAC,El Arish International Airport,EG,EG-SIN,El Arish,medium,31.078565,33.836791
AAD,Adado Airport,SO,SO-GA,Adado,small,6.095802,46.6375
AAE,Annaba Rabah Bitat Airport,DZ,DZ-23,Annaba,medium,36.826781,7.81334
AAF,Apalachicola Regional Airport,US,US-FL,Apalachicola,small,29.72750092,-85.02749634
AAG,Avelino Vieira Airport,BR,BR-PR,Arapoti,small,-24.103901,-49.789101
AAH,Aachen-Merzbrück Airport,DE,DE-NW,Aachen,small,50.823055,6.186389
AAI,Arraias Airport,BR,BR-TO,Arraias,small,-13.025154,-46.884107
AAJ,Cayana Airstrip,SR,SR-SI,Awaradam,small,3.898681,-55.577907
AAK,Aranuka Airport,KI,KI-G,Buariki,small,0.185278,173.636993
AAL,Aalborg Airport,DK,DK-81,Aalborg,medium,57.094763,9.84993
AAM,Malamala Airport,ZA,ZA-MP,Malamala,medium,-24.816866,31.544085
AAN,Al Ain International Airport,AE,AE-AZ,Al Ain,medium,24.261699676513672,55.60919952392578
AAO,Anaco Airport,VE,VE-B,Anaco,medium,9.430225,-64.470726
AAP,Aji Pangeran Tumenggung Pranoto International Airport,ID,ID-KI,Samarinda,medium,-0.374478,117.250128
AAQ,Anapa Vityazevo Airport,RU,RU-KDA,Krasnyi Kurgan,medium,45.002102,37.347301
AAR,Aarhus Airport,DK,DK-82,Aarhus,medium,56.303331,10.618286
AAS,Apalapsili Airport,ID,ID-PP,Apalapsili,small,-3.882495,139.310932
AAT,Altay Xuedu Airport,CN,CN-65,Altay,medium,47.749886,88.085808
AAU,Asau Airport,WS,WS-VS,Asau,small,-13.505132,-172.627888
AAV,Allah Valley Airport,PH,PH-SCO,Surallah,medium,6.367903,124.752431
AAX,Romeu Zema Airport,BR,BR-MG,Araxá,medium,-19.5632,-46.9604
AAY,Al Ghaydah International Airport,YE,YE-MR,Al Ghaydah,medium,16.193341,52.174186
AAZ,Quezaltenango Airport,GT,GT-QZ,Quezaltenango,small,14.8656,-91.501999
ABA,Abakan International Airport,RU,RU-KK,Abakan,medium,53.740002,91.385002
ABB,Asaba International Airport,NG,NG-DE,Asaba,medium,6.204167,6.665278
ABC,Albacete Airport / Los Llanos Air Base,ES,ES-CM,Albacete,medium,38.948502,-1.86352
ABD,Abadan Airport,IR,IR-06,Abadan,medium,30.367887,48.230075
ABE,Lehigh Valley International Airport,US,US-PA,Allentown,medium,40.651773,-75.442797
ABF,Abaiang Airport,KI,KI-G,Abaiang,small,1.79861,173.041
ABG,Abingdon Downs Airport,AU,AU-QLD,,small,-17.608814,143.183531
ABH,Alpha Airport,AU,AU-QLD,Alpha,small,-23.652849,146.582668
ABI,Abilene Regional Airport,US,US-TX,Abilene,medium,32.4113006592,-99.6819000244
ABJ,Félix-Houphouët-Boigny International Airport,CI,CI-AB,Abidjan,medium,5.26139,-3.92629
ABK,Kebri Dahar Airport,ET,ET-SO,Kebri Dahar,medium,6.732577,44.241339
ABL,Ambler Airport,US,US-AK,Ambler,medium,67.105529,-157.855339
ABM,Northern Peninsula Airport,AU,AU-QLD,Bamaga,small,-10.946194,142.455081
ABN,Albina Airport,SR,SR-MA,Albina,small,5.51272,-54.050098
ABO,Aboisso Airport,CI,CI-CM,Aboisso,small,5.461944,-3.234722
ABP,Atkamba Airport,PG,PG-WPD,Atkamba Mission,small,-6.06462,141.095173
ABQ,Albuquerque International Sunport,US,US-NM,Albuquerque,large,35.039976,-106.608925
ABR,Aberdeen Regional Airport,US,US-SD,Aberdeen,medium,45.449100494384766,-98.42179870605467
ABS,Abu Simbel Airport,EG,EG-ASN,Abu Simbel,medium,22.367657,31.609962
ABT,King Saud Bin Abdulaziz (Al Baha) Airport,SA,SA-11,Al-Baha,medium,20.298506,41.636153
ABU,AA Bere Tallo (Haliwen) Airport,ID,ID-NT,Atambua,small,-9.074841,124.903285
ABV,Nnamdi Azikiwe International Airport,NG,NG-FC,Abuja,large,9.00679,7.26317
ABX,Albury Airport,AU,AU-NSW,Albury,medium,-36.066758,146.959148
ABY,Southwest Georgia Regional Airport,US,US-GA,Albany,medium,31.532946,-84.196215
ABZ,Aberdeen Dyce Airport,GB,GB-SCT,Aberdeen,medium,57.2019,-2.19778
ACA,Aeropuerto Internacional Juan N. Álvarez,MX,MX-GRO,Ciudad de Acapulco,medium,16.757126,-99.753113
ACB,Antrim County Airport,US,US-MI,Bellaire,small,44.988602,-85.198402
ACC,Kotoka International Airport,GH,GH-AA,Accra,large,5.605189800262451,-0.1667860001325607
ACD,Alcides Fernández Airport,CO,CO-CHO,Acandí,small,8.497847,-77.274106
ACE,César Manrique-Lanzarote Airport,ES,ES-CN,San Bartolomé,large,28.945499,-13.6052
ACF,Aral Tarim Airport,CN,CN-65,Aral,small,40.434748,81.26206
ACH,Sankt Gallen Altenrhein Airport,CH,CH-SG,St. Gallen,medium,47.485001,9.56077
ACI,Alderney Airport,GG,GG-U-A,Saint Anne,medium,49.706104,-2.21472
ACJ,Anuradhapura Airport,LK,LK-7,Anuradhapura,medium,8.301542,80.42848
ACK,Nantucket Memorial Airport,US,US-MA,Nantucket,medium,41.25310135,-70.06020355
ACM,Arica Airport,CO,CO-AMA,Arica,small,-2.143713,-71.75935
ACN,Ciudad Acuña New International Airport,MX,MX-COA,Ciudad Acuña,small,29.333662,-101.100555
ACO,Cóbano Airport,CR,CR-P,Cóbano,small,9.693365,-85.091216
ACP,Sahand Airport,IR,IR-03,Maragheh,small,37.347999572753906,46.127899169921875
ACR,Araracuara Airport,CO,CO-CAQ,Araracuara,small,-0.600854,-72.398011
ACS,Achinsk Airport,RU,RU-KYA,Achinsk,medium,56.269185,90.57511
ACT,Waco Regional Airport,US,US-TX,Waco,medium,31.611299514770508,-97.23049926757812
ACU,Achutupu Airport,PA,PS-GY,Mamitupu,small,9.188481,-77.994153
ACV,California Redwood Coast-Humboldt County Airport,US,US-CA,Arcata/Eureka,medium,40.978101,-124.109
ACX,Xingyi Wanfenglin Airport,CN,CN-52,Xingyi,medium,25.083423,104.960804
ACY,Atlantic City International Airport,US,US-NJ,Atlantic City,medium,39.45759963989258,-74.57720184326172
ACZ,Zabol Airport,IR,IR-11,Zabol,medium,31.098301,61.5439
ADA,Adana Şakirpaşa Airport,TR,TR-01,Seyhan,medium,36.982201,35.280399
ADB,Adnan Menderes International Airport,TR,TR-35,Gaziemir,large,38.2924,27.157
ADC,Andakombe Airport,PG,PG-EHG,Andekombe,small,-7.13722222222,145.744722222
ADD,Addis Ababa Bole International Airport,ET,ET-AA,Addis Ababa,large,8.97789,38.799301
ADE,Aden International Airport,YE,YE-AD,Aden,medium,12.8295,45.028801
ADF,Adıyaman Airport,TR,TR-02,Adıyaman,medium,37.7314,38.468899
ADG,Lenawee County Airport,US,US-MI,Adrian,small,41.866205,-84.077983
ADH,Aldan Airport,RU,RU-SA,Aldan,small,58.60279846191406,125.40899658203124
ADI,Arandis Airport,,NA-ER,Arandis,medium,-22.461875,14.979322
ADJ,Amman Civil (Marka International) Airport,JO,JO-AM,Amman,medium,31.9727,35.9916
ADK,Adak Airport,US,US-AK,Adak,medium,51.883564,-176.642783
ADL,Adelaide International Airport,AU,AU-SA,Adelaide,large,-34.947512,138.533393
ADM,Ardmore Municipal Airport,US,US-OK,Ardmore,small,34.30301,-97.0196342
ADO,Andamooka Airport,AU,AU-SA,,small,-30.438299,137.136993
ADP,Ampara Airport,LK,LK-5,Ampara,medium,7.336745,81.623869
ADQ,Kodiak Airport,US,US-AK,Kodiak,medium,57.75,-152.4940033
ADR,Robert F Swinnie Airport,US,US-SC,Andrews,small,33.4516983032,-79.5261993408
ADS,Addison Airport,US,US-TX,Dallas,small,32.9686012268,-96.8364028931
ADT,Ada Regional Airport,US,US-OK,Ada,small,34.805214,-96.671988
ADU,Ardabil Airport,IR,IR-24,Ardabil,medium,38.3256988525,48.4244003296
ADV,El Daein Airport,SD,SD-DE,El Daein,small,11.4023,26.1186
ADW,Joint Base Andrews,US,US-MD,Camp Springs,large,38.810799,-76.866997
ADX,Leuchars Station Airfield,GB,GB-SCT,"Leuchars, Fife",medium,56.37398,-2.868862
ADY,Alldays Airport,ZA,ZA-NP,Alldays,small,-22.679001,29.0555
ADZ,Gustavo Rojas Pinilla International Airport,CO,CO-SAP,San Andrés,medium,12.5836,-81.7112
AEA,Abemama Airport,KI,KI-G,Abemama,small,0.490759,173.830287
AEB,Baise Youjiang Airport,CN,CN-45,Baise (Tianyang),medium,23.7206,106.959999
AEE,Adareil Airport,SS,SS-23,Adar,small,10.053611,32.959444
AEG,Aek Godang Airport,ID,ID-SU,Padang Sidempuan,medium,1.4001,99.430496
AEH,Abeche Airport,TD,TD-OD,Abeche,medium,13.847,20.844299
AEK,Aseki Airport,PG,PG-MPL,Aseki,small,-7.350805,146.193994
AEL,Albert Lea Municipal Airport,US,US-MN,Albert Lea,small,43.68149948,-93.36720276
AEM,Amgu Airport,RU,RU-PRI,Amgu,small,45.84126,137.673568
AEO,Aioun el Atrouss Airport,MR,MR-02,Aioun El Atrouss,small,16.711299896240234,-9.637880325317385
AEP,Jorge Newbery Airpark,AR,AR-C,Buenos Aires,large,-34.5592,-58.4156
AEQ,Ar Horqin Airport,CN,CN-15,Chifeng,small,43.908407,120.15099
AER,Sochi International Airport,RU,RU-KDA,Sochi,large,43.449902,39.9566
AES,"Ålesund Airport, Vigra",NO,NO-15,Ålesund,medium,62.5625,6.1197
AET,Allakaket Airport,US,US-AK,Allakaket,small,66.551804,-152.621994
AEU,Abu Musa Island Airport,IR,IR-22,Abu Musa,medium,25.8757,55.033001
AEX,Alexandria International Airport,US,US-LA,Alexandria,medium,31.3274,-92.549797
AEY,Akureyri Airport,IS,IS-6,Akureyri,medium,65.656573,-18.072018
AFA,Suboficial Ay Santiago Germano Airport,AR,AR-M,San Rafael,medium,-34.588299,-68.4039
AFD,Port Alfred Airport,ZA,ZA-EC,Port Alfred,small,-33.555057,26.881656
AFF,USAF Academy Airfield,US,US-CO,Colorado Springs,small,38.972497,-104.821125
AFI,Amalfi Airport,CO,CO-ANT,Amalfi,small,6.895033,-75.047334
AFK,Kondavattavana Tank Seaplane Base,LK,LK-5,Ampara,seaplane_base,7.284,81.644
AFL,Piloto Osvaldo Marques Dias Airport,BR,BR-MT,Alta Floresta,medium,-9.866389,-56.106298
AFN,Jaffrey Airfield Silver Ranch Airport,US,US-NH,Jaffrey,small,42.805099,-72.002998
AFO,Afton Municipal Airport,US,US-WY,Afton,small,42.7112007141,-110.942001343
AFR,Afore Airstrip,PG,PG-NPP,,small,-9.13867,148.390701
AFS,Sugraly Airport,UZ,UZ-NW,Zarafshan,small,41.613899,64.2332
AFT,Afutara Aerodrome,SB,SB-ML,Bila,small,-9.19138888889,160.948611111
AFW,Perot Field/Fort Worth Alliance Airport,US,US-TX,Fort Worth,medium,32.99044,-97.31947
AFY,Afyon Air Base,TR,TR-03,Afyonkarahisar,medium,38.726398,30.601101
AFZ,Sabzevar National Airport,IR,IR-09,Sabzevar,medium,36.16809844970703,57.59519958496094
AGA,Al Massira Airport,MA,MA-AGD,Agadir (Temsia),medium,30.322478,-9.412003
AGB,Augsburg Airport,DE,DE-BY,Augsburg,medium,48.425278,10.931667
AGC,Allegheny County Airport,US,US-PA,Pittsburgh,medium,40.354401,-79.930199
AGD,Anggi Airport,ID,ID-PB,Anggi-Papua Island,small,-1.3858,133.8737
AGE,Wangerooge Airport,DE,DE-NI,Wangerooge,small,53.782544,7.919584
AGF,Agen-La Garenne Airport,FR,FR-NAQ,Agen/La Garenne,medium,44.174171,0.59309
AGG,Angoram Airport,PG,PG-ESW,Angoram,small,-4.05583333333,144.073888889
AGH,Ängelholm-Helsingborg Airport,SE,SE-M,Ängelholm,medium,56.29610061645508,12.847100257873535
AGI,Wageningen Airstrip,SR,SR-NI,Wageningen,small,5.841252,-56.673247
AGJ,Aguni Airport,JP,JP-47,Aguni,small,26.592755,127.240335
AGK,Kagua Airport,PG,PG-SHM,Kagua,small,-6.396388888890001,143.853611111
AGL,Wanigela Airport,PG,PG-NPP,,small,-9.3375,149.155555556
AGM,Tasiilaq Heliport,GL,GL-SE,Tasiilaq,heliport,65.612296,-37.618335
AGN,Angoon Seaplane Base,US,US-AK,Angoon,seaplane_base,57.497097,-134.56722
AGO,Magnolia Municipal Airport / Ralph C Weiser Field,US,US-AR,Magnolia,small,33.228001,-93.217002
AGP,Málaga-Costa del Sol Airport,ES,ES-AN,Málaga,large,36.6749,-4.49911
AGR,Agra Airport / Agra Air Force Station,IN,IN-UP,Agra,medium,27.157683,77.960942
AGS,Augusta Regional At Bush Field,US,US-GA,Augusta,medium,33.3699,-81.9645
AGT,Aeropuerto Internacional Guaraní,PY,PY-10,Ciudad del Este,large,-25.457186,-54.839544
AGU,Aeropuerto Internacional Jesús Terán Peredo,MX,MX-AGU,Aguascalientes,medium,21.699589,-102.318372
AGV,Oswaldo Guevara Mujica Airport,VE,VE-P,Acarigua,medium,9.553375,-69.237869
AGW,Agnew Airport,AU,AU-QLD,Agnew,small,-12.1456,142.149369
AGX,Agatti Airport,IN,IN-LD,Agatti,medium,10.8237,72.176003
AGY,Argyle Downs Airport,AU,AU-WA,Argyle Downs,small,-16.508604,128.922485
AGZ,Aggeneys Airport,ZA,ZA-NC,Aggeneys,medium,-29.281799,18.8139
AHB,Abha International Airport,SA,SA-14,Abha,medium,18.2404,42.656601
AHC,Amedee Army Air Field,US,US-CA,Herlong,small,40.26620102,-120.1529999
AHD,Ardmore Downtown Executive Airport,US,US-OK,Ardmore,small,34.1469993591,-97.1227035522
AHE,Ahe Airport,PF,PF-U-A,Ahe Atoll,medium,-14.428099632263184,-146.2570037841797
AHF,Arapahoe Municipal Airport,US,US-NE,Arapahoe,small,40.341576,-99.907839
AHH,Amery Municipal Airport,US,US-WI,Amery,small,45.2811012268,-92.3753967285
AHI,Amahai Airport,ID,ID-MA,Amahai,small,-3.347851,128.927093
AHJ,Hongyuan Airport,CN,CN-51,Ngawa (Hongyuan),medium,32.53154,102.35224
AHL,Aishalton Airport,GY,GY-UT,Aishalton,small,2.47403,-59.320786
AHM,Ashland Municipal Airport-Sumner Parker Field,US,US-OR,Ashland,small,42.190265,-122.660648
AHN,Athens Ben Epps Airport,US,US-GA,Athens,medium,33.948842,-83.325634
AHO,Alghero-Fertilia Airport,IT,IT-88,Alghero,medium,40.632099,8.29077
AHS,Ahuas Airport,HN,HN-GD,Ahuas,small,15.4722,-84.352203
AHU,Cherif Al Idrissi Airport,MA,MA-HOC,Al Hoceima,medium,35.177101135253906,-3.83951997756958
AHY,Ambatolhy Airport,MG,MG-U,Ambatolahy,small,-20.0158333333,45.535
AHZ,Altiport L'Alpe d'Huez - Henri GIRAUD,FR,FR-ARA,L'Alpe d'Huez,small,45.087399,6.083604
AIA,Alliance Municipal Airport,US,US-NE,Alliance,medium,42.052543,-102.803965
AIC,Ailinglaplap Airok Airport,MH,MH-ALL,Bigatyelang Island,small,7.279422,168.8257
AID,Anderson Municipal Darlington Field,US,US-IN,Anderson,small,40.10860061649999,-85.6129989624
AIE,Aiome Airport,PG,PG-MPM,Aiome,small,-5.145699978,144.7307003
AIF,Marcelo Pires Halzhausen Airport,BR,BR-SP,Assis,small,-22.638601,-50.455983
AIG,Yalinga Airport,CF,CF-HK,Yalinga,small,6.519999980926514,23.260000228881836
AIH,Aiambak Airport,PG,PG-WPD,Aiambak,small,-7.342777777779999,141.2675
AII,Ali-Sabieh Airport,DJ,DJ-AS,Ali-Sabieh,small,11.146889,42.72
AIK,Aiken Regional Airport,US,US-SC,Aiken,small,33.649399,-81.684998
AIL,Ailigandí Airport,PA,PS-GY,Isla Lorenzo Bello,small,9.2226,-78.0236
AIM,Ailuk Airport,MH,MH-ALK,Ailuk Island,small,10.21679973602295,169.98300170898438
AIN,Wainwright Airport,US,US-AK,Wainwright,medium,70.638,-159.994995
AIO,Atlantic Municipal Airport,US,US-IA,Atlantic,small,41.40729904,-95.04689789
AIP,Adampur Airport,IN,IN-PB,Adampur,small,31.4338,75.758797
AIR,Aripuanã Airport,BR,BR-MT,Aripuanã,small,-10.187375,-59.457469
AIS,Arorae Island Airport,KI,KI-G,Arorae Island,small,-2.616233,176.802209
AIT,Aitutaki Airport,CK,CK-U-A,Aitutaki,small,-18.8309,-159.764008
AIU,Enua Airport,CK,CK-U-A,Atiu Island,small,-19.96780014038086,-158.11900329589844
AIV,George Downer Airport,US,US-AL,Aliceville,small,33.106499,-88.1978
AIW,Ai-Ais Airport,,NA-KA,Ai-Ais,small,-27.995,17.5966
AIZ,Lee C Fine Memorial Airport,US,US-MO,Kaiser Lake Ozark,small,38.0960006714,-92.54949951170002
AJA,Ajaccio-Napoléon Bonaparte Airport,FR,FR-COR,Ajaccio/Napoléon Bonaparte,medium,41.92359924316406,8.8029203414917
AJF,Al-Jawf Domestic Airport,SA,SA-12,Al-Jawf,medium,29.78510093688965,40.099998474121094
AJI,Ağrı Airport,TR,TR-04,Ağrı,medium,39.655642,43.025742
AJJ,Akjoujt Airport,MR,MR-12,Akjoujt,small,19.727998,-14.377214
AJK,Arak Airport,IR,IR-00,Araak,small,34.1381,49.847301
AJL,Lengpui Airport,IN,IN-MZ,Aizawl (Lengpui),medium,23.840599,92.619698
AJN,Ouani Airport,KM,KM-A,Ouani,medium,-12.131047,44.430044
AJR,Arvidsjaur Airport,SE,SE-BD,Arvidsjaur,medium,65.59030151367188,19.28190040588379
AJS,Punta Abreojos Airport,MX,MX-BCS,Mulegé,small,26.7272,-113.558998
AJU,Aracaju - Santa Maria International Airport,BR,BR-SE,Aracaju,medium,-10.984,-37.070301
AJY,Mano Dayak International Airport,NE,NE-1,Agadez,medium,16.965999603271484,8.000109672546387
AKA,Ankang Fuqiang Airport,CN,CN-61,Ankang (Hanbin),small,32.75696,108.87338
AKB,Atka Airport,US,US-AK,Atka,small,52.220299,-174.205994
AKC,Akron Executive Airport,US,US-OH,Akron,medium,41.037498,-81.466904
AKD,Akola Airport,IN,IN-MM,Akola,medium,20.698931,77.056883
AKE,Akieni Airport,GA,GA-2,Akieni,small,-1.13967001438,13.9035997391
AKF,Kufra Airport,LY,LY-KF,Kufra,medium,24.178699493408203,23.31399917602539
AKG,Anguganak Airport,PG,PG-SAN,Anguganak,small,-3.560504,142.217307
AKH,Prince Sultan Air Base,SA,SA-01,,medium,24.0627,47.580502
AKI,Akiak Airport,US,US-AK,Akiak,small,60.902646,-161.23106
AKJ,Asahikawa Airport,JP,JP-01,Higashikagura,medium,43.670799,142.447006
AKK,Akhiok Airport,US,US-AK,Akhiok,small,56.938702,-154.182999
AKL,Auckland International Airport,NZ,NZ-AUK,Auckland,large,-37.01199,174.786331
AKM,Zakuoma Airport,TD,TD-SA,ZaKouma,small,10.8902777778,19.8172222222
AKN,King Salmon Airport,US,US-AK,King Salmon,medium,58.677845,-156.651965
AKO,Colorado Plains Regional Airport,US,US-CO,Akron,small,40.1755981445,-103.222000122
AKP,Anaktuvuk Pass Airport,US,US-AK,Anaktuvuk Pass,medium,68.133598,-151.742996
AKQ,Gunung Batin Airport,ID,ID-LA,Astraksetra,small,-4.61114,105.232002
AKR,Akure Airport,NG,NG-ON,Akure,medium,7.246739864349365,5.3010101318359375
AKS,Gwaunaru'u Airport,SB,SB-ML,Auki,small,-8.70257,160.682007
AKT,RAF Akrotiri,CY,CY-XX,Akrotiri,medium,34.590401,32.9879
AKU,Aksu Hongqipo Airport,CN,CN-65,Aksu (Onsu),medium,41.262501,80.291702
AKV,Akulivik Airport,CA,CA-QC,Akulivik,small,60.8186,-78.148598
AKW,Aghajari Airport,IR,IR-06,Aghajari,medium,30.7444,49.6772
AKX,Aktobe Airport,KZ,KZ-AKT,Aktobe,medium,50.2458,57.206699
AKY,Sittwe Airport,MM,MM-16,Sittwe,medium,20.133165,92.870693
ALA,Almaty International Airport,KZ,KZ-ALA,Almaty,large,43.354267,77.042828
ALB,Albany International Airport,US,US-NY,Albany,medium,42.74829864501953,-73.80169677734375
ALC,Alicante-Elche Miguel Hernández Airport,ES,ES-VC,Alicante,large,38.2822,-0.558156
ALD,Alerta Airport,PE,PE-MDD,Fortaleza,small,-11.65018,-69.229614
ALE,Alpine Casparis Municipal Airport,US,US-TX,Alpine,small,30.3841991425,-103.683998108
ALF,Alta Airport,NO,NO-54,Alta,medium,69.976097106934,23.371700286865
ALG,Houari Boumediene Airport,DZ,DZ-16,Algiers,large,36.693886,3.214531
ALH,Albany Airport,AU,AU-WA,Albany,medium,-34.94329833984375,117.80899810791016
ALI,Alice International Airport,US,US-TX,Alice,medium,27.7409,-98.026901
ALJ,Alexander Bay Airport,ZA,ZA-NC,Alexander Bay,medium,-28.575001,16.5333
ALL,Riviera Villanova d'Albenga International Airport,IT,IT-42,Villanova d'Albenga (SV),medium,44.050598,8.12743
ALM,Alamogordo White Sands Regional Airport,US,US-NM,Alamogordo,medium,32.84051,-105.98794
ALN,St Louis Regional Airport,US,US-IL,Alton/St Louis,medium,38.89030075069999,-90.0459976196
ALO,Waterloo Regional Airport,US,US-IA,Waterloo,medium,42.557098388671875,-92.40029907226562
ALP,Aleppo International Airport,SY,SY-HL,Aleppo,medium,36.180698,37.2244
ALQ,Alegrete Novo Airport,BR,BR-RS,Alegrete,small,-29.811595,-55.894707
ALR,Alexandra Aerodrome,NZ,NZ-OTA,Alexandra,medium,-45.210495,169.371113
ALS,San Luis Valley Regional Airport/Bergman Field,US,US-CO,Alamosa,medium,37.434898,-105.866997
ALT,Alenquer Municipal Airport,BR,BR-PA,Alenquer,small,-1.917,-54.7231
ALU,Caluula Airport,SO,SO-BR,Caluula,small,11.9582,50.748
ALW,Walla Walla Regional Airport,US,US-WA,Walla Walla,medium,46.09489822,-118.288002
ALX,Thomas C Russell Field,US,US-AL,Alexander City,small,32.914699554399995,-85.9629974365
ALZ,Alitak Seaplane Base,US,US-AK,Lazy Bay,seaplane_base,56.897294,-154.249692
AMA,Rick Husband Amarillo International Airport,US,US-TX,Amarillo,medium,35.219398,-101.706001
AMB,Ambilobe Airport,MG,MG-D,,small,-13.1884,48.987999
AMC,Am Timan Airport,TD,TD-SA,Am Timan,small,11.0340003967,20.274000167799997
AMD,Sardar Vallabh Bhai Patel International Airport,IN,IN-GJ,Ahmedabad,medium,23.0772,72.634697
AME,Alto Molocue Airport,MZ,MZ-Q,Alto Molocue,small,-15.6102777778,37.6813888889
AMF,Ama Airport,PG,PG-ESW,,small,-4.10111111111,141.67
AMH,Arba Minch Airport,ET,ET-SN,Arba Minch,medium,6.03939,37.5905
AMI,Selaparang Airport,ID,ID-NB,Mataram,small,-8.56056,116.095097
AMJ,Cirilo Queiróz Airport,BR,BR-MG,Almenara,small,-16.165579,-40.684024
AMK,Animas Air Park,US,US-CO,Durango,small,37.203201,-107.869003
AML,Puerto Armuelles Airport,PA,PA-4,Puerto Armuelles,small,8.267667,-82.864537
AMM,Queen Alia International Airport,JO,JO-AM,Amman,large,31.7226009369,35.9931983948
AMN,Gratiot Community Airport,US,US-MI,Alma,small,43.322101593,-84.68800354
AMO,Mao Airport,TD,TD-KA,Mao,small,14.1456,15.3144
AMP,Ampanihy Airport,MG,MG-U,Ampanihy,small,-24.699699,44.7342
AMQ,Pattimura International Airport,ID,ID-MA,Ambon,medium,-3.71026,128.089005
AMS,Amsterdam Airport Schiphol,NL,NL-NH,Amsterdam,large,52.308601,4.76389
AMT,Amata Airport,AU,AU-SA,,small,-26.097363,131.202732
AMU,Amanab Airport,PG,PG-SAN,Amanab,small,-3.586,141.214333333
AMV,Amderma Airport,RU,RU-NEN,Amderma,medium,69.76329803466797,61.556400299072266
AMW,Ames Municipal Airport,US,US-IA,Ames,small,41.992001,-93.621803
AMX,Ammaroo Airport,AU,AU-NT,,small,-21.738300323486328,135.24200439453125
AMY,Ambatomainty Airport,MG,MG-M,,small,-17.686667,45.623889
AMZ,Ardmore Airport,NZ,NZ-AUK,Manurewa,medium,-37.02970123291016,174.97300720214844
ANA,Angama Airport,KE,KE-700,Maasai Mara,small,-1.27156,34.955513
ANB,Anniston Regional Airport,US,US-AL,Anniston,medium,33.5882,-85.8581
ANC,Ted Stevens Anchorage International Airport,US,US-AK,Anchorage,large,61.179004,-149.992561
AND,Anderson Regional Airport,US,US-SC,Anderson,medium,34.4945983887,-82.70939636230001
ANE,Angers-Loire Airport,FR,FR-PDL,TFFR,medium,47.560299,-0.312222
ANF,Andrés Sabella Gálvez International Airport,CL,CL-AN,Antofagasta,medium,-23.444501,-70.445099
ANG,Angoulême-Brie-Champniers Airport,FR,FR-NAQ,Angoulême/Brie/Champniers,medium,45.729198,0.221456
ANI,Aniak Airport,US,US-AK,Aniak,medium,61.581600189208984,-159.54299926757812
ANJ,Zanaga Airport,CG,CG-2,Zanaga,small,-2.85,13.817
ANK,Etimesgut Air Base,TR,TR-06,Ankara,medium,39.949798584,32.6885986328
ANL,Andulo Airport,AO,AO-BIE,Andulo,small,-11.4723,16.710899
ANM,Antsirabe Airport,MG,MG-D,Antsirabe,medium,-14.9994,50.320202
ANN,Annette Island Airport,US,US-AK,Metlakatla,medium,55.037663,-131.572609
ANO,Angoche Airport,MZ,MZ-N,Angoche,small,-16.18187,39.945217
ANP,Lee Airport,US,US-MD,Annapolis,small,38.942902,-76.568398
ANQ,Tri State Steuben County Airport,US,US-IN,Angola,small,41.639702,-85.083504
ANR,Antwerp International Airport (Deurne),BE,BE-VAN,Antwerp,medium,51.190667,4.463153
ANS,Andahuaylas Airport,PE,PE-APU,Andahuaylas,small,-13.70639991760254,-73.35040283203125
ANU,V C Bird International Airport,AG,AG-03,Osbourn,medium,17.1367,-61.792702
ANV,Anvik Airport,US,US-AK,Anvik,medium,62.646702,-160.190994
ANW,Ainsworth Regional Airport,US,US-NE,Ainsworth,small,42.579201,-99.992995
ANX,"Andøya Airport, Andenes",NO,NO-18,Andenes,medium,69.292503,16.144199
ANY,Anthony Municipal Airport,US,US-KS,Anthony,small,37.158501,-98.079597
ANZ,Angus Downs Airport,AU,AU-NT,Angus Downs Station,small,-25.0325,132.2748
AOB,Annanberg Airport,PG,PG-MPM,,small,-4.90416666667,144.635833333
AOC,Leipzig–Altenburg Airport,DE,DE-TH,Nobitz,medium,50.981945,12.506389
AOD,Abou-Deïa Airport,TD,TD-SA,Abou-Deïa,small,11.4773,19.2874
AOE,Anadolu Airport,TR,TR-26,Eskişehir,medium,39.809898,30.5194
AOG,Anshan Teng'ao Airport / Anshan Air Base,CN,CN-21,Anshan,medium,41.105301,122.853996
AOH,Lima Allen County Airport,US,US-OH,Lima,small,40.706902,-84.026703
AOI,Marche Airport,IT,IT-57,Ancona,medium,43.616299,13.3623
AOJ,Aomori Airport,JP,JP-02,Aomori,medium,40.73469924926758,140.6909942626953
AOK,Karpathos Airport,GR,GR-L,Karpathos Island,medium,35.421398,27.146
AOL,Paso De Los Libres Airport,AR,AR-W,Paso de los Libres,medium,-29.6894,-57.1521
AOM,Adam Airport,OM,OM-DA,Adam,small,22.4919444444,57.3838888889
AOO,Altoona Blair County Airport,US,US-PA,Altoona,medium,40.296398,-78.32
AOP,Alferez FAP Alfredo Vladimir Sara Bauer Airport,PE,PE-LOR,Andoas,small,-2.79612994194,-76.46659851070001
AOQ,Aappilattoq Heliport,GL,GL-AV,Aappilattoq,heliport,72.88703,-55.596287
AOR,Sultan Abdul Halim Airport,MY,MY-02,Alor Satar,medium,6.189670085906982,100.39800262451172
AOS,Amook Bay Seaplane Base,US,US-AK,Amook Bay,seaplane_base,57.4715003967,-153.815002441
AOT,Aosta Corrado Gex Airport,IT,IT-23,Saint-Christophe (AO),medium,45.738552,7.3683
AOU,Attopeu Airport,LA,LA-AT,Attopeu,small,14.793056,107.045278
APA,Centennial Airport,US,US-CO,Denver,medium,39.57009888,-104.848999
APB,Apolo Airport,BO,BO-L,Apolo,small,-14.7356,-68.411903
APC,Napa County Airport,US,US-CA,Napa,small,38.2132,-122.280998
APD,Arung Palakka Airport,ID,ID-SN,Bone,small,-4.459582,120.310436
APF,Naples Municipal Airport,US,US-FL,Naples,medium,26.1525993347,-81.7752990723
APG,Phillips Army Air Field,US,US-MD,Aberdeen,medium,39.466202,-76.1688
APH,Mary Walker LZ Airport,US,US-VA,Bowling Green,small,38.068631,-77.319318
API,Gomez Nino Apiay Air Base,CO,CO-MET,Apiay,medium,4.07607,-73.5627
APJ,Ali Pulan Airport,CN,CN-54,Burang Town,medium,30.3975,81.138611
APK,Apataki Airport,PF,PF-U-A,Apataki,small,-15.5736,-146.414993
APL,Nampula Airport,MZ,MZ-N,Nampula,medium,-15.105600357055664,39.28179931640625
APN,Alpena County Regional Airport,US,US-MI,Alpena,medium,45.0780983,-83.56030273
APO,Antonio Roldán Betancur Airport,CO,CO-ANT,Carepa,medium,7.81196,-76.7164
APP,Asapa Airport,PG,PG-NPP,,small,-8.979167,148.103611
APQ,Arapiraca Airport,BR,BR-AL,Arapiraca,small,-9.776589,-36.628983
APR,April River Airport,PG,PG-ESW,April River,small,-4.67666666667,142.540138889
APS,Anápolis Airport,BR,BR-GO,Anápolis,small,-16.3623008728,-48.9271011353
APT,Marion County Airport - Brown Field,US,US-TN,Jasper,small,35.060699,-85.585297
APU,Captain João Busse Airport,BR,BR-PR,Apucarana,small,-23.609099,-51.384301
APV,Apple Valley Airport,US,US-CA,Apple Valley,small,34.575298309299995,-117.185997009
APW,Faleolo International Airport,WS,WS-AA,Apia,medium,-13.829999923706056,-172.00799560546875
APX,Arapongas Airport,BR,BR-PR,Arapongas,small,-23.3529,-51.491699
APY,Alto Parnaíba Airport,BR,BR-MA,Alto Parnaíba,small,-9.083611,-45.950558
APZ,Zapala Airport,AR,AR-Q,Zapala,medium,-38.975498,-70.113602
AQA,Araraquara Airport,BR,BR-SP,Araraquara,medium,-21.812,-48.132999
AQB,Quiché Airport,GT,GT-QC,Santa Cruz del Quiché,small,15.0122,-91.150597
AQG,Anqing Tianzhushan Airport / Anqing North Air Base,CN,CN-34,Anqing,medium,30.582199,117.050003
AQI,Al Qaisumah/Hafr Al Batin Airport,SA,SA-04,Qaisumah,medium,28.335199,46.125099
AQJ,Aqaba King Hussein International Airport,JO,JO-AQ,Aqaba,medium,29.611600875854492,35.01810073852539
AQM,Ariquemes Airport,BR,BR-RO,Ariquemes,small,-9.880436,-63.047115
AQP,Rodríguez Ballón International Airport,PE,PE-ARE,Arequipa,medium,-16.3411006927,-71.5830993652
AQY,Girdwood-Alyeska Airport,US,US-AK,Girdwood,small,60.968774,-149.119792
ARA,Acadiana Regional Airport,US,US-LA,New Iberia,medium,30.0378,-91.883904
ARB,Ann Arbor Municipal Airport,US,US-MI,Ann Arbor,small,42.2229995728,-83.74559783939999
ARC,Arctic Village Airport,US,US-AK,Arctic Village,medium,68.1147,-145.578995
ARD,Alor Island - Mali Airport,ID,ID-NT,Kabola,small,-8.13234,124.597
ARE,Antonio Nery Juarbe Pol Airport,PR,PR-U-A,Arecibo,medium,18.45085,-66.675768
ARF,Acaricuara Airport,CO,CO-VAU,Acaricuara,small,0.533333,-70.133333
ARG,Walnut Ridge Regional Airport,US,US-AR,Walnut Ridge,small,36.124667,-90.925111
ARH,Talagi Airport,RU,RU-ARK,Archangelsk,medium,64.60030364990234,40.71670150756836
ARI,Chacalluta Airport,CL,CL-AP,Arica,medium,-18.348499,-70.338699
ARK,Arusha Airport,TZ,TZ-01,Arusha,medium,-3.3677899837493896,36.63330078125
ARL,Arly Airport,BF,BF-TAP,Arly,small,11.597,1.483
ARM,Armidale Airport,AU,AU-NSW,Armidale,medium,-30.528099060099997,151.617004395
ARN,Stockholm-Arlanda Airport,SE,SE-AB,Stockholm,large,59.64849,17.928829
ARO,Arboletes Airport,CO,CO-ANT,Arboletes,small,8.855118,-76.422676
ARP,Aragip Airport,PG,PG-MBA,,small,-9.88333333333,149.483333333
ARQ,El Troncal Airport,CO,CO-ARA,Arauquita,small,7.02106,-71.388901
ARR,D. Casimiro Szlapelis Airport,AR,AR-U,Alto Rio Senguerr,small,-45.013599,-70.812202
ARS,Aragarças Airport,BR,BR-GO,Aragarças,small,-15.8994,-52.2411
ART,Watertown International Airport,US,US-NY,Watertown,medium,43.991901,-76.021698
ARU,Araçatuba Airport,BR,BR-SP,Araçatuba,medium,-21.141479,-50.424575
ARV,Lakeland-Noble F. Lee Memorial field,US,US-WI,Minocqua-Woodruff,small,45.92789841,-89.73090363
ARW,Arad International Airport,RO,RO-AR,Arad,medium,46.17660140991211,21.261999130249023
ARX,Aracati Dragão do Mar Regional Airport,BR,BR-CE,Aracati,medium,-4.568896,-37.805135
ARY,Ararat Airport,AU,AU-VIC,Ararat,medium,-37.309978,142.988688
ARZ,N'zeto Airport,AO,AO-ZAI,N'zeto,small,-7.25944,12.8631
ASA,Assab International Airport,ER,ER-DK,Asab,medium,13.071800231933594,42.64500045776367
ASB,Ashgabat International Airport,TM,TM-S,Ashgabat,large,37.986801,58.361
ASC,Ascención De Guarayos Airport,BO,BO-S,Ascensión de Guarayos,small,-15.9303,-63.1567
ASD,Andros Town Airport,BS,BS-NS,,medium,24.697900772094727,-77.79560089111328
ASE,Aspen-Pitkin County Airport (Sardy Field),US,US-CO,Aspen,medium,39.223202,-106.869003
ASF,Astrakhan Narimanovo Boris M. Kustodiev International Airport,RU,RU-AST,Astrakhan,medium,46.282843,48.010511
ASG,Ashburton Aerodrome,NZ,NZ-CAN,,small,-43.90330123901367,171.7969970703125
ASH,Nashua Airport / Boire Field,US,US-NH,Nashua,small,42.7817,-71.514801
ASI,RAF Ascension Island,SH,SH-AC,Cat Hill,medium,-7.9696,-14.3937
ASJ,Amami Airport,JP,JP-46,Amami,medium,28.430599212646484,129.71299743652344
ASK,Yamoussoukro Airport,CI,CI-YM,Yamoussoukro,medium,6.9031701088,-5.36558008194
ASL,Harrison County Airport,US,US-TX,Marshall,small,32.5205001831,-94.307800293
ASM,Asmara International Airport,ER,ER-SK,Asmara,medium,15.291899681091309,38.910701751708984
ASN,Talladega Municipal Airport,US,US-AL,Talladega,small,33.569900512699995,-86.05090332030001
ASO,Asosa Airport,ET,ET-BE,Asosa,medium,10.018500328063965,34.586299896240234
ASP,Alice Springs Airport,AU,AU-NT,Alice Springs,medium,-23.806588,133.903427
ASQ,Austin Airport,US,US-NV,Austin,small,39.467708,-117.197576
ASR,Kayseri Erkilet Airport,TR,TR-38,Kayseri,medium,38.770401001,35.4953994751
ASS,Arathusa Safari Lodge Airport,ZA,ZA-NP,Arathusa,small,-24.744165,31.522499
AST,Astoria Regional Airport,US,US-OR,Astoria,medium,46.158000946,-123.878997803
ASU,Aeropuerto Internacional Silvio Pettirossi,PY,PY-11,Asunción,large,-25.240156,-57.519227
ASV,Amboseli Airport,KE,KE-700,Amboseli National Park,medium,-2.645050048828125,37.25310134887695
ASW,Aswan International Airport,EG,EG-ASN,Aswan,medium,23.968137,32.824445
ASX,John F Kennedy Memorial Airport,US,US-WI,Ashland,small,46.54850006,-90.91899872
ASY,Ashley Municipal Airport,US,US-ND,Ashley,small,46.0238990784,-99.3526000977
ASZ,Asirim Airport,PG,PG-WBK,,small,-6.009722222220001,150.368611111
ATA,Comandante FAP German Arias Graziani Airport,PE,PE-ANC,Anta,medium,-9.347439765930176,-77.59839630126953
ATB,Atbara Airport,SD,SD-04,Atbara,small,17.710344314575195,34.0570182800293
ATC,Arthur's Town Airport,BS,BS-CI,Arthur's Town,medium,24.6294,-75.673797
ATD,Uru Harbour Airport,SB,SB-ML,Atoifi,small,-8.87333,161.011002
ATE,Antlers Municipal Airport,US,US-OK,Antlers,small,34.1926002502,-95.6499023438
ATF,Chachoán Regional Airport,EC,EC-T,Ambato,medium,-1.21207,-78.5746
ATG,Minhas Air Base,PK,PK-PB,Kamra,medium,33.8690986633,72.4009017944
ATH,Athens Eleftherios Venizelos International Airport,GR,GR-I,Spata-Artemida,large,37.936401,23.9445
ATI,Artigas International Airport,UY,UY-AR,Artigas,small,-30.4007,-56.5079
ATJ,Antsirabe Airport,MG,MG-T,Antsirabe,small,-19.839221,47.063713
ATK,Atqasuk Edward Burnell Sr Memorial Airport,US,US-AK,Atqasuk,medium,70.46704,-157.436013
ATL,Hartsfield Jackson Atlanta International Airport,US,US-GA,Atlanta,large,33.6367,-84.428101
ATM,Altamira Interstate Airport,BR,BR-PA,Altamira,medium,-3.253144,-52.253938
ATN,Namatanai Airport,PG,PG-NIK,Namatanai,small,-3.6695,152.438
ATO,Ohio University Airport,US,US-OH,Albany,small,39.211839,-82.22949
ATP,Aitape Airport,PG,PG-SAN,Aitape,small,-3.14361111111,142.346805556
ATQ,Sri Guru Ram Dass Jee International Airport,IN,IN-PB,Amritsar,medium,31.7096,74.797302
ATR,Atar International Airport,MR,MR-07,Atar,medium,20.506799697875977,-13.04319953918457
ATS,Artesia Municipal Airport,US,US-NM,Artesia,small,32.8525009155,-104.468002319
ATT,Atmautluak Airport,US,US-AK,Atmautluak,small,60.866699,-162.272996
ATV,Ati Airport,TD,TD-BA,Ati,small,13.239778,18.315893
ATW,Appleton International Airport,US,US-WI,Appleton,medium,44.258099,-88.519096
ATX,Atbasar Airport,KZ,KZ-AKM,Atbasar,small,51.852306,68.366892
ATY,Watertown Regional Airport,US,US-SD,Watertown,medium,44.91400146,-97.15470123
ATZ,Asyut International Airport,EG,EG-AST,Asyut,medium,27.050818,31.016309
AUA,Queen Beatrix International Airport,AW,AW-U-A,Oranjestad,large,12.5014,-70.015198
AUC,Santiago Perez Airport,CO,CO-ARA,Arauca,medium,7.06888,-70.7369
AUD,Augustus Downs Airport,AU,AU-QLD,,small,-18.51499938964844,139.8780059814453
AUE,Abu Rudeis Airport,EG,EG-JS,Ras Abu Rudeis,small,28.899694,33.202057
AUF,Auxerre-Branches Airport,FR,FR-BFC,Auxerre/Branches,medium,47.850201,3.49711
AUG,Augusta State Airport,US,US-ME,Augusta,medium,44.320598602299995,-69.7973022461
AUH,Abu Dhabi International Airport,AE,AE-AZ,Abu Dhabi,large,24.443764,54.651718
AUI,Aua Island Airport,PG,PG-MRL,Aua Island,small,-1.46055555556,143.064722222
AUJ,Ambunti Airport,PG,PG-ESW,Ambunti,small,-4.21566666667,142.823166667
AUK,Alakanuk Airport,US,US-AK,Alakanuk,small,62.682653,-164.722481
AUL,Aur Island Airport,MH,MH-AUR,Aur Atoll,small,8.14528,171.173004
AUM,Austin Municipal Airport,US,US-MN,Austin,small,43.66500092,-92.93340302
AUN,Auburn Municipal Airport,US,US-CA,Auburn,small,38.95479965,-121.0820007
AUO,Auburn University Regional Airport,US,US-AL,Auburn,small,32.615101,-85.433998
AUP,Agaun Airport,PG,PG-MBA,,small,-9.930833,149.385667
AUQ,Hiva Oa-Atuona Airport,PF,PF-U-A,Hiva Oa Island,medium,-9.76879024506,-139.011001587
AUR,Aurillac Airport,FR,FR-ARA,Aurillac,medium,44.89139938354492,2.4219400882720947
AUS,Austin Bergstrom International Airport,US,US-TX,Austin,large,30.197535,-97.662015
AUT,Atauro Airport,TL,TL-AT,Vila,small,-8.243133,125.606378
AUU,Aurukun Airport,AU,AU-QLD,Aurukun,small,-13.354019,141.720028
AUV,Aumo Airport,PG,PG-WBK,Aumo,small,-5.731111111110001,148.445277778
AUW,Wausau Downtown Airport,US,US-WI,Wausau,medium,44.9262008667,-89.6266021729
AUX,Araguaína Airport,BR,BR-TO,Araguaína,medium,-7.22787,-48.240501
AUY,Aneityum Airport,VU,VU-TAE,Anatom Island,small,-20.2492008209,169.770996094
AUZ,Aurora Municipal Airport,US,US-IL,Chicago/Aurora,small,41.771900177,-88.47570037839999
AVA,Anshun Huangguoshu Airport,CN,CN-52,Anshun (Xixiu),medium,26.260556,105.873333
AVB,Aviano Air Base,IT,IT-36,Aviano (PN),medium,46.031898,12.596503
AVG,Auvergne Airport,AU,AU-NT,,small,-15.699999809265137,130.0
AVI,Maximo Gomez Airport,CU,CU-08,Ciego de Avila,medium,22.027099609375,-78.78959655761719
AVK,Arvaikheer Airport,MN,MN-055,Arvaikheer,medium,46.250301361083984,102.802001953125
AVL,Asheville Regional Airport,US,US-NC,Asheville,medium,35.436199,-82.541801
AVN,Avignon-Caumont Airport,FR,FR-PAC,Avignon/Caumont,medium,43.907299,4.90183
AVO,Avon Park Executive Airport,US,US-FL,Avon Park,small,27.59119987,-81.52780151
AVP,Wilkes Barre Scranton International Airport,US,US-PA,Wilkes-Barre/Scranton,medium,41.338500976599995,-75.72339630130001
AVR,Alverca Air Base,PT,PT-11,Vila Franca de Xira,medium,38.883301,-9.0301
AVU,Avu Avu Airport,SB,SB-GU,,small,-9.86833333333,160.410555556
AVV,Avalon Airport,AU,AU-VIC,Lara,medium,-38.039398,144.468994
AVW,Marana Regional Airport,US,US-AZ,Marana,small,32.409065,-111.216199
AVX,Catalina Airport,US,US-CA,Avalon,small,33.4049,-118.416
AWA,Hawassa International Airport,ET,ET-XSD,Hawassa,medium,7.099869,38.396187
AWB,Awaba Airport,PG,PG-WPD,Awaba,small,-8.00611019135,142.748352051
AWD,Aniwa Airport,VU,VU-TAE,Aniwa,small,-19.2346,169.6009
AWE,Alowe Airport,GA,GA-3,Wonga Wongué Presidential Reserve,small,-0.545,9.444
AWK,Wake Island Airfield,UM,UM-79,Wake Island,medium,19.282437,166.636637
AWM,West Memphis Municipal Airport,US,US-AR,West Memphis,small,35.1351013184,-90.2343978882
AWN,Alton Downs Airport,AU,AU-SA,,small,-26.488959,139.259906
AWP,Austral Downs Airport,AU,AU-NT,,small,-20.5,137.75
AWZ,Lieutenant General Qasem Soleimani International Airport,IR,IR-06,Ahvaz,medium,31.3374,48.762001
AXA,Clayton J Lloyd International Airport,AI,AI-U-A,The Valley,medium,18.204773,-63.05383
AXB,Maxson Airfield,US,US-NY,Alexandria Bay,small,44.312002,-75.90034
AXC,Aramac Airport,AU,AU-QLD,,small,-22.95788,145.249504
AXD,Alexandroupoli Democritus Airport,GR,GR-A,Alexandroupolis,medium,40.8559,25.956301
AXE,Xanxerê Airport,BR,BR-SC,Xanxerê,small,-26.875557,-52.373055
AXF,Alxa Left Banner Bayanhot Airport,CN,CN-15,Bayanhot,medium,38.74831,105.58858
AXG,Algona Municipal Airport,US,US-IA,Algona,small,43.078104,-94.271836
AXJ,Amakusa Airport,JP,JP-43,Amakusa,small,32.482498,130.158997
AXK,Ataq Airport,YE,YE-SH,Ataq,medium,14.5513,46.826199
AXL,Alexandria Homestead Airport,AU,AU-NT,,small,-19.060199737548828,136.7100067138672
AXM,El Eden Airport,CO,CO-QUI,Armenia,medium,4.45278,-75.7664
AXN,Chandler Field,US,US-MN,Alexandria,medium,45.866299,-95.394699
AXO,Pantar Kabir Airport,ID,ID-NT,Kabir,small,-8.244832,124.219108
AXP,Spring Point Airport,BS,BS-AK,Spring Point,medium,22.441799,-73.970901
AXR,Arutua Airport,PF,PF-U-A,,medium,-15.248299598693848,-146.61700439453125
AXS,Altus Quartz Mountain Regional Airport,US,US-OK,Altus,small,34.697952,-99.3385
AXT,Akita Airport,JP,JP-05,Akita,medium,39.615601,140.218994
AXU,Axum Airport,ET,ET-TI,Axum,medium,14.1468,38.7728
AXV,Neil Armstrong Airport,US,US-OH,Wapakoneta,small,40.49340057,-84.29889679
AXX,Angel Fire Airport,US,US-NM,Angel Fire,small,36.422001,-105.290001
AYA,Ayapel Airport,CO,CO-COR,Ayapel,small,8.3,-75.15
AYC,Ayacucho Airport,CO,CO-CES,Ayacucho,small,8.6,-73.616667
AYD,Alroy Downs Airport,AU,AU-NT,Alroy Downs,small,-19.2908,136.078995
AYG,Yaguara Airport,CO,CO-CAQ,San Vicente Del Caguán,small,1.54417,-73.9333
AYI,Yari Airport,CO,CO-CAQ,Yari,small,-0.383333,-72.266667
AYJ,Ayodhya Airport,IN,IN-UP,Faizabad,medium,26.751283,82.155295
AYK,Arkalyk North Airport,KZ,KZ-KUS,Arkalyk,small,50.318599700927734,66.95279693603516
AYL,Anthony Lagoon Airport,AU,AU-NT,,small,-18.018079031,135.535068512
AYM,Yas Island Seaplane Base,AE,AE-AZ,Abu Dhabi,seaplane_base,24.467,54.6103
AYN,Anyang Yindu Airport,CN,CN-41,Anyang,small,36.1339,114.344002
AYO,Aeropuerto Nacional de Juan De Ayolas,PY,PY-8,Ayolas,medium,-27.378379,-56.856791
AYP,Air Force Colonel Alfredo Mendivil Duarte Airport,PE,PE-AYA,Ayacucho,medium,-13.1548,-74.204399
AYQ,Ayers Rock Connellan Airport,AU,AU-NT,Yulara,medium,-25.185913,130.97703
AYR,Ayr Airport,AU,AU-QLD,Ayr,small,-19.595832,147.324495
AYS,Waycross Ware County Airport,US,US-GA,Waycross,small,31.2490997314,-82.39550018310001
AYT,Antalya International Airport,TR,TR-07,Antalya,large,36.898701,30.800501
AYU,Aiyura Airport,PG,PG-EHG,Aiyura Valley,small,-6.33805555556,145.904166667
AYW,Ayawasi Airport,ID,ID-PB,Ayawasi,small,-1.159779,132.464082
AYX,Teniente General Gerardo Pérez Pinedo Airport,PE,PE-UCA,Atalaya,medium,-10.7291,-73.766502
AYY,Arugam Bay SPB,LK,LK-5,Pottuvil,seaplane_base,6.86,81.82388888890002
AZA,Phoenix–Mesa Gateway Airport,US,US-AZ,Mesa,medium,33.3078,-111.654999
AZB,Amazon Bay Airport,PG,PG-CPM,,small,-10.2991666667,149.338333333
AZD,Shahid Sadooghi Airport,IR,IR-21,Yazd,medium,31.9048995972,54.2765007019
AZG,Apatzingán - Pablo L. Sidar Airport,MX,MX-MIC,Apatzingán,small,19.093399,-102.393997
AZH,Azamgarh Airport,IN,IN-UP,Azamgarh,small,26.153333,83.118333
AZI,Al Bateen Executive Airport,AE,AE-AZ,Abu Dhabi,medium,24.428301,54.458099
AZJ,Zhenjiang Dalu Airport,CN,CN-32,Zhenjiang,small,32.23649,119.718683
AZL,Fazenda Tucunaré Airport,BR,BR-MT,Sapezal,small,-13.465528,-58.866935
AZN,Andizhan Airport,UZ,UZ-AN,Andizhan,medium,40.727699,72.293999
AZO,Kalamazoo Battle Creek International Airport,US,US-MI,Kalamazoo,medium,42.234901428222656,-85.5521011352539
AZP,Aeropuerto Nacional Jorge Jiménez Cantú,MX,MX-MEX,Atizapán de Zaragoza,small,19.574155,-99.291183
AZR,Touat Cheikh Sidi Mohamed Belkebir Airport,DZ,DZ-01,Adrar,medium,27.837601,-0.186414
AZS,Samaná El Catey International Airport,DO,DO-20,Samana,medium,19.269259,-69.737405
AZT,Zapatoca Airport,CO,CO-SAN,Zapatoca,small,6.767724,-73.284444
AZZ,Ambriz Airport,AO,AO-BGO,Ambriz,small,-7.86222,13.1161
BAA,Bialla Airport,PG,PG-WBK,"Bialla, Matalilu, Ewase",small,-5.3305602073700005,151.007995605
BAB,Beale Air Force Base,US,US-CA,Marysville,medium,39.136101,-121.436996
BAC,Barranca De Upia Airport,CO,CO-MET,Barranca De Upia,small,4.583333,-72.966667
BAD,Barksdale Air Force Base,US,US-LA,Bossier City,medium,32.501801,-93.662697
BAE,Barcelonnette - Saint-Pons Airfield,FR,FR-PAC,Le Castellet,small,44.387198,6.609186
BAF,Westfield-Barnes Regional Airport,US,US-MA,Westfield,medium,42.157799,-72.715599
BAG,Loakan Airport,PH,PH-BEN,Baguio City,medium,16.375099182128906,120.62000274658205
BAH,Bahrain International Airport,BH,BH-15,Manama,large,26.267295,50.63764
BAI,Buenos Aires Airport,CR,CR-P,Punta Arenas,medium,9.163949,-83.330171
BAJ,Bali Airport,PG,PG-WBK,Unea Island,small,-4.8833333333299995,149.133333333
BAL,Batman Airport,TR,TR-72,Batman,medium,37.9290008545,41.1166000366
BAM,Battle Mountain Airport,US,US-NV,Battle Mountain,small,40.598999023400005,-116.874000549
BAN,Basongo Airport,CD,CD-KS,Basongo,small,-4.315802,20.414891
BAO,Udorn Air Base,TH,TH-41,Ban Mak Khaen,small,17.382999420166016,102.8000030517578
BAQ,Ernesto Cortissoz International Airport,CO,CO-ATL,Barranquilla,medium,10.8896,-74.7808
BAR,Qionghai Bo'ao Airport,CN,CN-46,Qionghai (Basuo),medium,19.140951,110.452766
BAS,Ballalae Airport,SB,SB-WE,Ballalae,small,-6.990745,155.886656
BAT,Chafei Amsei Airport,BR,BR-SP,Barretos,medium,-20.584631,-48.594125
BAV,Baotou Donghe Airport,CN,CN-15,Baotou,medium,40.560001,109.997002
BAX,Barnaul Airport,RU,RU-ALT,Barnaul,medium,53.363800048828125,83.53849792480469
BAY,Maramureș International Airport,RO,RO-MM,Baia Mare,medium,47.660598,23.467252
BAZ,Barcelos Airport,BR,BR-AM,Barcelos,small,-0.981191,-62.918603
BBA,Balmaceda Airport,CL,CL-AI,Balmaceda,medium,-45.915968,-71.689499
BBB,Benson Municipal Airport,US,US-MN,Benson,small,45.3319015503,-95.6505966187
BBC,Bay City Regional Airport,US,US-TX,Bay City,small,28.973301,-95.863503
BBD,Curtis Field,US,US-TX,Brady,medium,31.1793003082,-99.3238983154
BBG,Butaritari Airport,KI,KI-G,Butaritari,small,3.08583,172.811005
BBH,Barth Airport,DE,DE-MV,,small,54.338253,12.710515
BBI,Biju Patnaik Airport,IN,IN-OR,Bhubaneswar,medium,20.244400024399997,85.8178024292
BBJ,Bitburg Airport,DE,DE-RP,Bitburg,small,49.945278,6.565
BBK,Kasane Airport,BW,BW-CH,Kasane,medium,-17.832899,25.162399
BBL,Ballera Airport,AU,AU-QLD,,small,-27.405633,141.809458
BBM,Battambang Airport,KH,KH-2,Battambang,medium,13.0956,103.223999
BBN,Bario Airport,MY,MY-13,Bario,medium,3.734648,115.478548
BBO,Berbera Airport,SO,SO-WO,Berbera,medium,10.385035,44.936723
BBP,Bembridge Airport,GB,GB-ENG,Bembridge,small,50.6781005859,-1.10943996906
BBQ,Codrington Airport,AG,AG-10,Codrington,medium,17.635799,-61.828602
BBR,Basse-Terre Baillif Airport,GP,GP-U-A,Basse-Terre,small,16.013648,-61.742928
BBS,Blackbushe Airport,GB,GB-ENG,Yateley,medium,51.32389831542969,-0.8475000262260437
BBT,Berbérati Airport,CF,CF-HS,Berbérati,medium,4.2215800285339355,15.786399841308594
BBU,Bucharest Băneasa Aurel Vlaicu International Airport,RO,RO-B,Bucharest,medium,44.503201,26.1021
BBV,Nero-Mer Airport,CI,CI-BS,Grand-Béréby,small,4.64341306686,-6.923961639400001
BBW,Broken Bow Municipal Airport,US,US-NE,Broken Bow,small,41.4365005493,-99.6421966553
BBX,Wings Field,US,US-PA,Philadelphia,small,40.1375007629,-75.2650985718
BBY,Bambari Airport,CF,CF-UK,Bambari,small,5.847012,20.64992
BBZ,Zambezi Airport,ZM,ZM-06,Zambezi,small,-13.535996,23.10559
BCA,Gustavo Rizo Airport,CU,CU-14,Baracoa,medium,20.365299224853516,-74.5062026977539
BCB,Virginia Tech Montgomery Executive Airport,US,US-VA,Blacksburg,small,37.2075996399,-80.4077987671
BCC,Bear Creek 3 Airport,US,US-AK,Bear Creek,small,63.5733160384,-156.149454117
BCD,Bacolod-Silay Airport,PH,PH-NEC,Bacolod City,medium,10.7764,123.014999
BCE,Bryce Canyon Airport,US,US-UT,Bryce Canyon,medium,37.706401825,-112.144996643
BCF,Bouca Airport,CF,CF-AC,Bouca,small,6.517000198364258,18.267000198364254
BCG,Bemichi Airport,GY,GY-BA,Kumaka,small,7.640212,-58.961786
BCH,Cakung Airport,TL,TL-BA,Baucau,medium,-8.486479,126.399981
BCI,Barcaldine Airport,AU,AU-QLD,Barcaldine,medium,-23.566268,145.302086
BCK,Bolwarra Airport,AU,AU-QLD,,small,-17.388299942,144.169006348
BCL,Barra del Colorado Airport,CR,CR-L,Pococi,medium,10.7687,-83.585602
BCM,Bacău Airport,RO,RO-BC,Bacău,medium,46.52190017700195,26.91029930114746
BCN,Josep Tarradellas Barcelona-El Prat Airport,ES,ES-CT,Barcelona,large,41.2971,2.07846
BCO,Baco Airport,ET,ET-SN,Baco,small,5.783333,36.55
BCP,Bambu Airport,PG,PG-MPM,Bambu,small,-5.863611111110001,146.4925
BCQ,Brak Airport,LY,LY-SH,Brak,medium,27.653,14.272
BCR,Novo Campo Airport,BR,BR-AM,Boca do Acre,small,-8.83456,-67.312401
BCS,Southern Seaplane Airport,US,US-LA,Belle Chasse,small,29.866078,-90.021608
BCT,Boca Raton Airport,US,US-FL,Boca Raton,medium,26.3785,-80.107697
BCU,Sir Abubakar Tafawa Balewa International Airport,NG,NG-BA,Bauchi,medium,10.482833,9.744
BCV,Hector Silva Airstrip,BZ,BZ-CY,Belmopan,small,17.269603,-88.776496
BCW,Benguera Island Airport,MZ,MZ-I,Benguera Island,medium,-21.8533,35.438301
BCX,Beloretsk Airport,RU,RU-BA,Beloretsk,small,53.938389,58.340113
BCZ,Milyakburra Airport,AU,AU-NT,Bickerton Island,small,-13.7808333333,136.201666667
BDA,L.F. Wade International Airport,BM,BM-U-A,Hamilton,medium,32.363998,-64.678703
BDB,Bundaberg Airport,AU,AU-QLD,Bundaberg,medium,-24.905039,152.322612
BDC,Barra do Corda Airport,BR,BR-MA,Barra do Corda,small,-5.5025,-45.215833
BDD,Badu Island Airport,AU,AU-QLD,Badu Island,small,-10.14955,142.173665
BDE,Baudette International Airport,US,US-MN,Baudette,medium,48.7284011841,-94.612197876
BDF,Rinkenberger Restricted Landing Area,US,US-IL,Bradford,small,41.2308998108,-89.61569976810001
BDG,Blanding Municipal Airport,US,US-UT,Blanding,small,37.58330154,-109.4830017
BDH,Bandar Lengeh International Airport,IR,IR-22,Bandar Lengeh,medium,26.532283,54.82484
BDI,Bird Island Airport,SC,SC-15,Bird Island,small,-3.72472,55.205299
BDJ,Syamsudin Noor International Airport,ID,ID-KS,Landasan Ulin,medium,-3.44236,114.763
BDK,Soko Airport,CI,CI-ZZ,Bondoukou,small,8.01722,-2.76194
BDL,Bradley International Airport,US,US-CT,Hartford,large,41.93851,-72.688066
BDM,Bandırma Airport,TR,TR-10,Bandırma,medium,40.318001,27.977699
BDN,Talhar Airport,PK,PK-SD,Badin,small,24.84149932861328,68.8384017944336
BDO,Husein Sastranegara International Airport,ID,ID-JB,Bandung,medium,-6.90063,107.575996
BDP,Bhadrapur Airport,NP,NP-P1,Bhadrapur,small,26.5708007812,88.07959747310001
BDQ,Vadodara Airport,IN,IN-GJ,Vadodara,medium,22.336201,73.226303
BDR,Igor I Sikorsky Memorial Airport,US,US-CT,Bridgeport,medium,41.163502,-73.126198
BDS,Brindisi Airport,IT,IT-75,Brindisi,large,40.6576,17.947001
BDT,Gbadolite Airport,CD,CD-NU,Gbadolite,medium,4.252745,20.975271
BDU,Bardufoss Airport,NO,NO-54,Målselv,medium,69.055801391602,18.540399551392
BDV,Moba Airport,CD,CD-TA,Moba,small,-7.08488,29.737072
BDW,Bedford Downs Airport,AU,AU-WA,,small,-17.286699295,127.462997437
BDX,Broadus Airport,US,US-MT,Broadus,small,45.470462,-105.457145
BDY,Bandon State Airport,US,US-OR,Bandon,small,43.08649826,-124.4079971
BDZ,Baindoung Airport,PG,PG-MPL,,small,-6.34722222222,146.942222222
BEB,Benbecula Airport,GB,GB-SCT,Balivanich,medium,57.48109817504883,-7.362780094146728
BEC,Beech Factory Airport,US,US-KS,Wichita,small,37.694499969499994,-97.21499633790002
BED,Laurence G Hanscom Field,US,US-MA,Bedford,medium,42.470001,-71.289001
BEE,Beagle Bay Airport,AU,AU-WA,Dampier Peninsula,small,-17.0165,122.6464
BEF,Bluefields Airport,NI,NI-AS,Bluefileds,medium,11.991,-83.774101
BEG,Belgrade Nikola Tesla Airport,RS,RS-00,Belgrade,large,44.818401,20.309099
BEH,Southwest Michigan Regional Airport,US,US-MI,Benton Harbor,small,42.128601074200006,-86.4284973145
BEI,Beica Airport,ET,ET-OR,Beica,small,9.38639,34.5219
BEJ,Kalimarau Airport,ID,ID-KI,Tanjung Redeb - Borneo Island,medium,2.1555,117.431999
BEK,Bareilly Air Force Station,IN,IN-UP,Bareilly,medium,28.4221,79.450798
BEL,Val de Cans/Júlio Cezar Ribeiro International Airport,BR,BR-PA,Belém,large,-1.379279,-48.476207
BEM,Beni Mellal Airport,MA,MA-BEM,Oulad Yaich,small,32.401895,-6.315905
BEN,Benina International Airport,LY,LY-BA,Benina,medium,32.096802,20.269501
BEO,Lake Macquarie Airport,AU,AU-NSW,City of Lake Macquarie,small,-33.065975,151.646283
BEP,Bellary Airport,IN,IN-KA,Bellary,medium,15.162799835205078,76.88279724121094
BEQ,RAF Honington,GB,GB-ENG,"Bury Saint Edmunds, Suffolk",medium,52.342602,0.772939
BER,Berlin Brandenburg Airport,DE,DE-BR,Berlin,large,52.362247,13.500672
BES,Brest Bretagne Airport,FR,FR-BRE,Brest/Guipavas,medium,48.447899,-4.41854
BET,Bethel Airport,US,US-AK,Bethel,medium,60.77980042,-161.8379974
BEU,Bedourie Airport,AU,AU-QLD,,medium,-24.346099853515625,139.4600067138672
BEV,Beersheba (Teyman) Airport,IL,IL-D,Beersheba,small,31.287000656128,34.722999572754
BEW,Beira Airport,MZ,MZ-S,Beira,medium,-19.79640007019043,34.90760040283203
BEX,RAF Benson,GB,GB-ENG,Benson,medium,51.616401672399995,-1.09582996368
BEY,Beirut Rafic Hariri International Airport,LB,LB-JL,Beirut,large,33.820899963378906,35.488399505615234
BEZ,Beru Airport,KI,KI-G,Beru,small,-1.35472,176.007004
BFA,Aeródromo de Bahía Negra,PY,PY-16,Bahía Negra,small,-20.2246,-58.179528
BFC,Bloomfield River Airport,AU,AU-QLD,,small,-15.8736000061,145.330001831
BFD,Bradford Regional Airport,US,US-PA,Bradford,medium,41.8031005859375,-78.64009857177734
BFE,Bielefeld Airport,DE,DE-NW,Bielefeld,small,51.964722,8.544444
BFF,Western Neb. Rgnl/William B. Heilig Airport,US,US-NE,Scottsbluff,medium,41.87400055,-103.5960007
BFG,Bullfrog Basin Airport,US,US-UT,Bullfrog,small,37.547827,-110.712898
BFH,Bacacheri Airport,BR,BR-PR,Curitiba,medium,-25.4051,-49.231998
BFI,Boeing Field King County International Airport,US,US-WA,Seattle,medium,47.529999,-122.302002
BFJ,Bijie Feixiong Airport,CN,CN-52,Bijie,medium,27.267066,105.472097
BFK,Buckley Space Force Base,US,US-CO,Aurora,medium,39.701698,-104.751999
BFL,Meadows Field,US,US-CA,Bakersfield,medium,35.433601,-119.056999
BFM,Mobile Downtown Airport,US,US-AL,Mobile,medium,30.626800537100003,-88.06809997559999
BFN,Bram Fischer International Airport,ZA,ZA-FS,Bloemfontain,medium,-29.092699,26.302401
BFO,Buffalo Range Airport,ZW,ZW-MV,Chiredzi,medium,-21.008101,31.5786
BFP,Beaver County Airport,US,US-PA,Beaver Falls,medium,40.772499,-80.391403
BFQ,Bahia Piña Airport,PA,PA-5,Puerto Piña,small,7.58737,-78.179939
BFR,Virgil I Grissom Municipal Airport,US,US-IN,Bedford,small,38.84000015,-86.44539642
BFS,Belfast International Airport,GB,GB-NIR,Belfast,large,54.6575012207,-6.2158298492399995
BFT,Beaufort Executive Airport,US,US-SC,Beaufort,small,32.412201,-80.634399
BFU,Bengbu Airport,CN,CN-34,Bengbu,medium,32.8477333333,117.320244444
BFV,Buri Ram Airport,TH,TH-31,Buriram,medium,15.2295,103.252998
BFW,Sidi Bel Abbes Airport,DZ,DZ-22,Sidi Bel Abbès,small,35.1717987061,-0.593275010586
BFX,Bafoussam Airport,CM,CM-OU,Bafoussam,medium,5.536920070650001,10.3545999527
BGA,Palonegro Airport,CO,CO-SAN,Bucaramanga,medium,7.1265,-73.1848
BGB,Booue Airport,GA,GA-6,Booue,small,-0.1075,11.9438
BGC,Bragança Airport,PT,PT-04,Bragança,medium,41.8578,-6.70713
BGD,Hutchinson County Airport,US,US-TX,Borger,small,35.700901031499995,-101.393997192
BGE,Decatur County Industrial Air Park,US,US-GA,Bainbridge,small,30.9715004,-84.63739777
BGF,Bangui M'Poko International Airport,CF,CF-MP,Bangui,medium,4.39847993850708,18.518800735473633
BGG,Bingöl Çeltiksuyu Airport,TR,TR-12,Bingöl,small,38.8592605591,40.5959625244
BGH,Abbaye Airport,MR,MR-05,Boghe,small,16.63331413269043,-14.200000762939451
BGI,Grantley Adams International Airport,BB,BB-01,Bridgetown,medium,13.0746,-59.4925
BGJ,Borgarfjörður eystri Airport,IS,IS-7,Borgarfjörður eystri,small,65.516769,-13.81578
BGK,Big Creek Airport,BZ,BZ-SC,Big Creek,small,16.519369,-88.407913
BGL,Baglung Airport,NP,NP-P4,Baglung,small,28.212799,83.666298
BGM,Greater Binghamton/Edwin A Link field,US,US-NY,Binghamton,medium,42.20869827,-75.97979736
BGN,Belaya Gora Airport,RU,RU-SA,Belaya Gora,medium,68.556227,146.22784
BGO,"Bergen Airport, Flesland",NO,NO-46,Bergen,large,60.2934,5.21814
BGQ,Big Lake Airport,US,US-AK,Big Lake,small,61.534658,-149.812936
BGR,Bangor International Airport,US,US-ME,Bangor,medium,44.8074,-68.828102
BGS,Boguchany Airport,RU,RU-KYA,Boguchany,small,58.380615,97.472336
BGT,Bagdad Airport,US,US-AZ,Bagdad,small,34.592796,-113.171993
BGU,Bangassou Airport,CF,CF-MB,Bangassou,small,4.784999847412109,22.7810001373291
BGV,Aeroclube de Bento Gonçalves Airport,BR,BR-RS,Bento Gonçalves,small,-29.147424,-51.540791
BGW,Baghdad International Airport / New Al Muthana Air Base,IQ,IQ-BG,Baghdad,large,33.262501,44.2346
BGX,Comandante Gustavo Kraemer Airport,BR,BR-RS,Bagé,medium,-31.390499,-54.112202
BGY,Milan Bergamo Airport / Antonio Locatelli Air Base,IT,IT-25,Orio al Serio (BG),large,45.670725,9.709223
BGZ,Braga Municipal Aerodrome,PT,PT-03,Braga,medium,41.5871009827,-8.445139884949999
BHA,Los Perales Airport,EC,EC-M,Bahía de Caraquez,small,-0.608111,-80.402702
BHB,Hancock County-Bar Harbor Airport,US,US-ME,Bar Harbor,medium,44.45000076,-68.3615036
BHC,Bhurban Heliport,PK,PK-KP,Bhurban,small,33.96099853515625,73.4520034790039
BHD,George Best Belfast City Airport,GB,GB-NIR,Belfast,medium,54.618099,-5.8725
BHE,Woodbourne Airport,NZ,NZ-MBH,Blenheim,medium,-41.5182991027832,173.8699951171875
BHF,Cupica Airport,CO,CO-CHO,Bahía Solano,small,6.694817,-77.493643
BHG,Brus Laguna Airport,HN,HN-GD,Brus Laguna,small,15.7631,-84.543602
BHH,Bisha Airport,SA,SA-14,Bisha,medium,19.9844,42.620899
BHI,Comandante Espora Airport,AR,AR-B,Bahia Blanca,medium,-38.725,-62.1693
BHJ,Bhuj Airport,IN,IN-GJ,Bhuj,medium,23.2877998352,69.6701965332
BHK,Bukhara International Airport,UZ,UZ-BU,Bukhara,medium,39.775002,64.483299
BHL,Bahía de los Ángeles Airport,MX,MX-BCN,Ensenada,small,28.9786,-113.560997
BHM,Birmingham-Shuttlesworth International Airport,US,US-AL,Birmingham,medium,33.562901,-86.753502
BHN,Beihan Airport,YE,YE-SH,Beihan,small,14.781714,45.719703
BHO,Raja Bhoj International Airport,IN,IN-MP,Bhopal,medium,23.2875003815,77.3374023438
BHP,Bhojpur Airport,NP,NP-P1,Bhojpur,small,27.1474,87.050797
BHQ,Broken Hill Airport,AU,AU-NSW,Broken Hill,medium,-32.0013999939,141.472000122
BHR,Bharatpur Airport,NP,NP-P3,Bharatpur,small,27.678101,84.429398
BHS,Bathurst Airport,AU,AU-NSW,Bathurst,medium,-33.406817,149.651161
BHT,Brighton Downs Airport,AU,AU-QLD,Brighton Downs,small,-23.363333,141.562778
BHU,Bhavnagar Airport,IN,IN-GJ,Bhavnagar,medium,21.752199173,72.1852035522
BHV,Bahawalpur Airport,PK,PK-PB,Bahawalpur,medium,29.348100662231445,71.71800231933594
BHW,Bhagatanwala Airport,PK,PK-PB,Bhagatanwala,small,32.056098938,72.94840240479999
BHX,Birmingham International Airport,GB,GB-ENG,Birmingham,large,52.453899,-1.74803
BHY,Beihai Fucheng Airport,CN,CN-45,Beihai (Yinhai),medium,21.5394,109.293999
BIA,Bastia-Poretta Airport,FR,FR-COR,Bastia/Poretta,medium,42.55270004272461,9.48373031616211
BIB,Baidoa Airport,SO,SO-BY,Baidoa,small,3.10192,43.627137
BIC,Aérodrome de Belle Île,FR,FR-BRE,Bangor,small,47.325256,-3.201255
BID,Block Island State Airport,US,US-RI,Block Island,small,41.168446,-71.578631
BIE,Beatrice Municipal Airport,US,US-NE,Beatrice,small,40.3013,-96.754097
BIF,Biggs Army Air Field (Fort Bliss),US,US-TX,Fort Bliss/El Paso,medium,31.84950066,-106.3799973
BIG,Allen Army Airfield,US,US-AK,Delta Junction Ft Greely,medium,63.9944992065,-145.722000122
BIH,Eastern Sierra Regional Airport,US,US-CA,Bishop,medium,37.3731,-118.363998
BII,Enyu Airfield,MH,MH-BIK,Bikini Atoll,small,11.5225,165.565002
BIJ,Biliau Airport,PG,PG-MPM,,small,-5.577463,146.33401
BIK,Frans Kaisiepo Airport,ID,ID-PA,Biak,medium,-1.19002,136.108002
BIL,Billings Logan International Airport,US,US-MT,Billings,medium,45.807701,-108.542999
BIM,South Bimini Airport,BS,BS-BI,South Bimini,medium,25.6998996735,-79.2647018433
BIN,Bamyan Airport,AF,AF-BAM,Bamyan,small,34.808916,67.816629
BIO,Bilbao Airport,ES,ES-PV,Bilbao,medium,43.301102,-2.91061
BIP,Bulimba Airport,AU,AU-QLD,,small,-16.8808002472,143.479003906
BIQ,Biarritz-Anglet-Bayonne Airport,FR,FR-NAQ,Biarritz/Anglet/Bayonne,medium,43.468333,-1.531111
BIR,Biratnagar Airport,NP,NP-P1,Biratnagar,medium,26.48150062561035,87.26399993896484
BIS,Bismarck Municipal Airport,US,US-ND,Bismarck,medium,46.772701263427734,-100.74600219726562
BIT,Baitadi Airport,NP,NP-P7,Baitadi,small,29.463421,80.548968
BIU,Bildudalur Airport,IS,IS-4,Bildudalur,small,65.641296,-23.5462
BIV,Bria Airport,CF,CF-HK,Bria,small,6.527780055999756,21.98940086364746
BIW,Billiluna Airport,AU,AU-WA,,small,-19.5666999817,127.666999817
BIX,Keesler Air Force Base,US,US-MS,Biloxi,medium,30.4104003906,-88.92440032959999
BIY,Bisho Airport,ZA,ZA-EC,Bisho,medium,-32.897099,27.2791
BJA,Soummam–Abane Ramdane Airport,DZ,DZ-06,Béjaïa,medium,36.711952,5.069804
BJB,Bojnord Airport,IR,IR-28,Bojnord,medium,37.49300003051758,57.30820083618164
BJC,Rocky Mountain Metropolitan Airport,US,US-CO,Denver,medium,39.908798,-105.116997
BJD,Bakkafjörður Airport,IS,IS-6,Bakkafjörður,small,66.02189636230469,-14.824399948120115
BJE,Baleela Airport,SD,SD-13,Baleela Base Camp,small,11.1994444444,28.5230555556
BJF,Båtsfjord Airport,NO,NO-54,Båtsfjord,medium,70.60050201416,29.691400527954
BJG,Boalang Airport,ID,ID-ST,Boalang-Celebes Island,small,-0.9728959798812866,122.1449966430664
BJH,Bajhang Airport,NP,NP-P7,Bajhang,small,29.539,81.185402
BJI,Bemidji Regional Airport,US,US-MN,Bemidji,medium,47.50939941,-94.93370056
BJJ,Wayne County Airport,US,US-OH,Wooster,small,40.874801635699995,-81.88829803470001
BJK,Benjina Airport,ID,ID-MA,Maikoor Island,small,-6.06613,134.273971
BJL,Banjul International Airport,GM,GM-W,Banjul,large,13.338,-16.652201
BJM,Bujumbura Melchior Ndadaye International Airport,BI,BI-BM,Bujumbura,medium,-3.32402,29.318501
BJO,Bermejo Airport,BO,BO-T,Bermejo,medium,-22.7733001709,-64.31289672850001
BJP,Estadual Arthur Siqueira Airport,BR,BR-SP,Bragança Paulista,small,-22.978822,-46.537131
BJQ,Bahja Airport,OM,OM-WU,Bahja,small,19.8730555556,56.0677777778
BJR,Bahir Dar Airport,ET,ET-AM,Bahir Dar,medium,11.6081,37.321602
BJT,Bentota River Waterdrome,LK,LK-1,Bentota,seaplane_base,6.431,79.996
BJU,Bajura Airport,NP,NP-P7,Bajura,small,29.502001,81.668999
BJV,Milas Bodrum International Airport,TR,TR-48,Bodrum,large,37.250599,27.664301
BJW,Bajawa Soa Airport,ID,ID-NT,Soa,small,-8.707435,121.057427
BJX,Aeropuerto Internacional del Bajío,MX,MX-GUA,Silao,medium,20.992695,-101.480284
BJY,Batajnica Air Base,RS,RS-07,Batajnica,medium,44.935299,20.2575
BJZ,Badajoz Airport,ES,ES-EX,Badajoz,medium,38.8913,-6.82133
BKA,Baykit Airport,RU,RU-KYA,Baykit,medium,61.676701,96.355003
BKB,Nal Airport,IN,IN-RJ,Bikaner,medium,28.070601,73.207199
BKC,Buckland Airport,US,US-AK,Buckland,small,65.981598,-161.149002
BKD,Stephens County Airport,US,US-TX,Breckenridge,small,32.71900177,-98.8909988403
BKE,Baker City Municipal Airport,US,US-OR,Baker City,medium,44.8372993469,-117.808998108
BKF,Lake Brooks Seaplane Base,US,US-AK,Katmai National Park,seaplane_base,58.554798,-155.776993
BKG,Branson Airport,US,US-MO,Branson,medium,36.532082,-93.200544
BKH,Barking Sands Airport,US,US-HI,Kekaha,medium,22.0228,-159.785004
BKI,Kota Kinabalu International Airport,MY,MY-12,Kota Kinabalu,medium,5.932743,116.049324
BKJ,Boké Baralande Airport,GN,GN-B,Boké,small,10.9658,-14.2811
BKK,Suvarnabhumi Airport,TH,TH-10,Bangkok,large,13.681099891662598,100.74700164794922
BKL,Burke Lakefront Airport,US,US-OH,Cleveland,medium,41.51750183105469,-81.68329620361328
BKM,Bakalalan Airport,MY,MY-13,Bakalalan,small,3.974,115.617996
BKN,Balkanabat Airport,TM,TM-B,Balkanabat,small,39.480598,54.366001
BKO,Modibo Keita International Airport,ML,ML-2,Bamako,large,12.5335,-7.94994
BKP,Barkly Downs Airport,AU,AU-QLD,,small,-20.4958333333,138.474722222
BKQ,Blackall Airport,AU,AU-QLD,Blackall,medium,-24.431678,145.429716
BKR,Bokoro Airport,TD,TD-HL,Bokoro,small,12.385511,17.070989
BKS,Fatmawati Soekarno Airport,ID,ID-BE,Bengkulu,medium,-3.8637,102.338997
BKT,Allen C Perkinson Blackstone Army Air Field,US,US-VA,Blackstone,small,37.0741996765,-77.9574966431
BKU,Betioky Airport,MG,MG-U,Betioky,small,-23.732999801635746,44.38899993896485
BKV,Bailing Airport,CN,CN-15,Bailingmiao,small,41.656944,110.3125
BKW,Raleigh County Memorial Airport,US,US-WV,Beaver,medium,37.7873,-81.124199
BKX,Brookings Regional Airport,US,US-SD,Brookings,small,44.304798,-96.816902
BKY,Bukavu Kavumu Airport,CD,CD-SK,Kamakombe,medium,-2.30898,28.8088
BKZ,Bukoba Airport,TZ,TZ-05,Bukoba,small,-1.332,31.8212
BLA,General José Antonio Anzoategui International Airport,VE,VE-B,Barcelona,large,10.111111,-64.692222
BLB,Panamá Pacífico International Airport,PA,PA-10,Panamá City,small,8.91479,-79.599602
BLC,Bali Airport,CM,CM-NW,Bali,small,5.89527777778,10.0338888889
BLD,Boulder City Municipal Airport,US,US-NV,Boulder City,medium,35.947161,-114.858799
BLE,Dala Airport,SE,SE-W,Borlange,medium,60.422001,15.5152
BLF,Mercer County Airport,US,US-WV,Bluefield,medium,37.295799,-81.207703
BLG,Belaga Airport,MY,MY-13,Belaga,small,2.652143,113.767043
BLH,Blythe Airport,US,US-CA,Blythe,medium,33.6192016602,-114.717002869
BLI,Bellingham International Airport,US,US-WA,Bellingham,medium,48.79280090332031,-122.53800201416016
BLJ,Batna Mostefa Ben Boulaid Airport,DZ,DZ-05,Batna,medium,35.752102,6.30859
BLK,Blackpool International Airport,GB,GB-ENG,Blackpool,medium,53.77170181274414,-3.0286099910736084
BLL,Billund Airport,DK,DK-83,Billund,large,55.740496,9.160452
BLM,Monmouth Executive Airport,US,US-NJ,Belmar/Farmingdale,small,40.18690109,-74.12490082
BLN,Benalla Airport,AU,AU-VIC,,medium,-36.551899,146.007004
BLO,Hjaltabakki Airport,IS,IS-5,Blönduós,small,65.644997,-20.2875
BLP,Huallaga Airport,PE,PE-SAM,Bellavista,small,-7.06056,-76.582199
BLQ,Bologna Guglielmo Marconi Airport,IT,IT-45,Bologna,large,44.5354,11.2887
BLR,Kempegowda International Airport,IN,IN-KA,Bangalore,large,13.1979,77.706299
BLS,Bollon Airport,AU,AU-QLD,,small,-28.051247,147.481799
BLT,Blackwater Airport,AU,AU-QLD,,medium,-23.603099822998047,148.8070068359375
BLU,Blue Canyon Nyack Airport,US,US-CA,Emigrant Gap,small,39.2750015259,-120.709999084
BLV,Scott AFB/Midamerica Airport,US,US-IL,Belleville,medium,38.5452,-89.835197
BLW,Beledweyne Airport,SO,SO-HI,Beledweyne,small,4.766976,45.2388
BLX,Belluno Arturo dell'Oro Airport,IT,IT-34,Belluno (BL),small,46.166549,12.250389
BLY,Belmullet Aerodrome,IE,IE-MO,Belmullet,small,54.2228012085,-10.0307998657
BLZ,Chileka International Airport,MW,MW-BL,Blantyre,medium,-15.679100036621094,34.9739990234375
BMA,Stockholm-Bromma Airport,SE,SE-AB,Stockholm,medium,59.354400634765625,17.941699981689453
BMB,Bumba Airport,CD,CD-MO,Bumba,small,2.183261,22.479572
BMC,Brigham City Regional Airport,US,US-UT,Brigham City,small,41.552399,-112.061996
BMD,Belo sur Tsiribihina Airport,MG,MG-U,Belo sur Tsiribihina,small,-19.6867008209,44.541900634799994
BME,Broome International Airport,AU,AU-WA,Broome,medium,-17.948789,122.227407
BMF,Bakouma Airport,CF,CF-MB,Bakouma,small,5.693999767303467,22.801000595092773
BMG,Monroe County Airport,US,US-IN,Bloomington,medium,39.145999908447266,-86.61669921875
BMH,Bomai Airport,PG,PG-CPK,Bomai,small,-6.37316666667,144.637
BMI,Central Illinois Regional Airport at Bloomington-Normal,US,US-IL,Bloomington/Normal,medium,40.4771,-88.915901
BMJ,Baramita Airport,GY,GY-BA,Baramita,small,7.370120048522949,-60.487998962402344
BMK,Borkum Airport,DE,DE-NI,Borkum,small,53.59639,6.709167
BML,Berlin Regional Airport,US,US-NH,Berlin,small,44.57540131,-71.17590332
BMM,Bitam Airport,GA,GA-9,Bitam,medium,2.07564,11.4932
BMN,Bamarni Airport,IQ,IQ-DA,Bamarni,small,37.098801,43.266602
BMO,Banmaw Airport,MM,MM-11,Banmaw,small,24.27044,97.2476
BMP,Brampton Island Airport,AU,AU-QLD,,small,-20.804633,149.279931
BMQ,Bamburi Airport,KE,KE-300,Bamburi,small,-3.983363,39.730982
BMR,Baltrum Airport,DE,DE-NI,Baltrum,small,53.72485,7.373257
BMS,Sócrates Mariani Bittencourt Airport,BR,BR-BA,Brumado,small,-14.2554,-41.817501
BMT,Beaumont Municipal Airport,US,US-TX,Beaumont,small,30.070635,-94.215746
BMU,Sultan Muhammad Salahuddin Airport,ID,ID-NB,Bima,small,-8.537184,118.685002
BMV,Buon Ma Thuot Airport,VN,VN-CH,Buon Ma Thuot,medium,12.668299675,108.120002747
BMW,Bordj Badji Mokhtar Airport,DZ,DZ-52,Bordj Badji Mokhtar,small,21.3778,0.92698
BMX,Big Mountain Airport,US,US-AK,Big Mountain,small,59.362274,-155.260148
BMY,Île Art - Waala Airport,NC,NC-U-A,Waala,small,-19.720521,163.661077
BMZ,Bamu Airport,PG,PG-WPD,Bamu,small,-7.8485,143.2433
BNA,Nashville International Airport,US,US-TN,Nashville,large,36.1245,-86.6782
BNB,Boende Airport,CD,CD-TU,Boende,small,-0.286652,20.883551
BNC,Beni Airport,CD,CD-NK,Beni,small,0.575,29.4739
BND,Bandar Abbas International Airport,IR,IR-22,Bandar Abbas,medium,27.218299865722656,56.37779998779297
BNE,Brisbane International Airport,AU,AU-QLD,Brisbane,large,-27.384199142456055,153.11700439453125
BNF,Baranof Warm Springs Float and Seaplane Base,US,US-AK,Baranof,seaplane_base,57.088799,-134.833146
BNG,Banning Municipal Airport,US,US-CA,Banning,small,33.922548,-116.850672
BNH,Cape Air Seaplanes on Boston Harbor Seaplane Base,US,US-MA,Boston,seaplane_base,42.352502,-71.025832
BNI,Benin Airport,NG,NG-ED,Benin,medium,6.316979885101318,5.5995001792907715
BNK,Ballina Byron Gateway Airport,AU,AU-NSW,Ballina,medium,-28.833236,153.561471
BNL,Barnwell Regional Airport,US,US-SC,Barnwell,small,33.25780106,-81.38829803
BNM,Bodinumu Airport,PG,PG-CPM,Bodinumu,small,-9.10777777778,147.666722222
BNN,"Brønnøysund Airport, Brønnøy",NO,NO-18,Brønnøy,medium,65.461098,12.2175
BNO,Burns Municipal Airport,US,US-OR,Burns,medium,43.590463,-118.955154
BNP,Bannu Airport,PK,PK-KP,Bannu,small,32.9729,70.527901
BNR,Banfora Airport,BF,BF-COM,Banfora,small,10.688861,-4.727726
BNS,Barinas Airport,VE,VE-E,Barinas,medium,8.615,-70.214167
BNT,Bundi Airport,PG,PG-MPM,Bundi,small,-5.742222222220001,145.2275
BNU,Blumenau Airport,BR,BR-SC,Blumenau,small,-26.831661,-49.093569
BNV,Boana Airport,PG,PG-MPL,Boana,small,-6.426631,146.826697
BNW,Boone Municipal Airport,US,US-IA,Boone,small,42.049599,-93.847603
BNX,Banja Luka International Airport,BA,BA-SRP,Banja Luka,medium,44.94139862060547,17.297500610351562
BNY,Bellona/Anua Airport,SB,SB-RB,Anua,small,-11.3022222222,159.798333333
BOA,Boma Airport,CD,CD-BC,Boma,small,-5.854,13.064
BOB,Bora Bora Airport,PF,PF-U-A,Motu Mute,medium,-16.444400787353516,-151.75100708007812
BOC,Bocas del Toro International Airport,PA,PA-1,Isla Colón,medium,9.34085,-82.250801
BOD,Bordeaux-Mérignac Airport,FR,FR-NAQ,Bordeaux/Mérignac,large,44.8283,-0.715556
BOE,Boundji Airport,CG,CG-8,Boundji,small,-1.03104,15.336009
BOG,El Dorado International Airport,CO,CO-DC,Bogota,large,4.70159,-74.1469
BOH,Bournemouth Airport,GB,GB-ENG,Bournemouth,medium,50.779999,-1.8425
BOI,Boise Air Terminal/Gowen Field,US,US-ID,Boise,medium,43.5644,-116.223
BOJ,Burgas Airport,BG,BG-02,Burgas,large,42.56959915161133,27.515199661254883
BOK,Brookings Airport,US,US-OR,Brookings,small,42.0746,-124.290001
BOM,Chhatrapati Shivaji International Airport,IN,IN-MM,Mumbai,large,19.0886993408,72.8678970337
BON,Flamingo International Airport,BQ,BQ-U-A,"Kralendijk, Bonaire",large,12.131,-68.268501
BOO,Bodø Airport,NO,NO-18,Bodø,medium,67.269203,14.3653
BOP,Bouar Airport,CF,CF-NM,Bouar,small,5.958000183105469,15.63700008392334
BOR,Bokeo International Airport,LA,LA-BK,Ton Phueng,medium,20.323986,100.165392
BOS,Logan International Airport,US,US-MA,Boston,large,42.36197,-71.0079
BOT,Bosset Airport,PG,PG-WPD,Bosset,small,-7.237257,141.1063222
BOU,Bourges Airport,FR,FR-CVL,Bourges,medium,47.058102,2.37028
BOV,Boang Airport,PG,PG-NIK,Boang Island,small,-3.3834,153.2812
BOW,Bartow Executive Airport,US,US-FL,Bartow,small,27.943399,-81.783401
BOX,Borroloola Airport,AU,AU-NT,,small,-16.0753,136.302002
BOY,Bobo Dioulasso Airport,BF,BF-HOU,Bobo Dioulasso,medium,11.160099983215332,-4.33096981048584
BOZ,Bozoum Airport,CF,CF-OP,Bozoum,small,6.344170093536377,16.3218994140625
BPA,Borongan Airport,PH,PH-EAS,Borongan City,small,11.674262,125.479259
BPC,Bamenda Airport,CM,CM-NW,Bamenda,medium,6.03924,10.1226
BPD,Bapi Airstrip,PG,PG-MPL,Bapi,small,-7.743611111110001,147.020555556
BPE,Qinhuangdao Beidaihe Airport,CN,CN-13,Qinhuangdao,medium,39.666389,119.058889
BPF,Batuna Aerodrome,SB,SB-WE,Batuna Mission Station,small,-8.56202777778,158.119305556
BPG,Barra do Garças Airport,BR,BR-MT,Barra do Garças,medium,-15.861417,-52.389008
BPH,Bislig Airport,PH,PH-SUR,Bislig,medium,8.195052,126.321015
BPI,Miley Memorial Field,US,US-WY,Big Piney,medium,42.58509827,-110.1110001
BPK,Biangabip Airport,PG,PG-WPD,Biangabip,small,-5.526389,141.744583
BPL,Bole Alashankou Airport,CN,CN-65,Bole,medium,44.895461,82.30007
BPM,Begumpet Airport,IN,IN-TG,Hyderabad,medium,17.4531,78.467598
BPN,Sultan Aji Muhammad Sulaiman Sepinggan International Airport,ID,ID-KI,Balikpapan,large,-1.268342,116.89452
BPS,Porto Seguro Airport,BR,BR-BA,Porto Seguro,large,-16.438426,-39.080584
BPT,Jack Brooks Regional Airport,US,US-TX,Beaumont/Port Arthur,medium,29.9508,-94.020699
BPX,Qamdo Bangda Airport,CN,CN-54,Bangda,medium,30.553600311279297,97.1082992553711
BPY,Besalampy Airport,MG,MG-M,Besalampy,medium,-16.74453,44.482484
BQA,Dr Juan C Angara Airport,PH,PH-AUR,Baler,medium,15.729309,121.500034
BQB,Busselton Margaret River Regional Airport,AU,AU-WA,Busselton,small,-33.688423,115.401596
BQD,Búðardalur Airport,IS,IS-3,Búðardalur,small,65.07530212402344,-21.80030059814453
BQE,Bubaque Airport,GW,GW-BL,Bubaque,small,11.297356,-15.838079
BQG,Bogorodskoye Airport,RU,RU-KHA,Bogorodskoye,small,52.381041,140.449378
BQH,London Biggin Hill Airport,GB,GB-ENG,London,medium,51.33079910279999,0.0324999988079
BQI,Bagani Airport,,NA-KE,Bagani,small,-18.11848,21.623296
BQJ,Batagay Airport,RU,RU-SA,Batagay,small,67.648002624512,134.69500732422
BQK,Brunswick Golden Isles Airport,US,US-GA,Brunswick,medium,31.258800506591797,-81.46649932861328
BQL,Boulia Airport,AU,AU-QLD,,medium,-22.913299560546875,139.89999389648438
BQN,Rafael Hernández International Airport,PR,PR-U-A,Aguadilla,medium,18.4949,-67.129402
BQO,Bouna Airport,CI,CI-ZZ,Bouna,small,9.255556,-3.033333
BQQ,Barra Airport,BR,BR-BA,Barra,small,-11.0808,-43.147499
BQS,Ignatyevo Airport,RU,RU-AMU,Blagoveschensk,medium,50.42539978027344,127.41200256347656
BQT,Brest Airport,BY,BY-BR,Brest,medium,52.108299,23.8981
BQU,J F Mitchell Airport,VC,VC-06,Bequia,medium,12.9884,-61.262001
BQV,Bartlett Cove Seaplane Base,US,US-AK,Gustavus,seaplane_base,58.4552,-135.884995
BQW,Balgo Hill Airport,AU,AU-WA,Balgo,small,-20.1483,127.973
BRA,Dom Ricardo Weberberger Airport,BR,BR-BA,Barreiras,small,-12.0789,-45.008999
BRB,Barreirinhas National Airport,BR,BR-MA,Barreirinhas,small,-2.756644,-42.803187
BRC,San Carlos De Bariloche Airport,AR,AR-R,San Carlos de Bariloche,medium,-41.151199,-71.157501
BRD,Brainerd Lakes Regional Airport,US,US-MN,Brainerd,medium,46.402861,-94.129727
BRE,Bremen Airport,DE,DE-HB,Bremen,medium,53.046786,8.78932
BRG,Siau/Sitaro Airport,ID,ID-SA,Balirangen,small,2.648591,125.423301
BRH,Brahman Airstrip,PG,PG-MPM,Brahman Mission,small,-5.741032,145.378518
BRI,Bari Karol Wojtyła Airport,IT,IT-75,Bari,large,41.138901,16.760599
BRK,Bourke Airport,AU,AU-NSW,,medium,-30.03919982910156,145.95199584960938
BRL,Southeast Iowa Regional Airport,US,US-IA,Burlington,medium,40.783199310302734,-91.12550354003906
BRM,Barquisimeto International Airport,VE,VE-K,Barquisimeto,medium,10.042747,-69.35862
BRN,Bern Airport,CH,CH-BE,Bern,medium,46.912868,7.498512
BRO,Brownsville South Padre Island International Airport,US,US-TX,Brownsville,medium,25.90679931640625,-97.4259033203125
BRP,Biaru Airport,PG,PG-MPL,Biaru,small,-7.6693,146.7594
BRQ,Brno-Tuřany Airport,CZ,CZ-JM,Brno,medium,49.15129852294922,16.694400787353516
BRR,Barra Airport,GB,GB-SCT,Eoligarry,medium,57.0228,-7.44306
BRS,Bristol Airport,GB,GB-ENG,Bristol,medium,51.382702,-2.71909
BRT,Bathurst Island Airport,AU,AU-NT,Wurrumiyanga,medium,-11.764966,130.615774
BRU,Brussels Airport,BE,BE-VBR,Zaventem,large,50.901402,4.48444
BRW,Wiley Post Will Rogers Memorial Airport,US,US-AK,Utqiaġvik,medium,71.285402,-156.766008
BRX,Maria Montez International Airport,DO,DO-04,Barahona,medium,18.25149917602539,-71.12039947509766
BRY,Samuels Field,US,US-KY,Bardstown,small,37.8143005371,-85.4996032715
BSA,Bosaso / Bender Qassim International Airport,SO,SO-BR,Bosaso,small,11.275235,49.139231
BSB,Presidente Juscelino Kubitschek International Airport,BR,BR-DF,Brasília,large,-15.869167,-47.920834
BSC,José Celestino Mutis Airport,CO,CO-CHO,Bahía Solano,medium,6.20292,-77.3947
BSD,Baoshan Yunrui Airport,CN,CN-53,Baoshan (Longyang),medium,25.053301,99.168297
BSE,Sematan Airport,MY,MY-13,Sematan,small,1.812678,109.765391
BSF,Bradshaw Army Airfield,US,US-HI,Waimea (Kamuela),small,19.760099,-155.554001
BSG,Bata Airport,GQ,GQ-LI,Bata,medium,1.90547,9.80568
BSI,Balesin Island Airport,PH,PH-BAS,Balesin,small,14.419365,122.039402
BSJ,Bairnsdale Airport,AU,AU-VIC,Bairnsdale,medium,-37.887539,147.569379
BSK,Biskra - Mohamed Khider Airport,DZ,DZ-07,Biskra,medium,34.793301,5.73823
BSL,EuroAirport Basel-Mulhouse-Freiburg,FR,FR-GES,Saint-Louis,large,47.60068,7.521117
BSM,Bishe Kola Air Base,IR,IR-02,Amol,small,36.655102,52.349602
BSN,Bossangoa Airport,CF,CF-AC,Bossangoa,small,6.492000102996826,17.429000854492188
BSO,Basco Airport,PH,PH-BTN,Basco,medium,20.4513,121.980003
BSP,Bensbach Airport,PG,PG-WPD,Bensbach,small,-8.85805555556,141.259444444
BSQ,Bisbee Municipal Airport,US,US-AZ,Bisbee,small,31.3640003204,-109.883003235
BSR,Basra International Airport,IQ,IQ-BA,Basra,medium,30.549101,47.662102
BSS,Balsas Airport,BR,BR-MA,Balsas,small,-7.52603,-46.053299
BST,Bost Airport,AF,AF-HEL,Lashkar Gah,small,31.5597,64.364998
BSU,Basankusu Airport,CD,CD-EQ,Basankusu,small,1.22472,19.7889
BSV,Besakoa Airport,MG,MG-M,Besakoa,small,-15.6725,47.061667
BSW,Boswell Bay Airport,US,US-AK,Boswell Bay,small,60.4230995178,-146.145996094
BSX,Pathein Airport,MM,MM-07,Pathein,small,16.815201,94.7799
BSY,Baardheere Airport,SO,SO-GE,Baardheere,small,2.330195,42.311802
BTA,Bertoua Airport,CM,CM-ES,Bertoua,small,4.54861,13.7261
BTB,Betou Airport,CG,CG-7,Betou,small,3.057593,18.514433
BTC,Batticaloa Airport,LK,LK-5,Batticaloa,medium,7.70576,81.678802
BTD,Brunette Downs Airport,AU,AU-NT,,small,-18.637472,135.938355
BTF,Skypark Airport,US,US-UT,Bountiful,small,40.8694000244,-111.927001953
BTG,Batangafo Airport,CF,CF-AC,Batangafo,small,7.314109802246094,18.308799743652344
BTH,Hang Nadim International Airport,ID,ID-RI,Batam,medium,1.12103,104.119003
BTI,Barter Island Long Range Radar Station Airport,US,US-AK,Barter Island,medium,70.134003,-143.582001
BTJ,Sultan Iskandar Muda International Airport,ID,ID-AC,Banda Aceh,medium,5.522872024010001,95.42063713070002
BTK,Bratsk Airport,RU,RU-IRK,Bratsk,medium,56.370601654052734,101.697998046875
BTL,Battle Creek Executive Airport at Kellogg Field,US,US-MI,Battle Creek,medium,42.307301,-85.251503
BTM,Bert Mooney Airport,US,US-MT,Butte,medium,45.95479965209961,-112.49700164794922
BTN,Marlboro County Jetport - H E Avent Field Airport,US,US-SC,Bennettsville,small,34.6217,-79.734398
BTO,Botopasi Airport,SR,SR-SI,Botopasi,small,4.21751109352,-55.4470539093
BTP,Pittsburgh/Butler Regional Airport,US,US-PA,Butler,small,40.776901,-79.949699
BTQ,Butare Airport,RW,RW-05,Butare,small,-2.59583,29.7367
BTR,Baton Rouge Metropolitan Airport,US,US-LA,Baton Rouge,medium,30.533199,-91.149597
BTS,M. R. Štefánik Airport,SK,SK-BL,Bratislava,large,48.1702,17.2127
BTT,Bettles Airport,US,US-AK,Bettles,small,66.913902,-151.529007
BTU,Bintulu Airport,MY,MY-13,Bintulu,medium,3.12385010719,113.019996643
BTV,Burlington International Airport,US,US-VT,South Burlington,medium,44.471901,-73.153297
BTW,Batu Licin Airport,ID,ID-KS,Batu Licin,small,-3.41241,115.995003
BTX,Betoota Airport,AU,AU-QLD,,small,-25.694791,140.738339
BTY,Beatty Airport,US,US-NV,Beatty,small,36.8610992432,-116.787002563
BTZ,Betong International Airport,TH,TH-95,Betong,medium,5.79,101.15
BUA,Buka Airport,PG,PG-NSB,Buka Island,medium,-5.4223198890686035,154.67300415039062
BUB,Cram Field,US,US-NE,Burwell,small,41.7766990662,-99.14969635010002
BUC,Burketown Airport,AU,AU-QLD,,small,-17.748600006103516,139.53399658203125
BUD,Budapest Liszt Ferenc International Airport,HU,HU-BU,Budapest,large,47.43018,19.262393
BUF,Buffalo Niagara International Airport,US,US-NY,Buffalo,large,42.940498,-78.732201
BUG,Benguela 17th of September Airport,AO,AO-BGU,Benguela,medium,-12.609,13.4037
BUI,Bokondini Airport,ID,ID-PP,Bokondini,small,-3.68455,138.677437
BUJ,Bou Saada Airport,DZ,DZ-28,Ouled Sidi Brahim,medium,35.3325,4.20639
BUK,Al-Bough Airport,YE,YE-SD,Al-Bough,small,17.350352,44.625542
BUL,Bulolo Airport,PG,PG-MPL,Bulolo,small,-7.216286671410001,146.649541855
BUM,Butler Memorial Airport,US,US-MO,Butler,small,38.2897987366,-94.3401031494
BUN,Gerardo Tobar López Airport,CO,CO-VAC,Buenaventura,medium,3.81963,-76.9898
BUO,Burao Airport,SO,SO-TO,Burao,small,9.5275,45.5549
BUP,Bhatinda Air Force Station,IN,IN-PB,,medium,30.2701,74.755798
BUQ,Joshua Mqabuko Nkomo International Airport,ZW,ZW-BU,Bulawayo,medium,-20.017401,28.617901
BUR,Bob Hope Airport,US,US-CA,Burbank,medium,34.197703,-118.356378
BUS,Batumi International Airport,GE,GE-AJ,Batumi,medium,41.610298,41.599701
BUT,Bathpalathang Airport,BT,BT-33,Jakar,small,27.5622,90.7471
BUU,Muara Bungo Airport,ID,ID-JA,Muara Bungo,small,-1.541635,102.181613
BUV,Placeres Airport,UY,UY-AR,Bella Union,small,-30.319807,-57.558823
BUW,Betoambari Airport,ID,ID-SG,Bau Bau,small,-5.48688,122.569
BUX,Bunia Airport,CD,CD-IT,Bunia,medium,1.565743,30.220685
BUY,Bunbury Airport,AU,AU-WA,,small,-33.3783,115.677002
BUZ,Bushehr Airport,IR,IR-18,Bushehr,medium,28.9447994232,50.8345985413
BVA,Paris-Beauvais Airport,FR,FR-HDF,Tillé,medium,49.454399,2.11278
BVB,Atlas Brasil Cantanhede Airport,BR,BR-RR,Boa Vista,medium,2.845855,-60.690944
BVC,Rabil Airport,CV,CV-B,Rabil,medium,16.136499404907227,-22.888900756835938
BVE,Brive-Souillac,FR,FR-NAQ,Brive la Gaillarde,medium,45.039722,1.485556
BVG,Berlevåg Airport,NO,NO-54,Berlevåg,medium,70.871399,29.034201
BVH,Brigadeiro Camarão Airport,BR,BR-RO,Vilhena,medium,-12.6944,-60.098301
BVI,Birdsville Airport,AU,AU-QLD,,medium,-25.897499084472656,139.34800720214844
BVJ,Bovanenkovo Airport,RU,RU-YAN,Bovanenkovo,medium,70.315278,68.333611
BVK,Huacaraje Airport,BO,BO-B,Itenes,small,-13.605556,-63.879444
BVL,Baures Airport,BO,BO-B,Baures,small,-13.654426,-63.704718
BVM,Belmonte Airport,BR,BR-BA,Belmonte,small,-15.8717,-38.871899
BVO,Bartlesville Municipal Airport,US,US-OK,Bartlesville,small,36.762501,-96.0112
BVR,Esperadinha Airport,CV,CV-S,Brava Island,small,14.864306,-24.746
BVS,Breves Airport,BR,BR-PA,Breves,small,-1.63653,-50.4436
BVU,Beluga Airport,US,US-AK,Beluga,small,61.1721992493,-151.044006348
BVV,Burevestnik Airport,RU,RU-SAK,Kurilsk,small,44.919998,147.621994
BVW,Batavia Downs Airport,AU,AU-QLD,,small,-12.6592,142.675003
BVX,Batesville Regional Airport,US,US-AR,Batesville,small,35.7262,-91.647301
BVY,Beverly Regional Airport,US,US-MA,Beverly / Danvers,medium,42.584202,-70.916496
BVZ,Beverley Springs Airport,AU,AU-WA,Wunaamin Miliwundi Ranges,small,-16.732756,125.439105
BWA,Gautam Buddha International Airport,NP,NP-P5,Siddharthanagar (Bhairahawa),medium,27.505328,83.412594
BWB,Barrow Island Airport,AU,AU-WA,,small,-20.864401,115.405998
BWC,Brawley Municipal Airport,US,US-CA,Brawley,small,32.99290085,-115.5169983
BWD,Brownwood Regional Airport,US,US-TX,Brownwood,small,31.7936000824,-98.9564971924
BWE,Braunschweig-Wolfsburg Airport,DE,DE-NI,Braunschweig,medium,52.319199,10.5561
BWF,Barrow Walney Island Airport,GB,GB-ENG,Barrow-in-Furness,medium,54.1286111,-3.2675
BWG,Bowling Green Warren County Regional Airport,US,US-KY,Bowling Green,medium,36.964500427199994,-86.41970062259999
BWH,RMAF Butterworth Air Base,MY,MY-07,Butterworth,medium,5.46592,100.390999
BWI,Baltimore/Washington International Thurgood Marshall Airport,US,US-MD,Baltimore,large,39.1754,-76.668297
BWJ,Bawan Airport,PG,PG-MPL,,small,-6.396944444440001,146.881666667
BWK,Brač Airport,HR,HR-17,Bol,medium,43.285702,16.679701
BWL,Earl Henry Airport,US,US-OK,Blackwell,small,36.7958984375,-97.3170013428
BWM,Bowman Regional Airport,US,US-ND,Bowman,small,46.165519,-103.30075
BWN,Brunei International Airport,BN,BN-BM,Bandar Seri Begawan,large,4.9442,114.928001
BWO,Balakovo Airport,RU,RU-SAR,Balakovo,medium,51.858299,47.745602
BWP,Bewani Airport,PG,PG-SAN,Bewani,small,-3.0216666666700003,141.165277778
BWQ,Brewarrina Airport,AU,AU-NSW,,medium,-29.975792,146.81438
BWT,Wynyard Airport,AU,AU-TAS,Burnie,medium,-40.997039,145.726
BWU,Sydney Bankstown Airport,AU,AU-NSW,Sydney,medium,-33.923618,150.990792
BWW,Las Brujas Airport,CU,CU-07,Cayo Santa Maria,small,22.6213,-79.147202
BWX,Banyuwangi International Airport,ID,ID-JI,Banyuwangi,small,-8.31015,114.3401
BXA,George R Carr Memorial Air Field,US,US-LA,Bogalusa,small,30.813699722299997,-89.8649978638
BXB,Babo Airport,ID,ID-PB,Babo,medium,-2.53224,133.438995
BXD,Bade Airport,ID,ID-PS,Bade,small,-7.175902,139.58333
BXE,Bakel Airport,SN,SN-TC,Bakel,medium,14.847299575805664,-12.468299865722656
BXF,Bellburn Airstrip,AU,AU-WA,Pumululu National Park,small,-17.545,128.305
BXG,Bendigo Airport,AU,AU-VIC,,small,-36.739399,144.330002
BXH,Balkhash Airport,KZ,KZ-KAR,Balkhash,medium,46.894246,75.004533
BXI,Boundiali Airport,CI,CI-SV,Boundiali,small,9.540571,-6.469831
BXJ,Boralday Airport,KZ,KZ-ALM,Boralday,small,43.352052,76.883039
BXK,Buckeye Municipal Airport,US,US-AZ,Buckeye,small,33.422397,-112.686317
BXL,Blue Lagoon Seaplane Base,FJ,FJ-W,Nanuya Lailai Island,seaplane_base,-16.943,177.368
BXM,Batom Airport,ID,ID-PP,Batom,small,-4.442687,140.883565
BXN,Bodrum-Imsık Airport,TR,TR-48,Imsık,small,37.140099,27.669701
BXO,Buochs Airport,CH,CH-NW,Buochs,small,46.974444,8.396944
BXR,Bam Airport,IR,IR-08,Bam,medium,29.0842,58.450001
BXS,Borrego Valley Airport,US,US-CA,Borrego Springs,small,33.2589988708,-116.320999146
BXT,Bontang Airport,ID,ID-KI,Bontang-Borneo Island,small,0.119691,117.474998
BXU,Bancasi Airport,PH,PH-AGN,Butuan,medium,8.9515,125.4788
BXV,Breiðdalsvík Airport,IS,IS-7,Breiðdalsvík,small,64.790037,-14.043927
BXW,Bawean - Harun Thohir Airport,ID,ID-JI,Bawean,small,-5.723628,112.678889
BXX,Borama Airport,SO,SO-WO,Borama,small,9.9463,43.1495
BXY,Baikonur Krayniy Airport,KZ,KZ-BAY,Baikonur,medium,45.621994,63.210773
BXZ,Bunsil Airport,PG,PG-MPL,Bunsil - Umboi Island,small,-5.7243,147.8667
BYA,Boundary Airport,US,US-AK,Boundary,small,64.077678,-141.122088
BYB,Dibba Airport,OM,OM-MU,Dibba al Baya,small,25.614229,56.2444
BYC,Yacuiba Airport,BO,BO-T,Yacuíba,medium,-21.960899353027344,-63.65169906616211
BYD,Al-Bayda Airport,YE,YE-BA,Al-Bayda,small,14.105974,45.441079
BYF,Albert-Picardie Airport,FR,FR-HDF,Méaulte,small,49.970049,2.693939
BYG,Johnson County Airport,US,US-WY,Buffalo,small,44.3811,-106.722
BYH,Arkansas International Airport,US,US-AR,Blytheville,medium,35.9642982483,-89.94400024410001
BYI,Burley Municipal Airport,US,US-ID,Burley,medium,42.542598724399994,-113.772003174
BYJ,Beja Airport / Airbase,PT,PT-02,Beja,medium,38.078899,-7.9324
BYK,Bouaké Airport,CI,CI-VB,Bouaké,medium,7.7388,-5.07367
BYL,Bella Yella Airport,LR,LR-LO,Beliyela,small,7.36916666667,-9.99372222222
BYM,Carlos Manuel de Cespedes Airport,CU,CU-12,Bayamo,medium,20.3964,-76.621399
BYN,Bayankhongor Airport,MN,MN-069,Bayankhongor,medium,46.163299560546875,100.7040023803711
BYO,Bonito Airport,BR,BR-MS,Bonito,small,-21.2473,-56.452399
BYP,Barimunya Airport,AU,AU-WA,,small,-22.673900604248,119.16600036621
BYQ,Bunyu Airport,ID,ID-KU,Bunju Island,small,3.45572,117.866997
BYR,Læsø Airport,DK,DK-81,Læsø,small,57.277199,11.0001
BYS,Bicycle Lake Army Air Field,US,US-CA,Fort Irwin/Barstow,medium,35.2804985046,-116.629997253
BYT,Bantry Aerodrome,IE,IE-C,Bantry,small,51.6772,-9.487123
BYU,Bayreuth Airport,DE,DE-BY,Bindlach,medium,49.985001,11.64
BYV,Beira Lake Seaplane Base,LK,LK-1,Colombo,seaplane_base,6.9294444444400005,79.85416666670001
BYW,Blakely Island Airport,US,US-WA,Blakely Island,small,48.579162,-122.823844
BYX,Baniyala Airport,AU,AU-NT,Baniyala,small,-13.1981,136.227005
BZA,San Pedro Airport,NI,NI-AN,Bonanza,small,14.031524,-84.624311
BZB,Bazaruto Island Airport,MZ,MZ-I,Bazaruto Island,medium,-21.5411,35.4729
BZC,Umberto Modiano Airport,BR,BR-RJ,Cabo Frio,medium,-22.770881,-41.96308
BZD,Balranald Airport,AU,AU-NSW,,medium,-34.624834,143.577114
BZE,Philip S. W. Goldson International Airport,BZ,BZ-BZ,Belize City,large,17.539951,-88.303556
BZF,Benton Field,US,US-CA,Redding,small,40.5749015808,-122.407997131
BZG,Bydgoszcz Ignacy Jan Paderewski Airport,PL,PL-KP,Bydgoszcz,medium,53.096802,17.977699
BZH,Bumi Hills Airport,ZW,ZW-MW,Bumi,small,-16.816485,28.344786
BZI,Balıkesir Merkez Airport,TR,TR-10,,medium,39.61930084228515,27.926000595092773
BZJ,Bozhou Airport (under construction),CN,CN-34,Bozhou,small,33.560777,115.911859
BZK,Bryansk Airport,RU,RU-BRY,Bryansk,medium,53.214199,34.176399
BZL,Barisal Airport,BD,BD-1,Barisal,medium,22.801000595092773,90.30120086669922
BZM,Bemolanga Airport,MG,MG-M,Bemolanga,small,-17.6925,45.0888333333
BZN,Bozeman Yellowstone International Airport,US,US-MT,Bozeman,medium,45.7775,-111.153
BZO,Bolzano Airport,IT,IT-32,Bolzano (BZ),medium,46.460201,11.3264
BZP,Bizant Airport,AU,AU-QLD,Lakefield National Park,small,-14.7402777778,144.119444444
BZR,Béziers-Vias Airport,FR,FR-OCC,Béziers/Vias,medium,43.323502,3.3539
BZT,Eagle Air Park,US,US-TX,Brazoria,small,28.982200622559,-95.579696655273
BZU,Buta Zega Airport,CD,CD-BU,Buta,medium,2.818058,24.793997
BZV,Maya-Maya Airport,CG,CG-12,Brazzaville,medium,-4.251699924468994,15.253000259399414
BZX,Bazhong Enyang Airport,CN,CN-51,Bazhong (Enyang),small,31.73842,106.644872
BZY,Bălți International Airport,MD,MD-RS,Bălți,medium,47.837666,27.781108
BZZ,RAF Brize Norton,GB,GB-ENG,Brize Norton,medium,51.75,-1.58362
CAA,El Aguacate Airport,HN,HN-OL,El Aguacate,small,14.875,-85.776108
CAB,Cabinda Airport,AO,AO-CAB,Cabinda,medium,-5.59699010848999,12.188400268554688
CAC,Coronel Adalberto Mendes da Silva Airport,BR,BR-PR,Cascavel,medium,-25.000323,-53.501208
CAD,Wexford County Airport,US,US-MI,Cadillac,small,44.275749,-85.421534
CAE,Columbia Metropolitan Airport,US,US-SC,Columbia,medium,33.938801,-81.119499
CAF,Carauari Airport,BR,BR-AM,Carauari,small,-4.871473,-66.897552
CAG,Cagliari Elmas Airport,IT,IT-88,Cagliari,large,39.251499,9.05428
CAH,Cà Mau Airport,VN,VN-SW,Ca Mau City,medium,9.177667,105.177778
CAI,Cairo International Airport,EG,EG-C,Cairo,large,30.111534,31.396694
CAJ,Canaima Airport,VE,VE-F,Canaima,medium,6.231989,-62.85485
CAK,Akron Canton Regional Airport,US,US-OH,Akron,medium,40.91609954833984,-81.44219970703125
CAL,Campbeltown Airport,GB,GB-SCT,Campbeltown,medium,55.437198638916016,-5.686389923095703
CAM,Camiri Airport,BO,BO-S,Camiri,small,-20.00656,-63.527827
CAN,Guangzhou Baiyun International Airport,CN,CN-44,Guangzhou (Huadu),large,23.392401,113.299004
CAO,Clayton Municipal Airpark,US,US-NM,Clayton,small,36.4462013245,-103.166999817
CAP,Cap Haitien International Airport,HT,HT-ND,Cap Haitien,medium,19.726734,-72.199576
CAQ,Juan H White Airport,CO,CO-ANT,Caucasia,medium,7.96847,-75.1985
CAR,Caribou Municipal Airport,US,US-ME,Caribou,medium,46.871498,-68.017899
CAT,Cascais Airport,PT,PT-11,Cascais,medium,38.724998,-9.35523
CAU,Caruaru Airport,BR,BR-PE,Caruaru,small,-8.28239,-36.0135
CAV,Cazombo Airport,AO,AO-MOX,Cazombo,small,-11.8931,22.916239
CAW,Bartolomeu Lisandro Airport,BR,BR-RJ,Campos Dos Goytacazes,medium,-21.698299,-41.301701
CAX,Carlisle Lake District Airport,GB,GB-ENG,Carlisle,medium,54.9375,-2.80917
CAY,Cayenne – Félix Eboué Airport,GF,GF-CY,Matoury,large,4.819964,-52.361326
CAZ,Cobar Airport,AU,AU-NSW,,medium,-31.538299560546875,145.79400634765625
CBB,Jorge Wilsterman International Airport,BO,BO-C,Cochabamba,medium,-17.421100616455078,-66.1771011352539
CBC,Cherrabun Airport,AU,AU-WA,,small,-18.917777777800005,125.537777778
CBD,Car Nicobar Air Force Base,IN,IN-AN,IAF Camp,medium,9.153056,92.819273
CBE,Greater Cumberland Regional Airport,US,US-WV,Wiley Ford,small,39.615398,-78.760902
CBF,Council Bluffs Municipal Airport,US,US-IA,Council Bluffs,small,41.2592010498,-95.760597229
CBG,Cambridge City Airport,GB,GB-ENG,"Cambridge, Cambridgeshire",medium,52.205002,0.175
CBH,Béchar Boudghene Ben Ali Lotfi Airport,DZ,DZ-08,Béchar,medium,31.64570045471191,-2.269860029220581
CBI,Cape Barren Island Airport,AU,AU-TAS,,small,-40.391700744628906,148.01699829101562
CBJ,Cabo Rojo Airport,DO,DO-16,Cabo Rojo,medium,17.929000854492188,-71.6447982788086
CBK,Shalz Field,US,US-KS,Colby,small,39.42750168,-101.0469971
CBL,"Aeropuerto ""General Tomas de Heres"". Ciudad Bolivar",VE,VE-F,,medium,8.122161,-63.536957
CBM,Columbus Air Force Base,US,US-MS,Columbus,medium,33.643799,-88.443802
CBN,Penggung Airport,ID,ID-JB,Cirebon-Java Island,small,-6.757,108.538849
CBO,Cotabato (Awang) Airport,PH,PH-MDN,Datu Odin Sinsuat,medium,7.164753,124.209938
CBP,Aerodromo Municipal de Coimbra,PT,PT-06,Coimbra,medium,40.158758,-8.470815
CBQ,Margaret Ekpo International Airport,NG,NG-CR,Calabar,medium,4.976019859313965,8.347200393676758
CBR,Canberra International Airport,AU,AU-ACT,Canberra,medium,-35.3069,149.195007
CBS,Oro Negro Airport,VE,VE-V,Cabimas,small,10.3307,-71.322502
CBT,Catumbela Airport,AO,AO-BGU,Catumbela,medium,-12.4792,13.4869
CBV,Coban Airport,GT,GT-AV,Coban,medium,15.469,-90.4067
CBW,Campo Mourão Airport,BR,BR-PR,Campo Mourão,small,-24.009199,-52.3568
CBX,Condobolin Airport,AU,AU-NSW,,small,-33.06565,147.21316
CBY,Canobie Airport,AU,AU-QLD,Canobie,small,-19.4794006348,140.927001953
CBZ,Binzhou Daguo Airport,CN,CN-37,Binzhou,small,37.61055,117.885699
CCA,Chimore Airport,BO,BO-C,Chimore,small,-16.976834,-65.145568
CCB,Cable Airport,US,US-CA,Upland,small,34.1115989685,-117.68800354
CCC,Jardines Del Rey Airport,CU,CU-08,Cayo Coco,medium,22.4610004425,-78.32839965820001
CCD,Century City Heliport,US,US-CA,Los Angeles,heliport,34.060798645,-118.417999268
CCE,Capital International Airport,EG,EG-C,New Cairo,medium,30.074293,31.84296
CCF,Carcassonne Airport,FR,FR-OCC,Carcassonne/Salvaza,medium,43.216,2.30632
CCG,Crane County Airport,US,US-TX,Crane,small,31.4151000977,-102.362998962
CCH,Chile Chico Airport,CL,CL-AI,Chile Chico,medium,-46.5831,-71.686323
CCI,Olavo Cecco Rigon Airport,BR,BR-SC,Concórdia,small,-27.180511,-52.051755
CCJ,Calicut International Airport,IN,IN-KL,Calicut,medium,11.1368,75.955299
CCK,Cocos (Keeling) Islands Airport,CC,CC-U-A,West Island,medium,-12.19134,96.833696
CCL,Chinchilla Airport,AU,AU-QLD,Chinchilla,medium,-26.771947,150.617571
CCM,Forquilhinha - Criciúma  Airport,BR,BR-SC,Criciúma,medium,-28.725743,-49.424475
CCN,Chaghcharan Airport,AF,AF-GHO,Chaghcharan,small,34.526465,65.27102
CCO,Carimagua Airport,CO,CO-MET,Puerto López,small,4.56417,-71.3364
CCP,Carriel Sur Airport,CL,CL-BI,Concepcion,medium,-36.772701,-73.063103
CCR,Buchanan Field,US,US-CA,Concord,medium,37.9897,-122.056999
CCS,Simón Bolívar International Airport,VE,VE-X,Caracas,large,10.601194,-66.991222
CCU,Netaji Subhash Chandra Bose International Airport,IN,IN-WB,Kolkata,large,22.654699,88.446701
CCV,Craig Cove Airport,VU,VU-MAP,Craig Cove,small,-16.264999,167.923996
CCW,Cowell Airport,AU,AU-SA,,small,-33.666698,136.891998
CCX,Cáceres Airport,BR,BR-MT,Cáceres,small,-16.0436,-57.629902
CCY,Northeast Iowa Regional Airport,US,US-IA,Charles City,medium,43.0726013184,-92.6108016968
CCZ,Chub Cay Airport,BS,BS-NS,,medium,25.41710090637207,-77.88089752197266
CDA,Cooinda Airport,AU,AU-NT,,small,-12.903300285339355,132.53199768066406
CDB,Cold Bay Airport,US,US-AK,Cold Bay,medium,55.207871,-162.725029
CDC,Cedar City Regional Airport,US,US-UT,Cedar City,medium,37.70100021362305,-113.0989990234375
CDD,Cauquira Airport,HN,HN-GD,Cauquira,small,15.316667,-83.591667
CDE,Chengde Puning Airport,CN,CN-13,Chengde,medium,41.1225,118.073889
CDG,Charles de Gaulle International Airport,FR,FR-IDF,Paris,large,49.012798,2.55
CDH,Harrell Field,US,US-AR,Camden,small,33.622798919699996,-92.7633972168
CDI,Cachoeiro do Itapemirim - Raimundo de Andrade Airport,BR,BR-ES,Cachoeiro do Itapemirim,small,-20.834299,-41.1856
CDJ,Conceição do Araguaia Airport,BR,BR-PA,Conceição do Araguaia,medium,-8.34835,-49.301498
CDK,George T Lewis Airport,US,US-FL,Cedar Key,small,29.134095,-83.050783
CDL,Candle 2 Airport,US,US-AK,Candle,small,65.907699585,-161.925994873
CDN,Woodward Field,US,US-SC,Camden,small,34.2835998535,-80.56490325930001
CDO,Cradock Airport,ZA,ZA-EC,Cradock,small,-32.1567001343,25.6455993652
CDP,Kadapa Airport,IN,IN-AP,Kadapa,medium,14.513154,78.769183
CDQ,Croydon Airport,AU,AU-QLD,,small,-18.225000381469727,142.25799560546875
CDR,Chadron Municipal Airport,US,US-NE,Chadron,medium,42.837601,-103.095001
CDS,Childress Municipal Airport,US,US-TX,Childress,medium,34.4337997437,-100.288002014
CDT,Castellón-Costa Azahar Airport,ES,ES-VC,Castellón de la Plana,medium,40.213889,0.073333
CDU,Camden Airport,AU,AU-NSW,Cobbitty,medium,-34.038338,150.686406
CDV,Merle K (Mudhole) Smith Airport,US,US-AK,Cordova,medium,60.491798,-145.477997
CDW,Essex County Airport,US,US-NJ,Caldwell,small,40.875198364300005,-74.2814025879
CDY,Cagayan de Sulu Airport,PH,PH-TAW,Mapun,small,7.014,118.496002
CEA,Cessna Aircraft Field,US,US-KS,Wichita,small,37.648601532,-97.2506027222
CEB,Mactan Cebu International Airport,PH,PH-CEB,Lapu-Lapu City,large,10.309261,123.97974
CEC,Jack Mc Namara Field Airport,US,US-CA,Crescent City,medium,41.778929,-124.236403
CED,Ceduna Airport,AU,AU-SA,,medium,-32.13059997558594,133.7100067138672
CEE,Cherepovets Airport,RU,RU-VLG,Cherepovets,medium,59.273601532,38.0158004761
CEF,Westover Metropolitan Airport / Westover Air Reserve Base,US,US-MA,Chicopee,medium,42.194,-72.534798
CEG,Hawarden Airport,GB,GB-WLS,Broughton,medium,53.178101,-2.97778
CEH,Chelinda Malawi Airport,MW,MW-RU,,small,-10.55,33.799999
CEI,Mae Fah Luang - Chiang Rai International Airport,TH,TH-57,Chiang Rai,medium,19.952299,99.882896
CEK,Chelyabinsk Balandino Airport,RU,RU-CHE,Chelyabinsk,medium,55.305801,61.5033
CEL,Canela Airport,BR,BR-RS,Canela,small,-29.370091,-50.831729
CEM,Central Airport,US,US-AK,Central,small,65.573815,-144.780707
CEN,Ciudad Obregón International Airport,MX,MX-SON,Ciudad Obregón,medium,27.39259910583496,-109.83300018310548
CEO,Waco Kungo Airport,AO,AO-CUS,Waco Kungo,small,-11.4264,15.1014
CEP,Concepción Airport,BO,BO-S,Concepción,small,-16.142688,-62.026595
CEQ,Cannes-Mandelieu Airport,FR,FR-PAC,Cannes,medium,43.547998,6.955176
CER,Cherbourg-Maupertus Airport,FR,FR-NOR,Cherbourg/Maupertus,medium,49.650101,-1.47028
CES,Cessnock Airport,AU,AU-NSW,,small,-32.787498,151.341995
CET,Cholet Le Pontreau Airfield,FR,FR-PDL,Cholet/Le Pontreau,small,47.0821,-0.877064
CEU,Oconee County Regional Airport,US,US-SC,Clemson,small,34.6719017,-82.8864975
CEV,Mettel Field,US,US-IN,Connersville,small,39.6985015869,-85.129699707
CEW,Bob Sikes Airport,US,US-FL,Crestview,medium,30.778799057,-86.522102356
CEX,Chena Hot Springs Airport,US,US-AK,Chena Hot Springs,small,65.0518035889,-146.04699707
CEY,Kyle Oakley Field,US,US-KY,Murray,small,36.66460037,-88.37280273
CEZ,Cortez Municipal Airport,US,US-CO,Cortez,medium,37.303001,-108.627998
CFB,Cabo Frio Airport,BR,BR-RJ,Cabo Frio,small,-22.921485,-42.071874
CFC,Caçador Airport,BR,BR-SC,Caçador,small,-26.787423,-50.939942
CFD,Coulter Field,US,US-TX,Bryan,small,30.7157001495,-96.3313980103
CFE,Clermont-Ferrand Auvergne Airport,FR,FR-ARA,Clermont-Ferrand/Auvergne,medium,45.786701,3.16917
CFF,Cafunfo Airport,AO,AO-LNO,Cafunfo,small,-8.78361,17.9897
CFG,Jaime Gonzalez Airport,CU,CU-06,Cienfuegos,medium,22.149999618530273,-80.41419982910156
CFH,Clifton Hills Airport,AU,AU-SA,Clifton Hills,small,-27.018299,138.891998
CFI,Camfield Airport,AU,AU-NT,,small,-17.021699905395508,131.32699584960938
CFK,Chlef Aboubakr Belkaid International Airport,DZ,DZ-02,Chlef,medium,36.217166,1.342237
CFM,Conklin (Leismer) Airport,CA,CA-AB,Conklin,small,55.695301,-111.278999
CFN,Donegal Airport,IE,IE-DL,Donegal,medium,55.0442008972168,-8.340999603271484
CFO,Confresa Airport,BR,BR-MT,Confresa,small,-10.633296,-51.565836
CFP,Carpentaria Downs Airport,AU,AU-QLD,Carpentaria Downs,small,-18.718481,144.313028
CFQ,Creston Valley Regional Airport - Art Sutcliffe Field,CA,CA-BC,Creston,small,49.03689956665,-116.49800109863
CFR,Caen-Carpiquet Airport,FR,FR-NOR,Caen/Carpiquet,medium,49.173302,-0.45
CFS,Coffs Harbour Airport,AU,AU-NSW,Coffs Harbour,medium,-30.320601,153.115997
CFT,Greenlee County Airport,US,US-AZ,Clifton,small,32.957039,-109.211397
CFU,Corfu Ioannis Kapodistrias International Airport,GR,GR-F,Kerkyra (Corfu),medium,39.601898,19.911699
CFV,Coffeyville Municipal Airport,US,US-KS,Coffeyville,small,37.09400177,-95.5718994141
CGA,Craig Seaplane Base,US,US-AK,Craig,seaplane_base,55.478802,-133.147995
CGB,Marechal Rondon Airport,BR,BR-MT,Cuiabá,medium,-15.6529,-56.116699
CGC,Cape Gloucester Airport,PG,PG-WBK,Cape Gloucester,small,-5.458965,148.432417
CGD,Changde Taohuayuan Airport,CN,CN-43,Changde (Dingcheng),medium,28.9189,111.639999
CGE,Cambridge Dorchester Airport,US,US-MD,Cambridge,small,38.53929901,-76.03040314
CGF,Cuyahoga County Airport,US,US-OH,Cleveland,medium,41.5651016235,-81.4863967896
CGG,Casiguran Airport,PH,PH-AUR,Casiguran,small,16.1941,122.0651
CGH,Congonhas Airport,BR,BR-SP,São Paulo,medium,-23.627657,-46.654601
CGI,Cape Girardeau Regional Airport,US,US-MO,Cape Girardeau,medium,37.2253,-89.570801
CGJ,Kasompe Airport,ZM,ZM-08,Chingola,medium,-12.572799682617,27.893899917603
CGK,Soekarno-Hatta International Airport,ID,ID-BT,Jakarta,large,-6.1255698204,106.65599823
CGM,Camiguin Airport,PH,PH-CAM,Mambajao,medium,9.253894,124.709115
CGN,Cologne Bonn Airport,DE,DE-NW,Köln (Cologne),large,50.865898,7.14274
CGO,Zhengzhou Xinzheng International Airport,CN,CN-41,Zhengzhou,large,34.526497,113.849165
CGP,Shah Amanat International Airport,BD,BD-2,Chattogram (Chittagong),medium,22.249599,91.813301
CGQ,Changchun Longjia International Airport,CN,CN-22,Changchun,large,43.996201,125.684998
CGR,Campo Grande Airport,BR,BR-MS,Campo Grande,medium,-20.469998,-54.673988
CGS,College Park Airport,US,US-MD,College Park,small,38.9805984497,-76.9223022461
CGV,Caiguna Airport,AU,AU-WA,,small,-32.280457,125.477943
CGY,Laguindingan International Airport,PH,PH-MSR,Cagayan de Oro,medium,8.612203,124.456496
CGZ,Casa Grande Municipal Airport,US,US-AZ,Casa Grande,small,32.954899,-111.766998
CHA,Chattanooga Metropolitan Airport (Lovell Field),US,US-TN,Chattanooga,medium,35.035301,-85.203796
CHB,Chilas Airport,PK,PK-GB,Chilas,small,35.426700592,74.081703186
CHC,Christchurch International Airport,NZ,NZ-CAN,Christchurch,large,-43.48939895629883,172.53199768066406
CHD,Mucugê Airport,BR,BR-BA,Mucugê,small,-13.0312,-41.444099
CHF,Jinhae Air Base,KR,KR-48,Jinhae,small,35.140248,128.696229
CHG,Chaoyang Airport,CN,CN-21,"Shuangta, Chaoyang",medium,41.538101,120.434998
CHH,Chachapoyas Airport,PE,PE-AMA,Chachapoyas,medium,-6.201911,-77.856195
CHJ,Chipinge Airport,ZW,ZW-MA,Chipinge,small,-20.206699,32.6283
CHK,Chickasha Municipal Airport,US,US-OK,Chickasha,small,35.09740067,-97.96769714
CHL,Challis Airport,US,US-ID,Challis,small,44.522999,-114.218002
CHM,FAP Lieutenant Jaime Andres de Montreuil Morales Airport,PE,PE-ANC,Chimbote,medium,-9.14961,-78.523804
CHN,Jeonju (G 703) Air Base,KR,KR-45,Jeonju,small,35.878289,127.11894
CHO,Charlottesville Albemarle Airport,US,US-VA,Charlottesville,medium,38.13859939575195,-78.4529037475586
CHP,Circle Hot Springs Airport,US,US-AK,Circle Hot Springs,small,65.485496521,-144.610992432
CHQ,Chania International Airport,GR,GR-M,Souda,medium,35.5317,24.1497
CHR,"Châteauroux-Déols ""Marcel Dassault"" Airport",FR,FR-CVL,Châteauroux/Déols,medium,46.860278,1.721111
CHS,Charleston International Airport,US,US-SC,Charleston,medium,32.898602,-80.040497
CHT,Chatham Islands / Tuuta Airport,NZ,NZ-WGN,Te One,medium,-43.81189,-176.46514
CHU,Chuathbaluk Airport,US,US-AK,Chuathbaluk,small,61.579102,-159.216003
CHV,Aerodromo de Chaves,PT,PT-17,Chaves,small,41.722356,-7.463064
CHX,Changuinola Captain Manuel Niño International Airport,PA,PA-1,Changuinola,medium,9.458962,-82.515062
CHY,Choiseul Bay Airport,SB,SB-CH,,small,-6.711944,156.396111
CHZ,Chiloquin State Airport,US,US-OR,Chiloquin,small,42.579440493,-121.879062653
CIA,Ciampino–G. B. Pastine International Airport,IT,IT-62,Rome,medium,41.7994,12.5949
CIC,Chico Regional Airport,US,US-CA,Chico,small,39.795595,-121.857716
CID,The Eastern Iowa Airport,US,US-IA,Cedar Rapids,medium,41.884701,-91.7108
CIE,Collie Airport,AU,AU-WA,Collie,small,-33.3666992188,116.217002869
CIF,Chifeng Yulong Airport,CN,CN-15,Chifeng,medium,42.157708,118.839455
CIG,Craig Moffat Airport,US,US-CO,Craig,small,40.4952011108,-107.522003174
CIH,Changzhi Wangcun Airport,CN,CN-14,Changzhi,small,36.247501,113.125999
CII,Aydın Çıldır Airport,TR,TR-09,Aydın,small,37.815389,27.887566
CIJ,Capitán Aníbal Arab Airport,BO,BO-N,Cobija,medium,-11.040399551400002,-68.7829971313
CIK,Chalkyitsik Airport,US,US-AK,Chalkyitsik,small,66.644997,-143.740005
CIL,Council Airport,US,US-AK,Council,small,64.89790344240001,-163.70300293
CIM,Cimitarra Airport,CO,CO-SAN,Cimitarra,small,6.367484,-73.970658
CIN,Arthur N Neu Airport,US,US-IA,Carroll,small,42.0461997986,-94.7890014648
CIO,Aeropuerto Nacional Tte. Cnel. Carmelo Peralta,PY,PY-1,Concepción,medium,-23.440334,-57.429206
CIP,Chipata Airport,ZM,ZM-03,Chipata,small,-13.558300018310549,32.58720016479492
CIQ,Chiquimula Airport,GT,GT-CQ,Chiquimula,small,14.83092,-89.520938
CIR,Cairo Regional Airport,US,US-IL,Cairo,small,37.064499,-89.219597
CIS,Canton Island Airport,KI,KI-P,Abariringa,medium,-2.7681200504300003,-171.710006714
CIT,Shymkent Airport,KZ,KZ-YUZ,Shymkent,medium,42.364200592041016,69.47889709472656
CIU,Chippewa County International Airport,US,US-MI,Sault Ste Marie,medium,46.25080108642578,-84.47239685058594
CIV,Chomley Seaplane Base,US,US-AK,Chomley,seaplane_base,55.217,-132.21
CIW,Canouan Airport,VC,VC-06,Canouan,medium,12.699,-61.3424
CIX,Air Force Captain Jose A Quinones Gonzales International Airport,PE,PE-LAM,Chiclayo,medium,-6.78748,-79.828102
CIY,Comiso Airport,IT,IT-82,Comiso,medium,36.99583,14.60889
CIZ,Coari Airport,BR,BR-AM,Coari,small,-4.13406,-63.132599
CJA,Mayor General FAP Armando Revoredo Iglesias Airport,PE,PE-CAJ,Cajamarca,medium,-7.1391801834106445,-78.4894027709961
CJB,Coimbatore International Airport,IN,IN-TN,Coimbatore,medium,11.029999733,77.0434036255
CJC,El Loa Airport,CL,CL-AN,Calama,medium,-22.498199,-68.903603
CJD,Candilejas Airport,CO,CO-MET,Candilejas,small,2.066667,-74.583333
CJF,Coondewanna Airport,AU,AU-WA,Coondewanna,small,-22.96669960022,118.81300354004
CJH,Chilko Lake (Tsylos Park Lodge) Airport,CA,CA-BC,Chilko Lake,small,51.625797,-124.144478
CJJ,Cheongju International Airport/Cheongju Air Base (K-59/G-513),KR,KR-43,Cheongju,medium,36.717008,127.498741
CJL,Chitral Airport,PK,PK-KP,Chitral,medium,35.886213,71.799922
CJM,Chumphon Airport,TH,TH-86,Chumphon,medium,10.7112,99.361702
CJN,Nusawiru Airport,ID,ID-JB,Cijulang,small,-7.719895,108.488995
CJS,Abraham González International Airport,MX,MX-CHH,Ciudad Juárez,medium,31.63610076904297,-106.4290008544922
CJT,San Antonio Copalar Airport,MX,MX-CHP,Comitán,small,16.176701,-92.050598
CJU,Jeju International Airport,KR,KR-49,Jeju City,large,33.512058,126.492548
CJZ,Pedro Vieira Moreira Airport,BR,BR-PB,Cajazeiras,small,-6.8827,-38.61583
CKA,Kegelman AF Aux Field,US,US-OK,Cherokee,small,36.734348,-98.123531
CKB,North Central West Virginia Airport,US,US-WV,Bridgeport,medium,39.2966,-80.228104
CKC,Cherkasy International Airport,UA,UA-71,Cherkasy,medium,49.4156,31.9953
CKD,Crooked Creek Airport,US,US-AK,Crooked Creek,small,61.870315,-158.137636
CKE,Lampson Field,US,US-CA,Lakeport,small,38.9906005859,-122.901000977
CKG,Chongqing Jiangbei International Airport,CN,CN-50,Chongqing,large,29.712254,106.651895
CKH,Chokurdakh Airport,RU,RU-SA,Chokurdah,medium,70.6231,147.901993
CKI,Croker Island Airport,AU,AU-NT,,small,-11.165,132.483002
CKK,Sharp County Regional Airport,US,US-AR,Ash Flat,small,36.26490021,-91.56259918
CKL,Chkalovskiy Air Base,RU,RU-MOS,Moscow,medium,55.8783,38.061699
CKM,Fletcher Field,US,US-MS,Clarksdale,small,34.2997016907,-90.512298584
CKN,Crookston Municipal Kirkwood Field,US,US-MN,Crookston,small,47.8417015076,-96.62159729
CKO,Cornélio Procópio Airport,BR,BR-PR,Cornélio Procópio,small,-23.152711,-50.602868
CKR,Crane Island Airstrip,US,US-WA,Crane Island,small,48.5978,-122.9979
CKS,Carajás Airport,BR,BR-PA,Parauapebas,medium,-6.117841,-50.003372
CKT,Sarakhs Airport,IR,IR-09,Sarakhs,medium,36.501202,61.064899
CKU,Cordova Municipal Airport,US,US-AK,Cordova,small,60.5438995361,-145.727005005
CKV,Clarksville–Montgomery County Regional Airport,US,US-TN,Clarksville,small,36.6218986511,-87.4150009155
CKW,Christmas Creek Airport,AU,AU-WA,Christmas Creek Mine,small,-22.3543,119.6426
CKX,Chicken Airport,US,US-AK,Chicken,small,64.066495,-141.951342
CKY,Conakry International Airport,GN,GN-C,Conakry,medium,9.57689,-13.612
CKZ,Çanakkale Airport,TR,TR-17,Çanakkale,medium,40.1376991272,26.4267997742
CLA,Comilla Airport,BD,BD-2,Comilla,small,23.437201,91.189697
CLD,McClellan-Palomar Airport,US,US-CA,Carlsbad,medium,33.1283,-117.279999
CLE,Cleveland Hopkins International Airport,US,US-OH,Cleveland,large,41.411701,-81.8498
CLG,New Coalinga Municipal Airport,US,US-CA,Coalinga,small,36.16310119628906,-120.29399871826172
CLH,Coolah Airport,AU,AU-NSW,,small,-31.773864,149.615322
CLI,Clintonville Municipal Airport,US,US-WI,Clintonville,small,44.613800048799995,-88.731300354
CLJ,Cluj Avram Iancu International Airport,RO,RO-CJ,Cluj-Napoca,medium,46.787425,23.684292
CLK,Clinton Regional Airport,US,US-OK,Clinton,small,35.5383,-98.932701
CLL,Easterwood Field,US,US-TX,College Station,medium,30.58860016,-96.36380005
CLM,William R Fairchild International Airport,US,US-WA,Port Angeles,medium,48.120201,-123.5
CLN,Brig. Lysias Augusto Rodrigues Airport,BR,BR-MA,Carolina,medium,-7.32044,-47.458698
CLO,Alfonso Bonilla Aragon International Airport,CO,CO-VAC,Cali,medium,3.54322,-76.3816
CLP,Clarks Point Airport,US,US-AK,Clarks Point,small,58.833698,-158.529007
CLQ,Aeropuerto Internacional Licenciado Miguel de la Madrid,MX,MX-COL,Colima,medium,19.277,-103.577002
CLR,Cliff Hatfield Memorial Airport,US,US-CA,Calipatria,small,33.131500244099996,-115.521003723
CLS,Chehalis Centralia Airport,US,US-WA,Chehalis,small,46.676998,-122.983002
CLT,Charlotte Douglas International Airport,US,US-NC,Charlotte,large,35.2140007019043,-80.94309997558594
CLU,Columbus Municipal Airport,US,US-IN,Columbus,medium,39.262386,-85.895576
CLV,Nelson Ribeiro Guimarães Airport,BR,BR-GO,Caldas Novas,small,-17.725096,-48.606324
CLW,Clearwater Air Park,US,US-FL,Clearwater,small,27.9766998291,-82.7586975098
CLX,Aeródromo de Clorinda,AR,AR-P,Clorinda,small,-25.3036,-57.7344
CLY,Calvi-Sainte-Catherine Airport,FR,FR-COR,Calvi/Sainte-Catherine,medium,42.524444,8.793056
CLZ,Calabozo Airport,VE,VE-J,Guarico,medium,8.924656,-67.417091
CMA,Cunnamulla Airport,AU,AU-QLD,,medium,-28.030000686645508,145.6219940185547
CMB,Bandaranaike International Colombo Airport,LK,LK-1,Colombo,large,7.180759906768799,79.88410186767578
CMC,Camocim - Pinto Martins Airport,BR,BR-CE,Camocim,small,-2.895596,-40.859299
CMD,Cootamundra Airport,AU,AU-NSW,,medium,-34.624283,148.036641
CME,Ciudad del Carmen International Airport,MX,MX-CAM,Ciudad del Carmen,medium,18.65369987487793,-91.79900360107422
CMF,Chambéry Savoie Mont Blanc Airport,FR,FR-ARA,Viviers-du-Lac,medium,45.6381,5.88023
CMG,Corumbá International Airport,BR,BR-MS,Corumbá,medium,-19.01193,-57.672772
CMH,John Glenn Columbus International Airport,US,US-OH,Columbus,large,39.998001,-82.891899
CMI,University of Illinois Willard Airport,US,US-IL,Savoy,medium,40.039819,-88.276249
CMJ,Qimei Airport,TW,TW-PEN,Qimei,small,23.213127,119.417539
CMK,Club Makokola Airport,MW,MW-MG,Club Makokola,small,-14.306483,35.131477
CML,Camooweal Airport,AU,AU-QLD,,small,-19.911699,138.125
CMM,Carmelita Airport,GT,GT-PE,Carmelita,small,17.461201,-90.053703
CMN,Mohammed V International Airport,MA,MA-CAS,Casablanca,large,33.3675,-7.58997
CMO,Hobyo Airport,SO,SO-GA,Hobyo,small,5.358003,48.515281
CMQ,Clermont Airport,AU,AU-QLD,,medium,-22.7731,147.621002
CMR,Colmar-Houssen Airport,FR,FR-GES,Colmar/Houssen,medium,48.109901,7.35901
CMS,Iskushuban Airport,SO,SO-BR,Iskushuban,small,10.313889,50.205556
CMT,New Cametá Airport,BR,BR-PA,Cametá,small,-2.2468,-49.56
CMU,Chimbu Airport,PG,PG-CPK,Kundiawa,medium,-6.024290084838867,144.9709930419922
CMV,Coromandel Aerodrome,NZ,NZ-WKO,,small,-36.79169845581055,175.50900268554688
CMW,Ignacio Agramonte International Airport,CU,CU-09,Camaguey,medium,21.420299530029297,-77.84750366210938
CMX,Houghton County Memorial Airport,US,US-MI,Hancock,medium,47.168399810791016,-88.48909759521484
CMY,Sparta Fort McCoy Airport,US,US-WI,Sparta,small,43.958009,-90.737886
CMZ,Caia Airport,MZ,MZ-S,Caia,small,-17.8331,35.3341
CNA,Cananea National Airport,MX,MX-SON,Cananea,small,31.06615,-110.097878
CNB,Coonamble Airport,AU,AU-NSW,,medium,-30.980946,148.377833
CNC,Coconut Island Airport,AU,AU-QLD,,small,-10.05,143.070007
CND,Mihail Kogălniceanu International Airport,RO,RO-CT,Constanţa,medium,44.36220169067383,28.488300323486328
CNE,Fremont County Airport,US,US-CO,Penrose,small,38.428534,-105.106299
CNF,Tancredo Neves International Airport,BR,BR-MG,Belo Horizonte,large,-19.63571,-43.966928
CNG,Cognac-Châteaubernard (BA 709) Air Base,FR,FR-NAQ,Cognac/Châteaubernard,medium,45.658298,-0.3175
CNH,Claremont Municipal Airport,US,US-NH,Claremont,small,43.3703994751,-72.36869812009999
CNI,Changhai Airport,CN,CN-21,"Changhai, Dalian",medium,39.266667,122.666944
CNJ,Cloncurry Airport,AU,AU-QLD,Cloncurry,medium,-20.6686000824,140.503997803
CNK,Blosser Municipal Airport,US,US-KS,Concordia,small,39.5493011475,-97.6522979736
CNL,Sindal Airport,DK,DK-81,Sindal,medium,57.503502,10.2294
CNM,Cavern City Air Terminal,US,US-NM,Carlsbad,medium,32.337501525878906,-104.26300048828124
CNN,Kannur International Airport,IN,IN-KL,Kannur,medium,11.918614,75.547211
CNO,Chino Airport,US,US-CA,Chino,small,33.97470093,-117.637001
CNP,Neerlerit Inaat Airport,GL,GL-SE,Neerlerit Inaat,small,70.743103,-22.650499
CNQ,Corrientes Airport,AR,AR-W,Corrientes,medium,-27.4455,-58.7619
CNR,Chañaral Airport,CL,CL-AT,Chañaral,medium,-26.3325,-70.6073
CNS,Cairns International Airport,AU,AU-QLD,Cairns,medium,-16.885799408,145.755004883
CNT,Charata Airport,AR,AR-H,Charata,small,-27.2164,-61.2103
CNU,Chanute Martin Johnson Airport,US,US-KS,Chanute,medium,37.668173,-95.486727
CNV,Sócrates Rezende Airport,BR,BR-BA,Canavieiras,small,-15.666999816895,-38.954700469971
CNW,TSTC Waco Airport,US,US-TX,Waco,small,31.641129,-97.073335
CNX,Chiang Mai International Airport,TH,TH-50,Chiang Mai,large,18.766799926799997,98.962600708
CNY,Canyonlands Regional Airport,US,US-UT,Moab,medium,38.755001,-109.754997
CNZ,Cangamba Airport,AO,AO-MOX,Cangamba,small,-13.7106,19.861099
COA,Columbia Airport,US,US-CA,Columbia,small,38.0303993225,-120.415000916
COB,Coolibah Airport,AU,AU-NT,Coolibah,small,-15.548299789428713,130.96200561523438
COC,Comodoro Pierrestegui Airport,AR,AR-E,Concordia,medium,-31.2969,-57.9966
COD,Yellowstone Regional Airport,US,US-WY,Cody,medium,44.520199,-109.024002
COE,Coeur D'Alene - Pappy Boyington Field,US,US-ID,Coeur d'Alene,medium,47.77429962,-116.8199997
COF,Patrick Space Force Base,US,US-FL,Cocoa Beach,medium,28.2349,-80.6101
COG,Mandinga Airport,CO,CO-CHO,Condoto,small,5.072007,-76.676373
COH,Cooch Behar Airport,IN,IN-WB,Cooch Behar,small,26.3305,89.467201
COI,Merritt Island Airport,US,US-FL,Merritt Island,small,28.341600418099997,-80.6855010986
COJ,Coonabarabran Airport,AU,AU-NSW,,medium,-31.3325,149.266998
COK,Cochin International Airport,IN,IN-KL,Kochi,large,10.152,76.401901
COL,Coll Airport,GB,GB-SCT,Coll Island,small,56.601898,-6.61778
COM,Coleman Municipal Airport,US,US-TX,Coleman,small,31.841100692699996,-99.4036026001
CON,Concord Municipal Airport,US,US-NH,Concord,medium,43.20270157,-71.50229645
COO,Cadjehoun Airport,BJ,BJ-AQ,Cotonou,medium,6.357230186462402,2.384350061416626
COP,Cooperstown-Westville Airport,US,US-NY,Cooperstown,small,42.629552,-74.890445
COQ,Choibalsan Airport,MN,MN-061,,medium,48.13570022583008,114.64600372314452
COR,Ingeniero Ambrosio Taravella Airport,AR,AR-X,Cordoba,medium,-31.323601,-64.208
COS,City of Colorado Springs Municipal Airport,US,US-CO,Colorado Springs,medium,38.805801,-104.700996
COT,Cotulla-La Salle County Airport,US,US-TX,Cotulla,small,28.45669937,-99.22029877
COU,Columbia Regional Airport,US,US-MO,Columbia,medium,38.8181,-92.219597
COV,Çukurova International Airport (under construction),TR,TR-33,Tarsus,large,36.890908,35.070522
COW,Tambillos Airport,CL,CL-CO,Coquimbo,small,-30.198889,-71.246944
COY,Coolawanyah Airport,AU,AU-WA,Coolawanyah Station,small,-21.7946,117.755
COZ,Constanza - Expedición 14 de Junio National Airport,DO,DO-13,Costanza,small,18.907499,-70.721901
CPA,Cape Palmas Airport,LR,LR-MY,Harper,small,4.3790202140808105,-7.696949958801269
CPB,Capurganá Airport,CO,CO-CHO,Acandí,small,8.632169,-77.350262
CPC,Aviador C. Campos Airport,AR,AR-Q,Chapelco/San Martin de los Andes,medium,-40.075401,-71.137299
CPD,Coober Pedy Airport,AU,AU-SA,Coober Pedy,medium,-29.038312,134.722166
CPE,Ingeniero Alberto Acuña Ongay International Airport,MX,MX-CAM,Campeche,medium,19.816799163800003,-90.5002975464
CPF,Ngloram Airport,ID,ID-JT,Tjepu-Java Island,small,-7.19484166667,111.548166667
CPG,Carmen de Patagones Airport,AR,AR-B,Carmen de Patagones,small,-40.7781,-62.9803
CPH,Copenhagen Kastrup Airport,DK,DK-84,Copenhagen,large,55.617900848389,12.656000137329
CPI,Cape Orford Airport,PG,PG-EBR,,small,-5.44833333333,152.081944444
CPL,General Navas Pardo Airport,CO,CO-TOL,Chaparral,small,3.724293,-75.465785
CPM,Compton Woodley Airport,US,US-CA,Compton,small,33.8899993896,-118.244003296
CPN,Cape Rodney Airport,PG,PG-CPM,Cape Rodney,small,-10.179823004,148.379030228
CPO,Desierto de Atacama Airport,CL,CL-AT,Copiapo,medium,-27.2611999512,-70.7791976929
CPP,Coposa Airport,CL,CL-TA,Pica,small,-20.7505,-68.683502
CPR,Casper-Natrona County International Airport,US,US-WY,Casper,medium,42.908001,-106.463997
CPS,St Louis Downtown Airport,US,US-IL,Cahokia/St Louis,small,38.570701599100005,-90.1561965942
CPT,Cape Town International Airport,ZA,ZA-WC,Cape Town,large,-33.9648017883,18.6016998291
CPU,Cururupu Airport,BR,BR-MA,Cururupu,small,-1.820006,-44.864065
CPV,Presidente João Suassuna Airport,BR,BR-PB,Campina Grande,medium,-7.269662,-35.896057
CPX,Benjamin Rivera Noriega Airport,PR,PR-U-A,Culebra,medium,18.312954,-65.303893
CQA,Canarana Airport,BR,BR-MT,Canarana,small,-13.574444,-52.270557
CQD,Shahrekord Airport,IR,IR-14,Shahrekord,medium,32.2971992493,50.842201232899995
CQF,Calais-Dunkerque Airport,FR,FR-HDF,Marck,medium,50.962101,1.95476
CQM,Ciudad Real International Airport,ES,ES-CM,Ciudad Real,medium,38.856479,-3.969944
CQP,Cape Flattery Airport,AU,AU-QLD,,small,-14.970832,145.311667
CQS,Costa Marques Airport,BR,BR-RO,Costa Marques,small,-12.4211,-64.251602
CQT,Caquetania Airport,CO,CO-MET,Caquetania,small,2.033333,-74.216667
CQW,Chongqing Xiannüshan Airport,CN,CN-50,Wulong,medium,29.465658,107.693664
CRA,Craiova International Airport,RO,RO-DJ,Craiova,medium,44.3181,23.888599
CRB,Collarenebri Airport,AU,AU-NSW,,small,-29.523239,148.578243
CRC,Santa Ana Airport,CO,CO-VAC,Cartago,medium,4.75818,-75.9557
CRD,General E. Mosconi Airport,AR,AR-U,Comodoro Rivadavia,medium,-45.7853,-67.4655
CRE,Grand Strand Airport,US,US-SC,North Myrtle Beach,medium,33.8116989136,-78.72389984130001
CRF,Carnot Airport,CF,CF-HS,Carnot,small,4.936999797821045,15.894000053405762
CRG,Jacksonville Executive at Craig Airport,US,US-FL,Jacksonville,medium,30.3362998962,-81.51439666750001
CRH,Cherrabah Airport,AU,AU-QLD,Cherrabah Homestead Resort,small,-28.4301,152.08895
CRI,Colonel Hill Airport,BS,BS-CK,Colonel Hill,medium,22.7456,-74.182404
CRJ,Coorabie Airport,AU,AU-SA,Coorabie,small,-31.894399642944336,132.29600524902344
CRK,Clark International Airport / Clark Air Base,PH,PH-PAM,Mabalacat,medium,15.186,120.559998
CRL,Brussels South Charleroi Airport,BE,BE-WHT,Charleroi,medium,50.460982,4.457158
CRM,Catarman National Airport,PH,PH-NSA,Catarman,medium,12.50161,124.635258
CRO,Corcoran Airport,US,US-CA,Corcoran,small,36.102502,-119.595001
CRP,Corpus Christi International Airport,US,US-TX,Corpus Christi,medium,27.770399,-97.501198
CRQ,Caravelas Airport,BR,BR-BA,Caravelas,medium,-17.6523,-39.253101
CRR,Ceres Airport,AR,AR-S,Ceres,small,-29.872292,-61.927925
CRS,C David Campbell Field Corsicana Municipal Airport,US,US-TX,Corsicana,small,32.0280990601,-96.4005966187
CRT,Z M Jack Stell Field,US,US-AR,Crossett,small,33.1782989502,-91.8802032471
CRU,Lauriston Airport,GD,GD-PA,Carriacou Island,small,12.4761,-61.472801
CRV,Crotone Airport,IT,IT-78,Crotone,medium,38.9972,17.0802
CRW,Yeager Airport,US,US-WV,Charleston,medium,38.3731,-81.593201
CRX,Roscoe Turner Airport,US,US-MS,Corinth,small,34.9150009155,-88.6035003662
CRY,Carlton Hill Airport,AU,AU-WA,Carlton Hill,small,-15.50189971923828,128.53399658203125
CRZ,Türkmenabat International Airport,TM,TM-L,Türkmenabat,medium,38.930662,63.563982
CSA,Colonsay Airstrip,GB,GB-SCT,Colonsay,small,56.057499,-6.24306
CSB,Caransebeş Airport,RO,RO-CS,Caransebeş,medium,45.420142,22.252507
CSC,Mojica Airport,CR,CR-G,Cañas,small,10.4307003021,-85.17459869380001
CSD,Cresswell Downs Airport,AU,AU-NT,Cresswell Downs,small,-17.947999954223633,135.91600036621094
CSE,Crested Butte Airpark,US,US-CO,Crested Butte,small,38.851918,-106.928341
CSF,Creil Air Base,FR,FR-HDF,Creil,medium,49.253502,2.51914
CSG,Columbus Metropolitan Airport,US,US-GA,Columbus,medium,32.516300201416016,-84.93890380859375
CSH,Solovki Airport,RU,RU-ARK,Solovetsky Islands,small,65.029999,35.733334
CSI,Casino Airport,AU,AU-NSW,,small,-28.881304,153.060724
CSK,Cap Skirring Airport,SN,SN-ZG,Cap Skirring,medium,12.39533,-16.748
CSM,Clinton Sherman Airport,US,US-OK,Clinton,small,35.3398017883,-99.2005004883
CSN,Carson Airport,US,US-NV,Carson City,small,39.1922,-119.734001
CSO,Cochstedt Airport,DE,DE-ST,Hecklingen,small,51.8564,11.4203
CSQ,Creston Municipal Airport,US,US-IA,Creston,small,41.0214004517,-94.3632965088
CSR,Casuarito Airport,CO,CO-VID,Casuarito,small,5.833333,-68.133333
CSS,Cassilândia Airport,BR,BR-MS,Cassilândia,small,-19.146861,-51.676941
CST,Castaway Island Seaplane Base,FJ,FJ-W,Castaway Island,seaplane_base,-17.7358,177.129
CSU,Santa Cruz do Sul Airport,BR,BR-RS,Santa Cruz Do Sul,small,-29.684099,-52.412201
CSV,Crossville Memorial Whitson Field,US,US-TN,Crossville,medium,35.9513015747,-85.08499908450001
CSX,Changsha Huanghua International Airport,CN,CN-43,Changsha (Changsha),large,28.189199,113.220001
CSY,Cheboksary Airport,RU,RU-CU,Cheboksary,medium,56.090301513671875,47.3473014831543
CSZ,Brigadier D.H.E. Ruiz Airport,AR,AR-B,Coronel Suarez,small,-37.446098,-61.889301
CTA,Catania-Fontanarossa Airport,IT,IT-82,Catania,large,37.466801,15.0664
CTB,Cut Bank International Airport,US,US-MT,Cut Bank,medium,48.608657,-112.378183
CTC,Coronel Felipe Varela International Airport,AR,AR-K,Catamarca,medium,-28.593117,-65.7512
CTD,Alonso Valderrama Airport,PA,PA-6,Chitré,medium,7.98784,-80.409837
CTE,Carti Airport,PA,PS-GY,Carti,small,9.31347,-79.101601
CTF,Coatepeque Airport,GT,GT-QZ,Coatepeque,small,14.6942,-91.8825
CTG,Rafael Nuñez International Airport,CO,CO-BOL,Cartagena,medium,10.4424,-75.513
CTH,Chester County G O Carlson Airport,US,US-PA,Coatesville,small,39.97900009,-75.8655014
CTI,Cuito Cuanavale Airport,AO,AO-CCU,Cuito Cuanavale,small,-15.1603,19.156099
CTK,Canton Municipal Airport,US,US-SD,Canton,small,43.308899,-96.570999
CTL,Charleville Airport,AU,AU-QLD,Charleville,medium,-26.4132995605,146.261993408
CTM,Aeropuerto Internacional de Chetumal,MX,MX-ROO,Chetumal,medium,18.5047,-88.326797
CTN,Cooktown Airport,AU,AU-QLD,,medium,-15.443649,145.183221
CTO,Calverton Executive Airpark,US,US-NY,Calverton,small,40.9151,-72.791901
CTP,Carutapera Airport,BR,BR-MA,Carutapera,small,-1.225365,-46.019057
CTQ,Santa Vitória do Palmar Airport,BR,BR-RS,Santa Vitória do Palmar,small,-33.502038,-53.344911
CTR,Cattle Creek Airport,AU,AU-NT,,small,-17.607000351,131.548995972
CTS,New Chitose Airport,JP,JP-01,Sapporo,large,42.7752,141.692001
CTT,Le Castellet Airport,FR,FR-PAC,Le Castellet,medium,43.252499,5.78519
CTU,Chengdu Shuangliu International Airport,CN,CN-51,Chengdu (Shuangliu),large,30.558257,103.945966
CTV,Catoca Airport,AO,AO-LSU,Saurimo,small,-9.430985,20.311478
CTW,Cottonwood Airport,US,US-AZ,Cottonwood,small,34.73,-112.035004
CTX,Cortland County Chase Field,US,US-NY,Cortland,small,42.59260178,-76.21489716
CTY,Cross City Airport,US,US-FL,Cross City,small,29.6354999542,-83.10479736330001
CTZ,Sampson County Airport,US,US-NC,Clinton,small,34.9756011963,-78.3646011353
CUA,Ciudad Constitución National Airport,MX,MX-BCS,Comondú,small,25.053801,-111.614998
CUB,Jim Hamilton L.B. Owens Airport,US,US-SC,Columbia,medium,33.970500946,-80.9952011108
CUC,Camilo Daza International Airport,CO,CO-NSA,Cúcuta,medium,7.92757,-72.5115
CUD,Caloundra Airport,AU,AU-QLD,Caloundra,small,-26.80336,153.104975
CUE,Mariscal Lamar Airport,EC,EC-A,Cuenca,medium,-2.88947,-78.984398
CUF,Cuneo International Airport,IT,IT-21,Levaldigi (CN),medium,44.547001,7.62322
CUG,Cudal Airport,AU,AU-NSW,,small,-33.278026,148.768708
CUH,Cushing Municipal Airport,US,US-OK,Cushing,small,35.950496,-96.772371
CUI,Currillo Airport,CO,CO-CAS,Currillo,small,4.666667,-72.0
CUJ,Culion Airport,PH,PH-PLW,Culion,small,11.8553,119.9378
CUK,Caye Caulker Airport,BZ,BZ-BZ,Caye Caulker,medium,17.735015,-88.032862
CUL,Bachigualato Federal International Airport,MX,MX-SIN,Culiacán,medium,24.76504,-107.475228
CUM,Cumaná (Antonio José de Sucre) Airport,VE,VE-R,,medium,10.450333,-64.13047
CUN,Aeropuerto Internacional de Cancún,MX,MX-ROO,Cancún,large,21.039444,-86.874304
CUO,Carurú Airport,CO,CO-VAU,Carurú,small,1.013822,-71.297343
CUP,General Francisco Bermúdez Airport,VE,VE-R,Carúpano,medium,10.660014,-63.261681
CUQ,Coen Airport,AU,AU-QLD,Coen,medium,-13.761133,143.113311
CUR,Hato International Airport,CW,CW-U-A,Willemstad,large,12.1889,-68.959801
CUS,Columbus Airport,US,US-NM,Columbus,small,31.823898,-107.629924
CUT,Cutral-Co Airport,AR,AR-Q,Cutral-Co,medium,-38.939701,-69.264603
CUU,General Roberto Fierro Villalobos International Airport,MX,MX-CHH,Chihuahua,medium,28.702899932900003,-105.964996338
CUV,Casigua El Cubo Airport,VE,VE-V,Casigua El Cubo,small,8.75814,-72.536301
CUX,Cuddihy Field,US,US-TX,Corpus Christi,small,27.7211,-97.512802
CUY,Cue Airport,AU,AU-WA,,small,-27.4508,117.917515
CUZ,Alejandro Velasco Astete International Airport,PE,PE-CUS,Cusco,large,-13.535699844400002,-71.9387969971
CVB,Chungribu Airport,PG,PG-MPM,Chungribu,small,-4.80662,144.714996
CVC,Cleve Airport,AU,AU-SA,,medium,-33.709702,136.505005
CVE,Coveñas Airport,CO,CO-SUC,Coveñas,medium,9.40092,-75.6913
CVF,Courchevel Altiport,FR,FR-ARA,Saint-Bon,small,45.397531,6.63498
CVG,Cincinnati Northern Kentucky International Airport,US,US-KY,Cincinnati / Covington,large,39.048801,-84.667801
CVH,Caviahue Airport,AR,AR-Q,Lafontaine,small,-37.851398,-71.009201
CVI,Caleta Olivia Airport,AR,AR-Z,Caleta Olivia,small,-46.37428,-67.59409
CVJ,Aeropuerto Internacional Mariano Matamoros,MX,MX-MOR,Temixco,medium,18.833922,-99.261818
CVL,Cape Vogel Airport,PG,PG-MBA,,small,-9.67,150.019722222
CVM,General Pedro Jose Mendez International Airport,MX,MX-TAM,Ciudad Victoria,medium,23.7033004761,-98.9564971924
CVN,Clovis Municipal Airport,US,US-NM,Clovis,medium,34.426594,-103.078794
CVO,Corvallis Municipal Airport,US,US-OR,Corvallis,medium,44.49720001,-123.2900009
CVQ,Carnarvon Airport,AU,AU-WA,Carnarvon,medium,-24.880091,113.670752
CVS,Cannon Air Force Base,US,US-NM,Clovis,medium,34.382801,-103.321999
CVT,Coventry Airport,GB,GB-ENG,Coventry,medium,52.3697013855,-1.47971999645
CVU,Corvo Airport,PT,PT-20,Corvo,small,39.671501,-31.1136
CWA,Central Wisconsin Airport,US,US-WI,Mosinee,medium,44.777448,-89.670238
CWB,Afonso Pena Airport,BR,BR-PR,Curitiba,medium,-25.5285,-49.1758
CWC,Chernivtsi International Airport,UA,UA-77,Chernivtsi,medium,48.259300231933594,25.98080062866211
CWF,Chennault International Airport,US,US-LA,Lake Charles,small,30.2106,-93.143204
CWI,Clinton Municipal Airport,US,US-IA,Clinton,small,41.8311004639,-90.3291015625
CWJ,Cangyuan Washan Airport,CN,CN-53,Lincang (Cangyuan),medium,23.276331,99.373169
CWK,Chitrakoot Airport,IN,IN-UP,Chitrakoot,small,25.167694,80.9358
CWL,Cardiff International Airport,GB,GB-WLS,Cardiff,medium,51.396702,-3.34333
CWP,Campbellpore Airport,PK,PK-PB,Campbellpore,small,33.766700744628906,72.36689758300781
CWR,Cowarie Airport,AU,AU-SA,,small,-27.711700439453125,138.3280029296875
CWS,Center Island Airport,US,US-WA,Center Island,small,48.490046,-122.831612
CWT,Cowra Airport,AU,AU-NSW,,medium,-33.846894,148.648007
CWW,Corowa Airport,AU,AU-NSW,,medium,-35.994701,146.356995
CWX,Cochise County Airport,US,US-AZ,Willcox,small,32.24539948,-109.8949966
CXA,Caicara del Orinoco Airport,VE,VE-F,,medium,7.62551,-66.162804
CXB,Cox's Bazar Airport,BD,BD-2,Cox's Bazar,medium,21.45219993591309,91.96389770507812
CXC,Chitina Airport,US,US-AK,Chitina,small,61.582901,-144.427002
CXF,Coldfoot Airport,US,US-AK,Coldfoot,small,67.25219726559999,-150.203994751
CXH,Vancouver Harbour Water Aerodrome,CA,CA-BC,Vancouver,seaplane_base,49.291265,-123.11717
CXI,Cassidy International Airport,KI,KI-L,Kiritimati,medium,1.986278,-157.350011
CXJ,Hugo Cantergiani Regional Airport,BR,BR-RS,Caxias Do Sul,medium,-29.197183,-51.187647
CXL,Calexico International Airport,US,US-CA,Calexico,small,32.6694984436,-115.513000488
CXM,Camaxilo Airport,AO,AO-LNO,Camaxilo,small,-8.37361,18.923599
CXN,Qandala Airport,SO,SO-BR,Qandala,small,11.495627,49.909816
CXO,Conroe-North Houston Regional Airport,US,US-TX,Houston,medium,30.351801,-95.414497
CXP,Tunggul Wulung Airport,ID,ID-JT,Cilacap,medium,-7.64506,109.033997
CXQ,Christmas Creek Station Airport,AU,AU-WA,Wangkat Jungka,small,-18.8728,125.934
CXR,Cam Ranh International Airport / Cam Ranh Air Base,VN,VN-SCC,Cam Ranh,medium,11.9982,109.219002
CXT,Charters Towers Airport,AU,AU-QLD,,small,-20.0431,146.272995
CXY,Cat Cay Airport,BS,BS-BI,North Cat Cay,small,25.554425,-79.275404
CYA,Les Cayes Airport,HT,HT-SD,Les Cayes,medium,18.271099090576172,-73.78829956054688
CYB,Charles Kirkconnell International Airport,KY,KY-CB,West End,medium,19.687,-79.882797
CYC,Caye Chapel Airport,BZ,BZ-BZ,Caye Chapel,medium,17.683792,-88.044985
CYD,San Ignacio Town (Maya Flats) Airstrip,BZ,BZ-CY,Maya Flats,small,17.104872,-89.101129
CYF,Chefornak Airport,US,US-AK,Chefornak,small,60.136667,-164.279167
CYG,Corryong Airport,AU,AU-VIC,,medium,-36.18280029296875,147.88800048828125
CYI,Chiayi Airport,TW,TW-CYQ,Chiayi City,medium,23.46179962158203,120.39299774169922
CYL,Coyoles Airport,HN,HN-YO,Coyoles,small,15.445556,-86.675278
CYM,Chatham Seaplane Base,US,US-AK,Chatham,seaplane_base,57.5149,-134.945999
CYO,Vilo Acuña International Airport,CU,CU-99,Cayo Largo del Sur,medium,21.6165008545,-81.5459976196
CYP,Calbayog Airport,PH,PH-WSA,Calbayog City,medium,12.072699546813965,124.54499816894533
CYR,Colonia Laguna de Los Patos International Airport,UY,UY-CO,Colonia del Sacramento,small,-34.456402,-57.770599
CYS,Cheyenne Regional Jerry Olson Field,US,US-WY,Cheyenne,medium,41.155701,-104.811997
CYT,Yakataga Airport,US,US-AK,Yakataga,small,60.080974,-142.494541
CYU,Cuyo Airport,PH,PH-PLW,Cuyo,small,10.8581,121.069
CYW,Aeropuerto Nacional Captain Rogelio Castillo,MX,MX-GUA,Celaya,medium,20.545687,-100.886722
CYX,Cherskiy Airport,RU,RU-SA,Cherskiy,medium,68.7406005859375,161.33799743652344
CYZ,Cauayan Airport,PH,PH-ISA,Cauayan City,medium,16.9298992157,121.752998352
CZA,Aeropuerto Internacional de Chichen Itza,MX,MX-YUC,Chichen Itza,small,20.6413,-88.446198
CZB,Carlos Ruhl Airport,BR,BR-RS,Cruz Alta,small,-28.657934,-53.610095
CZC,Copper Center 2 Airport,US,US-AK,Copper Center,small,61.943713,-145.299398
CZE,José Leonardo Chirinos Airport,VE,VE-I,Coro,medium,11.414944,-69.680901
CZF,Cape Romanzof LRRS Airport,US,US-AK,Cape Romanzof,medium,61.78030014,-166.0390015
CZH,Corozal Municipal Airport,BZ,BZ-CZL,Corozal,medium,18.3822,-88.411903
CZJ,Corazón de Jesús Airport,PA,PS-GY,Tupile,small,9.44686,-78.575678
CZK,Cascade Locks State Airport,US,US-OR,Cascade Locks,small,45.676599,-121.878879
CZL,Mohamed Boudiaf International Airport,DZ,DZ-25,Constantine,medium,36.2760009765625,6.620389938354492
CZM,Aeropuerto Internacional de Cozumel,MX,MX-ROO,Ciudad de Cozumel,large,20.511425,-86.930287
CZN,Chisana Airport,US,US-AK,Chisana,small,62.0712013245,-142.04800415
CZO,Chistochina Airport,US,US-AK,Chistochina,small,62.5634994507,-144.669006348
CZP,Cape Pole Seaplane Base,US,US-AK,Cape Pole,seaplane_base,55.9663009644,-133.79699707
CZR,Chara Airport,RU,RU-CHI,Chara,small,56.913334,118.269997
CZS,Cruzeiro do Sul Airport,BR,BR-AC,Cruzeiro Do Sul,medium,-7.59991,-72.769501
CZT,Dimmit County Airport,US,US-TX,Carrizo Springs,small,28.5221996307,-99.823600769
CZU,Las Brujas Airport,CO,CO-SUC,Corozal,medium,9.33274,-75.2856
CZW,Częstochowa-Rudniki Airport,PL,PL-SL,Rudniki,small,50.884716,19.201842
CZX,Changzhou Benniu International Airport,CN,CN-32,Changzhou,medium,31.919701,119.778999
CZY,Cluny Airport,AU,AU-QLD,,small,-24.516700744628903,139.61700439453125
DAA,Davison Army Air Field,US,US-VA,Fort Belvoir,medium,38.715000152600005,-77.1809997559
DAB,Daytona Beach International Airport,US,US-FL,Daytona Beach,medium,29.179899,-81.058098
DAC,Hazrat Shahjalal International Airport,BD,BD-3,Dhaka,large,23.843347,90.397783
DAD,Da Nang International Airport,VN,VN-SCC,Da Nang,medium,16.0439,108.198997
DAF,Daup Airport,PG,PG-MPM,,small,-4.7403,145.9515
DAG,Barstow Daggett Airport,US,US-CA,Daggett,medium,34.85369873,-116.7870026
DAH,Dathina Airport,YE,YE-AB,Dathina,small,13.866884,46.133473
DAK,Ad Dakhla Airport,EG,EG-WAD,Dakhla Oases,small,25.41116,29.003273
DAL,Dallas Love Field,US,US-TX,Dallas,medium,32.847099,-96.851799
DAM,Damascus International Airport,SY,SY-DI,Damascus,large,33.4114990234375,36.51559829711914
DAN,Danville Regional Airport,US,US-VA,Danville,medium,36.572899,-79.336098
DAO,Dabo Airport,PG,PG-NPP,,small,-8.431944444440001,147.843055556
DAP,Darchula Airport,NP,NP-P7,Darchula,small,29.668571,80.548199
DAR,Julius Nyerere International Airport,TZ,TZ-02,Dar es Salaam,large,-6.87811,39.202599
DAS,Great Bear Lake Airport,CA,CA-NT,Great Bear Lake,small,66.703053,-119.716816
DAT,Datong Yungang Airport,CN,CN-14,Datong,small,40.061614,113.480032
DAU,Daru Airport,PG,PG-WPD,Daru,medium,-9.08676,143.207993
DAV,Enrique Malek International Airport,PA,PA-4,David,medium,8.391,-82.434998
DAX,Dachuan Airport,CN,CN-51,Dazhou (Daxian),small,31.1302,107.4295
DAY,James M Cox Dayton International Airport,US,US-OH,Dayton,medium,39.902401,-84.219398
DAZ,Darwaz Airport,AF,AF-BDS,Darwaz,small,38.461798,70.881606
DBA,Dalbandin Airport,PK,PK-BA,Dalbandin,small,28.8782997131,64.3998031616
DBB,El Alamein International Airport,EG,EG-MT,El Alamein,medium,30.924324,28.46161
DBC,Baicheng Chang'an Airport,CN,CN-22,Baicheng,medium,45.505278,123.019722
DBD,Dhanbad Airport,IN,IN-BR,,medium,23.834,86.425301
DBK,Dutch Bay SPB,LK,LK-6,Kalpitiya Island,seaplane_base,8.273,79.756
DBM,Debre Markos Airport,ET,ET-AM,Debre Markos,small,10.321501,37.741887
DBN,W H 'Bud' Barron Airport,US,US-GA,Dublin,small,32.5644,-82.985298
DBO,Dubbo City Regional Airport,AU,AU-NSW,Dubbo,medium,-32.2167015076,148.574996948
DBP,Debepare Airport,PG,PG-WPD,Debepare,small,-6.30861111111,141.905555556
DBQ,Dubuque Regional Airport,US,US-IA,Dubuque,medium,42.402,-90.709503
DBR,Darbhanga Airport,IN,IN-BR,Darbhanga,medium,26.192801,85.916901
DBS,Dubois Municipal Airport,US,US-ID,Dubois,small,44.162057,-112.220581
DBT,Debre Tabor Airport,ET,ET-AM,Debre Tabor,small,11.884808,38.009241
DBU,Dambulu Oya Tank Seaplane Base,LK,LK-2,Dambulla,seaplane_base,7.8604,80.6304
DBV,Dubrovnik Ruđer Bošković Airport,HR,HR-19,Čilipi,medium,42.562247,18.265543
DBY,Dalby Airport,AU,AU-QLD,,small,-27.158476,151.263428
DCA,Ronald Reagan Washington National Airport,US,US-DC,Washington,large,38.8521,-77.037697
DCF,Canefield Airport,DM,DM-10,Canefield,medium,15.336693,-61.392108
DCG,Dubai Creek SPB,AE,AE-DU,Dubai,seaplane_base,25.2422222222,55.3313888889
DCI,Decimomannu Air Base,IT,IT-88,Decimomannu,medium,39.354198,8.97248
DCK,Dahl Creek Airport,US,US-AK,Dahl Creek,small,66.943298,-156.904999
DCM,Castres-Mazamet Airport,FR,FR-OCC,Castres/Mazamet,medium,43.556301,2.28918
DCN,RAAF Base Curtin,AU,AU-WA,Derby,medium,-17.580458,123.828449
DCT,Duncan Town Airport,BS,BS-RI,,medium,22.181801,-75.7295
DCU,Pryor Field Regional Airport,US,US-AL,Decatur,small,34.652698516799994,-86.94539642330001
DCY,Daocheng Yading Airport,CN,CN-51,Garzê (Daocheng),medium,29.31632,100.060317
DDC,Dodge City Regional Airport,US,US-KS,Dodge City,medium,37.76340103149414,-99.9655990600586
DDD,Dhaalu Atoll Airport,MV,MV-17,Kudahuvadhoo,small,2.666075,72.887118
DDG,Dandong Langtou Airport,CN,CN-21,"Zhenxing, Dandong",medium,40.0247,124.286003
DDI,Daydream Island Helipad,AU,AU-QLD,Whitsundays,heliport,-20.2603,148.8136
DDM,Dodoima Airport,PG,PG-NPP,,small,-8.17736111111,147.809444444
DDN,Delta Downs Airport,AU,AU-QLD,,small,-16.99169921875,141.31700134277344
DDR,Rikaze Dingri Airport,CN,CN-54,Xigazê (Dingri),medium,28.604567,86.798
DDU,Dadu West Airport,PK,PK-SD,Dadu,small,26.740800857543945,67.6666030883789
DEA,Dera Ghazi Khan Airport,PK,PK-PB,Dera Ghazi Khan,medium,29.961000442504883,70.48590087890625
DEB,Debrecen International Airport,HU,HU-HB,Debrecen,medium,47.488899,21.615299
DEC,Decatur Airport,US,US-IL,Decatur,medium,39.834598541259766,-88.8656997680664
DED,Dehradun Jolly Grant Airport,IN,IN-UT,Dehradun (Jauligrant),medium,30.189243,78.176651
DEE,Yuzhno-Kurilsk Mendeleyevo Airport,RU,RU-SAK,Yuzhno-Kurilsk,small,43.961066,145.684977
DEF,Dezful Airport,IR,IR-06,Dezful,medium,32.434399,48.397598
DEH,Decorah Municipal Airport,US,US-IA,Decorah,small,43.275501,-91.739403
DEI,Denis Island Airport,SC,SC-15,Denis Island,small,-3.80222,55.666901
DEL,Indira Gandhi International Airport,IN,IN-DL,New Delhi,large,28.55563,77.09519
DEM,Dembidollo Airport,ET,ET-OR,Dembidollo,small,8.554,34.858002
DEN,Denver International Airport,US,US-CO,Denver,large,39.861698150635,-104.672996521
DEP,Daporijo Airport,IN,IN-AR,Daporijo,small,27.985500335699996,94.22280120850002
DEQ,Deqing Moganshan Airport,CN,CN-33,Huzhou,small,30.504264,120.107388
DER,Derim Airport,PG,PG-MPL,Derim,small,-6.14472222222,147.107222222
DES,Desroches Airport,SC,SC-15,Desroches Island,small,-5.6967,53.6558
DET,Coleman A. Young Municipal Airport,US,US-MI,Detroit,medium,42.40919876,-83.00990295
DEX,Nop Goliat Dekai Airport,ID,ID-PP,Dekai,small,-4.8557,139.482006
DEZ,Deir ez-Zor Airport,SY,SY-DY,Deir ez-Zor,medium,35.2854,40.175999
DFA,Shangluo Airport,CN,CN-61,Shangluo (Danfeng),small,33.708533,110.249284
DFI,Defiance Memorial Airport,US,US-OH,Defiance,small,41.3375015259,-84.4288024902
DFP,Drumduff Airport,AU,AU-QLD,Palmer,small,-16.052124,143.013339
DFW,Dallas Fort Worth International Airport,US,US-TX,Dallas-Fort Worth,large,32.896801,-97.038002
DGA,Dangriga Airport,BZ,BZ-SC,Dangriga,medium,16.98251,-88.230988
DGD,Dalgaranga Gold Mine Airport,AU,AU-WA,,small,-27.830277777800003,117.316388889
DGE,Mudgee Airport,AU,AU-NSW,Mudgee,medium,-32.564794,149.609452
DGF,Douglas Lake Airport,CA,CA-BC,Douglas Lake,small,50.1654600485,-120.171273351
DGH,Deoghar Airport,IN,IN-JH,Deoghar,small,24.446842,86.704955
DGL,Douglas Municipal Airport,US,US-AZ,Douglas,small,31.3425998688,-109.505996704
DGM,Dandugama Seaplane Base,LK,LK-1,Colombo,seaplane_base,7.1079,79.8721
DGN,Dahlgren Naval Surface Warfare Center Airport,US,US-VA,Dahlgren,small,38.3325,-77.037201
DGO,"Aeropuerto Internacional Gral, Guadalupe Victoria",MX,MX-DUR,Ciudad de Durango,large,24.125908,-104.533904
DGP,Daugavpils International Airport,LV,LV-111,Daugavpils,medium,55.944721,26.665001
DGR,Dargaville Aerodrome,NZ,NZ-NTL,,small,-35.939701080322266,173.8939971923828
DGT,Sibulan Airport,PH,PH-NER,Dumaguete City,medium,9.334183,123.30191
DGU,Dedougou Airport,BF,BF-MOU,Dedougou,small,12.459,-3.49
DGW,Converse County Airport,US,US-WY,Douglas,small,42.79719925,-105.3860016
DHA,King Abdulaziz Air Base,SA,SA-04,Dhahran,large,26.2654,50.152
DHB,Deer Harbor SPB,US,US-WA,Deer Harbor,seaplane_base,48.616667,-123.002778
DHD,Durham Downs Airport,AU,AU-QLD,,small,-27.075000762939453,141.89999389648438
DHF,Al Dhafra Air Base,AE,AE-AZ,,medium,24.248199462900004,54.5476989746
DHG,Dalnegorsk Airport,RU,RU-PRI,Dalnegorsk,small,44.558748,135.490005
DHI,Dhangarhi Airport,NP,NP-P7,Dhangarhi,small,28.755283,80.583398
DHL,Ad-Dali Airport,YE,YE-DA,Ad-Dali,small,13.73846,44.72719
DHM,Kangra Airport,IN,IN-HP,Kangra,medium,32.164902,76.263018
DHN,Dothan Regional Airport,US,US-AL,Dothan,medium,31.321300506591797,-85.44960021972656
DHR,De Kooy Airfield / Den Helder Naval Air Station,NL,NL-NH,Den Helder,medium,52.923401,4.78062
DHT,Dalhart Municipal Airport,US,US-TX,Dalhart,medium,36.0225982666,-102.54699707
DHX,Dhoho International Airport,ID,ID-JI,Kediri,large,-7.750278,111.947222
DIA,Doha International Airport,QA,QA-DA,Doha,medium,25.261101,51.565102
DIB,Dibrugarh Airport,IN,IN-AS,Dibrugarh,medium,27.4839000702,95.0168991089
DIE,Arrachart Airport,MG,MG-D,Antisiranana,medium,-12.3494,49.291698
DIG,Diqing Shangri-La Airport,CN,CN-53,Diqing (Shangri-La),medium,27.7936,99.6772
DIJ,Dijon-Bourgogne Airport,FR,FR-BFC,Ouges,medium,47.268902,5.09
DIK,Dickinson Theodore Roosevelt Regional Airport,US,US-ND,Dickinson,medium,46.797533,-102.801905
DIL,Presidente Nicolau Lobato International Airport,TL,TL-DI,Dili,medium,-8.546562,125.524507
DIM,Dimbokro Airport,CI,CI-LC,Dimbokro,small,6.65167,-4.64056
DIN,Dien Bien Phu Airport,VN,VN-NW,Dien Bien Phu,medium,21.3974990845,103.008003235
DIO,Diomede Heliport,US,US-AK,Diomede,heliport,65.758367,-168.953676
DIP,Diapaga Airport,BF,BF-TAP,Diapaga,small,12.060324,1.784631
DIQ,Brigadeiro Cabral Airport,BR,BR-MG,Divinópolis,small,-20.180700302124,-44.870899200439
DIR,Aba Tenna Dejazmach Yilma International Airport,ET,ET-DD,Dire Dawa,medium,9.624699592590332,41.85419845581055
DIS,Ngot Nzoungou Airport,CG,CG-9,Dolisie,medium,-4.20635,12.6599
DIU,Diu Airport,IN,IN-DH,Diu,small,20.714185,70.921855
DIW,Mawella Lagoon Seaplane Base,LK,LK-3,Dickwella,seaplane_base,5.990192,80.733129
DIY,Diyarbakır Airport,TR,TR-21,Diyarbakır,medium,37.893902,40.201
DJA,Djougou Airport,BJ,BJ-DO,Djougou,small,9.69208333333,1.63777777778
DJB,Sultan Thaha Airport,ID,ID-JA,Jambi,small,-1.638685,103.645063
DJE,Djerba Zarzis International Airport,TN,TN-82,Mellita,medium,33.875,10.7755
DJG,Djanet Inedbirene Airport,DZ,DZ-56,Djanet,medium,24.292801,9.45244
DJH,Jebel Ali Seaplane Base,AE,AE-DU,Jebel Ali,seaplane_base,24.988967,55.023796
DJJ,Dortheys Hiyo Eluay International Airport,ID,ID-PA,Sentani,large,-2.579627,140.519857
DJM,Djambala Airport,CG,CG-14,Djambala,small,-2.516883,14.754403
DJN,Delta Junction Airport,US,US-AK,Delta Junction,small,64.049861,-145.722656
DJO,Daloa Airport,CI,CI-SM,,medium,6.79281,-6.47319
DJR,Dajarra Airport,AU,AU-QLD,,small,-21.70829963684082,139.5330047607422
DJU,Djúpivogur Airport,IS,IS-7,Djúpivogur,small,64.642372,-14.277297
DKA,Katsina Airport,NG,NG-KT,Katsina,small,13.0078,7.66045
DKI,Dunk Island Airport,AU,AU-QLD,Dunk Island,small,-17.93913,146.141447
DKK,Chautauqua County-Dunkirk Airport,US,US-NY,Dunkirk,small,42.49247,-79.273102
DKR,Léopold Sédar Senghor International Airport,SN,SN-DK,Dakar,medium,14.7397,-17.4902
DKS,Dikson Airport,RU,RU-KYA,Dikson,medium,73.517807,80.379669
DKV,Docker River Airport,AU,AU-NT,Kaltukatjara,small,-24.859533,129.122209
DLA,Douala International Airport,CM,CM-LT,Douala,medium,4.0060801506,9.71947956085
DLC,Dalian Zhoushuizi International Airport,CN,CN-21,"Ganjingzi, Dalian",large,38.965698,121.539001
DLE,Dole-Jura Airport,FR,FR-BFC,Tavaux,medium,47.038955,5.427589
DLF,Laughlin Air Force Base,US,US-TX,Del Rio,medium,29.359501,-100.778002
DLG,Dillingham Airport,US,US-AK,Dillingham,medium,59.04470062,-158.5050049
DLH,Duluth International Airport,US,US-MN,Duluth,medium,46.842098,-92.193604
DLI,Lien Khuong Airport,VN,VN-CH,Da Lat,medium,11.75,108.366997
DLK,Dulkaninna Airport,AU,AU-SA,Dulkaninna,small,-29.0132999420166,138.4810028076172
DLL,Dillon County Airport,US,US-SC,Dillon,small,34.4491004944,-79.368598938
DLM,Dalaman International Airport,TR,TR-48,Dalaman,large,36.7131004333,28.7924995422
DLN,Dillon Airport,US,US-MT,Dillon,small,45.255401611299995,-112.553001404
DLR,Dalnerechensk Airport,RU,RU-PRI,Dalnerechensk,small,45.877949,133.735822
DLS,Columbia Gorge Regional Airport,US,US-OR,Dallesport / The Dalles,medium,45.620979,-121.170777
DLU,Dali Fengyi Airport,CN,CN-53,Dali (Xiaguan),medium,25.649401,100.319
DLV,Delissaville Airport,AU,AU-NT,,small,-12.550000190734863,130.68499755859375
DLY,Dillon's Bay Airport,VU,VU-TAE,Dillon's Bay,small,-18.7693996429,169.00100708
DLZ,Dalanzadgad Airport,MN,MN-053,Dalanzadgad,medium,43.608628,104.367734
DMA,Davis Monthan Air Force Base,US,US-AZ,Tucson,medium,32.1665000916,-110.883003235
DMB,Taraz Airport,KZ,KZ-ZHA,Taraz,medium,42.85359954833984,71.30359649658203
DMD,Doomadgee Airport,AU,AU-QLD,,small,-17.9403,138.822006
DME,Domodedovo International Airport,RU,RU-MOS,Moscow,large,55.408798,37.9063
DMK,Don Mueang International Airport,TH,TH-10,Bangkok,large,13.9125995636,100.607002258
DMM,King Fahd International Airport,SA,SA-04,Ad Dammam,large,26.471201,49.797901
DMN,Deming Municipal Airport,US,US-NM,Deming,medium,32.262298584,-107.721000671
DMO,Sedalia Memorial Airport,US,US-MO,Sedalia,small,38.70740127559999,-93.1759033203
DMT,Diamantino Airport,BR,BR-MT,Diamantino,small,-14.37689971923828,-56.40039825439453
DMU,Dimapur Airport,IN,IN-NL,Dimapur,medium,25.8838996887,93.7711029053
DNA,Kadena Air Base,JP,JP-47,,large,26.351667,127.769444
DNB,Dunbar Airport,AU,AU-QLD,Maramie,small,-16.047203,142.393915
DND,Dundee Airport,GB,GB-SCT,Dundee,medium,56.45249938964844,-3.025830030441284
DNF,Martuba Air Base,LY,LY-DR,Martuba,small,32.542,22.745001
DNG,Doongan Airport,AU,AU-WA,Drysdale River,small,-15.386429,126.302235
DNH,Dunhuang Mogao International Airport,CN,CN-62,Dunhuang,medium,40.161098,94.809196
DNK,Dnipro International Airport,UA,UA-12,Dnipro,medium,48.357201,35.100601
DNL,Daniel Field,US,US-GA,Augusta,medium,33.4664993286,-82.0393981934
DNN,Dalton Municipal Airport,US,US-GA,Dalton,small,34.72290039,-84.87020111
DNO,Dianópolis Airport,BR,BR-TO,Dianópolis,small,-11.5953998566,-46.846698761
DNP,Tulsipur Airport,NP,NP-P5,Dang,small,28.111099,82.294197
DNQ,Deniliquin Airport,AU,AU-NSW,Deniliquin,medium,-35.5593986511,144.945999146
DNR,Dinard-Pleurtuit-Saint-Malo Airport,FR,FR-BRE,Dinard/Pleurtuit/Saint-Malo,medium,48.5877,-2.07996
DNS,Denison Municipal Airport,US,US-IA,Denison,small,41.9864006,-95.38069916
DNU,Dinangat Airport,PG,PG-MPL,Dinangat,small,-6.1546,146.6772
DNV,Vermilion Regional Airport,US,US-IL,Danville,small,40.199124,-87.59663
DNX,Galegu Airport,SD,SD-25,Dinder,small,12.532999992370604,35.06700134277344
DNZ,Çardak Airport,TR,TR-20,Denizli,medium,37.7855987549,29.7012996674
DOA,Doany Airport,MG,MG-D,Doany,small,-14.3681001663208,49.510799407958984
DOB,Rar Gwamar Airport,ID,ID-MA,Dobo-Warmar Island,small,-5.7722201347399995,134.212005615
DOC,Dornoch Airfield,GB,GB-SCT,"Dornoch, Sunderland",small,57.868999,-4.023
DOD,Dodoma Airport,TZ,TZ-03,Dodoma,medium,-6.17044,35.752602
DOE,Djumu-Djomoe Airport,SR,SR-SI,Djumu-Djomoe,small,4.00571261057,-55.4816436768
DOG,Dongola Airport,SD,SD-01,Dongola,medium,19.153900146499996,30.4300994873
DOH,Hamad International Airport,QA,QA-DA,Doha,large,25.273056,51.608056
DOI,Doini Airport,PG,PG-MBA,Castori Islets,small,-10.7009,150.7218
DOL,Deauville-Saint-Gatien Airport,FR,FR-NOR,Deauville,medium,49.365299,0.154306
DOM,Douglas-Charles Airport,DM,DM-02,Marigot,medium,15.547,-61.299999
DON,Dos Lagunas Airport,GT,GT-PE,Dos Lagunas,small,17.6124,-89.6884
DOO,Dorobisoro Airport,PG,PG-CPM,Dorobisoro,small,-9.461855,147.920907
DOP,Dolpa Airport,NP,NP-P6,Dolpa,small,28.985659,82.818703
DOR,Dori Airport,BF,BF-SEN,Dori,small,14.021638,-0.068207
DOU,Dourados Airport,BR,BR-MS,Dourados,small,-22.2019,-54.926601
DOV,Dover Air Force Base,US,US-DE,Dover,medium,39.129501,-75.466003
DOX,Dongara Airport,AU,AU-WA,Dongara,small,-29.298128,114.927334
DOY,Dongying Shengli Airport,CN,CN-37,Dongying,medium,37.5085983276,118.788002014
DPA,Dupage Airport,US,US-IL,Chicago/West Chicago,medium,41.90779877,-88.24859619
DPB,Pampa Guanaco Airport,CL,CL-MA,Bahia Inutil,small,-54.049977,-68.809193
DPE,Dieppe-Saint-Aubin Airport,FR,FR-NOR,Saint-Aubin-sur-Scie,small,49.884662,1.08101
DPG,Michael AAF (Dugway Proving Ground) Airport,US,US-UT,Dugway Proving Ground,small,40.197396,-112.935094
DPL,Dipolog Airport,PH,PH-ZAN,Dipolog,medium,8.601983,123.341875
DPO,Devonport Airport,AU,AU-TAS,Devonport,medium,-41.1697006226,146.429992676
DPS,Ngurah Rai (Bali) International Airport,ID,ID-BA,Denpasar,large,-8.74817,115.167
DPT,Deputatskiy Airport,RU,RU-SA,Deputatskiy,small,69.392503,139.890012
DQA,Daqing Sa'ertu Airport,CN,CN-23,Daqing,small,46.750883,125.138642
DQM,Duqm International Airport,OM,OM-WU,Duqm,large,19.501944,57.634167
DRA,Desert Rock Airport,US,US-NV,Mercury,medium,36.6194,-116.032997
DRB,Derby Airport,AU,AU-WA,Derby,medium,-17.37193,123.66221
DRC,Dirico Airport,AO,AO-CCU,Dirico,small,-17.981924,20.768061
DRD,Dorunda Airport,AU,AU-QLD,Dorunda Outstation,small,-16.5537,141.8238
DRE,Drummond Island Airport,US,US-MI,Drummond Island,small,46.0093002319,-83.74389648440001
DRF,Drift River Airport,US,US-AK,Kenai,small,60.5889015198,-152.162002563
DRG,Deering Airport,US,US-AK,Deering,medium,66.068901,-162.766914
DRH,Dabra Airport,ID,ID-PA,Dabra,small,-3.27061,138.613433
DRI,Beauregard Regional Airport,US,US-LA,DeRidder,medium,30.831699,-93.339897
DRJ,Drietabbetje Airport,SR,SR-SI,Drietabbetje,small,4.111359,-54.672766
DRK,Drake Bay Airport,CR,CR-P,Puntarenas,small,8.71889019012,-83.6417007446
DRN,Dirranbandi Airport,AU,AU-QLD,,medium,-28.587912,148.217161
DRO,Durango La Plata County Airport,US,US-CO,Durango,medium,37.151501,-107.753998
DRP,Bicol International Airport,PH,PH-ALB,Legazpi,medium,13.111915,123.676829
DRR,Durrie Airport,AU,AU-QLD,,small,-25.684999465942383,140.22799682617188
DRS,Dresden Airport,DE,DE-SN,Dresden,medium,51.134123,13.767831
DRT,Del Rio International Airport,US,US-TX,Del Rio,medium,29.3742008209,-100.927001953
DRU,Drummond Airport,US,US-MT,Drummond,small,46.621599,-113.201751
DRV,Dharavandhoo Airport,MV,MV-20,Baa Atoll,small,5.1561,73.1302
DRW,Darwin International Airport / RAAF Darwin,AU,AU-NT,Darwin,large,-12.41497,130.88185
DRY,Drysdale River Airport,AU,AU-WA,Drysdale River,small,-15.71357,126.381097
DSC,Dschang Airport,CM,CM-OU,Dschang,small,5.45,10.067
DSD,La Désirade Airport,GP,GP-U-A,Grande Anse,small,16.296902,-61.0844
DSE,Kombolcha Airport,ET,ET-AM,Dessie,small,11.10992,39.72353
DSG,Dilasag Airport,PH,PH-AUR,Dilasag,small,16.445833333299998,122.206805556
DSI,Destin Executive Airport,US,US-FL,Destin,medium,30.400101,-86.471497
DSK,Dera Ismael Khan Airport,PK,PK-KP,Dera Ismael Khan,medium,31.909400939941406,70.89659881591797
DSM,Des Moines International Airport,US,US-IA,Des Moines,medium,41.534,-93.663101
DSN,Ordos Ejin Horo Airport,CN,CN-15,Ordos,medium,39.493389,109.860172
DSO,Sondok Airport,KP,KP-08,Sŏndŏng-ni,medium,39.745201,127.473999
DSS,Blaise Diagne International Airport,SN,SN-DK,Dakar,large,14.67,-17.073333
DSV,Dansville Municipal Airport,US,US-NY,Dansville,small,42.570545,-77.713273
DSX,Dongsha Island (Pratas Island) Airport,TW,TW-KHH,Kaohsiung (Cijin - Pratas Island),small,20.7066,116.721001
DSY,Dara Sakor International Airport,KH,KH-9,Ta Noun,small,10.914244,103.226652
DTA,Delta Municipal Airport,US,US-UT,Delta,small,39.3805999756,-112.508003235
DTB,Silangit Airport,ID,ID-SU,Siborong-Borong,small,2.25973,98.991898
DTD,Datadawai Airport,ID,ID-KI,Datadawai-Borneo Island,small,0.8106,114.5306
DTE,Daet Airport,PH,PH-CAN,Daet,medium,14.1292,122.980003
DTH,Furnace Creek Airport,US,US-CA,Death Valley,small,36.463799,-116.880997
DTI,Diamantina Airport,BR,BR-MG,Diamantina,small,-18.232000351,-43.650398254399995
DTL,Detroit Lakes Airport,US,US-MN,Detroit Lakes,small,46.824301,-95.883322
DTM,Dortmund Airport,DE,DE-NW,Dortmund,medium,51.518299,7.61224
DTN,Shreveport Downtown Airport,US,US-LA,Shreveport,small,32.5401992798,-93.7450027466
DTR,Decatur Shores Airport,US,US-WA,Decatur,small,48.500171,-122.813973
DTU,Wudalianchi Dedu Airport,CN,CN-23,Heihe,medium,48.441037,126.128374
DTW,Detroit Metropolitan Wayne County Airport,US,US-MI,Detroit,large,42.21377,-83.353786
DUA,Durant Regional Airport - Eaker Field,US,US-OK,Durant,small,33.942299,-96.395057
DUB,Dublin Airport,IE,IE-D,Dublin,large,53.428713,-6.262121
DUC,Halliburton Field,US,US-OK,Duncan,small,34.47090149,-97.9598999
DUD,Dunedin International Airport,NZ,NZ-OTA,Dunedin,medium,-45.928101,170.197998
DUE,Dundo Airport,AO,AO-LNO,Chitato,medium,-7.400889873504639,20.818500518798828
DUF,Pine Island Airport,US,US-NC,Corolla,small,36.2535018921,-75.7884979248
DUG,Bisbee Douglas International Airport,US,US-AZ,Douglas Bisbee,medium,31.4689998627,-109.603996277
DUJ,DuBois Regional Airport,US,US-PA,Dubois,medium,41.17829895,-78.8986969
DUK,Mubatuba Airport,ZA,ZA-NL,Mubatuba,small,-28.36840057373047,32.24810028076172
DUM,Pinang Kampai Airport,ID,ID-RI,Dumai,medium,1.609114,101.433492
DUQ,Duncan Airport,CA,CA-BC,Duncan,small,48.754534,-123.709702
DUR,King Shaka International Airport,ZA,ZA-NL,Durban,large,-29.6144444444,31.1197222222
DUS,Düsseldorf Airport,DE,DE-NW,Düsseldorf,large,51.289501,6.76678
DUT,Tom Madsen (Dutch Harbor) Airport,US,US-AK,Unalaska,medium,53.89881,-166.544996
DVD,Andavadoaka Airport,MG,MG-U,Andavadoaka,small,-22.06608,43.259573
DVK,Diavik Airport,CA,CA-NT,Diavik,small,64.5113983154,-110.289001465
DVL,Devils Lake Regional Airport,US,US-ND,Devils Lake,medium,48.115454,-98.908796
DVN,Davenport Municipal Airport,US,US-IA,Davenport,small,41.610432,-90.589693
DVO,Francisco Bangoy International Airport,PH,PH-DAS,Davao,large,7.12552,125.646004
DVP,Davenport Downs Airport,AU,AU-QLD,,small,-24.149999618530273,141.10800170898438
DVR,Daly River Airport,AU,AU-NT,Nauiyu,small,-13.749806,130.693878
DVT,Phoenix Deer Valley Airport,US,US-AZ,Phoenix,small,33.6883010864,-112.083000183
DWA,Dwangwa Airport,MW,MW-NK,Dwangwa,medium,-12.517527,34.131877
DWB,Soalala Airport,MG,MG-M,Soalala,small,-16.10169,45.358837
DWC,Al Maktoum International Airport,AE,AE-DU,Jebel Ali,large,24.896356,55.161389
DWD,King Salman Abdulaziz Airport,SA,SA-01,Dawadmi,medium,24.4499,44.121201
DWH,David Wayne Hooks Memorial Airport,US,US-TX,Houston,small,30.0618000031,-95.5528030396
DWO,Diyawanna Oya Seaplane Base,LK,LK-1,Sri Jayawardenepura Kotte,seaplane_base,6.906585,79.909
DWR,Dwyer Airport,AF,AF-HEL,Reg,small,31.091265,64.066053
DWS,Morin Dawa Banner Airport,CN,CN-15,Hulunbuir,small,48.38745,124.43127
DXB,Dubai International Airport,AE,AE-DU,Dubai,large,25.2527999878,55.3643989563
DXD,Dixie Airport,AU,AU-QLD,New Dixie,small,-15.1174944348,143.316049576
DXE,Bruce Campbell Field,US,US-MS,Madison,small,32.438702,-90.103104
DXJ,Xiangxi Biancheng Airport,CN,CN-43,Xiangxi,small,28.4972,109.5218
DXR,Danbury Municipal Airport,US,US-CT,Danbury,medium,41.371656,-73.482227
DYA,Dysart Airport,AU,AU-QLD,,medium,-22.6222,148.363998
DYG,Zhangjiajie Hehua International Airport,CN,CN-43,Zhangjiajie (Yongding),small,29.1028,110.443001
DYL,Doylestown Airport,US,US-PA,Doylestown,small,40.3330001831,-75.1222991943
DYM,Diamantina Lakes Airport,AU,AU-QLD,Diamantina Lakes,small,-23.761699676513672,141.14500427246094
DYR,Ugolny Yuri Ryktheu Airport,RU,RU-CHU,Anadyr,medium,64.734902,177.740997
DYS,Dyess Air Force Base,US,US-TX,Abilene,medium,32.420799,-99.854599
DYU,Dushanbe Airport,TJ,TJ-DU,Dushanbe,medium,38.543301,68.824997
DYW,Daly Waters Airport,AU,AU-NT,Daly Waters,small,-16.264695066399998,133.383378983
DZA,Dzaoudzi Pamandzi International Airport,YT,YT-U-A,Dzaoudzi,medium,-12.809319,45.281815
DZH,Dazhou Jinya Airport,CN,CN-51,Dazhou (Dachuan),medium,31.048815,107.435646
DZI,Las Flores Airport,CO,CO-CES,Codazzi,small,10.096608,-73.2337
DZN,Zhezkazgan National Airport,KZ,KZ-ULY,Zhezkazgan,medium,47.708953,67.738094
DZO,Santa Bernardina International Airport,UY,UY-DU,Durazno,medium,-33.358898,-56.499199
DZU,Dazu Air Base,CN,CN-50,Dazu,small,29.636227,105.773621
EAA,Eagle Airport,US,US-AK,Eagle,small,64.778003,-141.150455
EAB,Abs Airport,YE,YE-SN,Abs,small,16.010983,43.176771
EAE,Siwo Airport,VU,VU-SEE,Emae Island,small,-17.0902996063,168.343002319
EAL,Elenak Airport,MH,MH-KWA,Mejato Island,small,9.319305555560002,166.847777778
EAM,Najran Domestic Airport,SA,SA-10,Najran,medium,17.611401,44.419201
EAN,Phifer Airfield,US,US-WY,Wheatland,small,42.0555,-104.929001
EAR,Kearney Regional Airport,US,US-NE,Kearney,medium,40.727001,-99.006798
EAS,San Sebastián Airport,ES,ES-PV,Hondarribia,medium,43.356499,-1.79061
EAT,Pangborn Memorial Airport,US,US-WA,Wenatchee,medium,47.398899,-120.207001
EAU,Chippewa Valley Regional Airport,US,US-WI,Eau Claire,medium,44.86579895019531,-91.48429870605467
EBA,Marina Di Campo Airport,IT,IT-52,Marina  Di Campo,medium,42.7603,10.2394
EBB,Entebbe International Airport,UG,UG-C,Kampala,large,0.042386,32.443501
EBD,El-Obeid Airport,SD,SD-09,El-Obeid,medium,13.1532,30.2327
EBG,El Bagre Airport,CO,CO-ANT,El Bagre,medium,7.59647,-74.8089
EBH,El Bayadh Airport,DZ,DZ-32,El Bayadh,small,33.721667,1.0925
EBJ,Esbjerg Airport,DK,DK-83,Esbjerg,medium,55.525902,8.5534
EBL,Erbil International Airport,IQ,IQ-AR,Arbil,medium,36.23759841918945,43.96319961547851
EBM,El Borma Airport,TN,TN-83,El Borma,medium,31.7043,9.25462
EBN,Ebadon Airport,MH,MH-KWA,Ebadon Island,small,9.330559730529783,166.82000732421875
EBO,Ebon Airport,MH,MH-EBO,Ebon Atoll,small,4.5982,168.752
EBS,Webster City Municipal Airport,US,US-IA,Webster City,small,42.4366,-93.868896
EBU,Saint-Étienne-Bouthéon Airport,FR,FR-ARA,Saint-Étienne/Bouthéon,medium,45.5406,4.29639
EBW,Ebolowa Airport,CM,CM-SU,Ebolowa,small,2.875999927520752,11.1850004196167
ECA,Iosco County Airport,US,US-MI,East Tawas,small,44.312801,-83.422302
ECG,Elizabeth City Regional Airport & Coast Guard Air Station,US,US-NC,Elizabeth City,medium,36.260601,-76.174599
ECH,Echuca Airport,AU,AU-VIC,,medium,-36.15719985961914,144.76199340820312
ECI,Costa Esmeralda Airport,NI,NI-RI,Tola,small,11.427542,-86.033361
ECN,Nicosia (Lefkoşa) Ercan International Airport,CY,CY-02,Tymbou (Kirklar),medium,35.152337,33.506584
ECO,El Encanto Airport,CO,CO-AMA,El Encanto,small,-1.75333333333,-73.20472222219999
ECP,Northwest Florida Beaches International Airport,US,US-FL,Panama City Beach,medium,30.357106,-85.795414
ECR,El Charco Airport,CO,CO-NAR,El Charco,small,2.44944444444,-78.0941666667
ECS,Mondell Field,US,US-WY,Newcastle,small,43.88379,-104.314156
EDA,Edna Bay Seaplane Base,US,US-AK,Edna Bay,seaplane_base,55.949653,-133.661012
EDB,Al Dabbah Airport,SD,SD-01,Al Dabbah,small,18.0146,30.9595
EDD,Erldunda Airport,AU,AU-NT,Ghan,small,-25.206106,133.254161
EDE,Northeastern Regional Airport,US,US-NC,Edenton,small,36.027698516799994,-76.56710052490001
EDF,Elmendorf Air Force Base,US,US-AK,Anchorage,medium,61.251709,-149.807097
EDI,Edinburgh Airport,GB,GB-SCT,Edinburgh,large,55.950145,-3.372288
EDK,Captain Jack Thomas El Dorado Airport,US,US-KS,El Dorado,small,37.7741012573,-96.8175964355
EDL,Eldoret International Airport,KE,KE-700,Eldoret,medium,0.4044579863548279,35.23889923095703
EDM,La Roche-sur-Yon Airport,FR,FR-PDL,La Roche-sur-Yon/Les Ajoncs,medium,46.7019,-1.37863
EDN,Yedinka Airport,RU,RU-PRI,Yedinka,small,47.178201,138.657357
EDO,Balıkesir Koca Seyit Airport,TR,TR-10,Edremit,medium,39.5546,27.0138
EDQ,Erandique Airport,HN,HN-LE,Erandique,small,14.235833,-88.437225
EDR,Pormpuraaw Airport,AU,AU-QLD,Pormpuraaw,small,-14.896451,141.60908
EDW,Edwards Air Force Base,US,US-CA,Edwards,medium,34.905399,-117.884003
EEA,Planalto Serrano Regional Airport,BR,BR-SC,Correia Pinto,medium,-27.634128,-50.358253
EED,Needles Airport,US,US-CA,Needles,medium,34.7663002014,-114.623001099
EEK,Eek Airport,US,US-AK,Eek,small,60.213173,-162.044048
EEN,Dillant Hopkins Airport,US,US-NH,Keene,medium,42.898399,-72.270798
EES,Berenice International Airport / Banas Cape Air Base,EG,EG-BA,Berenice Troglodytica,medium,23.980437,35.460277
EFD,Ellington Airport,US,US-TX,Houston,medium,29.6072998047,-95.1587982178
EFG,Efogi Airport,PG,PG-CPM,Efogi,small,-9.15380555556,147.659805556
EFK,Northeast Kingdom International Airport,US,US-VT,Newport,small,44.888802,-72.229202
EFL,Kefallinia Airport,GR,GR-F,Kefallinia Island,medium,38.12009811401367,20.500499725341797
EFW,Jefferson Municipal Airport,US,US-IA,Jefferson,small,42.0102005,-94.34259796
EGA,Engati Airstrip,PG,PG-MPL,Engati,small,-6.9179,146.1053
EGC,Bergerac Dordogne Périgord Airport,FR,FR-NAQ,Bergerac/Roumanière,medium,44.825298,0.518611
EGE,Eagle County Regional Airport,US,US-CO,Eagle,medium,39.64260101,-106.9179993
EGH,El Jora Airport,EG,EG-SIN,El Jora,medium,31.078138,34.153131
EGI,Duke Field,US,US-FL,Crestview,medium,30.65040016,-86.52290344
EGL,Negele Airport,ET,ET-OR,Negele Borana,small,5.2897,39.7023
EGM,Sege Airport,SB,SB-WE,Sege,small,-8.57889,157.876007
EGN,Geneina Airport,SD,SD-12,Geneina,small,13.481882,22.467119
EGO,Belgorod International Airport,RU,RU-BEL,Belgorod,medium,50.643798828125,36.5900993347168
EGP,Maverick County Memorial International Airport,US,US-TX,Eagle Pass,small,28.859766,-100.516682
EGS,Egilsstaðir Airport,IS,IS-7,Egilsstaðir,medium,65.2833023071289,-14.401399612426758
EGV,Eagle River Union Airport,US,US-WI,Eagle River,small,45.932300567599995,-89.26830291750001
EGX,Egegik Airport,US,US-AK,Egegik,medium,58.184386,-157.374873
EHL,El Bolson Airport,AR,AR-R,El Bolson,medium,-41.943199,-71.532303
EHM,Cape Newenham LRRS Airport,US,US-AK,Cape Newenham,medium,58.6464004517,-162.06300354
EHU,Ezhou Huahu Airport,CN,CN-13,Ezhou,large,30.341178,115.03926
EIB,Eisenach-Kindel Airport,DE,DE-TH,Hörselberg-Hainich,medium,50.991604,10.47973
EIE,Yeniseysk Airport,RU,RU-KYA,Yeniseysk,medium,58.474201,92.112503
EIH,Einasleigh Airport,AU,AU-QLD,Einasleigh,small,-18.5032997131,144.093994141
EIK,Yeysk Airport,RU,RU-KDA,Yeysk,medium,46.68,38.21
EIL,Eielson Air Force Base,US,US-AK,Fairbanks,medium,64.66570282,-147.102005
EIN,Eindhoven Airport,NL,NL-NB,Eindhoven,large,51.4500999451,5.37452983856
EIS,Terrance B. Lettsome International Airport,VG,VG-U-A,Road Town,medium,18.445492,-64.541707
EIY,Ein Yahav Airfield,IL,IL-D,Sapir,small,30.62170028686523,35.20330047607422
EJA,Yariguíes Airport,CO,CO-SAN,Barrancabermeja,medium,7.02433,-73.8068
EJH,Al Wajh Domestic Airport,SA,SA-07,Al Wajh,medium,26.198601,36.476398
EJN,Ejin Banner Taolai Airport,CN,CN-15,Ejin Banner,small,42.0155,101.0005
EJT,Enejit Airport,MH,MH-MIL,Enejit Island,small,6.0404,171.9846
EKA,Murray Field,US,US-CA,Eureka,medium,40.8033981323,-124.112998962
EKB,Ekibastuz Airport,KZ,KZ-PAV,Ekibastuz,medium,51.59099960327149,75.21499633789062
EKD,Elkedra Airport,AU,AU-NT,,small,-21.172500610399997,135.444000244
EKI,Elkhart Municipal Airport,US,US-IN,Elkhart,small,41.7193984985,-86.00319671630001
EKN,Elkins-Randolph County Regional Airport,US,US-WV,Elkins,medium,38.889759,-79.857651
EKO,Elko Regional Airport,US,US-NV,Elko,medium,40.82490158081055,-115.79199981689452
EKS,Shakhtyorsk Airport,RU,RU-SAK,Shakhtyorsk,small,49.1903,142.082993
EKT,Eskilstuna Airport,SE,SE-D,Eskilstuna,medium,59.351101,16.708401
EKX,Addington Field / Elizabethtown Regional Airport,US,US-KY,Elizabethtown,small,37.686001,-85.925003
ELA,Eagle Lake Airport,US,US-TX,Eagle Lake,small,29.600599288900003,-96.3218994141
ELB,Las Flores Airport,CO,CO-MAG,El Banco,medium,9.04554,-73.9749
ELC,Elcho Island Airport,AU,AU-NT,Elcho Island,medium,-12.019399642899998,135.570999146
ELD,South Arkansas Regional Airport at Goodwin Field,US,US-AR,El Dorado,medium,33.221001,-92.813301
ELE,EL Real Airport,PA,PA-5,El Real de Santa María,small,8.107235,-77.725545
ELF,El Fasher Airport,SD,SD-02,El Fasher,medium,13.61489963531494,25.32460021972656
ELG,El Golea Airport,DZ,DZ-50,El Menia,medium,30.580732,2.861595
ELH,North Eleuthera Airport,BS,BS-HI,North Eleuthera,medium,25.474899292,-76.6835021973
ELI,Elim Airport,US,US-AK,Elim,small,64.6147,-162.272003
ELJ,El Recreo Airport,CO,CO-MET,Ruperto Polania,small,2.0,-74.133333
ELK,Elk City Regional Business Airport,US,US-OK,Elk City,small,35.43080139,-99.39430237
ELL,Ellisras Matimba Airport,ZA,ZA-NP,Ellisras,small,-23.72669982910156,27.68829917907715
ELM,Elmira Corning Regional Airport,US,US-NY,Elmira/Corning,medium,42.1599006652832,-76.8916015625
ELN,Bowers Field,US,US-WA,Ellensburg,small,47.03300095,-120.5309982
ELO,El Dorado Airport,AR,AR-N,El Dorado,small,-26.397499,-54.574699
ELP,El Paso International Airport,US,US-TX,El Paso,medium,31.807199,-106.377998
ELQ,Gassim Airport,SA,SA-05,Buraidah,medium,26.302799,43.774399
ELR,Elelim Airport,ID,ID-PP,Elelim,small,-3.785922,139.384497
ELS,Ben Schoeman Airport,ZA,ZA-EC,East London,medium,-33.035599,27.825899
ELT,Et Tur Airport,EG,EG-JS,Et Tur,small,28.209023,33.645304
ELU,Guemar Airport,DZ,DZ-39,Guemar,medium,33.5113983154,6.77679014206
ELV,Elfin Cove Seaplane Base,US,US-AK,Elfin Cove,seaplane_base,58.195201873799995,-136.347000122
ELW,Ellamar Seaplane Base,US,US-AK,Ellamar,seaplane_base,60.893818,-146.704038
ELX,El Tigre Airport,VE,VE-B,El Tigre,small,8.833546,-64.20828
ELY,Ely Airport Yelland Field,US,US-NV,Ely,medium,39.29970169,-114.8420029
ELZ,Wellsville Municipal Airport - Tarantine Field,US,US-NY,Wellsville,small,42.109501,-77.989998
EMA,East Midlands Airport,GB,GB-ENG,Nottingham,medium,52.8311,-1.32806
EMD,Emerald Airport,AU,AU-QLD,Emerald,medium,-23.5674991608,148.179000854
EME,Emden Airport,DE,DE-NI,Emden,small,53.391109,7.2275
EMG,Empangeni Airport,ZA,ZA-NL,Empangeni,small,-28.719999313354492,31.88999938964844
EMI,Emirau Airport,PG,PG-NIK,Emirau Island,small,-1.653949991,149.9757667
EMK,Emmonak Airport,US,US-AK,Emmonak,medium,62.78609848,-164.4909973
EML,Emmen Air Base,CH,CH-LU,,medium,47.092444,8.305184
EMM,Kemmerer Municipal Airport,US,US-WY,Kemmerer,small,41.82410049439999,-110.556999207
EMN,Néma Airport,MR,MR-01,Néma,small,16.622,-7.3166
EMO,Emo River Airstrip,PG,PG-NPP,Emo Mission,small,-9.1234,148.0415
EMP,Emporia Municipal Airport,US,US-KS,Emporia,small,38.3320999146,-96.1912002563
EMR,El Mirador Heliport,GT,GT-PE,El Mirador,heliport,17.752077,-89.924916
EMS,Embessa Airport,PG,PG-NPP,Embessa,small,-9.447,148.7628
EMT,San Gabriel Valley Airport,US,US-CA,El Monte,small,34.086102,-118.035004
EMX,El Maiten Airport,AR,AR-U,El Maiten,small,-42.029202,-71.172501
EMY,El Minya Airport,EG,EG-MN,El Minya,small,28.090509,30.738738
ENA,Kenai Municipal Airport,US,US-AK,Kenai,medium,60.570946,-151.245174
ENB,Eneabba Airport,AU,AU-WA,Eneabba,small,-29.832500457763672,115.24600219726562
ENC,Nancy-Essey Airport,FR,FR-GES,Tomblaine,medium,48.692101,6.23046
END,Vance Air Force Base,US,US-OK,Enid,medium,36.339199,-97.916496
ENE,H. Hasan Aroeboesman (Ende) Airport,ID,ID-NT,Ende,small,-8.849114,121.66101
ENF,Enontekio Airport,FI,FI-10,Enontekio,medium,68.362602233887,23.424299240112
ENG,Enggano Airport,ID,ID-BE,Enggano,small,-5.305621,102.189546
ENH,Enshi Xujiaping Airport,CN,CN-42,Enshi (Enshi),medium,30.320299,109.485001
ENI,El Nido Airport,PH,PH-PLW,El Nido,small,11.202399,119.416087
ENJ,El Naranjo Airport,GT,GT-ES,El Naranjo,small,14.106931,-90.817496
ENK,Enniskillen/St Angelo Airport,GB,GB-NIR,Enniskillen,medium,54.398899,-7.65167
ENL,Centralia Municipal Airport,US,US-IL,Centralia,small,38.515099,-89.091103
ENN,Nenana Municipal Airport,US,US-AK,Nenana,medium,64.548772,-149.074516
ENO,Aeropuerto Internacional Tte. Amin Ayub González,PY,PY-7,Encarnación,large,-27.221691,-55.833807
ENS,Twente Airport,NL,NL-OV,Enschede,medium,52.275833,6.889167
ENT,Eniwetok Airport,MH,MH-ENI,Eniwetok Atoll,small,11.340700149536133,162.3280029296875
ENU,Akanu Ibiam International Airport,NG,NG-EN,Enegu,medium,6.474269866943359,7.561960220336914
ENV,Wendover Airport,US,US-UT,Wendover,medium,40.7187004089,-114.03099823
ENW,Kenosha Regional Airport,US,US-WI,Kenosha,medium,42.59569931,-87.92780304
ENY,Yan'an Nanniwan Airport,CN,CN-61,Yan'an (Baota),medium,36.479413,109.464083
EOH,Enrique Olaya Herrera Airport,CO,CO-ANT,Medellín,medium,6.220549,-75.590582
EOI,Eday Airport,GB,GB-SCT,Eday,medium,59.19060134887695,-2.7722198963165283
EOK,Keokuk Municipal Airport,US,US-IA,Keokuk,small,40.459899902299995,-91.4284973145
EOR,El Dorado Airport,VE,VE-F,Bolivar,medium,6.71573,-61.638786
EOS,Neosho Hugh Robinson Airport,US,US-MO,Neosho,small,36.810799,-94.391701
EOZ,Elorza Airport,VE,VE-C,,medium,7.059677,-69.4967
EPA,El Palomar Airport,AR,AR-B,El Palomar,medium,-34.6099,-58.6126
EPG,Browns Airport,US,US-NE,Weeping Water,small,40.8675003052,-96.1100006104
EPH,Ephrata Municipal Airport,US,US-WA,Ephrata,small,47.307598,-119.515999
EPL,Épinal-Mirecourt Airport,FR,FR-GES,Juvaincourt,medium,48.325001,6.06998
EPR,Esperance Airport,AU,AU-WA,Esperance,medium,-33.684399,121.822998
EPT,Eliptamin Airport,PG,PG-SAN,Eliptamin,small,-5.0412,141.6779
EPU,Pärnu Airport,EE,EE-67,Pärnu,medium,58.41899871826172,24.47279930114746
EQS,Brigadier Antonio Parodi Airport,AR,AR-U,Esquel,medium,-42.908000946,-71.139503479
ERA,Erigavo Airport,SO,SO-SA,Erigavo,small,10.642050549,47.3879814148
ERB,Ernabella Airport,AU,AU-SA,,small,-26.2632999420166,132.1820068359375
ERC,Erzincan Airport,TR,TR-24,Erzincan,medium,39.7102012634,39.527000427199994
ERD,Berdyansk Airport,UA,UA-23,Berdyansk,medium,46.814999,36.758099
ERE,Erave Airport,PG,PG-SHM,Erave,small,-6.60646315446,143.900213242
ERF,Erfurt-Weimar Airport,DE,DE-TH,Erfurt,medium,50.979801,10.9581
ERG,Yerbogachen Airport,RU,RU-IRK,Erbogachen,small,61.2750015259,108.029998779
ERH,Moulay Ali Cherif Airport,MA,MA-ERR,Errachidia,medium,31.9475002289,-4.39833021164
ERI,Erie International Tom Ridge Field,US,US-PA,Erie,medium,42.083127,-80.173867
ERL,Erenhot Saiwusu International Airport,CN,CN-15,Erenhot,medium,43.4225,112.096667
ERM,Erechim Airport,BR,BR-RS,Erechim,small,-27.663614,-52.271489
ERN,Eirunepé Airport,BR,BR-AM,Eirunepé,small,-6.63953,-69.879799
ERQ,Elrose Airport,AU,AU-QLD,Elrose Mine,small,-20.9764,141.0066
ERR,Errol Airport,US,US-NH,Errol,small,44.7925,-71.1642
ERS,Eros Airport,,NA-KH,Windhoek,medium,-22.612199783325195,17.080400466918945
ERT,Erdenet Airport,MN,MN-035,Erdenet,small,48.983056,104.150556
ERU,Erume Airport,PG,PG-CPM,Erume,small,-8.2538,146.9747
ERV,Kerrville / Kerr County Airport at Louis Schreiner Field,US,US-TX,Kerrville,small,29.9767,-99.085701
ERZ,Erzurum International Airport,TR,TR-25,Erzurum,medium,39.956501,41.1702
ESA,Esa'ala Airport,PG,PG-MBA,Esa'ala,small,-9.87432702318,150.954208374
ESB,Esenboğa International Airport,TR,TR-06,Ankara,large,40.128101,32.995098
ESC,Delta County Airport,US,US-MI,Escanaba,medium,45.723199,-87.088623
ESD,Orcas Island Airport,US,US-WA,Eastsound,medium,48.708199,-122.910004
ESE,Aeropuerto Internacional de Ensenada,MX,MX-BCN,Ensenada,small,31.795175,-116.60265
ESF,Esler Army Airfield / Esler Regional Airport,US,US-LA,Alexandria,medium,31.394266,-92.294082
ESG,Aeropuerto Internacional Dr. Luis Maria Argaña,PY,PY-19,Mariscal Estigarribia,large,-22.033912,-60.618964
ESH,Brighton City Airport,GB,GB-ENG,"Brighton, East Sussex",medium,50.835602,-0.297222
ESK,Eskişehir Air Base,TR,TR-26,,medium,39.7840995789,30.582099914599997
ESL,Elista Airport,RU,RU-KL,Elista,medium,46.3739013671875,44.33089828491211
ESM,Carlos Concha Torres International Airport,EC,EC-E,Tachina,medium,0.978519,-79.626602
ESN,Easton Airport / Newnam Field,US,US-MD,Easton,small,38.804199,-76.069
ESO,Ohkay Owingeh Airport,US,US-NM,Espanola,small,36.026133,-106.045443
ESR,Ricardo García Posada Airport,CL,CL-AT,El Salvador,medium,-26.3111,-69.765198
ESS,Essen Mülheim Airport,DE,DE-NW,,small,51.402302,6.93733
EST,Estherville Municipal Airport,US,US-IA,Estherville,small,43.407398,-94.746399
ESU,Essaouira-Mogador Airport,MA,MA-ESI,Essaouira,medium,31.397499,-9.68167
ESW,Easton State Airport,US,US-WA,Easton,small,47.2541999817,-121.185997009
ETB,West Bend Municipal Airport,US,US-WI,West Bend,small,43.422278,-88.128966
ETD,Etadunna Airport,AU,AU-SA,Etadunna,small,-28.740801,138.589005
ETE,Metema Airport,ET,ET-AM,Metema,small,12.932999610899998,36.1669998169
ETL,Svetlaya Airport,RU,RU-PRI,Svetlaya,small,46.541704,138.321703
ETM,Ramon International Airport,IL,IL-D,Eilat,large,29.727009,35.014116
ETN,Eastland Municipal Airport,US,US-TX,Eastland,small,32.4135017395,-98.8097991943
ETR,Santa Rosa - Artillery Colonel Victor Larrea International Airport,EC,EC-O,Santa Rosa,medium,-3.441986,-79.996957
ETS,Enterprise Municipal Airport,US,US-AL,Enterprise,small,31.29969978,-85.89990234
ETZ,Metz-Nancy-Lorraine Airport,FR,FR-GES,Goin,medium,48.982101,6.25132
EUA,Kaufana Airport,TO,TO-01,Eua Island,small,-21.3782997131,-174.957992554
EUC,Eucla Airport,AU,AU-WA,,small,-31.707084,128.877243
EUE,Eureka Airport,US,US-NV,Eureka,small,39.604198455799995,-116.004997253
EUF,Weedon Field,US,US-AL,Eufaula,small,31.9512996674,-85.1288986206
EUG,Mahlon Sweet Field,US,US-OR,Eugene,medium,44.12459945678711,-123.21199798583984
EUM,Neumünster Airport,DE,DE-SH,Neumünster,small,54.079445,9.941389
EUN,Hassan I Airport,EH,EH-U-A,El Aaiún,medium,27.142467,-13.224947
EUO,Paratebueno Airport,CO,CO-CAS,Paratebueno,small,4.401295,-73.188381
EUQ,Evelio Javier Airport,PH,PH-ANT,San Jose,medium,10.766644,121.932506
EUX,F. D. Roosevelt Airport,BQ,BQ-U-A,Sint Eustatius,medium,17.49650001525879,-62.979400634765625
EVD,Eva Downs Airport,AU,AU-NT,Eva Downs,small,-18.0009994507,134.863006592
EVE,"Harstad/Narvik Airport, Evenes",NO,NO-18,Evenes,medium,68.491302490234,16.678100585938
EVG,Sveg Airport,SE,SE-Z,Sveg,small,62.047798,14.4229
EVH,Evans Head Aerodrome,AU,AU-NSW,,small,-29.101786,153.419255
EVM,Eveleth/Virginia Municipal Airport,US,US-MN,Eveleth,small,47.425098,-92.498497
EVN,Zvartnots International Airport,AM,AM-ER,Yerevan,large,40.1473007202,44.3959007263
EVV,Evansville Regional Airport,US,US-IN,Evansville,medium,38.0369987488,-87.5324020386
EVW,Evanston-Uinta County Airport-Burns Field,US,US-WY,Evanston,medium,41.27479935,-111.0350037
EVX,Évreux-Fauville (BA 105) Air Base,FR,FR-NOR,Évreux/Fauville,medium,49.028702,1.21986
EWB,New Bedford Regional Airport,US,US-MA,New Bedford,medium,41.67610168457031,-70.95690155029297
EWE,Ewer Asmat Airport,ID,ID-PS,Agats,small,-5.496185,138.078361
EWI,Enarotali Airport,ID,ID-PT,Enarotali,small,-3.925739,136.378634
EWK,Newton City-County Airport,US,US-KS,Newton,small,38.058200836199994,-97.2744979858
EWN,Coastal Carolina Regional Airport,US,US-NC,New Bern,medium,35.0730018616,-77.04290008539999
EWO,Ewo Airport,CG,CG-8,Ewo,small,-0.883,14.8
EWR,Newark Liberty International Airport,US,US-NJ,Newark,large,40.692501,-74.168701
EXI,Excursion Inlet Seaplane Base,US,US-AK,Excursion Inlet,seaplane_base,58.420502,-135.449005
EXM,Exmouth Airport,AU,AU-WA,,small,-22.040677,114.102663
EXT,Exeter International Airport,GB,GB-ENG,Exeter,medium,50.734402,-3.41389
EYA,Zeya Airport,RU,RU-AMU,Zeya,small,53.687023,127.090972
EYK,Beloyarskiy Airport,RU,RU-KHM,,medium,63.686901,66.698601
EYL,Yélimané Airport,ML,ML-1,Yélimané,small,15.123682,-10.571177
EYP,El Yopal Airport,CO,CO-CAS,El Yopal,medium,5.31911,-72.384
EYR,Yerington Municipal Airport,US,US-NV,Yerington,small,39.0041007996,-119.157997131
EYS,Eliye Springs Airport,KE,KE-700,Eliye Springs,small,3.23635,35.97664
EYW,Key West International Airport,US,US-FL,Key West,medium,24.556101,-81.759598
EZE,Minister Pistarini International Airport,AR,AR-B,Buenos Aires (Ezeiza),large,-34.8222,-58.5358
EZS,Elazığ Airport,TR,TR-23,Elazığ,medium,38.597974,39.28348
EZV,Berezovo Airport,RU,RU-KHM,,medium,63.92100143432617,65.03050231933594
FAA,Faranah Airport,GN,GN-F,Faranah,small,10.0354995728,-10.7698001862
FAB,Farnborough Airport,GB,GB-ENG,Farnborough,medium,51.2757987976,-0.776332974434
FAC,Faaite Airport,PF,PF-U-A,Faaite,small,-16.68657,-145.329394
FAE,Vágar Airport,FO,FO-U-A,Vágar,medium,62.063256,-7.275782
FAF,Felker Army Air Field,US,US-VA,Newport News (Fort Eustis),medium,37.1325,-76.608803
FAG,Fagurhólsmýri Airport,IS,IS-7,Fagurhólsmýri,small,63.874699,-16.6411
FAH,Farah Airport,AF,AF-FRA,Farah,small,32.366667,62.165347
FAI,Fairbanks International Airport,US,US-AK,Fairbanks,medium,64.815102,-147.856003
FAK,False Island Seaplane Base,US,US-AK,False Island,seaplane_base,57.5321998596,-135.212997437
FAM,Farmington Regional Airport,US,US-MO,Farmington,small,37.761101,-90.428597
FAO,Faro Airport,PT,PT-08,Faro,large,37.0144004822,-7.96590995789
FAQ,Frieda River Airport,PG,PG-ESW,Frieda River,small,-4.610468,141.960138
FAR,Hector International Airport,US,US-ND,Fargo,medium,46.92070007324219,-96.81580352783205
FAS,Fáskrúðsfjörður Airport,IS,IS-7,Fáskrúðsfjörður,small,64.931456,-14.047957
FAT,Fresno Yosemite International Airport,US,US-CA,Fresno,medium,36.776199,-119.718002
FAU,Fahud Airport,OM,OM-ZA,Fahud,small,22.354759,56.484146
FAV,Fakarava Airport,PF,PF-U-A,,medium,-16.054100036621094,-145.65699768066406
FAY,Fayetteville Regional Airport - Grannis Field,US,US-NC,Fayetteville,medium,34.991199,-78.880302
FAZ,Fasa Airport,IR,IR-07,Fasa,medium,28.8918,53.723301
FBA,Fonte Boa Airport,BR,BR-AM,Fonte Boa,small,-2.5326099395800004,-66.0831985474
FBD,Fayzabad Airport,AF,AF-BDS,Fayzabad,small,37.122148,70.5201
FBE,Paulo Abdala Airport,BR,BR-PR,Francisco Beltrão,small,-26.05938,-53.063827
FBG,Simmons Army Air Field,US,US-NC,Fort Bragg,medium,35.13180161,-78.93669891
FBK,Ladd Army Airfield,US,US-AK,Fairbanks,medium,64.837502,-147.613998
FBL,Faribault Municipal Airport-Liz Wall Strohfus Field,US,US-MN,Faribault,small,44.32844,-93.312534
FBM,Lubumbashi International Airport,CD,CD-HK,Lubumbashi,medium,-11.5913000107,27.5308990479
FBR,Fort Bridger Airport,US,US-WY,Fort Bridger,small,41.3918991089,-110.406997681
FBS,Friday Harbor Seaplane Base,US,US-WA,Friday Harbor,seaplane_base,48.5373,-123.010002
FBY,Fairbury Municipal Airport,US,US-NE,Fairbury,small,40.182998657199995,-97.1692962646
FCA,Glacier Park International Airport,US,US-MT,Kalispell,medium,48.31050109863281,-114.25599670410156
FCB,Ficksburg Sentraoes Airport,ZA,ZA-FS,Ficksburg,medium,-28.82309913635254,27.908899307250977
FCH,Fresno Chandler Executive Airport,US,US-CA,Fresno,small,36.732399,-119.82
FCM,Flying Cloud Airport,US,US-MN,Minneapolis,small,44.8272018433,-93.4570999146
FCN,Nordholz Naval Airbase,DE,DE-NI,Cuxhaven,medium,53.767689,8.659201
FCO,Rome–Fiumicino Leonardo da Vinci International Airport,IT,IT-62,Rome,large,41.804532,12.251998
FCS,Butts AAF (Fort Carson) Air Field,US,US-CO,Fort Carson,medium,38.67839813,-104.7570038
FCY,Forrest City Municipal Airport,US,US-AR,Forrest City,small,34.942001342800005,-90.7750015259
FDA,Fundación Airport,CO,CO-MAG,Fundación,small,10.5333,-74.2
FDE,"Førde Airport, Bringeland",NO,NO-46,Førde,small,61.391102,5.75694
FDF,Martinique Aimé Césaire International Airport,MQ,MQ-U-A,Fort-de-France,large,14.591,-61.003201
FDH,Friedrichshafen Airport,DE,DE-BW,Friedrichshafen,medium,47.671299,9.51149
FDK,Frederick Municipal Airport,US,US-MD,Frederick,small,39.417598724399994,-77.3742980957
FDR,Frederick Regional Airport,US,US-OK,Frederick,small,34.35200119,-98.98390198
FDU,Bandundu Airport,CD,CD-KL,Bandundu,medium,-3.31132,17.381701
FDY,Findlay Airport,US,US-OH,Findlay,medium,41.0135002136,-83.66870117190001
FEA,Fetlar Airstrip,GB,GB-SCT,Fetlar Island,small,60.603333,-0.872778
FEB,Sanfebagar Airport,NP,NP-P7,Sanfebagar,small,29.236629,81.215317
FEC,João Durval Carneiro Airport,BR,BR-BA,Feira de Santana,small,-12.200694,-38.906164
FEG,Fergana International Airport,UZ,UZ-FA,Fergana,medium,40.358799,71.745003
FEJ,Feijó Airport,BR,BR-AC,Feijó,small,-8.141213,-70.340821
FEN,Fernando de Noronha Airport,BR,BR-PE,Fernando de Noronha,medium,-3.854471,-32.423302
FEP,Albertus Airport,US,US-IL,Freeport,small,42.2462005615,-89.58200073239999
FET,Fremont Municipal Airport,US,US-NE,Fremont,small,41.44910049,-96.52020264
FEZ,Fes Saïss International Airport,MA,MA-FES,Saïss,medium,33.927299,-4.97796
FFA,First Flight Airport,US,US-NC,Kill Devil Hills,small,36.0181999207,-75.67130279540001
FFD,RAF Fairford,GB,GB-ENG,Fairford,medium,51.682201,-1.79003
FFL,Fairfield Municipal Airport,US,US-IA,Fairfield,small,41.053024,-91.980114
FFM,Fergus Falls Municipal Airport - Einar Mickelson Field,US,US-MN,Fergus Falls,small,46.28440094,-96.15670013
FFO,Wright-Patterson Air Force Base,US,US-OH,Dayton,medium,39.826099,-84.048302
FFT,Capital City Airport,US,US-KY,Frankfort,small,38.181698,-84.906764
FFU,Futaleufú Airport,CL,CL-LL,Futaleufu,small,-43.189201,-71.851097
FGD,Fderik Airport,MR,MR-11,Fderik,small,22.673551,-12.729262
FGI,Fagali'i Airport,WS,WS-TU,Apia,small,-13.849167,-171.739866
FGL,Fox Glacier Aerodrome,NZ,NZ-WTC,Fox Glacier,small,-43.46111,170.01702
FGU,Fangatau Airport,PF,PF-U-A,Fangatau,medium,-15.820044,-140.888071
FHU,Sierra Vista Municipal Airport / Libby Army Air Field,US,US-AZ,Fort Huachuca / Sierra Vista,medium,31.587383,-110.348225
FHZ,Fakahina Airport,PF,PF-U-A,Fakahina,small,-15.992259,-140.164246
FID,Elizabeth Field,US,US-NY,Fishers Island,small,41.25130081179999,-72.0316009521
FIE,Fair Isle Airport,GB,GB-SCT,Fair Isle,small,59.534721,-1.628509
FIG,Fria Airport,GN,GN-B,Fria,small,10.3506,-13.5692
FIH,Ndjili International Airport,CD,CD-KN,Kinshasa,large,-4.38575,15.4446
FIK,Finke Airport,AU,AU-NT,Finke,small,-25.5946998596,134.582992554
FIL,Fillmore Municipal Airport,US,US-UT,Fillmore,small,38.95830154,-112.362999
FIN,Finschhafen Airport,PG,PG-MPL,Buki,small,-6.621750109,147.85405
FIZ,Fitzroy Crossing Airport,AU,AU-WA,,medium,-18.183596,125.559783
FJR,Fujairah International Airport,AE,AE-FU,Fujairah,medium,25.1122,56.324001
FKB,Karlsruhe Baden-Baden Airport,DE,DE-BW,Rheinmünster,medium,48.7794,8.0805
FKI,Bangoka International Airport,CD,CD-TO,Kisangani,medium,0.481638997793,25.3379993439
FKJ,Fukui Airport,JP,JP-18,,medium,36.1427993774,136.223999023
FKL,Venango Regional Airport,US,US-PA,Franklin,medium,41.3778991699,-79.8603973389
FKN,Franklin Regional Airport,US,US-VA,Franklin,small,36.698101,-76.903801
FKQ,Fakfak Airport,ID,ID-PB,Fakfak,medium,-2.920508,132.267011
FKS,Fukushima Airport,JP,JP-07,Sukagawa,medium,37.22740173339844,140.43099975585938
FLA,Gustavo Artunduaga Paredes Airport,CO,CO-CAQ,Florencia,medium,1.58919,-75.5644
FLB,Cangapara Airport,BR,BR-PI,Floriano,small,-6.84639,-43.077301
FLD,Fond du Lac County Airport,US,US-WI,Fond du Lac,small,43.7711982727,-88.48840332030001
FLF,Flensburg-Schäferhaus Airport,DE,DE-SH,Flensburg,small,54.773335,9.378889
FLG,Flagstaff Pulliam International Airport,US,US-AZ,Flagstaff,medium,35.1385,-111.670998
FLH,Flotta Isle Airstrip,GB,GB-SCT,Flotta Isle,small,58.825802,-3.14278
FLI,Holt Airport,IS,IS-4,Flateyri,small,66.0141804294,-23.4416913986
FLL,Fort Lauderdale Hollywood International Airport,US,US-FL,Fort Lauderdale,large,26.072599,-80.152702
FLM,Aeródromo de Filadelfia,PY,PY-19,Filadelfia,small,-22.354611,-60.053211
FLN,Hercílio Luz International Airport,BR,BR-SC,Florianópolis,large,-27.670279,-48.552502
FLO,Florence Regional Airport,US,US-SC,Florence,medium,34.18539810180664,-79.7238998413086
FLP,Marion County Regional Airport,US,US-AR,Flippin,small,36.29090118,-92.59030151
FLR,Peretola Airport,IT,IT-52,Firenze,medium,43.810001,11.2051
FLS,Flinders Island Airport,AU,AU-TAS,Flinders Island,small,-40.091702,147.992996
FLT,Flat Airport,US,US-AK,Flat,small,62.4525985718,-157.988998413
FLV,Sherman Army Air Field,US,US-KS,Fort Leavenworth,small,39.3683013916,-94.9147033691
FLW,Flores Airport,PT,PT-20,Santa Cruz das Flores,medium,39.455299377441406,-31.13139915466309
FLX,Fallon Municipal Airport,US,US-NV,Fallon,small,39.4990997314,-118.749000549
FLY,Finley Airport,AU,AU-NSW,,small,-35.658918,145.561214
FLZ,Dr. Ferdinand Lumban Tobing Airport,ID,ID-SU,Sibolga (Pinangsori),medium,1.557127,98.887145
FMA,Aeropuerto Nacional de Formosa,AR,AR-P,Formosa,medium,-26.2127,-58.2281
FME,Tipton Airport,US,US-MD,Fort Meade(Odenton),medium,39.08539962769999,-76.7593994141
FMG,Flamingo Airport,CR,CR-G,Brasilito,small,10.41860008239746,-85.78269958496094
FMH,Cape Cod Coast Guard Air Station,US,US-MA,Falmouth,small,41.657899,-70.52163
FMI,Kalemie Airport,CD,CD-TA,Kalemie,medium,-5.87556,29.25
FMM,Memmingen Allgau Airport,DE,DE-BY,Memmingen,medium,47.988800048799995,10.2395000458
FMN,Four Corners Regional Airport,US,US-NM,Farmington,medium,36.741199,-108.230003
FMO,Münster Osnabrück Airport,DE,DE-NW,Greven,medium,52.134602,7.68483
FMS,Fort Madison Municipal Airport,US,US-IA,Fort Madison,small,40.659113,-91.327763
FMT,Faresmaathoda Airport,MV,MV-28,Faresmaathodaa,small,0.192647,73.196755
FMU,Florence Municipal Airport,US,US-OR,Florence,small,43.98279953,-124.111000061
FMY,Page Field,US,US-FL,Fort Myers,medium,26.58659935,-81.86329650879999
FNA,Lungi International Airport,SL,SL-N,Freetown (Lungi-Town),large,8.61644,-13.1955
FNB,Neubrandenburg Airport,DE,DE-MV,Neubrandenburg,medium,53.6022,13.306
FNC,Madeira International Airport Cristiano Ronaldo,PT,PT-30,Funchal,large,32.697899,-16.7745
FND,Funadhoo Airport,MV,MV-24,Funadhoo,small,6.162443,73.28752
FNE,Fane Airport,PG,PG-CPM,Fane Mission,small,-8.54927777778,147.085833333
FNG,Fada N'gourma Airport,BF,BF-GOU,Fada N'gourma,small,12.033,0.35
FNH,Fincha Airport,ET,ET-OR,Fincha,small,9.584387,37.377855
FNI,Nîmes-Arles-Camargue Airport,FR,FR-OCC,Nîmes/Garons,medium,43.757401,4.41635
FNJ,Pyongyang Sunan International Airport,KP,KP-01,Pyongyang,medium,39.224098,125.669998
FNL,Northern Colorado Regional Airport,US,US-CO,Loveland,medium,40.44969,-105.011272
FNR,Funter Bay Seaplane Base,US,US-AK,Funter Bay,seaplane_base,58.2543983459,-134.897994995
FNT,Bishop International Airport,US,US-MI,Flint,medium,42.96540069580078,-83.74359893798828
FNU,Oristano-Fenosu Airport,IT,IT-88,Oristano,small,39.895308,8.642661
FOA,Foula Airfield,GB,GB-SCT,Foula,small,60.121725,-2.053202
FOB,Fort Bragg Airport,US,US-CA,Fort Bragg,small,39.472445,-123.795319
FOC,Fuzhou Changle International Airport,CN,CN-35,Fuzhou,large,25.934669,119.66318
FOD,Fort Dodge Regional Airport,US,US-IA,Fort Dodge,medium,42.55149841,-94.19259644
FOE,Topeka Regional Airport,US,US-KS,Topeka,medium,38.950901,-95.663597
FOG,"Foggia ""Gino Lisa"" Airport",IT,IT-75,Foggia,medium,41.432899,15.535
FOK,Francis S Gabreski Airport,US,US-NY,Westhampton Beach,small,40.8437004089,-72.6317977905
FOM,Foumban Nkounja Airport,CM,CM-OU,Foumban,medium,5.63692,10.7508
FON,La Fortuna Arenal Airport,CR,CR-A,La Fortuna,small,10.469311,-84.579073
FOO,Kornasoren Airport,ID,ID-PA,Kornasoren,small,-0.935842,134.872298
FOR,Pinto Martins International Airport,BR,BR-CE,Fortaleza,large,-3.775833,-38.532222
FOS,Forrest Airport,AU,AU-WA,,medium,-30.83662,128.112811
FOT,Forster (Wallis Is) Airport,AU,AU-NSW,,small,-32.202489,152.481136
FOU,Fougamou Airport,GA,GA-4,Fougamou,small,-1.278325,10.612497
FOY,Foya Airport,LR,LR-LO,Foya,small,8.3513,-10.2269
FPO,Grand Bahama International Airport,BS,BS-FP,Freeport,medium,26.5587005615,-78.695602417
FPR,St Lucie County International Airport,US,US-FL,Fort Pierce,medium,27.49510002,-80.36830139
FPY,Perry-Foley Airport,US,US-FL,Perry,small,30.0693,-83.580597
FRA,Frankfurt Airport,DE,DE-HE,Frankfurt am Main,large,50.030241,8.561096
FRB,Forbes Airport,AU,AU-NSW,Forbes,medium,-33.363602,147.934998
FRC,Tenente Lund Pressoto Airport,BR,BR-SP,Franca,small,-20.592199,-47.3829
FRD,Friday Harbor Airport,US,US-WA,Friday Harbor,medium,48.523654,-123.024645
FRE,Fera/Maringe Airport,SB,SB-IS,Fera Island,small,-8.1075,159.576996
FRG,Republic Airport,US,US-NY,Farmingdale,medium,40.7288017273,-73.4133987427
FRH,French Lick Municipal Airport,US,US-IN,French Lick,small,38.5061988831,-86.63690185550001
FRI,Marshall Army Air Field,US,US-KS,Fort Riley (Junction City),medium,39.053021,-96.764202
FRK,Frégate Island Airport,SC,SC-15,Frégate Island,small,-4.582785,55.944928
FRL,Forlì Airport,IT,IT-45,Forlì (FC),medium,44.194801,12.0701
FRM,Fairmont Municipal Airport,US,US-MN,Fairmont,small,43.643901825,-94.4156036377
FRN,Bryant Army Airfield,US,US-AK,Fort Richardson,small,61.266399,-149.653
FRO,Florø Airport,NO,NO-46,Florø,medium,61.583599090576,5.0247201919556
FRQ,Feramin Airport,PG,PG-SAN,Feramin,small,-5.208,141.6988
FRR,Front Royal Warren County Airport,US,US-VA,Front Royal,small,38.9175,-78.253502
FRS,Mundo Maya International Airport,GT,GT-PE,San Benito,medium,16.913799,-89.866402
FRT,El Avellano Airport,CL,CL-LL,Frutillar,small,-41.117000579833984,-73.05000305175781
FRU,Manas International Airport,KG,KG-C,Bishkek,large,43.0612983704,74.4776000977
FRW,P G Matante Intl,BW,BW-FR,Francistown,medium,-21.15914,27.468545
FRY,Eastern Slopes Regional Airport,US,US-ME,Fryeburg,small,43.991100311299995,-70.9478988647
FRZ,Fritzlar Army Airfield,DE,DE-HE,Fritzlar,medium,51.1146,9.286
FSC,Figari Sud-Corse Airport,FR,FR-COR,Figari Sud-Corse,medium,41.500599,9.09778
FSD,Sioux Falls Regional Airport / Joe Foss Field,US,US-SD,Sioux Falls,medium,43.585463,-96.741152
FSI,Henry Post Army Air Field (Fort Sill),US,US-OK,Fort Sill,medium,34.64979935,-98.40219879
FSK,Fort Scott Municipal Airport,US,US-KS,Fort Scott,small,37.7984008789,-94.7694015503
FSL,Fossil Downs Airport,AU,AU-WA,Fossil Downs Station,small,-18.1321,125.7873
FSM,Fort Smith Regional Airport,US,US-AR,Fort Smith,medium,35.336601,-94.367401
FSP,St Pierre Airport,PM,PM-SP,Saint-Pierre,medium,46.762901306152344,-56.173099517822266
FST,Fort Stockton Pecos County Airport,US,US-TX,Fort Stockton,medium,30.9157009125,-102.916000366
FSU,Fort Sumner Municipal Airport,US,US-NM,Fort Sumner,small,34.4833984375,-104.217002869
FSZ,Mount Fuji Shizuoka Airport,JP,JP-22,Makinohara / Shimada,medium,34.796043,138.187752
FTA,Futuna Airport,VU,VU-TAE,Futuna Island,small,-19.5163993835,170.231994629
FTE,El Calafate - Commander Armando Tola International Airport,AR,AR-Z,El Calafate,medium,-50.2803,-72.053101
FTI,Fitiuta Airport,AS,AS-MA,Fitiuta Village,small,-14.216131,-169.423771
FTK,Godman Army Air Field,US,US-KY,Fort Knox,medium,37.9071006775,-85.9720993042
FTU,Tôlanaro Airport,MG,MG-U,Tôlanaro,medium,-25.038099,46.9561
FTW,Fort Worth Meacham International Airport,US,US-TX,Fort Worth,medium,32.819801,-97.362396
FTX,Owando Airport,CG,CG-8,Owando,medium,-0.53135,15.9501
FTY,Fulton County Airport Brown Field,US,US-GA,Atlanta,medium,33.7790985107,-84.5214004517
FUB,Fulleborn Airport,PG,PG-WBK,Fulleborn,small,-6.1518,150.6264
FUE,Fuerteventura Airport,ES,ES-CN,El Matorral,large,28.4527,-13.8638
FUG,Fuyang Xiguan Airport,CN,CN-34,"Yingzhou, Fuyang",medium,32.882157,115.734364
FUJ,Fukue Airport,JP,JP-42,Goto,medium,32.66630172729492,128.83299255371094
FUK,Fukuoka Airport,JP,JP-40,Fukuoka,large,33.585899353027344,130.4510040283203
FUL,Fullerton Municipal Airport,US,US-CA,Fullerton,small,33.8720016479,-117.980003357
FUM,Fuma Airport,PG,PG-WPD,Fuma,small,-6.3933,142.4408
FUN,Funafuti International Airport,TV,TV-FUN,Funafuti,medium,-8.525,179.195999
FUO,Foshan Shadi Airport,CN,CN-44,Foshan (Nanhai),medium,23.0833,113.07
FUT,Pointe Vele Airport,WF,WF-U-A,Futuna Island,small,-14.311565,-178.066492
FVL,Flora Valley Airport,AU,AU-WA,,small,-18.297844,128.455897
FVM,Fuvahmulah Airport,MV,MV-29,Fuvahmulah Island,small,-0.309722,73.435
FVR,Oombulgurri Airport,AU,AU-WA,Oombulgurri,small,-15.1647,127.8401
FWA,Fort Wayne International Airport,US,US-IN,Fort Wayne,medium,40.9785,-85.195099
FWH,NAS Fort Worth JRB / Carswell Field,US,US-TX,Fort Worth,medium,32.769199,-97.441498
FWL,Farewell Airport,US,US-AK,Farewell,small,62.509327,-153.892279
FXE,Fort Lauderdale Executive Airport,US,US-FL,Fort Lauderdale,medium,26.1972999573,-80.1707000732
FXO,Cuamba Airport,MZ,MZ-A,Cuamba,small,-14.815,36.529999
FXY,Forest City Municipal Airport,US,US-IA,Forest City,small,43.23469925,-93.62409973
FYJ,Fuyuan Dongji Aiport,CN,CN-23,Fuyuan,medium,48.197219,134.36298
FYM,Fayetteville Municipal Airport,US,US-TN,Fayetteville,small,35.059700012200004,-86.5640029907
FYN,Fuyun Koktokay Airport,CN,CN-65,Fuyun,medium,46.804169,89.512006
FYT,Faya Largeau Airport,TD,TD-BO,,medium,17.917101,19.111099
FYU,Fort Yukon Airport,US,US-AK,Fort Yukon,medium,66.571651,-145.249987
FYV,Drake Field,US,US-AR,Fayetteville,medium,36.00510025024414,-94.17009735107422
FZL,Fuzuli International Airport,AZ,AZ-FUZ,Fuzuli,small,39.594578,47.196128
GAA,Guamal Airport,CO,CO-MAG,Guamal,small,9.15,-74.233333
GAB,Gabbs Airport,US,US-NV,Gabbs,small,38.923173,-117.9572
GAC,Celaque Gracias Airport,HN,HN-LE,Gracias,small,14.573492,-88.595801
GAD,Northeast Alabama Regional Airport,US,US-AL,Gadsden,small,33.972599,-86.088996
GAE,Gabès Matmata International Airport,TN,TN-81,Gabès,medium,33.733691,9.91941
GAF,Gafsa Ksar International Airport,TN,TN-71,Gafsa,medium,34.422000885009766,8.822500228881836
GAG,Gage Heibeck Airport,US,US-OK,Gage,small,36.295502,-99.776398
GAH,Gayndah Airport,AU,AU-QLD,Gayndah,small,-25.615939,151.62055
GAI,Montgomery County Airpark,US,US-MD,Gaithersburg,small,39.168301,-77.166
GAJ,Yamagata Airport,JP,JP-06,Higashine,medium,38.4119,140.371002
GAL,Edward G. Pitka Sr Airport,US,US-AK,Galena,medium,64.736198,-156.936997
GAM,Gambell Airport,US,US-AK,Gambell,medium,63.767694,-171.733303
GAN,Gan International Airport,MV,MV-01,Gan,medium,-0.692694,73.151557
GAO,Mariana Grajales Airport,CU,CU-14,Guantánamo,medium,20.0853,-75.158302
GAP,Gusap Airport,PG,PG-MPL,Gusap,small,-6.053196,145.959047
GAQ,Gao Airport,ML,ML-7,,medium,16.2484,-0.005456
GAR,Garaina Airport,PG,PG-MPL,Garaina,small,-7.875625,147.141266
GAS,Garissa Airport,KE,KE-500,Garissa,small,-0.463508,39.6483
GAT,Gap - Tallard Airfield,FR,FR-PAC,,small,44.455002,6.03778
GAU,Lokpriya Gopinath Bordoloi International Airport,IN,IN-AS,Guwahati,medium,26.10610008239746,91.58589935302734
GAV,Gag Island Airport,ID,ID-PB,Gag Island,small,-0.400556,129.895004
GAW,Gangaw Airport,MM,MM-03,Gangaw,small,22.174699783325195,94.1343994140625
GAX,Gamba Airport,GA,GA-8,Gamba,small,-2.785278,10.047222
GAY,Gaya Airport,IN,IN-BR,Gaya,medium,24.744301,84.951202
GAZ,Guasopa Airport,PG,PG-MBA,Woodlark (Muyua) Island,small,-9.225918,152.944352
GBA,Cotswold Airport,GB,GB-ENG,Kemble,small,51.668095,-2.05694
GBB,Gabala International Airport,AZ,AZ-QAB,Gabala,medium,40.808617,47.725389
GBC,Gasuke Airport,PG,PG-WPD,Gasuke,small,-6.1028,141.7393
GBD,Great Bend Municipal Airport,US,US-KS,Great Bend,small,38.344299,-98.8592
GBE,Sir Seretse Khama International Airport,BW,BW-GA,Gaborone,large,-24.555201,25.9182
GBF,Negarbo(Negabo) Airport,PG,PG-CPK,Negarbo,small,-6.567778,144.703058
GBG,Galesburg Municipal Airport,US,US-IL,Galesburg,small,40.9379997253,-90.431098938
GBH,Galbraith Lake Airport,US,US-AK,Galbraith Lake,small,68.4796981812,-149.490005493
GBI,Kalaburagi Airport,IN,IN-KA,Kalaburagi,small,17.308154,76.965246
GBJ,Marie-Galante Airport,GP,GP-U-A,Grand Bourg,medium,15.868925,-61.270087
GBK,Gbangbatok Airport,SL,SL-S,Gbangbatok,small,7.812535,-12.377815
GBL,South Goulburn Is Airport,AU,AU-NT,,small,-11.65,133.382004
GBM,Garbaharey Airport,SO,SO-GE,Garbaharey,small,3.32294,42.21309
GBP,Gamboola Airport,AU,AU-QLD,Gamboola,small,-16.54412,143.668155
GBR,Walter J. Koladza Airport,US,US-MA,Great Barrington,small,42.18420029,-73.40319824
GBT,Gorgan Airport,IR,IR-27,Gorgan,medium,36.9094009399,54.4012985229
GBU,Khashm El Girba Airport,SD,SD-06,Khashm El Girba,small,14.925,35.877998
GBV,Gibb River Airport,AU,AU-WA,Gibb,small,-16.418661,126.445685
GBW,Ginbata Airport,AU,AU-WA,Ginbata,small,-22.5812,120.03553
GBZ,Great Barrier Aerodrome,NZ,NZ-AUK,Claris,small,-36.24140167236328,175.4720001220703
GCA,Guacamayas Airport,CO,CO-HUI,Guacamayas,small,2.283333,-74.95
GCC,Northeast Wyoming Regional Airport,US,US-WY,Gillette,medium,44.3489,-105.539001
GCD,Grand Coulee Dam Airport,US,US-WA,Electric City,small,47.922000885,-119.083000183
GCH,Gachsaran Airport,IR,IR-17,Gachsaran,medium,30.333869,50.833796
GCI,Guernsey Airport,GG,GG-U-A,Saint Peter Port,medium,49.435001,-2.60197
GCJ,Grand Central Airport,ZA,ZA-GT,Midrand,medium,-25.986299514799995,28.1401004791
GCK,Garden City Regional Airport,US,US-KS,Garden City,medium,37.9275016785,-100.723999023
GCM,Owen Roberts International Airport,KY,KY-GC,George Town,large,19.292801,-81.357697
GCN,Grand Canyon National Park Airport,US,US-AZ,Grand Canyon - Tusayan,medium,35.9524,-112.147003
GCT,Grand Canyon Bar Ten Airstrip,US,US-AZ,Littlefield,small,36.258614,-113.231159
GCV,Gravatai Airport,BR,BR-RS,Gravatai,small,-29.9494,-50.98505
GCW,Grand Canyon West Airport,US,US-AZ,Peach Springs,small,35.985787,-113.817072
GCY,Greeneville Municipal Airport,US,US-TN,Greeneville,small,36.195648,-82.811482
GDB,Gondia Airport,IN,IN-MM,Gondia,medium,21.526817,80.290347
GDC,Donaldson Field Airport,US,US-SC,Greenville,small,34.758301,-82.376404
GDD,Gordon Downs Airport,AU,AU-WA,Gordon Downs,small,-18.6781005859375,128.5919952392578
GDE,Gode Airport,ET,ET-SO,Gode,medium,5.93513011932,43.5786018372
GDH,Golden Horn Lodge Seaplane Base,US,US-AK,Golden Horn Lodge,seaplane_base,59.7470016479,-158.875
GDI,Gordil Airport,CF,CF-BB,Melle,small,9.581117,21.728172
GDL,Aeropuerto Internacional Miguel Hidalgo,MX,MX-JAL,Guadalajara,large,20.523342,-103.310108
GDM,Gardner Municipal Airport,US,US-MA,Gardner,small,42.5499992371,-72.0160980225
GDN,Gdańsk Lech Wałęsa Airport,PL,PL-PM,Gdańsk,large,54.377602,18.4662
GDO,Guasdualito Airport,VE,VE-C,Guasdualito,medium,7.210834,-70.756386
GDP,Guadalupe Airport,BR,BR-PI,Guadalupe,small,-6.782219886779785,-43.58219909667969
GDQ,Gondar Airport,ET,ET-AM,Azezo,medium,12.5199,37.433998
GDR,Angra dos Reis Airport,BR,BR-RJ,Angra dos Reis,small,-22.9753,-44.307098
GDT,JAGS McCartney International Airport,TC,TC-GT,Cockburn Town,medium,21.4445,-71.142303
GDV,Dawson Community Airport,US,US-MT,Glendive,medium,47.137658,-104.80691
GDW,Gladwin Zettel Memorial Airport,US,US-MI,Gladwin,small,43.9706001282,-84.47499847410002
GDX,Sokol Airport,RU,RU-MAG,Magadan,medium,59.9109992980957,150.72000122070312
GDZ,Gelendzhik Airport,RU,RU-KDA,Gelendzhik,medium,44.5820926295,38.0124807358
GEA,Nouméa Magenta Airport,NC,NC-U-A,Nouméa,medium,-22.25812,166.472783
GEB,Gebe Airport,ID,ID-MU,Gebe Island,small,-0.078889,129.457993
GEC,Lefkoniko Airport / Geçitkale Air Base,CY,CY-03,Lefkoniko (Geçitkale),medium,35.23591,33.720088
GED,Delaware Coastal Airport,US,US-DE,Georgetown,small,38.689201,-75.358902
GEE,Georgetown Airport,AU,AU-TAS,Georgetown,small,-41.079491,146.839061
GEF,Geva Airport,SB,SB-WE,Liangia,small,-7.575829982757568,156.5970001220703
GEG,Spokane International Airport,US,US-WA,Spokane,medium,47.6199,-117.533997
GEL,Santo Ângelo Airport,BR,BR-RS,Santo Ângelo,medium,-28.282503,-54.169623
GEM,President Obiang Nguema International Airport,GQ,GQ-WN,Mengomeyén,small,1.685334,11.024394
GEO,Cheddi Jagan International Airport,GY,GY-DE,Georgetown,medium,6.49855,-58.254101
GER,Rafael Cabrera Airport,CU,CU-99,Nueva Gerona,medium,21.834699630737305,-82.78379821777344
GES,General Santos International Airport,PH,PH-SCO,General Santos,medium,6.05800008774,125.096000671
GET,Geraldton Airport,AU,AU-WA,Geraldton,medium,-28.796101,114.707001
GEV,Gällivare Airport,SE,SE-BD,Gällivare,medium,67.13240051269531,20.814599990844727
GEW,Gewoia Airport,PG,PG-NPP,Gewoia,small,-9.2263,148.4949
GEY,South Big Horn County Airport,US,US-WY,Greybull,small,44.51679993,-108.0830002
GFA,Malmstrom Air Force Base,US,US-MT,Great Falls,heliport,47.504699707,-111.18699646
GFD,Pope Field,US,US-IN,Greenfield,small,39.790715,-85.735019
GFE,Grenfell Airport,AU,AU-NSW,Grenfell,small,-34.0,148.132995605
GFF,Griffith Airport,AU,AU-NSW,Griffith,medium,-34.2508010864,146.067001343
GFK,Grand Forks International Airport,US,US-ND,Grand Forks,medium,47.949299,-97.176102
GFL,Floyd Bennett Memorial Airport,US,US-NY,Glens Falls,medium,43.3412017822,-73.6102981567
GFN,Clarence Valley Regional Airport,AU,AU-NSW,Grafton,medium,-29.754795,153.031234
GFO,Bartica A Airport,GY,GY-CU,Bartica,small,6.358864,-58.655207
GFR,Granville Airport,FR,FR-NOR,Granville,medium,48.883099,-1.56417
GFY,Grootfontein Airport,,NA-OD,Grootfontein,medium,-19.6022,18.1227
GGB,Frederico Carlos Müller Airport,BR,BR-MT,Água Boa,small,-14.019959,-52.152003
GGC,Lumbala Airport,AO,AO-MOX,Lumbala N'guimbo,small,-14.105106,21.45083
GGD,Gregory Downs Airport,AU,AU-QLD,,small,-18.625,139.23300170898438
GGE,Georgetown County Airport,US,US-SC,Georgetown,small,33.3116989136,-79.3196029663
GGF,Almeirim Airport,BR,BR-PA,Almeirim,small,-1.479524,-52.578214
GGG,East Texas Regional Airport,US,US-TX,Longview,medium,32.38399887084961,-94.71150207519533
GGH,Engenheiro Gastão de Mesquita Filho Airport,BR,BR-PR,Cianorte,small,-23.69157,-52.642091
GGJ,Guaíra Airport,BR,BR-PR,Guaíra,small,-24.0811,-54.1917
GGM,Kakamega Airport,KE,KE-900,Kakamega,small,0.271342009306,34.7873001099
GGN,Gagnoa Airport,CI,CI-SM,Gagnoa,small,6.102855,-5.986809
GGO,Guiglo Airport,CI,CI-MG,Guiglo,small,6.534711,-7.526847
GGR,Garowe Airport,SO,SO-NU,Garowe,small,8.457942,48.567407
GGS,Gobernador Gregores Airport,AR,AR-Z,Gobernador Gregores,small,-48.7831,-70.150002
GGT,Exuma International Airport,BS,BS-EX,Moss Town,medium,23.562599,-75.877998
GGW,Wokal Field/Glasgow-Valley County Airport,US,US-MT,Glasgow,medium,48.212502,-106.614998
GHA,Noumérat - Moufdi Zakaria Airport,DZ,DZ-47,El Atteuf,medium,32.384102,3.79411
GHB,Governor's Harbour Airport,BS,BS-CE,Governor's Harbour,medium,25.2847,-76.331001
GHC,Great Harbour Cay Airport,BS,BS-BY,Bullocks Harbour,medium,25.7383,-77.840103
GHE,Garachiné Airport,PA,PA-5,Garachiné,small,8.0644,-78.3673
GHF,Giebelstadt Airport,DE,DE-BY,Giebelstadt,small,49.6480560303,9.966388702390002
GHK,Gahcho Kue,CA,CA-NT,,small,63.435198,-109.144812
GHM,Centerville Municipal Airport,US,US-TN,Centerville,small,35.8373985291,-87.44539642330001
GHN,Guanghan Airport,CN,CN-51,Deyang (Guanghan),small,30.9485,104.3296
GHS,Melalan Airport,ID,ID-KI,Melak-Borneo Island,small,-0.203611,115.760002
GHT,Ghat Airport,LY,LY-GT,Ghat,medium,25.1455993652,10.1426000595
GHU,Gualeguaychu Airport,AR,AR-E,Gualeguaychu,medium,-33.005567,-58.612833
GHV,Brașov-Ghimbav International Airport,RO,RO-BV,Brașov (Ghimbav),medium,45.70558,25.522871
GIB,Gibraltar Airport,GI,GI-U-A,Gibraltar,medium,36.151199,-5.34966
GIC,Boigu Island Airport,AU,AU-QLD,Boigu Island,small,-9.23278,142.218002
GID,Gitega Airport,BI,BI-GI,Gitega,small,-3.417209,29.911308
GIF,Winter Haven Regional Airport - Gilbert Field,US,US-FL,Winter Haven,small,28.062901,-81.753304
GIG,Rio Galeão – Tom Jobim International Airport,BR,BR-RJ,Rio De Janeiro,large,-22.809999,-43.250557
GII,Siguiri Airport,GN,GN-K,Siguiri,small,11.399833,-9.18841
GIL,Gilgit Airport,PK,PK-GB,Gilgit,medium,35.918800354003906,74.33360290527344
GIM,Miele Mimbale Airport,GA,GA-6,Miele Mimbale,small,-0.02894,11.418021
GIR,Santiago Vila Airport,CO,CO-CUN,Girardot,medium,4.27624,-74.7967
GIS,Gisborne Airport,NZ,NZ-GIS,Gisborne,medium,-38.6633,177.977997
GIT,Mchauru Airport,TZ,TZ-31,Geita,small,-2.813667,32.172472
GIU,Sigiriya Air Force Base,LK,LK-2,Sigiriya,small,7.95667,80.7285
GIY,Giyani Airport,ZA,ZA-NP,Giyani,small,-23.2833,30.65
GIZ,Jizan Regional Airport / King Abdullah bin Abdulaziz Airport,SA,SA-09,Jizan,medium,16.9011,42.5858
GJA,La Laguna Airport,HN,HN-IB,Guanaja,medium,16.4454,-85.906601
GJL,Jijel Ferhat Abbas Airport,DZ,DZ-18,Tahir,medium,36.795101,5.87361
GJM,Guajará-Mirim Airport,BR,BR-RO,Guajará-Mirim,medium,-10.78641,-65.28486
GJR,Gjögur Airport,IS,IS-4,Gjögur,small,65.9953,-21.3269
GJT,Grand Junction Regional Airport,US,US-CO,Grand Junction,medium,39.126663,-108.529387
GKA,Goroka Airport,PG,PG-EHG,Goronka,medium,-6.081689834590001,145.391998291
GKD,Gökçeada Airport,TR,TR-17,Gökçeada,small,40.204498,25.883302
GKE,Geilenkirchen Air Base,DE,DE-NW,Geilenkirchen,medium,50.9608,6.04242
GKH,Palungtar Airport,NP,NP-P4,Gorkha,small,28.0385,84.4664
GKK,Kooddoo Airport,MV,MV-27,Huvadhu Atoll,small,0.7324,73.4336
GKL,Great Keppel Is Airport,AU,AU-QLD,Great Keppel Island,small,-23.184575,150.94164
GKN,Gulkana Airport,US,US-AK,Gulkana,medium,62.155859,-145.454662
GKT,Gatlinburg-Pigeon Forge Airport,US,US-TN,Sevierville,small,35.85779953,-83.52870178219999
GLA,Glasgow International Airport,GB,GB-SCT,"Paisley, Renfrewshire",large,55.871899,-4.43306
GLB,San Carlos Apache Airport,US,US-AZ,Globe,small,33.3531,-110.667
GLC,Geladi Airport,ET,ET-SO,Geladi,small,6.984439849849999,46.4213981628
GLD,Goodland Municipal Airport,US,US-KS,Goodland,medium,39.370701,-101.699753
GLE,Gainesville Municipal Airport,US,US-TX,Gainesville,small,33.651401519800004,-97.1969985962
GLF,Golfito Airport,CR,CR-P,Golfito,medium,8.65401,-83.182198
GLG,Glengyle Airport,AU,AU-QLD,,small,-24.808300018310547,139.60000610351562
GLH,Mid Delta Regional Airport,US,US-MS,Greenville,medium,33.482899,-90.985603
GLI,Glen Innes Airport,AU,AU-NSW,Glen Innes,medium,-29.676029,151.691156
GLK,Galcaio Airport,SO,SO-MU,Galcaio,small,6.78082990646,47.45470047
GLL,Gol Airport,NO,NO-30,Klanten flyplass,small,60.791066,9.048672
GLM,Glenormiston Airport,AU,AU-QLD,,small,-22.8883,138.824997
GLN,Guelmim Airport,MA,MA-TIZ,Guelmim,small,29.026699,-10.0503
GLO,Gloucestershire Airport,GB,GB-ENG,Staverton,medium,51.89419937133789,-2.167220115661621
GLP,Gulgubip Airport,PG,PG-WPD,Gulgubip,small,-5.2808,141.5411
GLR,Gaylord Regional Airport,US,US-MI,Gaylord,small,45.0135002136,-84.7035980225
GLS,Scholes International At Galveston Airport,US,US-TX,Galveston,medium,29.265301,-94.860397
GLT,Gladstone Airport,AU,AU-QLD,Gladstone,medium,-23.869763,151.225439
GLU,Gelephu Airport,BT,BT-31,Gelephu,medium,26.88456,90.46412
GLV,Golovin Airport,US,US-AK,Golovin,small,64.550499,-163.007004
GLW,Glasgow Municipal Airport,US,US-KY,Glasgow,small,37.03179932,-85.9536972
GLX,Gamarmalamo Airport,ID,ID-MU,Galela-Celebes Island,small,1.83833,127.786003
GLZ,Gilze Rijen Air Base,NL,NL-NB,Rijen,medium,51.567402,4.93183
GMA,Gemena Airport,CD,CD-SU,Gemena,medium,3.23537,19.771299
GMB,Gambela Airport,ET,ET-GA,Gambela,medium,8.12876,34.563099
GMC,Guerima Airport,CO,CO-VID,Puerto Carreño,small,3.629996,-70.323028
GMD,Ben Slimane Airport,MA,MA-CAS,Ben Slimane,small,33.655399,-7.22145
GME,Gomel Airport,BY,BY-HO,Gomel,medium,52.527000427246094,31.016700744628903
GMI,Gasmata Island Airport,PG,PG-WBK,Gasmata Island,small,-6.27111005783,150.330993652
GMM,Gamboma Airport,CG,CG-14,Gamboma,small,-1.829403,15.885237
GMN,Greymouth Airport,NZ,NZ-WTC,,small,-42.4617,171.190002
GMO,Gombe Lawanti International Airport,NG,NG-GO,Gombe,medium,10.298889,10.9
GMP,Gimpo International Airport,KR,KR-11,Seoul,large,37.5583,126.791
GMQ,Golog Maqên Airport,CN,CN-63,Golog (Maqên),medium,34.418066,100.301144
GMR,Totegegie Airport,PF,PF-U-A,,medium,-23.07990074157715,-134.88999938964844
GMS,Antônio Guerreiro Airport,BR,BR-MA,Guimarães,small,-2.109444,-44.651114
GMT,Granite Mountain Air Station,US,US-AK,Granite Mountain,small,65.40209961,-161.2810059
GMU,Greenville Downtown Airport,US,US-SC,Greenville,medium,34.847903,-82.350217
GMV,Monument Valley Airport,US,US-UT,Oljato-Monument Valley,small,37.015868,-110.202031
GMZ,La Gomera Airport,ES,ES-CN,"Alajero, La Gomera Island",small,28.0296,-17.2146
GNA,Hrodna Airport,BY,BY-HR,Hrodna,medium,53.60200119018555,24.053800582885746
GNB,Grenoble-Isère Airport,FR,FR-ARA,Saint-Étienne-de-Saint-Geoirs,medium,45.3629,5.32937
GND,Maurice Bishop International Airport,GD,GD-GE,Saint George's,medium,12.0042,-61.786201
GNE,Ghent/Industry Zone Heliport,BE,BE-VOV,Gent,heliport,51.020551,3.730341
GNF,Gansner Field,US,US-CA,Quincy,small,39.943902,-120.945
GNG,Gooding Municipal Airport,US,US-ID,Gooding,small,42.91719818,-114.7649994
GNI,Lyudao Airport,TW,TW-TTT,Lyudao,small,22.673900604248047,121.46600341796876
GNJ,Ganja International Airport,AZ,AZ-GA,Ganja,medium,40.737701,46.3176
GNM,Guanambi Airport,BR,BR-BA,Guanambi,small,-14.2082,-42.746101
GNN,Ghinnir Airport,ET,ET-OR,Ghinnir,small,7.15000009537,40.716999054
GNR,Dr. Arturo H. Illia Airport,AR,AR-R,General Roca,small,-39.000702,-67.620499
GNS,Binaka Airport,ID,ID-SU,Gunungsitoli,medium,1.16628,97.704327
GNT,Grants-Milan Municipal Airport,US,US-NM,Grants,small,35.167301178,-107.902000427
GNU,Goodnews Airport,US,US-AK,Goodnews,small,59.117561,-161.575241
GNV,Gainesville Regional Airport,US,US-FL,Gainesville,medium,29.6900997162,-82.2717971802
GNY,Şanlıurfa GAP Airport,TR,TR-63,Şanlıurfa,medium,37.445663,38.895592
GNZ,Ghanzi Airport,BW,BW-GH,Ghanzi,small,-21.6924991607666,21.658100128173828
GOA,Genoa Cristoforo Colombo Airport,IT,IT-42,Genova (GE),medium,44.412039,8.840732
GOB,Robe Airport,ET,ET-OR,Goba,small,7.119033,40.045166
GOC,Gora Airstrip,PG,PG-NPP,Gora,small,-9.0021,148.2364
GOE,Gonaili Airport,PG,PG-EBR,Gonaili,small,-5.527716614,151.5733333
GOG,Gobabis Airport,,NA-OH,Gobabis,small,-22.5044,18.973101
GOH,Nuuk Airport,GL,GL-SE,Nuuk,medium,64.193022,-51.676512
GOI,Dabolim Airport,IN,IN-GA,Vasco da Gama,large,15.3808,73.831398
GOJ,Nizhny Novgorod Strigino International Airport,RU,RU-NIZ,Nizhny Novgorod,medium,56.230098724365,43.784000396729
GOK,Guthrie-Edmond Regional Airport,US,US-OK,Guthrie,small,35.84980011,-97.41560364
GOL,Gold Beach Municipal Airport,US,US-OR,Gold Beach,small,42.41339874,-124.4240036
GOM,Goma International Airport,CD,CD-NK,Goma,medium,-1.66617,29.237929
GON,Groton New London Airport,US,US-CT,Groton,medium,41.330101,-72.045097
GOO,Goondiwindi Airport,AU,AU-QLD,,small,-28.5214,150.320007
GOP,Gorakhpur Airport,IN,IN-UP,Gorakhpur,medium,26.739700317399997,83.4496994019
GOQ,Golmud Airport,CN,CN-63,Golmud,medium,36.4006,94.786102
GOR,Gore Airport,ET,ET-OR,Gore,small,8.1614,35.5529
GOS,Somersby Airstrip,AU,AU-NSW,Gosford,small,-33.367681,151.299806
GOT,Gothenburg-Landvetter Airport,SE,SE-Q,Gothenburg,large,57.662799835205,12.279800415039
GOU,Garoua International Airport,CM,CM-NO,Garoua,medium,9.33588981628418,13.370100021362305
GOV,Gove Airport,AU,AU-NT,Nhulunbuy,medium,-12.269399642899998,136.817993164
GOX,Manohar International Airport,IN,IN-GA,Mopa,large,15.744257,73.860625
GOY,Tura Mountain Airport,RU,RU-KYA,Tura,small,64.333511,100.432892
GOZ,Gorna Oryahovitsa Airport,BG,BG-04,Gorna Oryahovitsa,medium,43.151402,25.7129
GPA,Patras Araxos Agamemnon Airport,GR,GR-G,Patras,medium,38.1511,21.4256
GPB,Tancredo Thomas de Faria Airport,BR,BR-PR,Guarapuava,small,-25.388327,-51.52349
GPD,Mount Gordon Airport,AU,AU-QLD,Mount Gordon Mine,small,-19.77265,139.40425
GPI,Juan Casiano Airport,CO,CO-CAU,Guapi,medium,2.57013,-77.897969
GPL,Guapiles Airport,CR,CR-L,Pococi,medium,10.2172002792,-83.79699707030001
GPN,Garden Point Airport,AU,AU-NT,Pirlangimpi,medium,-11.399686,130.425568
GPO,General Pico Airport,AR,AR-L,General Pico,medium,-35.696201,-63.758301
GPS,Seymour Galapagos Ecological Airport,EC,EC-W,Isla Baltra,small,-0.453758,-90.2659
GPT,Gulfport Biloxi International Airport,US,US-MS,Gulfport,medium,30.407301,-89.070099
GPZ,Grand Rapids Itasca Co-Gordon Newstrom field,US,US-MN,Grand Rapids,small,47.21110153,-93.50980377
GQQ,Galion Municipal Airport,US,US-OH,Galion,small,40.7533988953,-82.7238006592
GRA,Gamarra Airport,CO,CO-CES,Puerto Mosquito,small,8.20199,-73.7653
GRB,Austin Straubel International Airport,US,US-WI,Green Bay,medium,44.483459,-88.130805
GRC,Grand Cess Airport,LR,LR-GK,Grand Cess,small,4.571,-8.2076
GRD,Greenwood County Airport,US,US-SC,Greenwood,small,34.248699,-82.159103
GRE,Greenville Airport,US,US-IL,Greenville,small,38.836844,-89.376525
GRF,Gray Army Air Field,US,US-WA,Fort Lewis/Tacoma,medium,47.07920074,-122.5810013
GRG,Gardez Airport,AF,AF-PIA,Gardez,small,33.627366,69.237023
GRI,Central Nebraska Regional Airport,US,US-NE,Grand Island,medium,40.967498779296875,-98.30960083007812
GRJ,George Airport,ZA,ZA-WC,George,medium,-34.0056,22.378902
GRK,Killeen-Fort Hood Regional Airport / Robert Gray Army Air Field,US,US-TX,Killeen,medium,31.0672,-97.828903
GRL,Garasa Airport,PG,PG-MPL,Au,small,-7.980713,147.213461
GRM,Grand Marais Cook County Airport,US,US-MN,Grand Marais,small,47.8382987976,-90.3828964233
GRN,Gordon Municipal Airport,US,US-NE,Gordon,small,42.8059997559,-102.175003052
GRO,Girona-Costa Brava Airport,ES,ES-CT,Girona,medium,41.904639,2.761774
GRP,Gurupi Airport,BR,BR-TO,Gurupi,small,-11.7396,-49.132198
GRQ,Groningen Airport Eelde,NL,NL-DR,Groningen,medium,53.119701,6.57944
GRR,Gerald R. Ford International Airport,US,US-MI,Grand Rapids,medium,42.88079834,-85.52279663
GRS,Grosseto Air Base,IT,IT-52,Grosetto,medium,42.759701,11.0719
GRT,Gujrat Airport,PK,PK-PB,Gujrat,small,32.62826,74.067287
GRU,Guarulhos - Governador André Franco Montoro International Airport,BR,BR-SP,São Paulo,large,-23.431944,-46.467778
GRV,Grozny Airport,RU,RU-CE,Grozny,medium,43.388106,45.699772
GRW,Graciosa Airport,PT,PT-20,Santa Cruz da Graciosa,medium,39.09220123291016,-28.029800415039062
GRX,F.G.L. Airport Granada-Jaén Airport,ES,ES-AN,Granada,medium,37.188702,-3.77736
GRY,Grímsey Airport,IS,IS-6,Grímsey,small,66.5458,-18.0173
GRZ,Graz Airport,AT,AT-6,Feldkirchen bei Graz,medium,46.9911,15.4396
GSA,Long Pasia Airport,MY,MY-12,Long Miau,small,4.409756,115.724473
GSB,Seymour Johnson Air Force Base,US,US-NC,Goldsboro,medium,35.339401,-77.960602
GSC,Gascoyne Junction Airport,AU,AU-WA,Gascoyne Junction,small,-25.0546,115.2026
GSE,Gothenburg City Airport,SE,SE-Q,Gothenburg,medium,57.7747,11.8704
GSH,Goshen Municipal Airport,US,US-IN,Goshen,small,41.5264015198,-85.79290008539999
GSI,Grand-Santi Airport,GF,GF-SL,Grand-Santi,small,4.285833,-54.373056
GSJ,San José Airport,GT,GT-ES,Puerto San José,medium,13.9362001419,-90.8358001709
GSL,Taltheilei Narrows Airport,CA,CA-NT,Taltheilei Narrows,small,62.5980987549,-111.542999268
GSM,Qeshm Dayrestan International Airport,IR,IR-22,Dayrestan,small,26.754639,55.902353
GSN,Mount Gunson Airport,AU,AU-SA,Mount Gunson,small,-31.4597,137.174443333
GSO,Piedmont Triad International Airport,US,US-NC,Greensboro,medium,36.097801,-79.937302
GSP,Greenville Spartanburg International Airport,US,US-SC,Greer,medium,34.895699,-82.218903
GSQ,El Owainat East International Airport,EG,EG-WAD,Sharq El Owainat,small,22.584256,28.721609
GSR,Gardo Airport,SO,SO-BR,Gardo,small,9.545975,49.119148
GSS,Sabi Sabi Airport,ZA,ZA-MP,Belfast,small,-24.9473754342,31.4488477707
GST,Gustavus Airport,US,US-AK,Gustavus,medium,58.4253006,-135.7070007
GSV,Gagarin International Airport,RU,RU-SAR,Saratov,large,51.712778,46.171111
GTA,Gatokae Aerodrome,SB,SB-WE,Gatokae,small,-8.738358,158.202836
GTC,Chato/Geita Airport,TZ,TZ-31,Chato District,small,-2.74233,31.70683
GTE,Groote Eylandt Airport,AU,AU-NT,Groote Eylandt,medium,-13.972405,136.458553
GTF,Great Falls International Airport,US,US-MT,Great Falls,medium,47.48199844,-111.3710022
GTG,Grantsburg Municipal Airport,US,US-WI,Grantsburg,small,45.7980995178,-92.6643981934
GTI,Flugplatz Güttin / Rügen,DE,DE-MV,Rügen,small,54.383331,13.325556
GTK,Sungai Tekai Airport,MY,MY-01,Sungai Tekai,small,2.64118,102.89297
GTN,Glentanner Airport,NZ,NZ-CAN,Glentanner Station,medium,-43.906700134277344,170.1280059814453
GTO,Jalaluddin Airport,ID,ID-GO,Gorontalo-Celebes Island,small,0.63711899519,122.849998474
GTP,Grants Pass Airport,US,US-OR,Grants Pass,small,42.510101,-123.388
GTR,Golden Triangle Regional Airport,US,US-MS,Columbus/W Point/Starkville,medium,33.450298,-88.5914
GTS,The Granites Airport,AU,AU-NT,The Granites Gold Mine,small,-20.5483,130.347
GTT,Georgetown Airport,AU,AU-QLD,Georgetown,small,-18.302676,143.530925
GTY,Gettysburg Regional Airport,US,US-PA,Gettysburg,small,39.841222,-77.274699
GTZ,Kirawira B Aerodrome,TZ,TZ-13,Grumeti Game Reserve,small,-2.160833,34.225556
GUA,La Aurora Airport,GT,GT-GU,Guatemala City,large,14.5833,-90.527496
GUB,Guerrero Negro Airport,MX,MX-BCN,San Quintín,small,28.0261,-114.024002
GUC,Gunnison Crested Butte Regional Airport,US,US-CO,Gunnison,medium,38.534672,-106.934566
GUD,Goundam Airport,ML,ML-6,Goundam,small,16.358426,-3.604536
GUE,Guriaso (Keraso) Airport,PG,PG-SAN,Guriaso,small,-3.583167,141.5895
GUF,Jack Edwards National Airport,US,US-AL,Gulf Shores,small,30.290501,-87.671799
GUG,Guari Airport,PG,PG-CPM,Guari,small,-8.1286,146.8722
GUH,Gunnedah Airport,AU,AU-NSW,,medium,-30.957511,150.248981
GUI,Guiria Airport,VE,VE-R,,medium,10.5740776062,-62.3126678467
GUJ,Edu Chaves Field,BR,BR-SP,Guaratinguetá,medium,-22.791599,-45.2048
GUL,Goulburn Airport,AU,AU-NSW,,medium,-34.810298919677734,149.7259979248047
GUM,Antonio B. Won Pat International Airport,GU,GU-U-A,Hagåtña,large,13.4834,144.796005
GUO,Guriel Airport,SO,SO-GA,Guriel,small,5.317412,45.985308
GUP,Gallup Municipal Airport,US,US-NM,Gallup,medium,35.511653,-108.788166
GUQ,Guanare Airport,VE,VE-P,Guanare,medium,9.026944,-69.75515
GUR,Gurney Airport,PG,PG-MBA,Gurney,medium,-10.3114995956,150.333999634
GUS,Grissom Air Reserve Base,US,US-IN,Peru,medium,40.648102,-86.1521
GUU,Grundarfjörður Airport,IS,IS-3,Grundarfjörður,small,64.991402,-23.224701
GUV,Mougulu Airport,PG,PG-WPD,Mougulu,small,-6.280859,142.420775
GUW,Atyrau International Airport,KZ,KZ-ATY,Atyrau,medium,47.122559,51.819321
GUX,Guna Airport,IN,IN-MP,,small,24.654699,77.347298
GUY,Guymon Municipal Airport,US,US-OK,Guymon,medium,36.6851005554,-101.508003235
GUZ,Guarapari Airport,BR,BR-ES,Guarapari,small,-20.6465,-40.491901
GVA,Geneva Cointrin International Airport,CH,CH-GE,Geneva,large,46.238098,6.10895
GVE,Gordonsville Municipal Airport,US,US-VA,Gordonsville,small,38.155998,-78.165802
GVI,Green River Airport,PG,PG-SAN,Green River,small,-3.90224289894,141.170516968
GVL,Lee Gilmer Memorial Airport,US,US-GA,Gainesville,small,34.27259827,-83.8302002
GVN,Sovetskaya Gavan (Maygatka) Airport,RU,RU-KHA,Sovetskaya Gavan,medium,48.925067,140.035348
GVP,Greenvale Airport,AU,AU-QLD,,small,-18.9966,145.0136
GVR,Coronel Altino Machado Airport,BR,BR-MG,Governador Valadares,medium,-18.895882,-41.982869
GVT,Majors Airport,US,US-TX,Greenville,small,33.0677986145,-96.0652999878
GVX,Gävle Sandviken Airport,SE,SE-X,Gävle / Sandviken,medium,60.5933,16.951401
GWA,Gwa Airport,MM,MM-16,Gwa,small,17.600000381469727,94.5832977294922
GWD,Gwadar International Airport,PK,PK-BA,Gwadar,medium,25.232391,62.327671
GWE,Gweru - Thornhill Air Base,ZW,ZW-MI,Gweru,medium,-19.436718,29.861945
GWL,Gwalior Airport,IN,IN-MP,Gwalior,medium,26.29330062866211,78.22779846191406
GWO,Greenwood–Leflore Airport,US,US-MS,Greenwood,medium,33.4943008423,-90.0847015381
GWS,Glenwood Springs Municipal Airport,US,US-CO,Glenwood Springs,small,39.5083007812,-107.310997009
GWT,Westerland Sylt Airport,DE,DE-SH,Westerland,medium,54.9132,8.34047
GWV,Glendale Fokker Field,US,US-WV,Glendale,small,39.948699951200005,-80.7594985962
GWY,Galway Airport,IE,IE-G,Galway,medium,53.300201416015625,-8.941590309143066
GXF,Seiyun Hadhramaut International Airport,YE,YE-HD,Seiyun,medium,15.9661,48.7883
GXG,Negage Airport,AO,AO-UIG,Negage,medium,-7.754509925842285,15.287699699401855
GXH,Gannan Xiahe Airport,CN,CN-62,Gannan (Xiahe),medium,34.819014,102.622261
GXQ,Teniente Vidal Airport,CL,CL-AI,Coyhaique,medium,-45.5942,-72.106102
GXX,Yagoua Airport,CM,CM-EN,Yagoua,small,10.3561,15.2372
GXY,Greeley–Weld County Airport,US,US-CO,Greeley,small,40.4374008179,-104.633003235
GYA,Guayaramerín Airport,BO,BO-B,Guayaramerín,medium,-10.88856,-65.380955
GYB,Port Hedland/Wodgina Airport,AU,AU-WA,Wodgina,small,-21.036568,118.642936
GYD,Heydar Aliyev International Airport,AZ,AZ-BA,Baku,large,40.467498779296875,50.04669952392578
GYE,José Joaquín de Olmedo International Airport,EC,EC-G,Guayaquil,large,-2.15742,-79.883598
GYG,Magan Airport,RU,RU-SA,Magan,medium,62.103484,129.545288
GYI,Gisenyi Airport,RW,RW-04,Gisenyi,medium,-1.6771999597549438,29.258899688720703
GYL,Argyle Airport,AU,AU-WA,,small,-16.6369,128.451004
GYM,General José María Yáñez International Airport,MX,MX-SON,Guaymas,medium,27.9689998626709,-110.9250030517578
GYN,Santa Genoveva Airport,BR,BR-GO,Goiânia,medium,-16.632,-49.220699
GYO,Blangkejeren Airport,ID,ID-AC,Kabupaten Gayo Lues,small,3.94548,97.35968
GYP,Gympie Airport,AU,AU-QLD,,small,-26.290149,152.702998
GYR,Phoenix Goodyear Airport,US,US-AZ,Goodyear,small,33.4225006104,-112.375999451
GYS,Guangyuan Panlong Airport,CN,CN-51,Guangyuan (Lizhou),medium,32.390254,105.694571
GYU,Guyuan Liupanshan Airport,CN,CN-64,Guyuan (Yuanzhou),medium,36.078889,106.216944
GYY,Gary Chicago International Airport,US,US-IN,Gary,medium,41.61629867553711,-87.41280364990234
GYZ,Gruyere Airport,AU,AU-WA,Cosmo Newbery,small,-28.034548,123.81506
GZG,Garze Gesar Airport,CN,CN-51,Garzê (Garzê),small,31.7575,99.554167
GZI,Ghazni Airport,AF,AF-GHA,Ghazni,small,33.487853,68.525243
GZO,Nusatupe Airport,SB,SB-WE,Gizo,small,-8.09778022766,156.863998413
GZP,Gazipaşa-Alanya Airport,TR,TR-07,Gazipaşa,medium,36.299217,32.300598
GZT,Gaziantep International Airport,TR,TR-27,Gaziantep,medium,36.947201,37.478699
GZW,Qazvin Airport,IR,IR-26,Qazvin,medium,36.240101,50.0471
HAA,Hasvik Airport,NO,NO-54,Hasvik,small,70.486701965332,22.139699935913
HAB,Marion County Rankin Fite Airport,US,US-AL,Hamilton,small,34.11759949,-87.99819946
HAC,Hachijojima Airport,JP,JP-13,Hachijojima,medium,33.115002,139.785995
HAD,Halmstad Airport,SE,SE-N,Halmstad,medium,56.69110107421875,12.820199966430664
HAE,Lava Falls Heliport,US,US-AZ,Supai Village,heliport,36.1916007996,-113.092002869
HAF,Half Moon Bay Airport,US,US-CA,Half Moon Bay,small,37.513401031499995,-122.500999451
HAH,Prince Said Ibrahim International Airport,KM,KM-G,Moroni,medium,-11.5337,43.2719
HAI,Three Rivers Municipal Dr Haines Airport,US,US-MI,Three Rivers,small,41.959801,-85.593399
HAJ,Hannover Airport,DE,DE-NI,Hannover,large,52.461102,9.68508
HAK,Haikou Meilan International Airport,CN,CN-46,Haikou (Meilan),large,19.9349,110.459
HAL,Halali Airport,,NA-OT,Halali,small,-19.0285,16.4585
HAM,Hamburg Helmut Schmidt Airport,DE,DE-HH,Hamburg,large,53.630402,9.98823
HAN,Noi Bai International Airport,VN,VN-RRD,Hanoi (Soc Son),large,21.221201,105.806999
HAO,Butler Co Regional Airport - Hogan Field,US,US-OH,Hamilton,small,39.363800048799995,-84.5220031738
HAP,Happy Bay Helipad,AU,AU-QLD,Long Island,heliport,-20.3358,148.8525
HAQ,Hanimaadhoo Airport,MV,MV-23,Haa Dhaalu Atoll,medium,6.744229793548584,73.17050170898438
HAR,Capital City Airport,US,US-PA,Harrisburg,small,40.2170982361,-76.85150146480001
HAS,Ha'il Airport,SA,SA-06,Ha'il,medium,27.437901,41.686298
HAT,Heathlands Airport,AU,AU-QLD,Shelburne,small,-11.7369,142.576996
HAU,"Haugesund Airport, Karmøy",NO,NO-11,Karmøy,medium,59.345299,5.20836
HAV,José Martí International Airport,CU,CU-03,Havana,large,22.989200592041016,-82.40910339355469
HAW,Haverfordwest Airport,GB,GB-WLS,Haverfordwest,medium,51.833099365234375,-4.9611101150512695
HAY,Haycock Airport,US,US-AK,Haycock,small,65.20099639889999,-161.156997681
HAZ,Hatzfeldhaven Airport,PG,PG-MPM,Hatzfeldhaven,small,-4.4033,145.2056
HBA,Hobart International Airport,AU,AU-TAS,Hobart,medium,-42.836101532,147.509994507
HBB,Industrial Airpark,US,US-NM,Hobbs,small,32.7668,-103.209
HBD,Habi Airport,PG,PG-WPD,Habi,small,-6.32,142.4893
HBE,Borj El Arab International Airport,EG,EG-ALX,Alexandria,medium,30.93249,29.696437
HBG,Hattiesburg Bobby L Chain Municipal Airport,US,US-MS,Hattiesburg,medium,31.26479912,-89.25279999
HBH,Entrance Island Seaplane Base,US,US-AK,Entrance Island,seaplane_base,57.412201,-133.43848
HBK,Holbrook Municipal Airport,US,US-AZ,Holbrook,small,34.940700531,-110.138000488
HBQ,Haibei Qilian Airport,CN,CN-63,Haibei (Qilian),small,38.008068,100.645065
HBR,Hobart Regional Airport,US,US-OK,Hobart,medium,34.991317,-99.051313
HBT,Hambantota Seaplane Base,LK,LK-3,Hambantota,seaplane_base,6.124043,81.103
HBU,Bulgan Sum Airport,MN,MN-043,Bulgan,small,46.100601,91.584198
HBX,Hubli Airport,IN,IN-KA,Hubli,medium,15.361700058,75.08489990230001
HCA,Big Spring Mc Mahon-Wrinkle Airport,US,US-TX,Big Spring,small,32.212601,-101.522003
HCC,Columbia County Airport,US,US-NY,Hudson,small,42.2913017273,-73.7102966309
HCJ,Hechi Jinchengjiang Airport,CN,CN-45,Hechi (Jinchengjiang),medium,24.804344,107.710819
HCM,Eil Airport,SO,SO-NU,Eyl,small,8.104,49.82
HCN,Hengchun Airport,TW,TW-PIF,Hengchung,medium,22.041099548339844,120.7300033569336
HCQ,Halls Creek Airport,AU,AU-WA,,medium,-18.2339,127.669998
HCR,Holy Cross Airport,US,US-AK,Holy Cross,medium,62.18830108642578,-159.77499389648438
HCW,Cheraw Municipal Airport/Lynch Bellinger Field,US,US-SC,Cheraw,small,34.712898,-79.957001
HCZ,Chenzhou Beihu Airport,CN,CN-43,Chenzhou,medium,25.753419,112.845404
HDD,Hyderabad Airport,PK,PK-SD,Hyderabad,small,25.3181,68.366096
HDE,Brewster Field,US,US-NE,Holdrege,small,40.452099,-99.336502
HDF,Heringsdorf Airport,DE,DE-MV,Heringsdorf,medium,53.8787002563,14.152299881
HDG,Handan Airport,CN,CN-13,Handan,medium,36.525833,114.425556
HDH,Kawaihapai Airfield,US,US-HI,Mokuleia,small,21.5795,-158.197006
HDK,Kulhudhuffushi Airport,MV,MV-23,Kulhudhuffushi,small,6.630762,73.067815
HDM,Hamadan Airport,IR,IR-13,Hamadan,medium,34.869202,48.552502
HDN,Yampa Valley Airport,US,US-CO,Hayden,medium,40.481201,-107.218002
HDO,Hindon Airport / Hindon Air Force Station,IN,IN-UP,Ghaziabad,small,28.707701,77.358902
HDR,Havadarya Airport,IR,IR-22,Bandar Abbas,small,27.1583,56.172501
HDS,Hoedspruit Air Force Base Airport,ZA,ZA-NP,Hoedspruit,small,-24.3686008453,31.0487003326
HDY,Hat Yai International Airport,TH,TH-90,Hat Yai,medium,6.93320989609,100.392997742
HEA,Herat - Khwaja Abdullah Ansari International Airport,AF,AF-HER,Guzara,medium,34.209999,62.228298
HEB,Hinthada Airport,MM,MM-07,Hinthada,small,17.633329391500002,95.4666976929
HED,Herendeen Bay Airport,US,US-AK,Herendeen Bay,small,55.801399231,-160.899002075
HEE,Thompson-Robbins Airport,US,US-AR,West Helena,small,34.576571,-90.67616
HEG,Heglig Airport,SD,SD-13,Heglig Oilfield,small,9.994933,29.397718
HEH,Heho Airport,MM,MM-17,Kalaw Township,small,20.74714,96.792029
HEI,Heide-Büsum Airport,DE,DE-SH,Oesterdeichstrich,small,54.153332,8.901667
HEK,Heihe Aihui Airport,CN,CN-23,Heihe,medium,50.171621,127.308884
HEL,Helsinki Vantaa Airport,FI,FI-18,Helsinki,large,60.318363,24.963341
HEO,Haelogo Airport,PG,PG-CPM,Haelogo,small,-9.13658,147.598434
HER,Heraklion International Nikos Kazantzakis Airport,GR,GR-M,Heraklion,large,35.339699,25.1803
HES,Hermiston Municipal Airport,US,US-OR,Hermiston,small,45.828223,-119.259024
HET,Hohhot Baita International Airport,CN,CN-15,Hohhot,large,40.849658,111.824598
HEY,Hanchey Army (Fort Rucker) Heliport,US,US-AL,Fort Rucker Ozark,heliport,31.34600067,-85.65429688
HEZ,Natchez–Adams County Airport / Hardy-Anders Field,US,US-MS,Natchez,small,31.614817,-91.297331
HFA,Haifa International Airport,IL,IL-HA,Haifa,medium,32.80939865112305,35.04309844970703
HFD,Hartford Brainard Airport,US,US-CT,Hartford,medium,41.736698150635,-72.649398803711
HFE,Hefei Xinqiao International Airport,CN,CN-34,Hefei,medium,31.98779,116.9769
HFF,Mackall Army Air Field,US,US-NC,Hoffman,small,35.036087,-79.498615
HFN,Hornafjörður Airport,IS,IS-8,Höfn,medium,64.295601,-15.2272
HFS,Hagfors Airport,SE,SE-S,Råda,small,60.0201,13.5789
HFT,Hammerfest Airport,NO,NO-54,Hammerfest,medium,70.679702758789,23.668600082397
HGA,Egal International Airport,SO,SO-WO,Hargeisa,medium,9.513207,44.082389
HGD,Hughenden Airport,AU,AU-QLD,,small,-20.815000534057617,144.22500610351562
HGE,Higuerote Airport,VE,VE-M,Higuerote,small,10.462474,-66.092779
HGH,Hangzhou Xiaoshan International Airport,CN,CN-33,Hangzhou,large,30.23609,120.428865
HGI,Itanagar Donyi Polo Hollongi Airport,IN,IN-AR,Hollongi,medium,26.96683,93.638792
HGL,Helgoland-Düne Airport,DE,DE-SH,Helgoland,small,54.1852798462,7.91583299637
HGN,Mae Hong Son Airport,TH,TH-58,Mae Hong Son,medium,19.3013,97.9758
HGO,Korhogo Airport,CI,CI-SV,Korhogo,medium,9.38718,-5.55666
HGR,Hagerstown Regional Richard A Henson Field,US,US-MD,Hagerstown,medium,39.708771,-77.728014
HGS,Hastings Airport,SL,SL-W,Freetown,small,8.394348,-13.128891
HGT,Tusi (Hunter Liggett) Army Heliport,US,US-CA,Jolon,heliport,35.9935,-121.237
HGU,Mount Hagen Kagamuga Airport,PG,PG-WHM,Mount Hagen,medium,-5.828212,144.299412
HGZ,Hog River Airport,US,US-AK,Hogatza,small,66.176133,-155.684816
HHE,JMSDF Hachinohe Air Base / Hachinohe Airport,JP,JP-02,Hachinohe,medium,40.551181,141.465428
HHH,Hilton Head Airport,US,US-SC,Hilton Head Island,medium,32.2244,-80.697502
HHI,Wheeler Army Airfield,US,US-HI,Wahiawa,small,21.481637,-158.037048
HHN,Frankfurt-Hahn Airport,DE,DE-RP,Frankfurt am Main (Lautzenhausen),medium,49.9487,7.26389
HHP,Shun Tak Heliport,HK,HK-HK,Central and Western,heliport,22.288868,114.152369
HHQ,Hua Hin Airport,TH,TH-76,Hua Hin,medium,12.6361999512,99.951499939
HHR,Jack Northrop Field Hawthorne Municipal Airport,US,US-CA,Hawthorne,medium,33.922798,-118.334999
HHZ,Hikueru Airport,PF,PF-U-A,Hikueru,small,-17.548297,-142.612037
HIA,Huai'an Lianshui International Airport,CN,CN-32,Huai'an,medium,33.790833,119.125
HIB,Range Regional Airport,US,US-MN,Hibbing,medium,47.3866,-92.838997
HID,Horn Island Airport,AU,AU-QLD,Horn,medium,-10.585628,142.292653
HIE,Mount Washington Regional Airport,US,US-NH,Whitefield,small,44.36752,-71.545765
HIF,Hill Air Force Base,US,US-UT,Ogden,medium,41.12403,-111.973086
HIG,Highbury Airport,AU,AU-QLD,Highbury,small,-16.424148,143.14534
HII,Lake Havasu City International Airport,US,US-AZ,Lake Havasu City,medium,34.571098,-114.358002
HIJ,Hiroshima Airport,JP,JP-34,Hiroshima,medium,34.4361,132.919006
HIK,Hickam Air Force Base,US,US-HI,Honolulu,medium,21.335278,-157.948333
HIL,Shilavo Airport,ET,ET-SO,Shilavo,small,6.077545,44.763736
HIM,Hingurakgoda Air Force Base,LK,LK-7,Polonnaruwa Town,medium,8.04981,80.9814
HIN,Sacheon Airport / Sacheon Air Base,KR,KR-48,Sacheon,medium,35.088591,128.071747
HIO,Portland Hillsboro Airport,US,US-OR,Portland,medium,45.540401,-122.949997
HIP,Headingly Airport,AU,AU-QLD,,small,-21.33329963684082,138.2830047607422
HIR,Honiara International Airport,SB,SB-GU,Honiara,large,-9.428,160.054993
HIS,Hayman Island Resort Seaplane Base,AU,AU-QLD,Hayman Island,seaplane_base,-20.059999465942383,148.88099670410156
HIT,Haivaro Airport,PG,PG-GPK,Haivaro,small,-6.9406,143.059
HIW,Hiroshima Heliport,JP,JP-34,Hiroshima,heliport,34.371451,132.417666
HJB,"Bayinbuluke airport (under construction, location to be confirmed)",CN,CN-65,Hejing,small,42.9766,83.9729
HJJ,Huaihua Zhijiang Airport,CN,CN-43,Huaihua,medium,27.443087,109.704666
HJR,Khajuraho Airport,IN,IN-MP,Khajuraho,medium,24.8172,79.918602
HJT,Khujirt Airport,MN,MN-055,Khujirt,small,46.9258003235,102.773002625
HKA,Blytheville Municipal Airport,US,US-AR,Blytheville,small,35.940399169900004,-89.83080291750001
HKB,Healy Lake Airport,US,US-AK,Healy Lake,small,63.9958,-144.6926
HKD,Hakodate Airport,JP,JP-01,Hakodate,medium,41.77,140.822006
HKG,Hong Kong International Airport,HK,HK-NT,Hong Kong,large,22.308901,113.915001
HKK,Hokitika Airfield,NZ,NZ-WTC,,medium,-42.713600158691406,170.98500061035156
HKN,Hoskins Airport,PG,PG-WBK,Kimbe,medium,-5.463846,150.407327
HKR,Mara North Conservancy Airstrip,KE,KE-700,Mara,small,-1.14542,35.124922
HKS,Hawkins Field,US,US-MS,Jackson,small,32.33449936,-90.22219849
HKT,Phuket International Airport,TH,TH-83,Phuket,large,8.1132,98.316902
HKV,Malevo Airfield,BG,BG-26,Malevo,small,41.871799,25.604799
HKY,Hickory Regional Airport,US,US-NC,Hickory,medium,35.74110031,-81.38950348
HLA,Lanseria International Airport,ZA,ZA-GT,Johannesburg,medium,-25.938499,27.9261
HLB,Hillenbrand Industries Airport,US,US-IN,Batesville,small,39.3445014954,-85.25830078119999
HLC,Hill City Municipal Airport,US,US-KS,Hill City,small,39.37879944,-99.83149719
HLD,Hulunbuir Hailar Airport,CN,CN-15,Hailar,medium,49.205002,119.824997
HLE,Saint Helena Airport,SH,SH-SH,Longwood,small,-15.957725,-5.645943
HLF,Hultsfred Airport,SE,SE-H,,small,57.525799,15.8233
HLG,Wheeling Ohio County Airport,US,US-WV,Wheeling,medium,40.1749992371,-80.6463012695
HLH,Ulanhot Yilelite Airport,CN,CN-15,Ulanhot,small,46.195333,122.008333
HLI,Hollister Municipal Airport,US,US-CA,Hollister,small,36.8932991028,-121.410003662
HLJ,Zhaodong Beidahuang General Airport,CN,CN-23,Suihua,small,46.12779,125.77354
HLL,Hillside Airport,AU,AU-WA,Hillside,small,-21.718283,119.440334
HLM,Park Township Airport,US,US-MI,Holland,small,42.795898,-86.162003
HLN,Helena Regional Airport,US,US-MT,Helena,medium,46.6068,-111.983002
HLO,Ingjaldssanður Airport,IS,IS-4,Onundarfjörður,small,66.05000305175781,-23.69610023498535
HLP,Halim Perdanakusuma International Airport,ID,ID-JK,Jakarta,medium,-6.266610145568848,106.89099884033205
HLR,Hood Army Air Field,US,US-TX,Fort Cavazos (Killeen),heliport,31.1387,-97.7145
HLS,St Helens Airport,AU,AU-TAS,,small,-41.336700439453125,148.28199768066406
HLT,Hamilton Airport,AU,AU-VIC,,medium,-37.64889907836914,142.06500244140625
HLU,Nesson Airport,NC,NC-U-A,Houailou,small,-21.257288,165.61821
HLV,Helenvale Airport,AU,AU-QLD,Helenvale,small,-15.685799598693848,145.21499633789062
HLW,Hluhluwe Airport,ZA,ZA-NL,Hluhluwe,small,-28.0166049887,32.2751712799
HLZ,Hamilton International Airport,NZ,NZ-WKO,Hamilton,medium,-37.8666992188,175.332000732
HMA,Khanty Mansiysk Airport,RU,RU-KHM,Khanty-Mansiysk,medium,61.0285,69.086098
HMB,Suhaj Mubarak International Airport,EG,EG-SHG,Suhaj,medium,26.339115,31.737624
HME,Hassi Messaoud-Oued Irara Krim Belkacem Airport,DZ,DZ-30,Hassi Messaoud,medium,31.673,6.14044
HMG,Hermannsburg Airport,AU,AU-NT,Hermannsburg (Ntaria),small,-23.926485,132.807798
HMI,Hami Airport,CN,CN-65,Hami,medium,42.8414,93.669197
HMJ,Khmelnytskyi Airport,UA,UA-68,Khmelnytskyi,medium,49.359699,26.933399
HMN,Holloman Air Force Base,US,US-NM,Alamogordo,medium,32.852501,-106.107002
HMO,General Ignacio P. Garcia International Airport,MX,MX-SON,Hermosillo,medium,29.093527,-111.049891
HMR,"Hamar Lufthavn, Stavsberg",NO,NO-34,Hamar,small,60.8181,11.068
HMS,Haji Muhammad Sidik Airport,ID,ID-KT,Muara Teweh,small,-1.02581,114.92881
HMT,Hemet Ryan Airport,US,US-CA,Hemet,small,33.7340011597,-117.023002625
HMV,Hemavan Airport,SE,SE-AC,Hemavan,small,65.806099,15.0828
HMY,Seosan Air Base,KR,KR-44,Seosan,small,36.703999,126.486
HNA,Iwate Hanamaki Airport,JP,JP-03,Hanamaki,medium,39.4286,141.134995
HNB,Huntingburg Airport,US,US-IN,Huntingburg,small,38.2490005493,-86.95369720459999
HNC,Billy Mitchell Airport,US,US-NC,Hatteras,small,35.232799530029,-75.617797851562
HND,Tokyo Haneda International Airport,JP,JP-13,Tokyo,large,35.552299,139.779999
HNH,Hoonah Airport,US,US-AK,Hoonah,small,58.0961,-135.410111
HNI,Heiweni Airport,PG,PG-MPL,Heiweni,small,-7.4223,146.4276
HNL,Daniel K Inouye International Airport,US,US-HI,Honolulu,large,21.32062,-157.924228
HNM,Hana Airport,US,US-HI,Hana,medium,20.795601,-156.014008
HNN,Honinabi Airport,PG,PG-WPD,Honinabi,small,-6.2457,142.1771
HNS,Haines Airport,US,US-AK,Haines,medium,59.24380111694336,-135.5240020751953
HNY,Hengyang Nanyue Airport,CN,CN-43,Hengyang,small,26.72208,112.617958
HOA,Hola Airport,KE,KE-300,Hola,small,-1.522,40.004002
HOB,Lea County Regional Airport,US,US-NM,Hobbs,medium,32.6875,-103.217003
HOC,Komako Airport,PG,PG-GPK,Komako,small,-7.3984,145.8827
HOD,Hodeidah International Airport,YE,YE-HU,Hodeida,medium,14.753000259399414,42.97629928588867
HOE,Ban Huoeisay Airport,LA,LA-BK,Huay Xai,small,20.257299,100.436996
HOF,Al-Ahsa International Airport,SA,SA-04,Hofuf,medium,25.285299,49.485199
HOG,Frank Pais International Airport,CU,CU-11,Holguin,medium,20.785600662231445,-76.31510162353516
HOH,Hohenems-Dornbirn Airfield,AT,AT-8,Hohenems,small,47.384477,9.699776
HOI,Hao Airport,PF,PF-U-A,Otepa,medium,-18.0748,-140.945999
HOK,Hooker Creek Airport,AU,AU-NT,Lajamanu,small,-18.3367004395,130.638000488
HOM,Homer Airport,US,US-AK,Homer,medium,59.644456,-151.479235
HON,Huron Regional Airport,US,US-SD,Huron,medium,44.385201,-98.2285
HOO,Nhon Co Airfield,VN,VN-CH,Đăk R'Lấp,small,11.9787,107.5638
HOP,Campbell Army Airfield (Fort Campbell),US,US-KY,Fort Campbell,medium,36.674154,-87.48974
HOQ,Hof-Plauen Airport,DE,DE-BY,Hof,medium,50.288544,11.852876
HOR,Horta Airport,PT,PT-20,Horta,medium,38.519901275634766,-28.715900421142575
HOS,Chos Malal Airport,AR,AR-Q,Chos Malal,small,-37.444698,-70.222504
HOT,Memorial Field Airport,US,US-AR,Hot Springs,medium,34.4788,-93.096262
HOU,William P Hobby Airport,US,US-TX,Houston,medium,29.645399,-95.2789
HOV,"Ørsta-Volda Airport, Hovden",NO,NO-15,Ørsta,medium,62.180000305176,6.0741000175476
HOX,Hommalinn Airport,MM,MM-01,Hommalinn,small,24.899599,94.914001
HPA,Lifuka Island Airport,TO,TO-02,Lifuka,medium,-19.777000427246097,-174.34100341796875
HPB,Hooper Bay Airport,US,US-AK,Hooper Bay,small,61.523899,-166.147003
HPE,Hope Vale Airport,AU,AU-QLD,Hope Vale,small,-15.2923,145.1035
HPG,Shennongjia Hongping Airport,CN,CN-42,Shennongjia (Hongping),medium,31.626,110.34
HPH,Cat Bi International Airport,VN,VN-RRD,Haiphong (Hai An),medium,20.81686,106.722994
HPN,Westchester County Airport,US,US-NY,White Plains,medium,41.06700134277344,-73.70760345458984
HPR,Pretoria Central Heliport,ZA,ZA-GT,Pretoria,heliport,-25.65570068359375,28.220600128173828
HPT,Hampton Municipal Airport,US,US-IA,Hampton,small,42.7237014771,-93.2263031006
HPV,Princeville Airport,US,US-HI,Hanalei,small,22.209313,-159.44515
HPY,Baytown Airport,US,US-TX,Baytown,small,29.7861003876,-94.9526977539
HQL,Tashikuergan Hongqilafu Airport,CN,CN-65,Tashikuergan,medium,37.661333,75.288877
HQM,Bowerman Airport,US,US-WA,Hoquiam,medium,46.971199035599994,-123.93699646
HQQ,Anyang Hongqiqu Airport,CN,CN-41,Anyang,small,35.870833,114.461944
HRA,Mnichovo Hradiště Airport,CZ,CZ-ST,Mnichovo Hradiště,small,50.540199,15.0066
HRB,Harbin Taiping International Airport,CN,CN-23,Harbin,large,45.623402,126.25
HRC,Sary Su Airport,KZ,KZ-ULY,Zhayrem,small,48.3974,70.1915
HRE,Robert Gabriel Mugabe International Airport,ZW,ZW-HA,Harare,large,-17.931801,31.0928
HRF,Hoarafushi Airport,MV,MV-07,,small,6.96967,72.896287
HRG,Hurghada International Airport,EG,EG-BA,Hurghada,large,27.176776,33.796692
HRH,Aligarh Airport,IN,IN-UP,Aligarh,small,27.861437,78.145404
HRI,Mattala Rajapaksa International Airport,LK,LK-3,Mattala,large,6.284467,81.124128
HRK,Kharkiv International Airport,UA,UA-63,Kharkiv,medium,49.924801,36.290001
HRL,Valley International Airport,US,US-TX,Harlingen,medium,26.228500366210938,-97.65440368652344
HRM,Hassi R'Mel Airport,DZ,DZ-03,Hassi R'Mel,medium,32.930401,3.31154
HRO,Boone County Airport,US,US-AR,Harrison,medium,36.26150131225586,-93.15470123291016
HRR,Herrera Airport,CO,CO-TOL,Campiña,small,3.216667,-75.85
HRS,Harrismith Airport,ZA,ZA-FS,Harrismith,medium,-28.2351,29.106199
HRY,Henbury Airport,AU,AU-NT,Ghan,small,-24.584,133.236
HRZ,Walter Bündchen Airport,BR,BR-RS,Horizontina,small,-27.6383,-54.3391
HSA,Hazrat Sultan International Airport,KZ,KZ-YUZ,Turkıstan,medium,43.313126,68.549881
HSB,Harrisburg-Raleigh Airport,US,US-IL,Harrisburg,small,37.811298,-88.550301
HSC,Shaoguan Danxia Airport,CN,CN-44,Shaoguan,medium,24.9786,113.420998
HSF,Suifenhe Dongning Airport,CN,CN-23,Suifenhe,small,44.453889,130.843889
HSG,Saga Airport,JP,JP-41,Saga,medium,33.149700164799995,130.302001953
HSH,Henderson Executive Airport,US,US-NV,Las Vegas,small,35.9728012085,-115.134002686
HSI,Hastings Municipal Airport,US,US-NE,Hastings,small,40.6053009033,-98.4279022217
HSJ,Zhengzhou Shangjie Airport,CN,CN-41,Zhengzhou,small,34.842153,113.273983
HSK,Huesca-Pirineos Airport,ES,ES-AR,Monflorite/Alcalá del Obispo,small,42.076099,-0.316667
HSL,Huslia Airport,US,US-AK,Huslia,medium,65.697899,-156.350998
HSM,Horsham Airport,AU,AU-VIC,,medium,-36.669700622558594,142.17300415039062
HSN,Zhoushan Putuoshan Airport,CN,CN-33,Zhoushan,medium,29.9342,122.362
HSP,Ingalls Field,US,US-VA,Hot Springs,small,37.95140076,-79.83390045
HSR,Rajkot International Airport,IN,IN-GJ,Rajkot,large,22.378824,71.039391
HSS,Hisar Airport,IN,IN-HR,Hisar,medium,29.179399,75.755302
HST,Homestead ARB Airport,US,US-FL,Homestead,medium,25.48859978,-80.38359833
HSV,Huntsville International Carl T Jones Field,US,US-AL,Huntsville,medium,34.637199,-86.775101
HSZ,Hsinchu Air Base,TW,TW-HSZ,Hsinchu City,medium,24.8180007935,120.939002991
HTA,Chita-Kadala International Airport,RU,RU-CHI,Chita,medium,52.026299,113.306
HTG,Khatanga Airport,RU,RU-KYA,Khatanga,medium,71.97810363769531,102.49099731445312
HTH,Hawthorne Industrial Airport,US,US-NV,Hawthorne,small,38.544399,-118.634002
HTI,Hamilton Island Airport,AU,AU-QLD,Hamilton Island,medium,-20.3581008911,148.95199585
HTL,Roscommon County - Blodgett Memorial Airport,US,US-MI,Houghton Lake,small,44.359798,-84.671095
HTM,Khatgal Airport,MN,MN-041,Hatgal,small,50.435988,100.139532
HTN,Hotan Airport,CN,CN-65,Hotan,medium,37.03850173950195,79.86489868164062
HTO,Town of East Hampton Airport,US,US-NY,East Hampton,small,40.959954,-72.25105
HTR,Hateruma Airport,JP,JP-47,Taketomi,small,24.059751,123.80558
HTS,Tri-State Airport / Milton J. Ferguson Field,US,US-WV,Huntington,medium,38.366699,-82.557999
HTT,Huatugou Airport,CN,CN-63,Mengnai,medium,38.201645,90.837843
HTU,Hopetoun Airport,AU,AU-VIC,,medium,-35.715302,142.360001
HTV,Huntsville Regional Airport,US,US-TX,Huntsville,medium,30.7469005585,-95.5871963501
HTW,Lawrence County Airpark,US,US-OH,South Point,small,38.419082,-82.494922
HTY,Hatay Airport,TR,TR-31,Antakya,medium,36.362778,36.282223
HTZ,Hato Corozal Airport,CO,CO-CAS,Hato Corozal,small,6.153311,-71.761969
HUA,Redstone Army Air Field,US,US-AL,Redstone Arsnl Huntsville,medium,34.67869949,-86.68479919
HUB,Humbert River Airport,AU,AU-NT,,small,-16.489669799804688,130.63027954101562
HUC,Humacao Airport,PR,PR-U-A,Humacao,small,18.1380996704,-65.8013000488
HUD,Humboldt Municipal Airport,US,US-IA,Humboldt,small,42.734831,-94.245315
HUE,Humera Airport,ET,ET-TI,Akwi,small,13.83012,36.88237
HUF,"Terre Haute Regional Airport, Hulman Field",US,US-IN,Terre Haute,medium,39.4515,-87.307602
HUG,Huehuetenango Airport,GT,GT-HU,Huehuetenango,small,15.316667,-91.505556
HUH,Huahine-Fare Airport,PF,PF-U-A,Fare,medium,-16.687084,-151.021593
HUI,Phu Bai International Airport,VN,VN-NC,Huế,medium,16.400628,107.703094
HUJ,Stan Stamper Municipal Airport,US,US-OK,Hugo,small,34.03480148,-95.54190063
HUK,Hukuntsi Airport,BW,BW-KG,Hukuntsi,small,-23.9897,21.758101
HUL,Houlton International Airport,US,US-ME,Houlton,medium,46.1231002808,-67.792098999
HUM,Houma Terrebonne Airport,US,US-LA,Houma,small,29.5664997101,-90.6604003906
HUN,Hualien Airport,TW,TW-HUA,Hualien City,medium,24.023099899291992,121.61799621582033
HUO,Holingol Huolinhe Airport,CN,CN-15,Holingol,medium,45.487222,119.407222
HUQ,Hon Airport,LY,LY-JU,,small,29.1101,15.9656
HUS,Hughes Airport,US,US-AK,Hughes,small,66.04109955,-154.2630005
HUT,Hutchinson Municipal Airport,US,US-KS,Hutchinson,medium,38.0654983521,-97.86060333250002
HUU,Alferez Fap David Figueroa Fernandini Airport,PE,PE-HUC,Huánuco,medium,-9.878809928894045,-76.20480346679688
HUW,Humaitá Airport,BR,BR-AM,Humaitá,small,-7.532120227810001,-63.072101593
HUX,Bahías de Huatulco International Airport,MX,MX-OAX,Huatulco,medium,15.774909,-96.260319
HUY,Humberside Airport,GB,GB-ENG,Grimsby,medium,53.57440185546875,-0.350832998752594
HUZ,Huizhou Pingtan Airport,CN,CN-44,Huizhou (Pingtan),medium,23.049999,114.599998
HVA,Analalava Airport,MG,MG-M,Analalava,medium,-14.629514,47.763555
HVB,Hervey Bay Airport,AU,AU-QLD,Hervey Bay,medium,-25.320127,152.880662
HVD,Khovd Airport,MN,MN-043,Khovd,medium,47.9541015625,91.6281967163086
HVE,Hanksville Airport,US,US-UT,Hanksville,small,38.4179992676,-110.70400238
HVG,"Honningsvåg Airport, Valan",NO,NO-54,Honningsvåg,medium,71.009697,25.983601
HVK,Hólmavík Airport,IS,IS-4,Hólmavík,small,65.704697,-21.6964
HVM,Krókstaðarmelar Airport,IS,IS-5,Hvammstangi,small,65.26640319824219,-20.846900939941406
HVN,Tweed New Haven Airport,US,US-CT,New Haven,medium,41.26369858,-72.88680267
HVR,Havre City County Airport,US,US-MT,Havre,medium,48.541387,-109.762859
HVS,Hartsville Regional Airport,US,US-SC,Hartsville,small,34.4030990601,-80.11920166019999
HWA,Hawabango Airport,PG,PG-GPK,Hawabango,small,-7.392994,146.003487
HWD,Hayward Executive Airport,US,US-CA,Hayward,small,37.659198761,-122.122001648
HWI,Hawk Inlet Seaplane Base,US,US-AK,Hawk Inlet,seaplane_base,58.127399,-134.755997
HWK,Wilpena Pound Airport,AU,AU-SA,Hawker,small,-31.855907,138.468079
HWN,Hwange National Park Airport,ZW,ZW-MN,Hwange,medium,-18.629899978637695,27.020999908447266
HWO,North Perry Airport,US,US-FL,Hollywood,small,26.0012,-80.2407
HXD,Delingha Airport,CN,CN-63,Delingha,small,37.125286,97.268658
HXX,Hay Airport,AU,AU-NSW,,medium,-34.531399,144.830002
HYA,Cape Cod Gateway Airport,US,US-MA,Hyannis,medium,41.6693,-70.280403
HYC,Wycombe Air Park,GB,GB-ENG,High Wycombe,small,51.6116981506,-0.8083329796790001
HYD,Rajiv Gandhi International Airport,IN,IN-TG,Hyderabad,large,17.231318,78.429855
HYF,Hayfields Airport,PG,PG-ESW,Bainyik,small,-3.69838,143.057902
HYG,Hydaburg Seaplane Base,US,US-AK,Hydaburg,seaplane_base,55.205227,-132.830286
HYL,Hollis Clark Bay Seaplane Base,US,US-AK,Hollis,seaplane_base,55.481529,-132.646008
HYN,Taizhou Luqiao Airport,CN,CN-33,Huangyan,medium,28.562201,121.429001
HYR,Sawyer County Airport,US,US-WI,Hayward,medium,46.025199890100005,-91.44429779050002
HYS,Hays Regional Airport,US,US-KS,Hays,medium,38.844521,-99.273148
HYV,Hyvinkää Airfield,FI,FI-18,Hyvinkää,small,60.6544,24.8811
HZA,Heze Mudan Airport,CN,CN-37,Heze,medium,35.212972,115.736748
HZB,Merville-Calonne Airport,FR,FR-HDF,Merville,medium,50.618401,2.64224
HZG,Hanzhong Chenggu Airport,CN,CN-61,Hanzhong (Chenggu),small,33.133527,107.203817
HZH,Liping Airport,CN,CN-52,Liping,medium,26.32217,109.1499
HZK,Húsavík Airport,IS,IS-6,Húsavík,medium,65.952301,-17.426001
HZL,Hazleton Municipal Airport,US,US-PA,Hazleton,small,40.9868011475,-75.9949035645
HZP,Fort Mackay / Horizon Airport,CA,CA-AB,Fort Mackay,small,57.3816986084,-111.700996399
HZU,Chengdu Huaizhou Airport,CN,CN-51,Chengdu (Jintang),medium,30.677339,104.529397
HZV,Hazyview Airport,ZA,ZA-MP,Hazyview,small,-25.05010032653809,31.131900787353516
IAA,Igarka Airport,RU,RU-KYA,Igarka,medium,67.437202,86.621902
IAB,McConnell Air Force Base,US,US-KS,Wichita,medium,37.621899,-97.268204
IAD,Washington Dulles International Airport,US,US-VA,Dulles,large,38.9445,-77.455803
IAG,Niagara Falls International Airport,US,US-NY,Niagara Falls,medium,43.1073,-78.946198
IAH,George Bush Intercontinental Houston Airport,US,US-TX,Houston,large,29.984399795532227,-95.34140014648438
IAL,Ialibu Airport,PG,PG-SHM,Ialibu,small,-6.2782,143.9944
IAM,Zarzaitine - In Aménas Airport,DZ,DZ-33,In Aménas,medium,28.0515,9.64291
IAN,Bob Baker Memorial Airport,US,US-AK,Kiana,medium,66.976128,-160.439014
IAO,Siargao Airport,PH,PH-SUN,Del Carmen,small,9.8591,126.014
IAQ,Bahregan Airport,IR,IR-18,Imam Hassan,small,29.840099,50.272701
IAR,Tunoshna Airport,RU,RU-YAR,Tunoshna,small,57.560699,40.157398
IAS,Iaşi Airport,RO,RO-IS,Iaşi,medium,47.180278,27.620833
IBA,Ibadan Airport,NG,NG-OY,Ibadan,medium,7.362460136413574,3.97832989692688
IBB,General Villamil Airport,EC,EC-W,Puerto Villamil,small,-0.942628,-90.953003
IBE,Perales Airport,CO,CO-TOL,Ibagué,medium,4.42161,-75.1333
IBI,Iboki Airport,PG,PG-WBK,Iboki,small,-5.5536,149.19
IBL,Indigo Bay Lodge Airport,MZ,MZ-I,Bazaruto Island,medium,-21.708,35.452801
IBM,Iron Bridge Mine Airport,AU,AU-WA,Japal Camp,small,-21.287575,118.88252
IBO,Ibo Airport,MZ,MZ-P,Ibo,small,-12.350174,40.602297
IBP,Iberia Airport,PE,PE-MDD,Iberia,medium,-11.4116,-69.488701
IBR,Ibaraki Airport / JASDF Hyakuri Air Base,JP,JP-08,Omitama,medium,36.181099,140.414993
IBZ,Ibiza Airport,ES,ES-IB,Ibiza (Eivissa),large,38.872898,1.37312
ICA,Icabarú Airport,VE,VE-F,,small,4.33632,-61.739601
ICC,Andrés Miguel Salazar Marcano Airport,VE,VE-O,Isla de Coche,small,10.794432,-63.98159
ICI,Cicia Airport,FJ,FJ-E,Cicia,small,-17.7432994843,-179.341995239
ICK,Nieuw Nickerie - Major Henk Fernandes Airport,SR,SR-NI,Nieuw Nickerie,small,5.955435,-57.040617
ICL,Schenck Field,US,US-IA,Clarinda,small,40.72180176,-95.02639771
ICN,Incheon International Airport,KR,KR-28,Seoul,large,37.469101,126.450996
ICO,Sicogon Airstrip,PH,PH-ILI,Carles,small,11.4595,123.2506
ICR,Nicaro Airport,CU,CU-11,Nicaro,small,20.688601,-75.531502
ICS,Cascade Airport,US,US-ID,Cascade,small,44.4938011169,-116.01599884
ICT,Wichita Eisenhower National Airport,US,US-KS,Wichita,medium,37.649899,-97.433098
ICY,Icy Bay Airport,US,US-AK,Icy Bay,small,59.966269,-141.660118
IDA,Idaho Falls Regional Airport,US,US-ID,Idaho Falls,medium,43.514599,-112.070999
IDB,Idre Airport,SE,SE-W,Idre,small,61.869701,12.6894
IDF,Idiofa Airport,CD,CD-KL,Idiofa,small,-4.970605,19.57867
IDG,Ida Grove Municipal Airport,US,US-IA,Ida Grove,small,42.3326,-95.444901
IDH,Idaho County Airport,US,US-ID,Grangeville,small,45.9426,-116.123001
IDI,Indiana County–Jimmy Stewart Airport,US,US-PA,Indiana,small,40.631119,-79.101884
IDK,Indulkana Airport,AU,AU-SA,Indulkana,small,-26.965435,133.321989
IDN,Indagen Airport,PG,PG-MPL,Indagen,small,-6.22663,147.244
IDO,Santa Izabel do Morro Airport,BR,BR-TO,Cristalândia,small,-11.57229995727539,-50.66619873046875
IDP,Independence Municipal Airport,US,US-KS,Independence,small,37.1584014893,-95.7783966064
IDR,Devi Ahilyabai Holkar Airport,IN,IN-MP,Indore,medium,22.7217998505,75.8011016846
IDY,Île d'Yeu Airport,FR,FR-PDL,Île d'Yeu,small,46.717641,-2.392544
IEG,Zielona Góra-Babimost Airport,PL,PL-LB,Nowe Kramsko,medium,52.1385,15.7986
IEJ,Iejima Airport,JP,JP-47,Ie,medium,26.722537,127.786801
IES,Riesa-Göhlis Airport,DE,DE-SN,Riesa,small,51.29361,13.356111
IEV,Ihor Sikorsky Kyiv International Airport (Zhuliany),UA,UA-30,Kyiv,medium,50.40194,30.45194
IFA,Iowa Falls Municipal Airport,US,US-IA,Iowa Falls,small,42.4707984924,-93.2699966431
IFF,Iffley Airport,AU,AU-QLD,,small,-18.899999618530273,141.2169952392578
IFH,Hesa Airport,IR,IR-10,Hesa,small,32.928902,51.5611
IFJ,Ísafjörður Airport,IS,IS-4,Ísafjörður,medium,66.058098,-23.1353
IFL,Innisfail Airport,AU,AU-QLD,,small,-17.559401,146.011993
IFN,Isfahan Shahid Beheshti International Airport,IR,IR-10,Isfahan,medium,32.750755,51.861483
IFO,Ivano-Frankivsk International Airport,UA,UA-26,Ivano-Frankivsk,medium,48.88420104980469,24.686100006103516
IFP,Laughlin Bullhead International Airport,US,US-AZ,Bullhead City,medium,35.157398,-114.559998
IFU,Ifuru Airport,MV,MV-13,Ifuru Island,small,5.7083,73.025
IGA,Inagua Airport,BS,BS-IN,Matthew Town,medium,20.975000381469727,-73.66690063476562
IGB,Ingeniero Jacobacci - Captain H R Bordón Airport,AR,AR-R,Ingeniero Jacobacci,small,-41.3209,-69.574898
IGD,Iğdır Airport,TR,TR-76,Iğdır,medium,39.976627,43.876648
IGE,Tchongorove Airport,GA,GA-8,Iguela,small,-1.930801,9.319577
IGG,Igiugig Airport,US,US-AK,Igiugig,small,59.324001,-155.901993
IGH,Ingham Airport,AU,AU-QLD,,small,-18.664149,146.145804
IGL,Çiğli Airport,TR,TR-35,Çiğli,medium,38.513,27.010099
IGM,Kingman Airport,US,US-AZ,Kingman,medium,35.259499,-113.938004
IGN,Maria Cristina (Iligan) Airport,PH,PH-LAN,Balo-i,small,8.13049,124.214996
IGO,Jaime Ortiz Betancourt Airport,CO,CO-ANT,Chigorodó,small,7.677606,-76.683165
IGR,Cataratas Del Iguazú International Airport,AR,AR-N,Puerto Iguazu,medium,-25.737301,-54.4734
IGS,Ingolstadt Manching Airport,DE,DE-BY,Manching,medium,48.7156982421875,11.534000396728516
IGT,Magas Airport,RU,RU-IN,Sunzha,medium,43.323268,45.012568
IGU,Cataratas International Airport,BR,BR-PR,Foz do Iguaçu,medium,-25.594167,-54.489444
IHC,Inhaca Airport,MZ,MZ-L,Inhaca,small,-25.9971446991,32.929351806599996
IHN,Qishn Airport,YE,YE-MR,Qishn,small,15.417,51.682999
IHO,Ihosy Airport,MG,MG-F,Ihosy,small,-22.404720202399997,46.1649370193
IHR,Iranshahr Airport,IR,IR-11,Iranshahr,medium,27.236099,60.720001
IHU,Ihu Airport,PG,PG-GPK,Ihu,small,-7.89756011963,145.395996094
IIA,Inishmaan Aerodrome,IE,IE-G,Inis Meáin,small,53.092999,-9.56806
IIL,Ilam Airport,IR,IR-16,Ilam,medium,33.58660125732422,46.40480041503906
IIS,Nissan Island Airport,PG,PG-NSB,Nissan Island,small,-4.49972009659,154.225997925
IJK,Izhevsk Airport,RU,RU-UD,Izhevsk,medium,56.82809829711914,53.45750045776367
IJU,João Batista Bos Filho Airport,BR,BR-RS,Ijuí,small,-28.368711,-53.846568
IJX,Jacksonville Municipal Airport,US,US-IL,Jacksonville,small,39.774601,-90.238297
IKA,Imam Khomeini International Airport,IR,IR-23,Tehran,large,35.416099548339844,51.152198791503906
IKB,Wilkes County Airport,US,US-NC,North Wilkesboro,small,36.2228012085,-81.09829711910001
IKE,Ikerasak Heliport,GL,GL-AV,Ikerasak,heliport,70.498145,-51.303084
IKI,Iki Airport,JP,JP-42,Iki,medium,33.7490005493,129.785003662
IKK,Greater Kankakee Airport,US,US-IL,Kankakee,medium,41.07139968869999,-87.8462982178
IKL,Ikela Airport,CD,CD-TU,Ikela,small,-1.048109,23.372501
IKO,Nikolski Air Station,US,US-AK,Nikolski,small,52.941552,-168.849478
IKP,Inkerman Airport,AU,AU-QLD,Inkerman,small,-16.229225,141.434607
IKS,Tiksi Airport,RU,RU-SA,Tiksi,medium,71.697700500488,128.90299987793
IKT,Irkutsk International Airport,RU,RU-IRK,Irkutsk,medium,52.268002,104.389
IKU,Issyk-Kul International Airport,KG,KG-Y,Tamchy,medium,42.585584,76.701181
ILA,Illaga Airport,ID,ID-PT,Illaga,small,-3.97648,137.6225
ILD,Lleida-Alguaire Airport,ES,ES-CT,Lleida,medium,41.728185,0.535023
ILE,Skylark Field,US,US-TX,Killeen,small,31.0858001709,-97.6865005493
ILF,Ilford Airport,CA,CA-MB,Ilford,small,56.051622,-95.61882
ILG,New Castle Airport,US,US-DE,Wilmington,medium,39.67869949,-75.60649872
ILH,Illesheim Army Heliport,DE,DE-BY,Illesheim,heliport,49.4739,10.3881
ILI,Iliamna Airport,US,US-AK,Iliamna,medium,59.754398,-154.910996
ILK,Atsinanana Airport,MG,MG-A,Ilaka,small,-19.58300018310547,48.803001403808594
ILL,Willmar Municipal Airport John L Rice Field (2006),US,US-MN,Willmar,small,45.117552,-95.132259
ILM,Wilmington International Airport,US,US-NC,Wilmington,medium,34.270599365234375,-77.90260314941406
ILN,Wilmington Airpark,US,US-OH,Wilmington,medium,39.427898407,-83.792098999
ILO,Iloilo International Airport,PH,PH-ILI,Cabatuan,medium,10.833017,122.493358
ILP,Île des Pins Airport,NC,NC-U-A,Île des Pins,medium,-22.58889961242676,167.45599365234375
ILQ,General Jorge Fernandez Maldon Airport,PE,PE-MOQ,Ilo,medium,-17.695,-71.344002
ILR,Ilorin International Airport,NG,NG-KW,Ilorin,medium,8.440210342407227,4.493919849395752
ILS,Ilopango International Airport,SV,SV-SS,San Salvador,medium,13.6995,-89.119904
ILU,Kilaguni Airport,KE,KE-300,Kilaguni,small,-2.91061,38.065201
ILY,Islay Airport,GB,GB-SCT,Port Ellen,medium,55.68190002441406,-6.256669998168945
ILZ,Žilina-Dolný Hričov Airport,SK,SK-ZI,Dolný Hričov,medium,49.233292,18.613386
IMA,Iamalele Airport,PG,PG-MBA,"Iamalele, Fergusson Island",small,-9.5107,150.5246
IMB,Imbaimadai Airport,GY,GY-CU,Imbaimadai,small,5.70811,-60.294201
IMD,Imonda Airport,PG,PG-SAN,Imonda,small,-3.328,141.1573
IMF,Imphal Airport,IN,IN-MN,Imphal,medium,24.7600002289,93.896697998
IMG,Inhaminga Airport,MZ,MZ-S,Inhaminga,small,-18.41,35.0045
IMI,Ine Airport,MH,MH-ARN,Arno Atoll,small,7.005553,171.656959
IMK,Simikot Airport,NP,NP-P6,Simikot,small,29.9711,81.818901
IML,Imperial Municipal Airport,US,US-NE,Imperial,small,40.50930023,-101.6210022
IMM,Immokalee Regional Airport,US,US-FL,Immokalee,small,26.427933,-81.403531
IMN,Imane Airport,PG,PG-MPL,Imane,small,-6.7524,146.1072
IMO,Zemio Airport,CF,CF-HM,Zemio,small,5.002226,25.101857
IMP,Prefeito Renato Moreira Airport,BR,BR-MA,Imperatriz,medium,-5.53129,-47.459999
IMQ,Maku National Airport,IR,IR-04,Showt,medium,39.191293,44.928505
IMT,Ford Airport,US,US-MI,Iron Mountain / Kingsford,medium,45.81911,-88.114557
INA,Inta Airport,RU,RU-KO,Inta,medium,66.053372,60.105786
INB,Independence Airport,BZ,BZ-SC,Independence,small,16.53456,-88.441615
INC,Yinchuan Hedong International Airport,CN,CN-64,Yinchuan,medium,38.322758,106.393214
IND,Indianapolis International Airport,US,US-IN,Indianapolis,large,39.7173,-86.294403
INE,Chinde Airport,MZ,MZ-Q,Chinde,small,-18.59,36.4489
INF,In Guezzam Airport,DZ,DZ-58,In Guezzam,small,19.560518,5.749326
INH,Inhambane Airport,MZ,MZ-I,Inhambane,medium,-23.8764,35.408501
INI,Niš Constantine the Great Airport,RS,RS-20,Niš,medium,43.337009,21.85451
INJ,Injune Airport,AU,AU-QLD,Injune,small,-25.851,148.5497
INK,Winkler County Airport,US,US-TX,Wink,medium,31.779600143399996,-103.200996399
INL,Falls International Airport,US,US-MN,International Falls,medium,48.566200256347656,-93.4030990600586
INM,Innamincka Airport,AU,AU-SA,,small,-27.697589,140.739498
INN,Innsbruck Airport,AT,AT-7,Innsbruck,medium,47.260201,11.344
INO,Inongo Airport,CD,CD-MN,Inongo,small,-1.94722,18.285801
INQ,Inisheer Aerodrome,IE,IE-G,Inis Oírr,small,53.064701,-9.5109
INS,Creech Air Force Base,US,US-NV,Indian Springs,small,36.587200164799995,-115.672996521
INT,Smith Reynolds Airport,US,US-NC,Winston Salem,medium,36.13370132446289,-80.22200012207031
INU,Nauru International Airport,NR,NR-14,Yaren District,medium,-0.547458,166.919006
INV,Inverness Airport,GB,GB-SCT,Inverness,medium,57.54249954223633,-4.047500133514404
INW,Winslow Lindbergh Regional Airport,US,US-AZ,Winslow,medium,35.021900177,-110.722999573
INX,Inanwatan Airport,ID,ID-PB,Inanwatan,small,-2.127447,132.160056
INY,Inyati Airport,ZA,ZA-NP,Inyati,small,-24.777700424194336,31.385499954223633
INZ,In Salah Airport,DZ,DZ-57,In Salah,medium,27.250999,2.51202
IOA,Ioannina King Pyrrhus National Airport,GR,GR-D,Ioannina,medium,39.6964,20.8225
IOK,Iokea Airport,PG,PG-GPK,Iokea,small,-8.401,146.277
IOM,Isle of Man Airport,IM,IM-U-A,Castletown,medium,54.083302,-4.62389
ION,Impfondo Airport,CG,CG-7,Impfondo,small,1.589968,18.046624
IOP,Ioma Airport,PG,PG-NPP,Ioma,small,-8.3614,147.84
IOQ,Isortoq Heliport,GL,GL-SE,Isortoq,heliport,65.547792,-38.976552
IOR,Inishmore Aerodrome,IE,IE-G,Inis Mór,small,53.1067008972168,-9.653610229492188
IOS,Bahia - Jorge Amado Airport,BR,BR-BA,Ilhéus,medium,-14.815929,-39.033458
IOT,Illorsuit Heliport,GL,GL-AV,Illorsuit,heliport,71.241944,-53.562877
IOW,Iowa City Municipal Airport,US,US-IA,Iowa City,small,41.6391983032,-91.5465011597
IPA,Ipota Airport,VU,VU-TAE,Ipota,small,-18.856389,169.283333
IPC,Mataveri Airport,CL,CL-VS,Isla De Pascua,medium,-27.1648006439,-109.42199707
IPE,Ipil Airport,PH,PH-ZSI,Ipil,small,7.784898,122.6015
IPG,Ipiranga Airport,BR,BR-AM,Santo Antônio do Içá,small,-2.940141,-69.694264
IPH,Sultan Azlan Shah Airport,MY,MY-08,Ipoh,medium,4.567969799041748,101.09200286865234
IPI,San Luis Airport,CO,CO-NAR,Ipiales,medium,0.861946,-77.671783
IPL,Imperial County Airport,US,US-CA,Imperial,medium,32.83539,-115.574026
IPN,Usiminas Airport,BR,BR-MG,Ipatinga,medium,-19.470699,-42.487598
IPT,Williamsport Regional Airport,US,US-PA,Williamsport,medium,41.242126,-76.92245
IPU,Ipiaú Airport,BR,BR-BA,Ipiaú,small,-14.173538,-39.68399
IPZ,San Isidro del General Airport,CR,CR-SJ,Pérez Zeledón,small,9.348676,-83.712301
IQA,Al Asad Air Base,IQ,IQ-AN,Hīt,medium,33.7855987549,42.4412002563
IQM,Qiemo Yudu Airport,CN,CN-65,Qiemo,medium,38.234516,85.465462
IQN,Qingyang Xifeng Airport,CN,CN-62,Qingyang (Xifeng),medium,35.802638,107.598896
IQQ,Diego Aracena Airport,CL,CL-TA,Iquique,medium,-20.5352,-70.181297
IQT,Coronel FAP Francisco Secada Vignetta International Airport,PE,PE-LOR,Iquitos,medium,-3.78474,-73.3088
IRA,Ngorangora Airport,SB,SB-MK,Kirakira,small,-10.4497003555,161.897994995
IRB,Iraan Municipal Airport,US,US-TX,Iraan,small,30.9057006836,-101.891998291
IRC,Circle City (New) Airport,US,US-AK,Circle,small,65.827673,-144.076195
IRD,Ishurdi Airport,BD,BD-5,Ishurdi,medium,24.1525,89.0494
IRE,Irecê Airport,BR,BR-BA,Irecê,small,-11.339900016784668,-41.84700012207031
IRG,Lockhart River Airport,AU,AU-QLD,Lockhart River,medium,-12.7869,143.304993
IRI,Iringa Airport,TZ,TZ-04,Nduli,medium,-7.66863,35.752102
IRJ,Capitan V A Almonacid Airport,AR,AR-F,La Rioja,medium,-29.381599,-66.795799
IRK,Kirksville Regional Airport,US,US-MO,Kirksville,medium,40.09349822998047,-92.5448989868164
IRM,Igrim Airport,RU,RU-KHM,,small,63.200391,64.440136
IRN,Iriona Airport,HN,HN-CL,Iriona,small,15.9391670227,-85.13722229
IRO,Birao Airport,CF,CF-VR,Birao,small,10.23639965057373,22.716899871826172
IRP,Matari Airport,CD,CD-HU,Isiro,medium,2.82761,27.588301
IRS,Kirsch Municipal Airport,US,US-MI,Sturgis,small,41.813301,-85.439003
IRU,Iranamadu Seaplane Base,LK,LK-4,Iranamadu,seaplane_base,9.299746,80.448627
IRZ,Tapuruquara Airport,BR,BR-AM,Santa Isabel Do Rio Negro,small,-0.3786,-64.9923
ISA,Mount Isa Airport,AU,AU-QLD,Mount Isa,medium,-20.663900375399997,139.488998413
ISB,Islamabad International Airport,PK,PK-PB,Attock,large,33.549,72.82566
ISC,St. Mary's Airport,GB,GB-ENG,St. Mary's,small,49.9133,-6.29167
ISD,Santa Bárbara Airport,CO,CO-NAR,Iscuandé,small,2.445825,-77.981753
ISE,Süleyman Demirel International Airport,TR,TR-32,Isparta,medium,37.8554,30.368401
ISG,New Ishigaki Airport,JP,JP-47,Ishigaki,medium,24.396389,124.245
ISI,Isisford Airport,AU,AU-QLD,,small,-24.25830078125,144.4250030517578
ISJ,Aeropuerto Nacional de Isla Mujeres,MX,MX-ROO,Isla Mujeres,small,21.245962,-86.740365
ISK,Nashik Airport,IN,IN-MM,Nasik,medium,20.119101,73.912903
ISL,İstanbul Atatürk Airport,TR,TR-34,"Bakırköy, Istanbul",large,40.971913,28.823714
ISM,Kissimmee Gateway Airport,US,US-FL,Orlando,medium,28.2898006439,-81.4371032715
ISO,Kinston Regional Jetport At Stallings Field,US,US-NC,Kinston,medium,35.331401825,-77.60880279540001
ISP,Long Island Mac Arthur Airport,US,US-NY,Islip,medium,40.79520035,-73.10019684
ISQ,Schoolcraft County Airport,US,US-MI,Manistique,small,45.974602,-86.171799
ISS,Wiscasset Airport,US,US-ME,Wiscasset,small,43.9613990784,-69.712600708
IST,İstanbul Airport,TR,TR-34,"Arnavutköy, Istanbul",large,41.261297,28.741951
ISU,Sulaymaniyah International Airport,IQ,IQ-SW,Sulaymaniyah,medium,35.5617485046,45.3167381287
ISW,Alexander Field South Wood County Airport,US,US-WI,Wisconsin Rapids,small,44.3602981567,-89.83899688720001
ITA,Itacoatiara Airport,BR,BR-AM,Itacoatiara,medium,-3.126539,-58.481668
ITB,Itaituba Airport,BR,BR-PA,Itaituba,medium,-4.242131,-56.000651
ITE,Ituberá Airport,BR,BR-BA,Ituberá,small,-13.731571,-39.140377
ITH,Ithaca Tompkins Regional Airport,US,US-NY,Ithaca,medium,42.49100112915039,-76.4583969116211
ITI,Fazenda Americana Airport,BR,BR-MG,Itambacuri,small,-18.147591,-41.715044
ITJ,Campo Comandantes Airport,BR,BR-SC,Itajaí,small,-26.983055,-48.816387
ITK,Itokama Airport,PG,PG-NPP,Itokama,small,-9.201527,148.264261
ITM,Osaka International Airport,JP,JP-27,Osaka,large,34.7855,135.438004
ITN,Tertuliano Guedes de Pinho Airport,BR,BR-BA,Itabuna,small,-14.8105,-39.290401
ITO,Hilo International Airport,US,US-HI,Hilo,medium,19.721399,-155.048004
ITP,Itaperuna Airport,BR,BR-RJ,Itaperuna,small,-21.219299316399997,-41.8759002686
ITQ,Itaqui Airport,BR,BR-RS,Itaqui,small,-29.173099517822266,-56.53670120239258
ITR,Francisco Vilela do Amaral Airport,BR,BR-GO,Itumbiara,small,-18.4447,-49.213402
ITU,Iturup Airport,RU,RU-SAK,Kurilsk,small,45.256389,147.95549
IUA,Canandaigua Airport,US,US-NY,Ontario County IDA,small,42.908902,-77.325226
IUE,Niue International Airport,NU,NU-U-A,Alofi,medium,-19.079030990600582,-169.92559814453125
IUI,Innarsuit Heliport,GL,GL-AV,Innarsuit,heliport,73.199895,-56.010817
IUL,Ilu Airport,ID,ID-PT,Ilu,small,-3.7051,138.2002
IUP,Apuí Airport,BR,BR-AM,Apuí,small,-7.172773,-59.8396
IVA,Ampampamena Airport,MG,MG-D,,small,-13.484816,48.632702
IVC,Invercargill Airport,NZ,NZ-STL,Invercargill,medium,-46.41239929199219,168.31300354003906
IVG,Berane Airport,ME,ME-03,Berane,small,42.8390007019043,19.86199951171875
IVI,Viveros Island Airport,PA,PA-8,Isla Viveros,small,8.4693,-79.0016
IVL,Ivalo Airport,FI,FI-10,Ivalo,medium,68.607299804688,27.405300140381
IVO,Chivolo Airport,CO,CO-MAG,Chivolo,small,10.016667,-74.683333
IVR,Inverell Airport,AU,AU-NSW,Inverell,medium,-29.888299942,151.143997192
IVW,Inverway Airport,AU,AU-NT,Inverway,small,-17.8411006927,129.643005371
IWA,Ivanovo South Airport,RU,RU-IVA,Ivanovo,medium,56.93939971923828,40.940799713134766
IWD,Gogebic Iron County Airport,US,US-MI,Ironwood,small,46.525298,-90.131578
IWJ,Iwami Airport,JP,JP-32,Masuda,medium,34.676399231,131.789993286
IWK,Iwakuni Kintaikyo Airport / Marine Corps Air Station Iwakuni,JP,JP-35,Iwakuni,medium,34.146333,132.247238
IWO,Ioto (Iwo Jima) Airbase,JP,JP-13,Ogasawara,medium,24.784153,141.32261
IWS,West Houston Airport,US,US-TX,Houston,small,29.818199,-95.6726
IXA,Agartala - Maharaja Bir Bikram Airport,IN,IN-TR,Agartala,medium,23.886999,91.240402
IXB,Bagdogra Airport,IN,IN-WB,Siliguri,medium,26.68120002746582,88.32859802246094
IXC,Chandigarh International Airport,IN,IN-CH,Chandigarh,medium,30.6735,76.788498
IXD,Prayagraj Airport,IN,IN-UP,Allahabad,medium,25.4401,81.733902
IXE,Mangalore International Airport,IN,IN-KA,Mangalore,medium,12.9612998962,74.8900985718
IXG,Belagavi Airport,IN,IN-KA,Belgaum,medium,15.8593,74.618301
IXH,Kailashahar Airport,IN,IN-TR,Kailashahar,medium,24.308657,92.00768
IXI,Lilabari North Lakhimpur Airport,IN,IN-AS,Lilabari,medium,27.2955,94.097603
IXJ,Jammu Airport,IN,IN-JK,Jammu,medium,32.688849,74.838152
IXK,Keshod Airport,IN,IN-GJ,Keshod,medium,21.317101,70.270401
IXL,Leh Kushok Bakula Rimpochee Airport,IN,IN-LA,Leh,medium,34.135899,77.546501
IXM,Madurai Airport,IN,IN-TN,Madurai,medium,9.83450984955,78.09339904790001
IXN,Khowai Airport,IN,IN-TR,Khowai,small,24.061899,91.603897
IXP,Pathankot Airport,IN,IN-PB,Pathankot,medium,32.233611,75.634444
IXQ,Kamalpur Airport,IN,IN-TR,Manik Bhandar,small,24.134325,91.810769
IXR,Birsa Munda Airport,IN,IN-JH,Ranchi,medium,23.314300537100003,85.3217010498
IXS,Silchar Airport,IN,IN-AS,Silchar,medium,24.9129009247,92.9786987305
IXT,Pasighat Airport,IN,IN-AR,Pasighat,small,28.064786,95.336952
IXU,Aurangabad Airport,IN,IN-MM,Aurangabad,medium,19.862699508666992,75.39810180664062
IXV,Along Airport,IN,IN-AR,,medium,28.17530059814453,94.802001953125
IXW,Sonari Airport,IN,IN-JH,Jamshedpur,medium,22.813786,86.169739
IXX,Bidar Airport / Bidar Air Force Station,IN,IN-KA,Bidar,medium,17.9081,77.487099
IXY,Kandla Airport,IN,IN-GJ,Kandla,medium,23.1127,70.100304
IXZ,Veer Savarkar International Airport / INS Utkrosh,IN,IN-AN,Port Blair,medium,11.641208,92.729643
IYK,Inyokern Airport,US,US-CA,Inyokern,small,35.65879822,-117.8300018
IZA,Presidente Itamar Franco Airport,BR,BR-MG,Juiz de Fora,medium,-21.513086,-43.173069
IZE,Itzehoe/Hungriger Wolf Airfield,DE,DE-SH,Itzehoe,small,53.992009,9.576409
IZM,Selçuk Efes Airport,TR,TR-35,Selçuk,small,37.950699,27.329
IZO,Izumo Enmusubi Airport,JP,JP-32,Izumo,medium,35.413601,132.889999
IZT,Aeropuerto Nacional General Antonio Cárdenas Rodríguez,MX,MX-OAX,Ixtepec,medium,16.438915,-95.090328
JAA,Jalalabad Airport,AF,AF-NAN,Jalalabad,medium,34.399799,70.498596
JAB,Jabiru Airport,AU,AU-NT,,small,-12.658056,132.894638
JAC,Jackson Hole Airport,US,US-WY,Jackson,medium,43.6072998046875,-110.73799896240234
JAD,Perth Jandakot Airport,AU,AU-WA,Perth,medium,-32.09749984741211,115.88099670410156
JAE,Shumba Airport,PE,PE-CAJ,Jaén,medium,-5.59248,-78.774002
JAF,Jaffna International Airport,LK,LK-4,Jaffna,medium,9.79233,80.070099
JAG,Shahbaz Air Base,PK,PK-SD,Jacobabad,medium,28.28420066833496,68.44969940185547
JAI,Jaipur International Airport,IN,IN-RJ,Jaipur,medium,26.8242,75.812202
JAK,Jacmel Airport,HT,HT-SE,Jacmel,medium,18.2411,-72.518501
JAL,El Lencero Airport,MX,MX-VER,Xalapa,medium,19.4751,-96.797501
JAM,Bezmer Air Base,BG,BG-28,Bezmer,medium,42.454899,26.3522
JAN,Jackson-Medgar Wiley Evers International Airport,US,US-MS,Jackson,medium,32.311199,-90.075897
JAP,Chacarita Airport,CR,CR-P,Puntarenas,small,9.98141,-84.772697
JAQ,Jacquinot Bay Airport,PG,PG-EBR,Jacquinot Bay,small,-5.65250015259,151.507003784
JAR,Jahrom Airport,IR,IR-07,Jahrom,small,28.586700439499996,53.5791015625
JAS,Jasper County Airport Bell Field,US,US-TX,Jasper,small,30.8857,-94.034897
JAT,Jabot Airport,MH,MH-JAB,Ailinglapalap Atoll,small,7.749775,168.977838
JAU,Francisco Carle Airport,PE,PE-JUN,Jauja,medium,-11.7831001282,-75.47339630130001
JAV,Ilulissat Airport,GL,GL-AV,Ilulissat,medium,69.243202,-51.057098
JAW,Araripina Airport,BR,BR-PE,Araripina,small,-7.586417,-40.535431
JAX,Jacksonville International Airport,US,US-FL,Jacksonville,large,30.492469,-81.687813
JBB,Notohadinegoro Airport,ID,ID-JI,Jember,small,-8.242494,113.693476
JBK,Qitai Jiangbulake Airport (under construction),CN,CN-65,Qitai,small,44.166086,89.55014
JBQ,La Isabela International Airport,DO,DO-01,La Isabela,medium,18.572500228881836,-69.98560333251953
JBR,Jonesboro Municipal Airport,US,US-AR,Jonesboro,medium,35.83169937133789,-90.64640045166016
JBS,São Borja Airport,BR,BR-RS,São Borja,small,-28.6549,-56.034599
JBT,Bethel Seaplane Base,US,US-AK,Bethel,seaplane_base,60.7820014954,-161.742996216
JCB,Santa Terezinha Airport,BR,BR-SC,Joaçaba,small,-27.171514,-51.553327
JCH,Qasigiannguit Heliport,GL,GL-QK,Qasigiannguit,heliport,68.822816,-51.173447
JCI,New Century AirCenter Airport,US,US-KS,New Century,small,38.830898,-94.890297
JCJ,Chuja Port Heliport,KR,KR-49,"Chuja, Hach’uja-do (Chujado Islands)",heliport,33.941188,126.324899
JCK,Julia Creek Airport,AU,AU-QLD,,small,-20.66830062866211,141.72300720214844
JCL,České Budějovice Airport,CZ,CZ-JC,České Budějovice,small,48.9464,14.4275
JCM,Jacobina Airport,BR,BR-BA,Jacobina,small,-11.1632,-40.553101
JCR,Jacareacanga Airport,BR,BR-PA,Jacareacanga,medium,-6.23316,-57.776901
JCS,Crateús Airport,BR,BR-CE,Crateús,small,-5.21135,-40.704201
JCT,Kimble County Airport,US,US-TX,Junction,medium,30.5112991333,-99.7634963989
JCU,Ceuta Heliport,ES,ES-CE,Ceuta,heliport,35.892657,-5.306321
JCY,LBJ Ranch Airport,US,US-TX,Stonewall,small,30.251801,-98.622498
JDA,Grant County Regional Airport / Ogilvie Field,US,US-OR,John Day,small,44.404202,-118.962997
JDE,Jiande Qiandaohu General Airport,CN,CN-33,Hangzhou,small,29.360905,119.180829
JDF,Francisco de Assis Airport,BR,BR-MG,Juiz de Fora,medium,-21.791482,-43.386072
JDG,Jeongseok Airport,KR,KR-49,Jeju Island,medium,33.3996009827,126.711997986
JDH,Jodhpur Airport,IN,IN-RJ,Jodhpur,medium,26.251100540161133,73.04889678955078
JDN,Jordan Airport,US,US-MT,Jordan,small,47.3288002014,-106.95300293
JDO,Orlando Bezerra de Menezes Airport,BR,BR-CE,Juazeiro do Norte,small,-7.21932,-39.269096
JDR,Prefeito Octávio de Almeida Neves Airport,BR,BR-MG,São João Del Rei,small,-21.085638,-44.225299
JDZ,Jingdezhen Luojia Airport,CN,CN-36,Jingdezhen,medium,29.3386,117.176003
JED,King Abdulaziz International Airport,SA,SA-02,Jeddah,large,21.6796,39.156502
JEE,Jérémie Airport,HT,HT-GA,Jeremie,medium,18.66309928894043,-74.17030334472656
JEF,Jefferson City Memorial Airport,US,US-MO,Jefferson City,small,38.5912017822,-92.1560974121
JEG,Aasiaat Airport,GL,GL-QK,Aasiaat,medium,68.721802,-52.784698
JEJ,Jeh Airport,MH,MH-ALL,Ailinglapalap Atoll,small,7.565350055690001,168.962005615
JEK,Jeki Airport,ZM,ZM-09,Jeki,small,-15.6334,29.6036
JEQ,Jequié Airport,BR,BR-BA,Jequié,small,-13.8777,-40.071602
JER,Jersey Airport,JE,JE-U-A,Saint Helier,medium,49.20790100097656,-2.195509910583496
JFK,John F Kennedy International Airport,US,US-NY,New York,large,40.639447,-73.779317
JFM,Fremantle Heliport,AU,AU-WA,Fremantle,heliport,-32.045149,115.733022
JFN,Northeast Ohio Regional Airport,US,US-OH,Ashtabula,medium,41.778,-80.695503
JFR,Paamiut Airport,GL,GL-SE,Paamiut,small,62.014736,-49.670937
JGA,Jamnagar Airport,IN,IN-GJ,Jamnagar,medium,22.465499877929688,70.01260375976562
JGB,Jagdalpur Airport,IN,IN-CT,Jagdalpur,small,19.074301,82.036797
JGD,Daxing'anling Elunchun Airport,CN,CN-23,Jiagedaqi,medium,50.371389,124.1175
JGN,Jiayuguan Airport,CN,CN-62,Jiayuguan,small,39.856899,98.3414
JGO,Qeqertarsuaq Heliport,GL,GL-QK,Qeqertarsuaq,heliport,69.251182,-53.514876
JGR,Kangilinnguit Heliport,GL,GL-SE,Kangilinnguit,heliport,61.22896,-48.09698
JGS,Jinggangshan Airport,CN,CN-36,Ji'an,medium,26.856899,114.737
JHB,Senai International Airport,MY,MY-01,Johor Bahru,medium,1.64131,103.669998
JHF,São Paulo Catarina Executive Airport,BR,BR-SP,São Roque,medium,-23.426886,-47.165658
JHG,Xishuangbanna Gasa International Airport,CN,CN-53,Jinghong (Gasa),medium,21.974648,100.762224
JHL,Fort MacKay/Albian Aerodrome,CA,CA-AB,Albian Village,small,57.2238998413,-111.418998718
JHM,Kapalua Airport,US,US-HI,Lahaina,medium,20.9629,-156.673004
JHN,Jenderal Besar Abdul Haris Nasution Airport,ID,ID-SS,,small,0.948056,99.533333
JHS,Sisimiut Airport,GL,GL-QA,Sisimiut,medium,66.951302,-53.729301
JHW,Chautauqua County-Jamestown Airport,US,US-NY,Jamestown,medium,42.15425,-79.254008
JIA,Juína Airport,BR,BR-MT,Juína,small,-11.419444,-58.701668
JIB,Djibouti-Ambouli Airport,DJ,DJ-DJ,Djibouti City,large,11.5473,43.1595
JIC,Jinchang Jinchuan Airport,CN,CN-62,Jinchang,small,38.542222,102.348333
JID,Recreation and Conference Center Heliport,US,US-CA,City of Industry,heliport,34.020472,-117.927396
JIJ,Wilwal International Airport,ET,ET-SO,Jijiga,medium,9.3325,42.9121
JIK,Ikaria Airport,GR,GR-K,Ikaria Island,small,37.6827011108,26.3470993042
JIL,Jilin Ertaizi Airport,CN,CN-22,Jilin,small,44.002652,126.395244
JIM,Jimma Airport,ET,ET-OR,Jimma,medium,7.66609001159668,36.81660079956055
JIN,Jinja Airport,UG,UG-E,Jinja,small,0.453094,33.19356
JIO,Jos Orno Imsula Airport,ID,ID-MA,Tiakur,small,-8.140402,127.908758
JIP,Jipijapa Airport,EC,EC-M,Jipijapa,small,-1.0,-80.66666412353516
JIQ,Qianjiang Wulingshan Airport,CN,CN-50,Qianjiang,medium,29.5133333333,108.831111111
JIR,Jiri Airport,NP,NP-P3,Jiri,small,27.626313,86.230581
JIU,Jiujiang Lushan Airport,CN,CN-36,Jiujiang,small,29.476944,115.801111
JJD,Comandante Ariston Pessoa Airport,BR,BR-CE,Cruz,medium,-2.906425,-40.357338
JJG,Humberto Ghizzo Bortoluzzi Regional Airport,BR,BR-SC,Jaguaruna,small,-28.6753,-49.0596
JJI,Juanjui Airport,PE,PE-SAM,Juanjuí,medium,-7.1691,-76.7286
JJM,Mulika Lodge Airport,KE,KE-400,Meru-Kinna,small,0.165083,38.195141
JJN,Quanzhou Jinjiang International Airport,CN,CN-35,Quanzhou,medium,24.7964,118.589996
JJU,Qaqortoq Heliport,GL,GL-KU,Qaqortoq,heliport,60.715684,-46.029919
JKG,Jönköping Airport,SE,SE-F,Jönköping,medium,57.757598876953125,14.068699836730955
JKH,Chios Island National Airport,GR,GR-K,Chios Island,medium,38.34320068359375,26.140600204467773
JKL,Kalymnos Airport,GR,GR-L,Kalymnos Island,small,36.9632987976,26.9405994415
JKR,Janakpur Airport,NP,NP-P2,Janakpur,medium,26.708799,85.922401
JKV,Cherokee County Airport,US,US-TX,Jacksonville,small,31.8693008423,-95.2173995972
JLA,Quartz Creek Airport,US,US-AK,Cooper Landing,small,60.484235,-149.722909
JLN,Joplin Regional Airport,US,US-MO,Joplin,medium,37.151798,-94.498299
JLR,Jabalpur Airport,IN,IN-MP,Jabalpur,medium,23.177799,80.052002
JLS,Jales Airport,BR,BR-SP,Jales,small,-20.292296,-50.545546
JMA,Aeroporto Elias Breder Airport,BR,BR-MG,Manhuaçu,small,-20.259722,-42.183887
JMB,Jamba Airport,AO,AO-HUI,Jamba,small,-14.698193,16.070148
JMJ,Lancang Jingmai Airport,CN,CN-53,Pu'er (Lancang),medium,22.417733,99.784012
JMK,Mykonos Island National Airport,GR,GR-L,Mykonos,medium,37.435101,25.348101
JMO,Jomsom Airport,NP,NP-P4,Jomsom,small,28.780426,83.723
JMR,Maricá Airport,BR,BR-RJ,Maricá,small,-22.9195,-42.830898
JMS,Jamestown Regional Airport,US,US-ND,Jamestown,medium,46.92969894,-98.67819977
JMU,Jiamusi Dongjiao Airport,CN,CN-23,Jiamusi,medium,46.843399,130.464996
JNA,Januária Airport,BR,BR-MG,Januária,small,-15.4738,-44.385502
JNB,OR Tambo International Airport,ZA,ZA-GT,Johannesburg,large,-26.1392,28.246
JNG,Jining Qufu Airport,CN,CN-37,Jining,medium,35.292778,116.346667
JNJ,Ja'Aluni Airport,OM,OM-WU,Duqm,small,19.4749,57.3083
JNN,Nanortalik Heliport,GL,GL-KU,Nanortalik,heliport,60.141884,-45.232977
JNS,Narsaq Heliport,GL,GL-KU,Narsaq,heliport,60.917283,-46.059923
JNU,Juneau International Airport,US,US-AK,Juneau,medium,58.355,-134.576004
JNX,Naxos Island National Airport,GR,GR-L,Naxos,small,37.0811,25.368099
JNZ,Jinzhou Bay Airport,CN,CN-21,"Linghai, Jinzhou",medium,40.936032,121.277114
JOE,Joensuu Airport,FI,FI-13,Joensuu,medium,62.658815,29.619398
JOG,Adisutjipto International Airport,ID,ID-YO,Yogyakarta,medium,-7.78818,110.431999
JOH,Port St Johns Airport,ZA,ZA-EC,Port St Johns,medium,-31.60612,29.52175
JOI,Lauro Carneiro de Loyola Airport,BR,BR-SC,Joinville,medium,-26.224501,-48.797401
JOJ,Doris Lake,CA,CA-NU,Hope Bay,small,68.1252746582,-106.585281372
JOK,Yoshkar-Ola Airport,RU,RU-ME,Yoshkar-Ola,medium,56.70059967041016,47.90470123291016
JOL,Jolo Airport,PH,PH-SLU,,medium,6.0536699295043945,121.01100158691406
JOM,Njombe Airport,TZ,TZ-04,Njombe,small,-9.35,34.799999
JOP,Josephstaal Airport,PG,PG-MPM,Josephstaal,small,-4.74708333333,145.007083333
JOS,Yakubu Gowon Airport,NG,NG-PL,Jos,medium,9.639829635620115,8.869050025939941
JOT,Joliet Regional Airport,US,US-IL,Joliet,small,41.51779938,-88.17549896
JPA,Presidente Castro Pinto International Airport,BR,BR-PB,João Pessoa,medium,-7.148691,-34.950554
JPE,Nagib Demachki Airport,BR,BR-PA,Paragominas,small,-3.019798,-47.316474
JPN,Pentagon Army Heliport,US,US-VA,Washington DC,heliport,38.874908,-77.056682
JPO,Aeroporto Brigadeiro Firmino Ayres,BR,BR-PB,Patos,small,-7.03899,-37.251598
JPR,Ji-Paraná Airport,BR,BR-RO,Ji-Paraná,small,-10.870743,-61.846675
JPY,Paraty Airport,BR,BR-RJ,Paraty,small,-23.224044,-44.7234
JQA,Qaarsut Airport,GL,GL-AV,Uummannaq,small,70.7342,-52.696201
JQE,Jaqué Airport,PA,PA-5,Jaqué,small,7.51778,-78.157204
JRA,West 30th Street Heliport,US,US-NY,New York,heliport,40.755107,-74.006896
JRB,Downtown Manhattan Heliport,US,US-NY,New York,heliport,40.700711,-74.008573
JRF,Kalaeloa Airport,US,US-HI,Kapolei,medium,21.3074,-158.070009
JRG,Jharsuguda Airport,IN,IN-OR,,small,21.9135,84.0504
JRH,Jorhat Airport,IN,IN-AS,Jorhat,medium,26.7315006256,94.1754989624
JRJ,Ruijin Airport,CN,CN-36,Ruijin,small,25.958108,116.078805
JRK,Arsuk Heliport,GL,GL-SE,Arsuk,heliport,61.176828,-48.419698
JRN,Juruena Airport,BR,BR-MT,Juruena,small,-10.305833,-58.489445
JRO,Kilimanjaro International Airport,TZ,TZ-01,Arusha,medium,-3.42941,37.074501
JRT,Juruti Airport,BR,BR-PA,Juruti,small,-2.186667,-56.090279
JSA,Jaisalmer Airport,IN,IN-RJ,,medium,26.8887,70.864998
JSB,Walfrido Salmito de Almeida Airport,BR,BR-CE,São Benedito,small,-4.042841,-40.893813
JSH,Sitia Airport,GR,GR-M,Crete Island,medium,35.21609878540039,26.101299285888672
JSI,Skiathos Island National Airport,GR,GR-E,Skiathos,medium,39.177101,23.5037
JSJ,Jiansanjiang Shidi Airport,CN,CN-23,Jiansanjiang,medium,47.108248,132.65792
JSK,Jask Airport,IR,IR-22,Bandar-e-Jask,small,25.654757,57.801718
JSM,Jose De San Martin Airport,AR,AR-U,Chubut,small,-44.048599243199995,-70.4589004517
JSO,Dr. Luciano de Arruda Coelho Regional Airport,BR,BR-CE,Sobral,medium,-3.614488,-40.231426
JSR,Jessore Airport,BD,BD-4,Jashore (Jessore),medium,23.1838,89.160797
JST,John Murtha Johnstown Cambria County Airport,US,US-PA,Johnstown,medium,40.31610107421875,-78.83390045166016
JSU,Maniitsoq Airport,GL,GL-QA,Maniitsoq,small,65.412498,-52.9394
JSY,Syros Airport,GR,GR-L,Syros Island,small,37.4227981567,24.9508991241
JTA,Pedro Teixeira Castelo Airport,BR,BR-CE,Tauá,small,-5.9334,-40.2975
JTC,Bauru/Arealva–Moussa Nakhal Tobias State Airport,BR,BR-SP,Bauru,medium,-22.160755,-49.070325
JTI,Jataí Airport,BR,BR-GO,Jataí,small,-17.8299007416,-51.7729988098
JTN,Itanhaém Airport,BR,BR-SP,Itanhaém,small,-24.159729,-46.790604
JTR,Santorini Airport,GR,GR-L,Santorini Island,medium,36.399200439453125,25.47929954528809
JTY,Astypalaia Airport,GR,GR-L,Astypalaia Island,small,36.5798988342,26.3757991791
JUA,Inácio Luís do Nascimento Airport,BR,BR-MT,Juara,small,-11.2966,-57.5495
JUB,Juba International Airport,SS,SS-17,Juba,large,4.87201,31.601101
JUH,Chizhou Jiuhuashan Airport,CN,CN-34,Chizhou,small,30.7403,117.6856
JUI,Juist Airport,DE,DE-NI,Juist,small,53.681421,7.056398
JUJ,Gobernador Horacio Guzman International Airport,AR,AR-Y,San Salvador de Jujuy,medium,-24.392799,-65.097801
JUK,Ukkusissat Heliport,GL,GL-AV,Ukkusissat,heliport,71.049438,-51.890016
JUL,Inca Manco Capac International Airport,PE,PE-PUN,Juliaca,medium,-15.467100143432615,-70.158203125
JUM,Jumla Airport,NP,NP-P6,Jumla,small,29.2742,82.193298
JUN,Jundah Airport,AU,AU-QLD,Jundah,small,-24.838045,143.061962
JUO,Juradó Airport,CO,CO-CHO,Juradó,small,7.07181,-77.727117
JUR,Jurien Bay Airport,AU,AU-WA,Jurien Bay,small,-30.302699,115.055551
JUT,Jutigalpa airport,HN,HN-OL,Jutigalpa,small,14.652600288391112,-86.22029876708984
JUU,Nuugaatsiaq Heliport,GL,GL-AV,Nuugaatsiaq,heliport,71.538769,-53.205038
JUV,Upernavik Airport,GL,GL-AV,Upernavik,small,72.790199,-56.1306
JUZ,Quzhou Airport,CN,CN-33,Quzhou,medium,28.965799,118.899002
JVA,Ankavandra Airport,MG,MG-U,Ankavandra,small,-18.80501,45.273467
JVI,Central Jersey Regional Airport,US,US-NJ,Manville,small,40.5243988037,-74.59839630130001
JVL,Southern Wisconsin Regional Airport,US,US-WI,Janesville,small,42.620300293,-89.0416030884
JWA,Jwaneng Airport,BW,BW-JW,Jwaneng,medium,-24.602301,24.691
JWN,Zanjan Airport,IR,IR-19,Zanjan,medium,36.7737007141,48.3594017029
JWO,Jungwon Air Base/Chungju Airport,KR,KR-43,Gimseang-ro,medium,37.03024,127.886353
JXA,Jixi Xingkaihu Airport,CN,CN-23,Jixi,medium,45.293,131.193
JXN,Jackson County Airport/Reynolds Field,US,US-MI,Jackson,medium,42.260509,-84.463019
JYR,Jiroft Airport,IR,IR-08,Jiroft,medium,28.723519,57.675037
JYV,Jyväskylä Airport,FI,FI-08,Jyväskylän Maalaiskunta,medium,62.399502,25.678301
JZH,Jiuzhai Huanglong Airport,CN,CN-51,Ngawa (Songpan),medium,32.853333,103.682222
KAA,Kasama Airport,ZM,ZM-05,Kasama,small,-10.210169,31.123045
KAB,Kariba International Airport,ZW,ZW-MW,Kariba,medium,-16.5198,28.885
KAC,Qamishli Airport,SY,SY-HA,Qamishly,medium,37.020599,41.191399
KAD,Kaduna Airport,NG,NG-KD,Kaduna,medium,10.696000099182127,7.320109844207764
KAE,Kake Seaplane Base,US,US-AK,Kake,seaplane_base,56.973,-133.945999
KAF,Karato Airport,PG,PG-NSB,Karato,small,-6.2655,155.3052
KAG,Gangneung Airport (K-18),KR,KR-42,Gangneung,medium,37.753601,128.943915
KAH,"Melbourne Heliport, Batman Park",AU,AU-VIC,Melbourne,heliport,-37.822272,144.956789
KAI,Kaieteur International Airport,GY,GY-PT,Kaieteur Falls,medium,5.17275476456,-59.491481781
KAJ,Kajaani Airport,FI,FI-05,Kajaani,medium,64.2855,27.6924
KAK,Kar Airport,PG,PG-SHM,Kar,small,-6.2452,143.5516
KAL,Kaltag Airport,US,US-AK,Kaltag,small,64.31864,-158.74197
KAM,Kamaran Airport,YE,YE-MU,Kamaran,small,15.368755,42.612515
KAN,Mallam Aminu International Airport,NG,NG-KN,Kano,medium,12.0476,8.52462
KAO,Kuusamo Airport,FI,FI-14,Kuusamo,medium,65.987602,29.239401
KAP,Kapanga Airport,CD,CD-LU,Kapanga,small,-8.371157,22.647457
KAQ,Kamulai Airport,PG,PG-CPM,Kamulai Mission,small,-8.150694444440001,146.834
KAR,Kamarang Airport,GY,GY-CU,Kamarang,small,5.86534,-60.614201
KAS,Karasburg Airport,,NA-KA,Karasburg,small,-28.0297,18.7385
KAT,Kaitaia Airport,NZ,NZ-NTL,Awanui,medium,-35.069837,173.287053
KAU,Kauhava Airfield,FI,FI-03,Kauhava,medium,63.127102,23.051399
KAV,Kavanayen Airport,VE,VE-F,Kavanayén,small,5.593056,-61.763333
KAW,Kawthoung Airport,MM,MM-05,Kawthoung,medium,10.04930019378662,98.53800201416016
KAX,Kalbarri Airport,AU,AU-WA,Kalbarri,small,-27.692813,114.259169
KAY,Wakaya Island Airport,FJ,FJ-E,Wakaya Island,small,-17.617000579833984,179.01699829101562
KAZ,Kuabang Airport,ID,ID-MU,Kao-Celebes Island,small,1.18528,127.896004
KBA,Kabala Airport,SL,SL-N,Kabala,small,9.63832291343,-11.5155601501
KBB,Kirkimbie Station Airport,AU,AU-NT,Kirkimbie,small,-17.7791996002,129.210006714
KBC,Birch Creek Airport,US,US-AK,Birch Creek,small,66.2740020752,-145.824005127
KBD,Kimberley Downs Airport,AU,AU-WA,Kimberley Downs,small,-17.39780044555664,124.3550033569336
KBE,Bell Island Hot Springs Seaplane Base,US,US-AK,Bell Island,seaplane_base,55.9291000366,-131.572006226
KBF,Karubaga Airport,ID,ID-PP,Karubaga,small,-3.684615,138.479018
KBH,Kahama Airstrip,TZ,TZ-22,Kahama,small,-3.847,32.6865
KBI,Kribi Airport,CM,CM-SU,Kribi,small,2.8738899231,9.9777803421
KBJ,Kings Canyon Airport,AU,AU-NT,Petermann,small,-24.260229,131.488924
KBK,Kushinagar International Airport,IN,IN-UP,Kushinagar,medium,26.776534,83.889214
KBL,Kabul International Airport,AF,AF-KAB,Kabul,medium,34.565899,69.212303
KBM,Kabwum,PG,PG-MPL,,small,-6.15547222222,147.191472222
KBN,Tunta Airport,CD,CD-LO,Kabinda,small,-6.120761,24.546204
KBO,Kabalo Airport,CD,CD-TA,Kabalo,small,-6.083,26.917
KBP,Boryspil International Airport,UA,UA-32,Boryspil,large,50.345001,30.894699
KBQ,Kasungu Airport,MW,MW-KS,Kasungu,small,-13.0146,33.468601
KBR,Sultan Ismail Petra Airport,MY,MY-03,Kota Baharu,medium,6.1668500900268555,102.29299926757812
KBS,Bo Airport,SL,SL-S,Bo,medium,7.9444,-11.761
KBT,Kaben Airport,MH,MH-MAL,Kaben,small,8.90056,170.843994
KBU,Gusti Syamsir Alam Airport,ID,ID-KS,Stagen,small,-3.29472,116.165001
KBV,Krabi Airport,TH,TH-81,Krabi,medium,8.09912014008,98.9861984253
KBW,Chignik Bay Seaplane Base,US,US-AK,Chignik,seaplane_base,56.295600891099994,-158.401000977
KBX,Kambuaya Airport,ID,ID-PB,Kambuaya-Papua Island,small,-1.316815,132.286987
KBY,Streaky Bay Airport,AU,AU-SA,,small,-32.836621,134.292991
KBZ,Kaikoura Airport,NZ,NZ-CAN,,small,-42.424999,173.604996
KCA,Kuqa Qiuci Airport,CN,CN-65,Kuqa,small,41.677856,82.872917
KCB,Tepoe Airstrip,SR,SR-SI,Kasikasima,small,3.15000009537,-55.716999054
KCC,Coffman Cove Seaplane Base,US,US-AK,Coffman Cove,seaplane_base,56.012586,-132.835093
KCD,Kamur Airport,ID,ID-PS,Kamur,small,-6.1851,138.6372
KCE,Collinsville Airport,AU,AU-QLD,,small,-20.59670066833496,147.86000061035156
KCF,Kadanwari Airport,PK,PK-SD,Kadanwari,small,27.1667003632,69.31670379639999
KCG,Chignik Airport,US,US-AK,Chignik,small,56.311501,-158.373001
KCH,Kuching International Airport,MY,MY-13,Kuching,medium,1.487364,110.352859
KCI,Koolan Central Airport,AU,AU-WA,Koolan Island,small,-16.125,123.735
KCJ,Komaio Airport,PG,PG-GPK,Komaio,small,-7.2714,143.5952
KCK,Kirensk Airport,RU,RU-IRK,Kirensk,small,57.773,108.064
KCL,Chignik Lagoon Airport,US,US-AK,Chignik Flats,small,56.310776,-158.534818
KCM,Kahramanmaraş Airport,TR,TR-46,Kahramanmaraş,medium,37.5388259888,36.9535217285
KCN,Chernofski Harbor Seaplane Base,US,US-AK,Chernofski Harbor,seaplane_base,53.402899,-167.520272
KCO,Cengiz Topel Airport,TR,TR-41,Kartepe,medium,40.735001,30.0833
KCP,Kam'yanets'-Podil's'kyi Airfield,UA,UA-68,Kamyan'ka,small,48.695631,26.609471
KCQ,Chignik Lake Airport,US,US-AK,Chignik Lake,small,56.2550010681,-158.774993896
KCR,Colorado Creek Airport,US,US-AK,Colorado Creek,small,63.5676994324,-155.988998413
KCS,Kings Creek Airport,AU,AU-NT,Petermann,small,-24.421285,131.819458
KCT,Koggala Airport,LK,LK-3,Galle,medium,5.993680000305176,80.32029724121094
KCU,Masindi Airport,UG,UG-W,Masindi,small,1.75806,31.7367
KCY,Krasnoyarsk Cheremshanka Airport,RU,RU-KYA,Krasnoyarsk,medium,56.177584,92.545881
KCZ,Kochi Ryoma Airport,JP,JP-39,Nankoku,medium,33.546101,133.669006
KDA,Kolda/Sare Bidji Airport,SN,SN-KD,Kolda,small,12.8985,-14.9681
KDB,Kambalda Airport,AU,AU-WA,Kambalda,small,-31.1907,121.5978
KDC,Kandi Airport,BJ,BJ-AL,Kandi,small,11.14479,2.940381
KDD,Khuzdar Airport,PK,PK-BA,Khuzdar,small,27.790599823,66.6473007202
KDE,Koroba Airport,PG,PG-HE,Koroba,small,-5.6952,142.7441
KDH,Ahmad Shah Baba International Airport / Kandahar Airfield,AF,AF-KAN,Khvoshab,medium,31.5058,65.847801
KDI,Haluoleo Airport,ID,ID-SG,Kendari,small,-4.08161,122.417999
KDJ,Ville Airport,GA,GA-3,N'Djolé,small,-0.183,10.75
KDK,Kodiak Municipal Airport,US,US-AK,Kodiak,small,57.8059005737,-152.37399292
KDL,Kärdla Airport,EE,EE-39,Kärdla,medium,58.99079895019531,22.830699920654297
KDM,Kaadedhdhoo Airport,MV,MV-28,Huvadhu Atoll,medium,0.488131,72.996902
KDN,Ndende Airport,GA,GA-4,Ndende,small,-2.4,11.367
KDO,Kadhdhoo Airport,MV,MV-05,Kadhdhoo,medium,1.8591699600219729,73.52189636230469
KDP,Kandep Airport,PG,PG-EPW,Kandep,small,-5.84061111111,143.507222222
KDQ,Kamberatoro Airport,PG,PG-SAN,Kamberatoro Mission,small,-3.600556,141.051667
KDR,Kandrian Airport,PG,PG-WBK,Kandrian,small,-6.19217,149.54783
KDS,Kamaran Downs Airport,AU,AU-QLD,Kamaran Downs,small,-24.3388,139.2785
KDT,Kamphaeng Saen Airport,TH,TH-72,Nakhon Pathom,medium,14.1020002365,99.9171981812
KDU,Skardu Airport,PK,PK-GB,Skardu,medium,35.33549880981445,75.53600311279297
KDV,Vunisea Airport,FJ,FJ-E,Vunisea,small,-19.0580997467,178.156997681
KDW,Victoria Reservoir Seaplane Base,LK,LK-2,Kandy,seaplane_base,7.2415,80.7834
KDX,Kadugli Airport,SD,SD-13,Kadugli,small,11.137999534600002,29.7010993958
KDY,Typliy Klyuch Airport,RU,RU-SA,Khandyga,small,62.7890014648,136.854995728
KDZ,Polgolla Reservoir Seaplane Base,LK,LK-2,Kandy,seaplane_base,7.3251,80.6422
KEA,Kerki Airport,TM,TM-L,Kerki,small,37.822051,65.135279
KEB,Nanwalek Airport,US,US-AK,Nanwalek,small,59.3521,-151.925003
KEC,Kasenga Airport,CD,CD-HK,Kasenga,small,-10.35,28.632999
KED,Kaédi Airport,MR,MR-04,Kaédi,small,16.1595,-13.5076
KEE,Kelle Airport,CG,CG-8,Kelle,small,-0.083,14.533
KEF,Keflavik International Airport,IS,IS-2,Reykjavík,large,63.985001,-22.6056
KEG,Keglsugl Airport,PG,PG-CPK,Denglagu Mission,small,-5.83277777778,145.097222222
KEH,Kenmore Air Harbor LLC Seaplane Base,US,US-WA,Kenmore,seaplane_base,47.754799,-122.259003
KEI,Kepi Airport,ID,ID-PS,Kepi,small,-6.5418,139.3318
KEJ,Kemerovo Airport,RU,RU-KEM,Kemerovo,medium,55.27009963989258,86.1072006225586
KEK,Ekwok Airport,US,US-AK,Ekwok,small,59.3568,-157.470993
KEL,Kiel-Holtenau Airport,DE,DE-SH,Kiel,medium,54.37957,10.145266
KEM,Kemi-Tornio Airport,FI,FI-10,Kemi / Tornio,medium,65.778701782227,24.582099914551
KEN,Kenema Airport,SL,SL-E,Kenema,medium,7.896364,-11.174126
KEO,Odienne Airport,CI,CI-DN,Odienne,small,9.539457,-7.56134
KEP,Nepalgunj Airport,NP,NP-P5,Nepalgunj,medium,28.1036,81.667
KEQ,Kebar Airport,ID,ID-PB,Kebar,small,-0.810418,133.054937
KER,Ayatollah Hashemi Rafsanjani International Airport,IR,IR-08,Kerman,medium,30.271276,56.949692
KES,Kelsey Airport,CA,CA-MB,Kelsey,medium,56.0374984741,-96.5096969604
KET,Kengtung Airport,MM,MM-17,Kengtung,medium,21.301599502563477,99.63600158691406
KEU,Keekorok Airport,KE,KE-700,Keekorok,small,-1.586345,35.257455
KEV,Halli Airport,FI,FI-08,Jämsä,medium,61.856039,24.786686
KEW,Keewaywin Airport,CA,CA-ON,Keewaywin,small,52.9911,-92.836403
KEX,Kanabea Airport,PG,PG-GPK,Kanabea,small,-7.538888888890001,145.905
KEY,Kericho Airport,KE,KE-700,Kericho,small,-0.3899,35.242093
KEZ,Kelani-Peliyagoda Seaplane Base,LK,LK-1,Colombo,seaplane_base,6.95,79.93
KFA,Kiffa Airport,MR,MR-03,Kiffa,small,16.59,-11.4062
KFE,Fortescue - Dave Forrest Aerodrome,AU,AU-WA,Cloudbreak Village,small,-22.290754,119.437143
KFG,Kalkgurung Airport,AU,AU-NT,,small,-17.431900024414062,130.80799865722656
KFM,Kirby Lake Airport,CA,CA-AB,Kirby Lake,small,55.355598,-110.637001
KFP,False Pass Airport,US,US-AK,False Pass,small,54.84751,-163.407168
KFS,Kastamonu Airport,TR,TR-37,Kastamonu,medium,41.314201,33.795799
KFZ,Kukës International Airport,AL,AL-07,Kukës,medium,42.035802,20.415955
KGA,Kananga Airport,CD,CD-KC,Kananga,medium,-5.90005,22.4692
KGB,Konge Airport,PG,PG-MPL,Konge,small,-6.2239,147.2152
KGC,Kingscote Airport,AU,AU-SA,,medium,-35.71390151977539,137.52099609375
KGD,Khrabrovo Airport,RU,RU-KGD,Kaliningrad,medium,54.88999938964844,20.592599868774418
KGE,Kaghau Airport,SB,SB-CH,Kagau Island,small,-7.3305,157.585
KGF,Sary-Arka Airport,KZ,KZ-KAR,Karaganda,medium,49.670799,73.334396
KGG,Kédougou Airport,SN,SN-TC,Kédougou,medium,12.57229995727539,-12.22029972076416
KGH,Yongai Airport,PG,PG-CPM,Yongai,small,-8.5289,147.4603
KGI,Kalgoorlie Boulder Airport,AU,AU-WA,Broadwood,medium,-30.791543,121.464586
KGJ,Karonga Airport,MW,MW-KR,Karonga,medium,-9.953571,33.893264
KGK,Koliganek Airport,US,US-AK,Koliganek,small,59.726600647,-157.259002686
KGL,Kigali International Airport,RW,RW-01,Kigali,large,-1.96863,30.1395
KGM,Kungim Airport,PG,PG-WPD,Kungim,small,-5.671,141.03
KGN,Kasongo-Lunda Airport,CD,CD-KG,Kasongo-Lunda,small,-6.468027,16.805012
KGO,Kirovograd Airport,UA,UA-35,Kirovograd,small,48.542801,32.285
KGP,Kogalym International Airport,RU,RU-KHM,Kogalym,medium,62.190399169921875,74.53379821777344
KGQ,Kangersuatsiaq Heliport,GL,GL-AV,Kangersuatsiaq,heliport,72.381092,-55.536586
KGR,Kulgera Airport,AU,AU-NT,Ghan,small,-25.8428,133.292007
KGS,Kos Airport,GR,GR-L,Kos Island,medium,36.794523,27.09115
KGT,Kangding Airport,CN,CN-51,Garzê (Kangding),medium,30.142464,101.73872
KGU,Keningau Airport,MY,MY-12,Keningau,small,5.355487,116.164884
KGW,Kagi Airport,PG,PG-CPM,Kagi,small,-9.13591666667,147.669444444
KGX,Grayling Airport,US,US-AK,Grayling,small,62.895187,-160.066289
KGY,Kingaroy Airport,AU,AU-QLD,,medium,-26.581077,151.839927
KGZ,Glacier Creek Airport,US,US-AK,Glacier Creek,small,61.4551010132,-142.380996704
KHA,Khaneh Airport,IR,IR-04,Khaneh,small,36.733341,45.150002
KHC,Kerch Airport,UA,UA-43,Kerch,small,45.372501,36.401402
KHD,Khoram Abad Airport,IR,IR-15,,medium,33.43539810180664,48.282901763916016
KHE,Kherson International Airport,UA,UA-65,Kherson,medium,46.6758,32.506401
KHG,Kashgar Airport,CN,CN-65,Kashgar,medium,39.5429000854,76.0199966431
KHH,Kaohsiung International Airport,TW,TW-KHH,Kaohsiung (Xiaogang),large,22.577101,120.349998
KHI,Jinnah International Airport,PK,PK-SD,Karachi,large,24.9065,67.160797
KHJ,Kauhajoki Airfield,FI,FI-03,,medium,62.463212,22.390817
KHK,Khark Airport,IR,IR-18,Khark,medium,29.260503,50.322193
KHM,Kanti Airport,MM,MM-01,Kanti,small,25.9883,95.6744
KHN,Nanchang Changbei International Airport,CN,CN-36,Nanchang,large,28.864815,115.90271
KHO,Khoka Moya Airport,ZA,ZA-NP,Khoka Moya,small,-24.593000411987305,31.41510009765625
KHQ,Kullorsuaq Heliport,GL,GL-AV,Kullorsuaq,heliport,74.57805,-57.226828
KHR,Kharkhorin Airport,MN,MN-055,,small,47.246667,102.826111
KHS,Khasab Airport,OM,OM-MU,Khasab,medium,26.171,56.240601
KHT,"""Ghost"" International Airport",AF,AF-KHO,Khost,medium,33.284605,69.80734
KHU,Kakhnovka Airfield,UA,UA-53,Kremenchuk,small,49.136799,33.477893
KHV,Khabarovsk Novy Airport,RU,RU-KHA,Khabarovsk,medium,48.528338,135.188588
KHW,Khwai River Lodge Airport,BW,BW-NW,Khwai River Lodge,small,-19.149477,23.787937
KHX,Savannah Airstrip,UG,UG-W,Kihihi,small,-0.7165,29.6997
KHY,Khoy Airport,IR,IR-04,Khoy,small,38.4275016784668,44.97359848022461
KHZ,Kauehi Airport,PF,PF-U-A,Kauehi,small,-15.780622,-145.128443
KIB,Ivanof Bay Seaplane Base,US,US-AK,Ivanof Bay,seaplane_base,55.8974990845,-159.488998413
KIC,Mesa Del Rey Airport,US,US-CA,King City,small,36.2280006409,-121.122001648
KID,Kristianstad Airport,SE,SE-M,Kristianstad,medium,55.9217,14.0855
KIE,Aropa Airport,PG,PG-NSB,Kieta,small,-6.305417,155.728139
KIF,Kingfisher Lake Airport,CA,CA-ON,Kingfisher Lake,small,53.01250076293945,-89.85530090332031
KIG,Koingnaas Airport,ZA,ZA-NC,Koingnaas,small,-30.187136,17.282706
KIH,Kish International Airport,IR,IR-22,Kish Island,medium,26.5261993408,53.9802017212
KII,Kibuli Airstrip,PG,PG-WPD,Kibuli,small,-9.006528,142.698056
KIJ,Niigata Airport,JP,JP-15,Niigata,medium,37.9558982849,139.121002197
KIK,Kirkuk Air Base,IQ,IQ-TS,Kirkuk,medium,35.469501,44.3489
KIL,Kilwa Airport,CD,CD-HK,Kilwa,small,-9.2886,28.3269
KIM,Kimberley Airport,ZA,ZA-NC,Kimberley,medium,-28.802799224900003,24.7651996613
KIN,Norman Manley International Airport,JM,JM-01,Kingston,large,17.935699462890625,-76.7874984741211
KIO,Kili Airport,MH,MH-KIL,Kili Island,small,5.64386,169.124586
KIP,Kickapoo Downtown Airport,US,US-TX,Wichita Falls,small,33.85779953,-98.49040222
KIQ,Kira Airport,PG,PG-NPP,Kira,small,-8.065111111110001,147.332027778
KIR,Kerry Airport,IE,IE-KY,Killarney,medium,52.180901,-9.52378
KIS,Kisumu Airport,KE,KE-600,Kisumu,medium,-0.0861390009522438,34.72890090942383
KIT,Kithira Airport,GR,GR-I,Kithira Island,small,36.2742996216,23.0170001984
KIU,Kiunga Airport,KE,KE-300,Kiunga,small,-1.7438290119171145,41.484344482421875
KIW,Southdowns Airport,ZM,ZM-08,Kitwe,medium,-12.9005,28.1499
KIX,Kansai International Airport,JP,JP-27,Osaka,large,34.427299,135.244003
KIY,Kilwa Airport,TZ,TZ-12,Kilwa Masoko,small,-8.91123,39.508619
KJA,Krasnoyarsk International Airport,RU,RU-KYA,Krasnoyarsk,large,56.173077,92.492437
KJB,Kurnool Airport,IN,IN-AP,Orvakal,medium,15.716288,78.16923
KJH,Kaili Huangping Airport,CN,CN-52,Kaili  (Huangping),medium,26.972,107.988
KJI,Burqin Kanas Airport,CN,CN-65,Burqin,medium,48.2223,86.9959
KJJ,Kajjansi Airfield,UG,UG-C,Kampala,small,0.1968,32.55297
KJK,Flanders International Airport Kortrijk-Wevelgem,BE,BE-VWV,Wevelgem,medium,50.818878,3.209551
KJP,Kerama Airport,JP,JP-47,Zamami,small,26.168337,127.293423
KJT,Kertajati International Airport,ID,ID-JB,Kertajati,medium,-6.648924,108.166692
KJX,Kuala Batu Airport,ID,ID-AC,Blangpidie,small,3.735749,96.790109
KKA,Koyuk Alfred Adams Airport,US,US-AK,Koyuk,small,64.939499,-161.154007
KKB,Kitoi Bay Seaplane Base,US,US-AK,Kitoi Bay,seaplane_base,58.190899,-152.369995
KKC,Khon Kaen Airport,TH,TH-40,Khon Kaen,medium,16.466600418099997,102.783996582
KKD,Kokoda Airport,PG,PG-NPP,Kokoda,small,-8.88467884064,147.730957031
KKE,Kerikeri Airport,NZ,NZ-NTL,Kerikeri,medium,-35.259148,173.913317
KKG,Konawaruk Airport,GY,GY-PT,Konawaruk,small,5.2684,-58.995
KKH,Kongiganak Airport,US,US-AK,Kongiganak,small,59.9608,-162.880997
KKI,Akiachak Airport,US,US-AK,Akiachak,small,60.913809,-161.493329
KKJ,Kitakyushu Airport,JP,JP-40,Kitakyushu,medium,33.845901,131.035004
KKK,Kalakaket Creek AS Airport,US,US-AK,Kalakaket Creek,small,64.4166256967,-156.820392609
KKL,Karluk Lake Seaplane Base,US,US-AK,Karluk Lake,seaplane_base,57.3670005798,-154.027999878
KKM,Sa Pran Nak Airport,TH,TH-16,,small,14.9493999481,100.642997742
KKN,"Kirkenes Airport, Høybuktmoen",NO,NO-54,Kirkenes,medium,69.7258,29.8913
KKO,Kaikohe Airport,NZ,NZ-NTL,Kaikohe,small,-35.451099,173.817001
KKP,Koolburra Airport,AU,AU-QLD,Koolburra,small,-15.318900108337402,143.9550018310547
KKQ,Krasnoselkup Airport,RU,RU-YAN,Krasnoselkup,small,65.717,82.455
KKR,Kaukura Airport,PF,PF-U-A,Raitahiti,medium,-15.6633,-146.884995
KKS,Kashan Airport,IR,IR-10,Kashan,medium,33.895302,51.577
KKT,Kentland Municipal Airport,US,US-IN,Kentland,small,40.758733,-87.429457
KKU,Ekuk Airport,US,US-AK,Ekuk,small,58.8111991882,-158.559005737
KKW,Kikwit Airport,CD,CD-KL,Kikwit,medium,-5.03577,18.785601
KKX,Kikai Airport,JP,JP-46,Kikai,medium,28.321300506599997,129.927993774
KKY,Kilkenny Airport,IE,IE-KK,Kilkenny,small,52.65079879760742,-7.296110153198242
KKZ,Koh Kong Airport,KH,KH-9,Krong Khemara Phoumin,small,11.613397,102.997084
KLB,Kalabo Airport,ZM,ZM-01,Kalabo,small,-14.998818,22.648372
KLC,Kaolack Airport,SN,SN-FK,Kaolack,medium,14.146900177001951,-16.051300048828125
KLD,Migalovo Air Base,RU,RU-TVE,Tver,medium,56.82469940185547,35.7577018737793
KLE,Kaélé Airport,CM,CM-EN,Kaélé,small,10.0925,14.4456
KLF,Grabtsevo Airport,RU,RU-KLU,Kaluga,medium,54.5499992371,36.3666687012
KLG,Kalskag Airport,US,US-AK,Kalskag,small,61.53630065917969,-160.34100341796875
KLH,Kolhapur Airport,IN,IN-MM,Kolhapur,medium,16.6647,74.289398
KLI,Kotakoli Airbase,CD,CD-NU,Kotakoli,small,4.156991,21.66667
KLK,Kalokol Airport,KE,KE-700,Kalokol,small,3.49161,35.836777
KLL,Levelock Airport,US,US-AK,Levelock,small,59.12606,-156.860906
KLM,Kalaleh Airport,IR,IR-27,Kalaleh,small,37.383301,55.452
KLN,Larsen Bay Airport,US,US-AK,Larsen Bay,small,57.535099,-153.977993
KLO,Kalibo International Airport,PH,PH-AKL,Kalibo,medium,11.679400444,122.375999451
KLP,Seruyan Kuala Pembuang Airport,ID,ID-KT,Seruyan,small,-3.376062,112.536521
KLR,Kalmar Airport,SE,SE-H,Kalmar,medium,56.685501,16.2876
KLS,Southwest Washington Regional Airport,US,US-WA,Kelso,medium,46.11800003049999,-122.898002625
KLU,Klagenfurt Airport,AT,AT-2,Klagenfurt am Wörthersee,medium,46.642502,14.3377
KLV,Karlovy Vary Airport,CZ,CZ-KA,Karlovy Vary,medium,50.202999,12.915
KLW,Klawock Airport,US,US-AK,Klawock,medium,55.579201,-133.076004
KLX,Kalamata Airport,GR,GR-J,Kalamata,medium,37.06829833984375,22.02549934387207
KLY,Kinkungwa Airport,CD,CD-MA,Kalima,small,-2.578,26.733999
KLZ,Kleinsee Airport,ZA,ZA-NC,Kleinsee,medium,-29.6884002686,17.093999862700002
KMA,Kerema Airport,PG,PG-GPK,Kerema,medium,-7.96361017227,145.770996094
KMB,Koinambe Airport,PG,PG-JI,Konambe,small,-5.4875,144.606944
KMC,King Khaled Military City Airport,SA,SA-04,King Khaled Military City,medium,27.9009,45.528198
KME,Kamembe Airport,RW,RW-04,Kamembe,medium,-2.462239980697632,28.907899856567383
KMF,Kamina Airport,PG,PG-GPK,Hoieti,small,-7.64925,145.956944444
KMG,Kunming Changshui International Airport,CN,CN-53,Kunming,large,25.110313,102.936743
KMH,Johan Pienaar Airport,ZA,ZA-NC,Kuruman,medium,-27.45669937133789,23.411399841308594
KMI,Miyazaki Airport,JP,JP-45,Miyazaki,medium,31.877199173,131.449005127
KMJ,Kumamoto Airport,JP,JP-43,Kumamoto,medium,32.83729934692383,130.85499572753906
KMK,Makabana Airport,CG,CG-9,Makabana,small,-3.483,12.617
KML,Kamileroi Airport,AU,AU-QLD,,small,-19.375,140.0570068359375
KMM,Kimaam Airport,ID,ID-PS,Kimaam,small,-7.9782,138.852005
KMN,Kamina City Airport,CD,CD-HL,Kamina,small,-8.728878,24.991407
KMO,Manokotak Airport,US,US-AK,Manokotak,small,58.932056,-158.901886
KMP,Keetmanshoop Airport,,NA-KA,Keetmanshoop,medium,-26.539801,18.111401
KMQ,Komatsu Airport / JASDF Komatsu Air Base,JP,JP-17,Kanazawa,medium,36.3946,136.406998
KMR,Karimui Airport,PG,PG-CPK,Karimui,small,-6.4921,144.823
KMS,Kumasi Airport,GH,GH-AH,Kumasi,medium,6.714560031890869,-1.5908199548721311
KMU,Kismayo Airport,SO,SO-JH,Kismayo,medium,-0.377353,42.459202
KMV,Kalay Airport,MM,MM-01,Kalemyo,small,23.188801,94.051102
KMW,Kostroma Sokerkino Airport,RU,RU-KOS,Kostroma,medium,57.796902,41.019402
KMX,King Khalid Air Base,SA,SA-14,Khamis Mushait,medium,18.2973,42.803501
KMY,Moser Bay Seaplane Base,US,US-AK,Moser Bay,seaplane_base,57.0256,-154.145996
KMZ,Kaoma Airport,ZM,ZM-01,Kaoma,small,-14.8,24.783001
KNA,Viña del mar Airport,CL,CL-VS,Viña Del Mar,medium,-32.9496,-71.4786
KNB,Kanab Municipal Airport,US,US-UT,Kanab,small,37.011101,-112.530998
KND,Kindu Airport,CD,CD-MA,Kindu,medium,-2.91917991638,25.915399551399997
KNE,Kanainj Airport,PG,PG-MPM,Kanainj,small,-5.2903,144.7072
KNF,RAF Marham,GB,GB-ENG,Marham,medium,52.648395,0.550692
KNG,Kaimana Airport,ID,ID-PB,Kaimana,medium,-3.6446,133.695116
KNH,Kinmen Airport,TW,TW-X-KM,Shang-I,medium,24.4279,118.359001
KNI,Katanning Airport,AU,AU-WA,,small,-33.699423,117.65703
KNJ,Kindamba Airport,CG,CG-12,Kindamba,small,-3.749781,14.490264
KNK,Kokhanok Airport,US,US-AK,Kokhanok,small,59.433248,-154.80217
KNM,Kaniama Airport,CD,CD-HL,Kaniama,small,-7.599343,24.158592
KNN,Kankan Airport,GN,GN-K,Kankan,small,10.448438,-9.228757
KNO,Kualanamu International Airport,ID,ID-SU,Medan,large,3.637847,98.870566
KNP,Capanda Airport,AO,AO-MAL,Capanda,small,-9.76937007904,15.4553194046
KNQ,Koné Airport,NC,NC-U-A,Koné,medium,-21.053551,164.838768
KNR,Jam Airport,IR,IR-18,Jam,medium,27.820499,52.3522
KNS,King Island Airport,AU,AU-TAS,,medium,-39.877498626708984,143.8780059814453
KNT,Kennett Memorial Airport,US,US-MO,Kennett,small,36.2258987427,-90.0365982056
KNU,Kanpur Airport,IN,IN-UP,Kanpur,medium,26.404301,80.410103
KNW,New Stuyahok Airport,US,US-AK,New Stuyahok,small,59.451838,-157.373829
KNX,East Kimberley Regional (Kununurra) Airport,AU,AU-WA,Kununurra,medium,-15.7781,128.707993
KNY,Kodinsk Airport,RU,RU-KYA,,small,58.479401,99.093903
KNZ,Kenieba Airport,ML,ML-1,Kenieba,small,12.833,-11.25
KOA,Ellison Onizuka Kona International Airport at Keahole,US,US-HI,Kailua-Kona,medium,19.738783,-156.045603
KOC,Koumac Airport,NC,NC-U-A,Koumac,small,-20.546323,164.255648
KOD,Kotabangun Airport,ID,ID-KI,Kotabangun-Borneo Island,small,-0.266669988632,116.583335876
KOE,El Tari Airport,ID,ID-NT,Kupang,small,-10.1716,123.670998
KOF,Komatipoort Airport,ZA,ZA-MP,Komatipoort,small,-25.44029998779297,31.93000030517578
KOH,Koolatah Airport,AU,AU-QLD,Maramie,small,-15.888484,142.439461
KOI,Kirkwall Airport,GB,GB-SCT,Orkney Islands,medium,58.957801818847656,-2.9049999713897705
KOJ,Kagoshima Airport,JP,JP-46,Kagoshima,large,31.8034,130.718994
KOK,Kokkola-Pietarsaari Airport,FI,FI-07,Kokkola / Kruunupyy,medium,63.721199,23.143101
KOM,Komo-Manda Airport,PG,PG-HE,Komo,small,-6.0682,142.8598
KOO,Kongolo Airport,CD,CD-TA,Kongolo,small,-5.393898,26.989932
KOP,Nakhon Phanom Airport,TH,TH-48,Nakhon Phanom,medium,17.383801,104.642998
KOQ,Köthen Airport,DE,DE-ST,Köthen (Anhalt),small,51.723745,11.948826
KOR,Kakoro(Koroko) Airstrip,PG,PG-GPK,Kakoro,small,-7.83466666667,146.5335
KOS,Sihanoukville International Airport,KH,KH-18,Preah Sihanouk,small,10.569498,103.631001
KOT,Kotlik Airport,US,US-AK,Kotlik,small,63.030602,-163.533005
KOU,Koulamoutou Mabimbi Airport,GA,GA-7,Koulamoutou,medium,-1.1846100091934,12.441300392151
KOV,Kokshetau Airport,KZ,KZ-AKM,Kokshetau,medium,53.329102,69.594597
KOW,Ganzhou Huangjin Airport,CN,CN-36,Ganzhou,small,25.853333,114.778889
KOX,Kokonao Airport,ID,ID-PT,Kokonao,small,-4.71075,136.43515
KOY,Olga Bay Seaplane Base,US,US-AK,Olga Bay,seaplane_base,57.161499,-154.229996
KOZ,Ouzinkie Airport,US,US-AK,Ouzinkie,small,57.942094,-152.464314
KPA,Kopiago Airport,PG,PG-HE,Kopiago,small,-5.3883,142.4977
KPB,Point Baker Seaplane Base,US,US-AK,Point Baker,seaplane_base,56.351898,-133.623001
KPC,Port Clarence Coast Guard Station,US,US-AK,Port Clarence,medium,65.2537002563,-166.85899353
KPE,Yapsiei Airport,PG,PG-SAN,,small,-4.6280555555600005,141.094166667
KPF,Kondobol Airport,PG,PG-WPD,Kondobol,small,-8.5336,142.5049
KPI,Kapit Airport,MY,MY-13,Kapit,small,2.01052374505,112.931468248
KPL,Kapal Airport,PG,PG-WPD,Kapal,small,-8.630184,142.823756
KPM,Kompiam Airport,PG,PG-EPW,,small,-5.38166666667,143.924722222
KPN,Kipnuk Airport,US,US-AK,Kipnuk,small,59.931796,-164.028196
KPO,Pohang Airport (G-815/K-3),KR,KR-47,Pohang,medium,35.987955,129.420383
KPP,Kalpowar Airport,AU,AU-QLD,Kalpower,small,-14.89,144.22
KPR,Port Williams Seaplane Base,US,US-AK,Port Williams,seaplane_base,58.490101,-152.582001
KPS,Kempsey Airport,AU,AU-NSW,,medium,-31.07232,152.765313
KPT,Jackpot Airport/Hayden Field,US,US-NV,Jackpot,small,41.97600173949999,-114.657997131
KPV,Perryville Airport,US,US-AK,Perryville,small,55.9065,-159.16091
KPW,Keperveem Airport,RU,RU-CHU,Keperveem,medium,67.845001,166.139999
KPY,Port Bailey Seaplane Base,US,US-AK,Port Bailey,seaplane_base,57.931257,-153.040838
KQA,Akutan Airport,US,US-AK,Akutan,small,54.14459,-165.604332
KQH,Kishangarh Airport Ajmer,IN,IN-RJ,Ajmer (Kishangarh),medium,26.591007,74.812956
KQL,Kol Airport,PG,PG-JI,Kol,small,-5.73116666667,144.846
KQR,Karara Airport,AU,AU-WA,Karara,small,-29.217223,116.687154
KQT,Qurghonteppa International Airport,TJ,TJ-KT,Kurgan-Tyube,medium,37.86640167236328,68.86470031738281
KRA,Kerang Airport,AU,AU-VIC,,medium,-35.751399993896484,143.93899536132812
KRB,Karumba Airport,AU,AU-QLD,,small,-17.45669937133789,140.8300018310547
KRC,Departi Parbo Airport,ID,ID-JA,Sungai Penuh,small,-2.094042,101.47025
KRD,Kurundi Airport,AU,AU-NT,Kurundi Station,small,-20.51,134.6706
KRE,Kirundo Airport,BI,BI-KI,Kirundo,small,-2.544772,30.094575
KRF,Kramfors-Sollefteå Höga Kusten Airport,SE,SE-Y,Nyland,medium,63.048599,17.7689
KRG,Karasabai Airport,GY,GY-UT,Karasabai,small,4.03333,-59.533298
KRI,Kikori Airport,PG,PG-GPK,Kikori,small,-7.42438,144.250076
KRJ,Karawari Airstrip,PG,PG-ESW,Amboin,small,-4.59666666667,143.5225
KRK,Kraków John Paul II International Airport,PL,PL-MA,Balice,large,50.077702,19.7848
KRL,Korla Licheng Airport,CN,CN-65,Korla,medium,41.614979,86.140817
KRM,Karanambo Airport,GY,GY-UT,Karanambo,small,3.752572,-59.30902
KRN,Kiruna Airport,SE,SE-BD,Kiruna,medium,67.821998596191,20.336799621582
KRO,Kurgan Airport,RU,RU-KGN,Kurgan,medium,55.4753,65.415604
KRP,Karup Airport,DK,DK-82,Karup,medium,56.29750061035156,9.124629974365234
KRQ,Kramatorsk Airport,UA,UA-14,Kramatorsk,small,48.706799,37.630922
KRR,Krasnodar Pashkovsky International Airport,RU,RU-KDA,Krasnodar,medium,45.034698486328,39.170501708984
KRS,"Kristiansand Airport, Kjevik",NO,NO-42,Kjevik,medium,58.204201,8.08537
KRT,Khartoum International Airport,SD,SD-03,Khartoum,large,15.5895,32.5532
KRU,Kerau Airport,PG,PG-CPM,Gunim,small,-8.271612,147.071899
KRV,Kerio Valley Airport,KE,KE-700,Kimwarer,small,0.319638,35.66256
KRW,Turkmenbashi International Airport,TM,TM-B,Turkmenbashi,medium,40.063301,53.007198
KRX,Kar Kar Airport,PG,PG-MPM,Kar Kar Island,small,-4.557,145.9404
KRY,Karamay Airport,CN,CN-65,Karamay,small,45.46655,84.9527
KRZ,Kiri Airport,CD,CD-MN,Kiri,small,-1.499806,18.928456
KSA,Kosrae International Airport,FM,FM-KSA,Okat,medium,5.35698,162.957993
KSB,Kasonombe Airport,PG,PG-MPL,Kasonombe,small,-6.3819,146.9859
KSC,Košice Airport,SK,SK-KI,Košice,medium,48.66310119628906,21.241100311279297
KSD,Karlstad Airport,SE,SE-S,Karlstad,medium,59.444698,13.3374
KSE,Kasese Airport,UG,UG-W,Kasese,small,0.183,30.1
KSF,Kassel Airport,DE,DE-HE,Calden,medium,51.420699,9.392152
KSH,Shahid Ashrafi Esfahani Airport,IR,IR-05,Kermanshah,medium,34.3459014893,47.1581001282
KSI,Kissidougou Airport,GN,GN-F,Kissidougou,small,9.1605596542358,-10.124400138855
KSJ,Kasos Airport,GR,GR-L,Kasos Island,small,35.4213981628,26.9099998474
KSK,Karlskoga Airport,SE,SE-T,,medium,59.345901,14.4959
KSL,Kassala Airport,SD,SD-05,Kassala,medium,15.387499809265137,36.328800201416016
KSM,St Mary's Airport,US,US-AK,St Mary's,small,62.060501,-163.302002
KSN,Kostanay West Airport,KZ,KZ-KUS,Kostanay,medium,53.20690155029297,63.55030059814453
KSO,Kastoria National Airport Aristotle,GR,GR-C,Argos Orestiko,small,40.446301,21.2822
KSP,Kosipe Airport,PG,PG-CPM,Kosipe Mission,small,-8.450716,147.209195
KSQ,Karshi Airport,UZ,UZ-QA,Karshi,small,38.802246,65.773068
KSR,Selayar - Haji Aroeppala Airport,ID,ID-SN,Benteng,small,-6.17921,120.437479
KSS,Sikasso Airport,ML,ML-3,Sikasso,small,11.328611,-5.684722
KSU,"Kristiansund Airport, Kvernberget",NO,NO-15,Kvernberget,medium,63.111801,7.82452
KSV,Springvale Airport,AU,AU-QLD,,small,-23.549999,140.699997
KSW,Kiryat Shmona Airport,IL,IL-Z,Kiryat Shmona,small,33.216275,35.59622
KSX,Yasuru Airport,PG,PG-MPL,Yasuru,small,-6.6015,146.1813
KSY,Kars Airport,TR,TR-36,Kars,medium,40.562198638916016,43.1150016784668
KSZ,Kotlas Airport,RU,RU-ARK,Kotlas,medium,61.235801696777344,46.6974983215332
KTA,Karratha Airport,AU,AU-WA,Karratha,medium,-20.712200164799995,116.773002625
KTB,Thorne Bay Seaplane Base,US,US-AK,Thorne Bay,seaplane_base,55.682762,-132.532883
KTC,Katiola Airport,CI,CI-VB,Katiola,small,8.132858,-5.06487
KTD,Kitadaito Airport,JP,JP-47,Kitadaitōjima,medium,25.9447002411,131.32699585
KTE,Kerteh Airport,MY,MY-11,Kerteh,medium,4.53722,103.427002
KTF,Takaka Airport,NZ,NZ-TAS,,small,-40.813301,172.774994
KTG,Rahadi Osman Airport,ID,ID-KB,Ketapang,medium,-1.816845,109.963331
KTH,Tikchik Lodge Seaplane Base,US,US-AK,Tikchik,seaplane_base,59.9631996155,-158.477005005
KTJ,Kichwa Tembo Airport,KE,KE-700,Kichwa Tembo,small,-1.263497,35.027533
KTL,Kitale Airport,KE,KE-700,Kitale,medium,0.971989,34.958599
KTM,Tribhuvan International Airport,NP,NP-P3,Kathmandu,large,27.6966,85.3591
KTN,Ketchikan International Airport,US,US-AK,Ketchikan,medium,55.35559845,-131.7140045
KTO,Kato Airport,GY,GY-PT,Kato,small,4.64916,-59.832199
KTP,Tinson Pen Airport,JM,JM-02,Tinson Pen,medium,17.98859977722168,-76.82379913330078
KTQ,Kitee Airport,FI,FI-13,Kitee,medium,62.1661,30.073601
KTR,Tindal Airport,AU,AU-NT,,medium,-14.521100044250488,132.3780059814453
KTS,Brevig Mission Airport,US,US-AK,Brevig Mission,small,65.331826,-166.467848
KTT,Kittilä Airport,FI,FI-10,Kittilä,medium,67.700996398926,24.846799850464
KTU,Kota Airport,IN,IN-RJ,Kota,medium,25.160200119,75.84559631350001
KTV,Kamarata Airport,VE,VE-F,Kamarata,small,5.7171,-62.33727
KTW,Katowice Wojciech Korfanty International Airport,PL,PL-SL,Ożarowice,medium,50.476015,19.080705
KTX,Koutiala Airport,ML,ML-3,Koutiala,small,12.383000373840332,-5.4670000076293945
KTY,Katukurunda Air Force Base,LK,LK-1,Kalutara,small,6.55212020874,79.9775009155
KUA,Kuantan Airport,MY,MY-06,Kuantan,medium,3.7753899097442623,103.20899963378906
KUC,Kuria Airport,KI,KI-G,Kuria,small,0.218611,173.442001
KUD,Kudat Airport,MY,MY-12,Kudat,small,6.924111,116.837068
KUE,Kukudu Airport,SB,SB-WE,Kolombangara Island,small,-8.0262,156.94783
KUF,Kurumoch International Airport,RU,RU-SAM,Samara,large,53.504902,50.164299
KUG,Kubin Island Airport,AU,AU-QLD,Kubin Island,small,-10.22648,142.219619
KUH,Kushiro Airport,JP,JP-01,Kushiro,medium,43.041,144.192993
KUK,Kasigluk Airport,US,US-AK,Kasigluk,small,60.872747,-162.5247
KUL,Kuala Lumpur International Airport,MY,MY-10,Sepang,large,2.74558,101.709999
KUM,Yakushima Airport,JP,JP-46,Yakushima,medium,30.385599,130.658997
KUN,Kaunas International Airport,LT,LT-KU,Kaunas,medium,54.96390151977539,24.084800720214844
KUO,Kuopio Airport,FI,FI-15,Kuopio / Siilinjärvi,medium,63.007099,27.7978
KUP,Kupiano Airport,PG,PG-CPM,Kupiano,small,-10.0736,148.218
KUQ,Kuri Airport,PG,PG-GPK,Kuri,small,-7.135083,143.276111
KUR,Razer Airport,AF,AF-BDS,Skazar,small,36.029893,70.714159
KUS,Kulusuk Airport,GL,GL-SE,Kulusuk,medium,65.573601,-37.1236
KUT,David the Builder Kutaisi International Airport,GE,GE-IM,Kopitnari,medium,42.176768,42.482393
KUU,Kullu Manali Airport,IN,IN-HP,Bhuntar,medium,31.876699,77.154404
KUV,Gunsan Airport / Kunsan Air Base,KR,KR-45,Kunsan,medium,35.903801,126.615997
KUX,Kuyol Airport,PG,PG-WPD,,small,-5.372361111110001,141.623888889
KUY,Kamusi Airport,PG,PG-WPD,Kamusi,small,-7.420347,143.121811
KUZ,Kuummiut Heliport,GL,GL-SE,Kuummiut,heliport,65.863935,-36.997919
KVA,Kavala Alexander the Great International Airport,GR,GR-A,Kavala,medium,40.9133,24.6192
KVB,Skövde Airport,SE,SE-Q,Skövde,medium,58.456402,13.9727
KVC,King Cove Airport,US,US-AK,King Cove,small,55.116299,-162.266006
KVE,Kitava Airport,PG,PG-MBA,Kitava Island,small,-8.6285,151.327
KVG,Kavieng Airport,PG,PG-NIK,Kavieng,medium,-2.57940006256,150.807998657
KVK,Kirovsk-Apatity Airport,RU,RU-MUR,Apatity,small,67.463303,33.588299
KVL,Kivalina Airport,US,US-AK,Kivalina,small,67.734565,-164.559917
KVM,Markovo Airport,RU,RU-CHU,Markovo,small,64.665446,170.417626
KVO,Morava Airport,RS,RS-18,Kraljevo,medium,43.817519,20.586662
KVR,Kavalerovo Airport,RU,RU-PRI,Kavalerovo,small,44.2726,135.029
KVU,Korolevu Seaplane Base,FJ,FJ-W,Korolevu,seaplane_base,-18.215569,177.729767
KVX,Pobedilovo Airport,RU,RU-KIR,Kirov,medium,58.503883,49.347831
KWA,Bucholz Army Air Field,MH,MH-KWA,Kwajalein,medium,8.720120429992676,167.73199462890625
KWB,Dewadaru Airport,ID,ID-JT,Karimunjawa,small,-5.80091,110.47838
KWD,Kavadja Airport,CF,CF-HK,Kavadja,small,7.964938,23.526018
KWE,Guiyang Longdongbao International Airport,CN,CN-52,Guiyang (Nanming),large,26.541466,106.803331
KWF,Waterfall Seaplane Base,US,US-AK,Waterfall,seaplane_base,55.296299,-133.242996
KWG,Kryvyi Rih International Airport,UA,UA-12,Kryvyi Rih,medium,48.04330062866211,33.209999084472656
KWH,Khwahan Airport,AF,AF-BDS,Khwahan,small,37.890021,70.20383
KWI,Kuwait International Airport,KW,KW-FA,Kuwait City,large,29.226601,47.968899
KWJ,Gwangju Airport,KR,KR-29,Gwangju,medium,35.123173,126.805444
KWK,Kwigillingok Airport,US,US-AK,Kwigillingok,small,59.876499,-163.169005
KWL,Guilin Liangjiang International Airport,CN,CN-45,Guilin (Lingui),large,25.219828,110.039553
KWM,Kowanyama Airport,AU,AU-QLD,Kowanyama,medium,-15.485369,141.752572
KWN,Quinhagak Airport,US,US-AK,Quinhagak,small,59.7551,-161.845
KWO,Kawito Airport,PG,PG-WPD,Kawito,small,-7.977006912229999,142.823577881
KWP,West Point Village Seaplane Base,US,US-AK,West Point,seaplane_base,57.7700996399,-153.548995972
KWS,Kwailabesi Airport,SB,SB-ML,Kwailabesi,small,-8.360508,160.775127
KWT,Kwethluk Airport,US,US-AK,Kwethluk,small,60.790298,-161.444
KWY,Kiwayu Airport,KE,KE-300,Kiwayu,medium,-1.960559964179993,41.29750061035156
KWZ,Kolwezi Airport,CD,CD-LU,Kolwezi,medium,-10.7659,25.505699
KXA,Kasaan Seaplane Base,US,US-AK,Kasaan,seaplane_base,55.537399,-132.397995
KXB,Sangia Nibandera Airport,ID,ID-SG,Kolaka,medium,-4.338158,121.524047
KXD,Kondinskoye Airport,RU,RU-KHM,Kondinskoye,small,59.655083,67.430046
KXE,P C Pelser Airport,ZA,ZA-NW,Klerksdorp,medium,-26.871099,26.718
KXF,Koro Island Airport,FJ,FJ-E,Koro Island,small,-17.3458003998,179.42199707
KXK,Komsomolsk-on-Amur Airport,RU,RU-KHA,Komsomolsk-on-Amur,medium,50.40900039672851,136.9340057373047
KXO,Kisoro Airport,UG,UG-W,Kisoro,small,-1.2837,29.7197
KXU,Katiu Airport,PF,PF-U-A,Katiu,small,-16.339681,-144.407966
KYA,Konya Airport,TR,TR-42,Konya,medium,37.979,32.561901
KYB,Ken's Bore airport,AU,AU-WA,Ken's Bore,small,-22.15722,116.156223
KYD,Lanyu Airport,TW,TW-TTT,Orchid Island,medium,22.027000427246097,121.53500366210938
KYE,Rene Mouawad Air Base / Kleyate Airport,LB,LB-AS,Tripoli,medium,34.589298,36.011299
KYF,Yeelirrie Airport,AU,AU-WA,,small,-27.2770600378,120.095672607
KYI,Yalata Mission Airport,AU,AU-SA,Yalata Mission,small,-31.4706,131.824997
KYK,Karluk Airport,US,US-AK,Karluk,small,57.565919,-154.453762
KYO,Tampa North Aero Park Airport,US,US-FL,Tampa,small,28.2213001251,-82.37449646
KYP,Kyaukpyu Airport,MM,MM-16,Kyaukpyu,medium,19.42639923095703,93.53479766845705
KYS,Kayes Dag Dag Airport,ML,ML-1,,medium,14.4812,-11.4044
KYT,Kyauktu Airport,MM,MM-03,Kyauktu,small,21.399999618530273,94.13330078125
KYU,Koyukuk Airport,US,US-AK,Koyukuk,small,64.876099,-157.727005
KYX,Yalumet Airport,PG,PG-MPL,Yalumet,small,-6.09,147.0117
KYZ,Kyzyl Airport,RU,RU-TY,Kyzyl,medium,51.669399,94.400597
KZB,Zachar Bay Seaplane Base,US,US-AK,Zachar Bay,seaplane_base,57.553001,-153.746052
KZC,Kampong Chhnang Airport,KH,KH-4,Kampong Chhnang,medium,12.255032,104.564657
KZD,Krakor Airport,KH,KH-15,Krakor,small,12.5385,104.1486
KZF,Kaintiba Airport,PG,PG-GPK,Kaintiba,small,-7.50025,146.033833333
KZG,Kitzingen Airfield,DE,DE-BY,Kitzingen,small,49.744293,10.207313
KZI,Kozani National Airport Filippos,GR,GR-C,Kozani,medium,40.286098,21.840799
KZN,Kazan International Airport,RU,RU-TA,Kazan,large,55.606201171875,49.278701782227
KZO,Kyzylorda Airport,KZ,KZ-KZY,Kyzylorda,small,44.706902,65.592499
KZR,Zafer Airport,TR,TR-43,Altıntaş,small,39.113079,30.128111
KZS,Kastelorizo Airport,GR,GR-L,Kastelorizo Island,small,36.141701,29.576401
LAA,Southeast Colorado Regional Airport,US,US-CO,Lamar,medium,38.066407,-102.691373
LAB,Lab Lab Airport,PG,PG-MPL,Lab Lab Mission,small,-5.7204,148.0566
LAC,Layang-Layang Airport,MY,MY-12,Pulau Layang-Layang (Swallow Reef),small,7.37157,113.844002
LAD,Quatro de Fevereiro International Airport,AO,AO-LUA,Luanda,large,-8.85837,13.2312
LAE,Nadzab Airport,PG,PG-MPL,Lae,medium,-6.569803,146.725977
LAF,Purdue University Airport,US,US-IN,West Lafayette,medium,40.412875,-86.939363
LAH,Oesman Sadik Airport,ID,ID-MU,Labuha-Halmahera Island,small,-0.635259,127.501999
LAI,Lannion-Côte de Granit Airport,FR,FR-BRE,Lannion,medium,48.754398,-3.47166
LAJ,Lages Airport,BR,BR-SC,Lages,medium,-27.782101,-50.281502
LAK,Aklavik/Freddie Carmichael Airport,CA,CA-NT,Aklavik,small,68.223297,-135.00599
LAL,Lakeland Linder International Airport,US,US-FL,Lakeland,medium,27.987656,-82.018776
LAM,Los Alamos Airport,US,US-NM,Los Alamos,small,35.8797988892,-106.268997192
LAN,Capital City Airport,US,US-MI,Lansing,medium,42.77870178222656,-84.58740234375
LAO,Laoag International Airport,PH,PH-ILN,Laoag City,medium,18.176121,120.531034
LAP,Manuel Márquez de León International Airport,MX,MX-BCS,La Paz,medium,24.0727005005,-110.361999512
LAQ,Al Abraq International Airport,LY,LY-JA,Al Albraq,medium,32.7887,21.9643
LAR,Laramie Regional Airport,US,US-WY,Laramie,medium,41.31209945678711,-105.6750030517578
LAS,Harry Reid International Airport,US,US-NV,Las Vegas,large,36.083361,-115.151817
LAU,Manda Airport,KE,KE-300,Lamu,medium,-2.252431,40.912892
LAW,Lawton Fort Sill Regional Airport,US,US-OK,Lawton,medium,34.567699,-98.416603
LAX,Los Angeles International Airport,US,US-CA,Los Angeles,large,33.942501,-118.407997
LAY,Ladysmith Airport,ZA,ZA-NL,Ladysmith,medium,-28.5816993713,29.7497005463
LAZ,Bom Jesus da Lapa Airport,BR,BR-BA,Bom Jesus da Lapa,medium,-13.2621,-43.4081
LBA,Leeds Bradford Airport,GB,GB-ENG,Leeds,medium,53.865898,-1.66057
LBB,Lubbock Preston Smith International Airport,US,US-TX,Lubbock,medium,33.663601,-101.822998
LBC,Lübeck Blankensee Airport,DE,DE-SH,Lübeck,medium,53.805401,10.7192
LBD,Khujand Airport,TJ,TJ-SU,Khujand,medium,40.215401,69.694702
LBE,Arnold Palmer Regional Airport,US,US-PA,Latrobe,medium,40.275902,-79.4048
LBF,North Platte Regional Airport Lee Bird Field,US,US-NE,North Platte,medium,41.12620163,-100.6839981
LBG,Paris-Le Bourget Airport,FR,FR-IDF,Paris,medium,48.96939849853515,2.441390037536621
LBH,Palm Beach Seaplane Base,AU,AU-NSW,Sydney,seaplane_base,-33.5871,151.3234
LBI,Albi-Le Séquestre Airport,FR,FR-OCC,Albi/Le Séquestre,medium,43.913898,2.11306
LBJ,Komodo Airport,ID,ID-NT,Labuan Bajo,small,-8.480694,119.888306
LBK,Liboi Airport,KE,KE-500,Liboi,small,0.348333,40.881699
LBL,Liberal Mid-America Regional Airport,US,US-KS,Liberal,medium,37.0442009,-100.9599991
LBM,Luabo Airport,MZ,MZ-Q,Luabo,small,-18.4139,36.1068
LBN,Lake Baringo (Kampi Ya Samaki) Airport,KE,KE-700,Lake Baringo,small,0.603167,36.013
LBO,Lusambo Airport,CD,CD-SA,Lusambo,small,-4.96167,23.3783
LBP,Long Banga Airport,MY,MY-13,Long Banga,small,3.202138,115.401811
LBQ,Lambarene Airport,GA,GA-3,Lambarene,medium,-0.704389,10.2457
LBR,Lábrea Airport,BR,BR-AM,Lábrea,small,-7.27897,-64.769501
LBS,Labasa Airport,FJ,FJ-N,Labasa,medium,-16.4667,179.339996
LBT,Lumberton Regional Airport,US,US-NC,Lumberton,medium,34.610773,-79.05943
LBU,Labuan Airport,MY,MY-15,Labuan,medium,5.300680160522461,115.25
LBV,Libreville Leon M'ba International Airport,GA,GA-1,Libreville,medium,0.458600014448,9.4122800827
LBW,Yuvai Semaring Airport,ID,ID-KU,Long Bawan,small,3.9028,115.6921
LBX,Lubang Airport,PH,PH-MDC,,medium,13.8554,120.105003
LBY,La Baule-Escoublac Airport,FR,FR-PDL,La Baule-Escoublac,medium,47.289398,-2.34639
LBZ,Lucapa Airport,AO,AO-LNO,Lucapa,small,-8.445727348330001,20.7320861816
LCA,Larnaca International Airport,CY,CY-04,Larnaca,large,34.875099,33.624901
LCB,André Antônio Maggi Airport,BR,BR-MT,Pontes e Lacerda,small,-15.1934,-59.3848
LCC,Lecce Galatina Air Base,IT,IT-75,Galatina,medium,40.239201,18.133301
LCD,Louis Trichardt Airport,ZA,ZA-NP,Louis Trichardt,small,-23.061899185180664,29.864700317382812
LCE,Goloson International Airport,HN,HN-AT,La Ceiba,medium,15.7425,-86.852997
LCF,Las Vegas Airport,GT,GT-IZ,Rio Dulce,small,15.668363,-88.961763
LCG,A Coruña Airport,ES,ES-GA,Culleredo,medium,43.302101,-8.37726
LCH,Lake Charles Regional Airport,US,US-LA,Lake Charles,medium,30.126100540161133,-93.22329711914062
LCI,Laconia Municipal Airport,US,US-NH,Laconia / Gilford,small,43.572701,-71.4189
LCJ,Łódź Władysław Reymont Airport,PL,PL-LD,Łódź,medium,51.721901,19.3981
LCK,Rickenbacker International Airport,US,US-OH,Columbus,medium,39.813801,-82.927803
LCL,La Coloma Airport,CU,CU-01,Pinar del Rio,medium,22.3361,-83.641899
LCM,La Cumbre Airport,AR,AR-X,La Cumbre,small,-31.0058,-64.531898
LCN,Balcanoona Airport,AU,AU-SA,,small,-30.535,139.337006
LCO,Lague Airport,CG,CG-14,Lague,small,-2.45,14.533
LCP,Loncopue Airport,AR,AR-Q,Loncopue,small,-38.081902,-70.643898
LCQ,Lake City Gateway Airport,US,US-FL,Lake City,small,30.181999,-82.576897
LCR,La Chorrera Airport,CO,CO-AMA,La Chorrera,small,-0.733333,-73.01667
LCS,Longchuan Guangsong Airport,CN,CN-53,Dehong (Longchuan),small,24.26652,97.9048
LCT,Shijiazhuang Luancheng Airport,CN,CN-13,Shijiazhuang,small,37.91305,114.59166
LCV,Lucca-Tassignano Airport,IT,IT-52,Lucca,small,43.825825,10.577928
LCX,Longyan Guanzhishan Airport,CN,CN-35,Longyan,medium,25.6747,116.747002
LCY,London City Airport,GB,GB-ENG,London,medium,51.505299,0.055278
LDA,Malda Airport,IN,IN-WB,Malda,small,25.01018,88.126917
LDB,Governador José Richa Airport,BR,BR-PR,Londrina,medium,-23.333599,-51.1301
LDC,Lindeman Island Airport,AU,AU-QLD,Lindeman Island,small,-20.4535999298,149.039993286
LDE,Tarbes-Lourdes-Pyrénées Airport,FR,FR-OCC,Tarbes/Lourdes/Pyrénées,medium,43.178699,-0.006439
LDG,Leshukonskoye Airport,RU,RU-ARK,Leshukonskoye,small,64.8960037231,45.7229995728
LDH,Lord Howe Island Airport,AU,AU-NSW,Lord Howe Island,small,-31.538204,159.07546
LDI,Lindi Airport,TZ,TZ-12,Lindi,small,-9.851005,39.75911
LDJ,Linden Airport,US,US-NJ,Linden,small,40.617401123,-74.2445983887
LDK,Lidköping-Hovby Airport,SE,SE-Q,Lidköping,small,58.4655,13.1744
LDM,Mason County Airport,US,US-MI,Ludington,small,43.96250153,-86.40789795
LDN,Lamidanda Airport,NP,NP-P1,Lamidanda,small,27.253099,86.669998
LDO,Ladouanie Airport,SR,SR-SI,Aurora,small,4.37610828345,-55.407056808499995
LDS,Yichun Lindu Airport,CN,CN-23,Yichun,medium,47.752056,129.019125
LDU,Lahad Datu Airport,MY,MY-12,Lahad Datu,medium,5.03241,118.32376
LDV,Landivisiau Air Base,FR,FR-BRE,Landivisiau,medium,48.5303,-4.15164
LDW,Lansdowne Airport,AU,AU-WA,Lansdowne Station,small,-17.6128,126.743
LDX,Saint-Laurent-du-Maroni Airport,GF,GF-SL,Saint-Laurent-du-Maroni,small,5.48306,-54.034401
LDY,City of Derry Airport,GB,GB-NIR,Derry,medium,55.04280090332031,-7.161109924316406
LDZ,Londolozi Airport,ZA,ZA-NP,Londolozi,small,-24.7478,31.4743
LEA,Learmonth Airport,AU,AU-WA,Exmouth,medium,-22.235201,114.090024
LEB,Lebanon Municipal Airport,US,US-NH,Lebanon,medium,43.626098632799994,-72.30419921880001
LEC,Coronel Horácio de Mattos Airport,BR,BR-BA,Lençóis,small,-12.4823,-41.277
LED,Pulkovo Airport,RU,RU-SPE,St. Petersburg,large,59.800301,30.262501
LEE,Leesburg International Airport,US,US-FL,Leesburg,medium,28.82309914,-81.80870056
LEF,Lebakeng Airport,LS,LS-H,Lebakeng,small,-29.8908,28.6556
LEH,Le Havre-Octeville Airport,FR,FR-NOR,Le Havre,medium,49.534038,0.088406
LEI,Almería Airport,ES,ES-AN,Almería,medium,36.843899,-2.3701
LEJ,Leipzig/Halle Airport,DE,DE-SN,Schkeuditz,large,51.420657,12.232705
LEK,Tata Airport,GN,GN-L,Labé,small,11.337512,-12.290869
LEL,Lake Evella Airport,AU,AU-NT,,small,-12.498900413513184,135.80599975585938
LEM,Lemmon Municipal Airport,US,US-SD,Lemmon,small,45.9187011719,-102.106002808
LEN,León Airport,ES,ES-CL,León,medium,42.589001,-5.65556
LEO,Lekoni Airport,GA,GA-2,Lekoni,small,-1.5724,14.2878
LEP,Leopoldina Airport,BR,BR-MG,Leopoldina,small,-21.468226,-42.727076
LEQ,Land's End Airport,GB,GB-ENG,Land's End,small,50.102798,-5.67056
LER,Leinster Airport,AU,AU-WA,,medium,-27.843299865722656,120.7030029296875
LES,Lesobeng Airport,LS,LS-F,Lesobeng,small,-29.755583,28.357054
LET,Alfredo Vásquez Cobo International Airport,CO,CO-AMA,Leticia,medium,-4.19355,-69.9432
LEU,Pirineus - la Seu d'Urgel Airport,ES,ES-CT,La Seu d'Urgell Pyrenees and Andorra,small,42.3386,1.40917
LEV,Levuka Airfield,FJ,FJ-E,Bureta,small,-17.7110996246,178.759002686
LEW,Auburn Lewiston Municipal Airport,US,US-ME,Auburn/Lewiston,small,44.048500061,-70.2835006714
LEX,Blue Grass Airport,US,US-KY,Lexington,medium,38.036499,-84.605904
LEY,Lelystad Airport,NL,NL-FL,Lelystad,medium,52.453188,5.514622
LEZ,La Esperanza Airport,HN,HN-IN,La Esperanza,small,14.291111,-88.175003
LFB,Lumbo Airport,MZ,MZ-N,Lumbo,small,-15.0331,40.6717
LFH,Lanping Fenghua General Airport,CN,CN-53,Lanping Bai,small,26.64518,99.54419
LFI,Langley Air Force Base,US,US-VA,Hampton,medium,37.082901,-76.360497
LFK,Angelina County Airport,US,US-TX,Lufkin,medium,31.2339992523,-94.75
LFM,Lamerd Airport,IR,IR-07,Lamerd,medium,27.3727,53.188801
LFN,Triangle North Executive Airport,US,US-NC,Louisburg,small,36.0233,-78.330299
LFO,Kelafo East Airport,ET,ET-SO,Kelafo,small,5.6570000648498535,44.349998474121094
LFP,Lakefield Airport,AU,AU-QLD,Lakefield,small,-14.9207,144.203
LFQ,Linfen Yaodu Airport,CN,CN-14,Linfen (Yaodu),medium,36.132629,111.641236
LFR,La Fria Airport,VE,VE-S,,medium,8.239167,-72.271027
LFT,Lafayette Regional Airport,US,US-LA,Lafayette,medium,30.205299,-91.987602
LFW,Lomé–Tokoin International Airport,TG,TG-M,Lomé,medium,6.16561,1.25451
LGA,La Guardia Airport,US,US-NY,New York,large,40.777199,-73.872597
LGB,Long Beach Airport (Daugherty Field),US,US-CA,Long Beach,medium,33.816523,-118.149891
LGC,LaGrange Callaway Airport,US,US-GA,LaGrange,small,33.008873,-85.074331
LGD,La Grande/Union County Airport,US,US-OR,La Grande,small,45.2901992798,-118.007003784
LGE,Mulan Airport,AU,AU-WA,Lake Gregory,small,-20.1089,127.619
LGF,Laguna Army Airfield,US,US-AZ,Yuma Proving Ground(Yuma),small,32.86000061,-114.3970032
LGG,Liège Airport,BE,BE-WLG,Grâce-Hollogne,medium,50.638574,5.443897
LGH,Leigh Creek Airport,AU,AU-SA,,medium,-30.598301,138.425995
LGI,Deadman's Cay Airport,BS,BS-LI,Deadman's Cay,medium,23.1790008545,-75.09359741210001
LGK,Langkawi International Airport,MY,MY-02,Langkawi,medium,6.329730033874512,99.72869873046876
LGL,Long Lellang Airport,MY,MY-13,Long Datih,small,3.4210000038099997,115.153999329
LGN,Linga Linga Airport,PG,PG-WBK,Linga Linga,small,-5.5319444444400006,149.734166667
LGO,Langeoog Airport,DE,DE-NI,Langeoog,small,53.742379,7.496345
LGQ,Nueva Loja Airport,EC,EC-U,Lago Agrio,small,0.0930560007691,-76.86750030520001
LGR,Cochrane Airport,CL,CL-AI,Cochrane,medium,-47.243591,-72.58815
LGS,Comodoro D.R. Salomón Airport,AR,AR-M,Malargue,medium,-35.493599,-69.574303
LGT,La Gaviota Airport,CO,CO-VID,,small,4.550543,-70.925353
LGU,Logan-Cache Airport,US,US-UT,Logan,medium,41.7911987305,-111.851997375
LGW,London Gatwick Airport,GB,GB-ENG,"Gatwick, Surrey",large,51.148771,-0.192089
LGX,Lugh Ganane Airport,SO,SO-GE,Luuq,small,3.8124,42.5459
LGY,Lagunillas Airport,VE,VE-V,Lagunillas,small,10.12399959564209,-71.23799896240234
LGZ,Shannan Longzi Airport,CN,CN-54,Shannan,small,28.4225,92.344444
LHA,Lahr Airport,DE,DE-BW,Lahr/Schwarzwald,medium,48.369301,7.82772
LHE,Allama Iqbal International Airport,PK,PK-PB,Lahore,large,31.521601,74.403603
LHG,Lightning Ridge Airport,AU,AU-NSW,,medium,-29.452857,147.977146
LHI,Lereh Airport,ID,ID-PA,Lereh-Papua Island,small,-3.0795,139.952
LHK,Guangzhou MR Air Base / Guanghua Airport,CN,CN-42,Xiangyang (Laohekou),medium,32.38866,111.69425
LHN,Linhares Municipal Airport,BR,BR-ES,Linhares,medium,-19.355202,-40.07128
LHR,London Heathrow Airport,GB,GB-ENG,London,large,51.4706,-0.461941
LHS,Las Heras Airport,AR,AR-Z,Las Heras,medium,-46.538517,-68.965323
LHU,Lianshulu Airport,,NA-CA,Lianshulu Lodge,small,-18.116495,23.39346
LHV,William T. Piper Memorial Airport,US,US-PA,Lock Haven,small,41.13560104,-77.42230225
LHW,Lanzhou Zhongchuan International Airport,CN,CN-62,Lanzhou (Yongdeng),large,36.515202,103.620003
LIA,Liangping Airport,CN,CN-50,Liangping,small,30.679399,107.786003
LIB,Limbunya Airport,AU,AU-NT,Limbunya,small,-17.2355995178,129.882003784
LIC,Limon Municipal Airport,US,US-CO,Limon,small,39.2747993469,-103.666000366
LIE,Libenge Airport,CD,CD-SU,Libenge,small,3.626584,18.638477
LIF,Lifou Airport,NC,NC-U-A,Lifou,medium,-20.774799346923828,167.24000549316406
LIG,Limoges Airport,FR,FR-NAQ,Limoges/Bellegarde,medium,45.862801,1.17944
LIH,Lihue Airport,US,US-HI,Lihue,medium,21.976,-159.339005
LII,Mulia Airport,ID,ID-PT,Mulia-Papua Island,small,-3.701938,137.957
LIK,Likiep Airport,MH,MH-LIK,Likiep Island,small,9.82316,169.307999
LIL,Lille Airport,FR,FR-HDF,Lesquin,medium,50.563332,3.086886
LIM,Jorge Chávez International Airport,PE,PE-LIM,Lima,large,-12.0219,-77.114305
LIN,Milano Linate Airport,IT,IT-25,Segrate (MI),medium,45.445099,9.27674
LIO,Limon International Airport,CR,CR-L,Puerto Limon,medium,9.95796012878418,-83.02200317382812
LIP,Lins Airport,BR,BR-SP,Lins,medium,-21.663999557495,-49.730499267578
LIQ,Lisala Airport,CD,CD-MO,Lisala,medium,2.17066,21.496901
LIR,Guanacaste Airport,CR,CR-G,Liberia,large,10.5933,-85.544403
LIS,Humberto Delgado Airport (Lisbon Portela Airport),PT,PT-11,Lisbon,large,38.7813,-9.13592
LIT,Bill & Hillary Clinton National Airport/Adams Field,US,US-AR,Little Rock,medium,34.729582,-92.223728
LIV,Livengood Camp Airport,US,US-AK,Livengood,small,65.467,-148.6534
LIW,Loikaw Airport,MM,MM-12,Loikaw,medium,19.691499710083008,97.2147979736328
LIX,Likoma Island Airport,MW,MW-LK,Likoma Island,small,-12.079787,34.736253
LIY,MidCoast Regional Airport at Wright Army Airfield,US,US-GA,Hinesville,small,31.891237,-81.561003
LIZ,Loring International Airport,US,US-ME,Limestone,small,46.950401,-67.885902
LJA,Lodja Airport,CD,CD-SA,Lodja,small,-3.462745,23.615162
LJG,Lijiang Sanyi International Airport,CN,CN-53,Lijiang (Gucheng),medium,26.68,100.246002
LJN,Texas Gulf Coast Regional Airport,US,US-TX,Angleton,medium,29.108601,-95.462097
LJU,Ljubljana Jože Pučnik Airport,SI,SI-012,Zgornji Brnik,large,46.223701,14.4576
LKA,Larantuka Gewayentana Airport,ID,ID-NT,Tiwatobi,small,-8.274424,123.002
LKB,Lakeba Island Airport,FJ,FJ-E,Lakeba Island,small,-18.1991996765,-178.817001343
LKC,Lekana Airport,CG,CG-14,Lekana,small,-2.313,14.606
LKD,Lakeland Airport,AU,AU-QLD,Lakeland Downs,small,-15.841213,144.849118
LKE,Kenmore Air Harbor Seaplane Base,US,US-WA,Seattle,seaplane_base,47.629002,-122.338997
LKG,Lokichoggio Airport,KE,KE-700,Lokichoggio,medium,4.20412015914917,34.348201751708984
LKH,Long Akah Airport,MY,MY-13,Long Akah,small,3.310909,114.785553
LKI,Lasikin Airport,ID,ID-AC,Lubang,small,2.410916,96.326766
LKK,Kulik Lake Airport,US,US-AK,Kulik Lake,small,58.9821014404,-155.121002197
LKL,"Lakselv Airport, Banak",NO,NO-54,Lakselv,medium,70.068802,24.973499
LKM,Bolaang Mongondow Airport,ID,ID-SA,Lolak,small,0.88855,124.033634
LKN,Leknes Airport,NO,NO-18,Leknes,medium,68.152496337891,13.609399795532
LKO,Chaudhary Charan Singh International Airport,IN,IN-UP,Lucknow,medium,26.7605991364,80.8892974854
LKP,Lake Placid Airport,US,US-NY,Lake Placid,small,44.2644996643,-73.96189880370001
LKR,Las Khorey Airport,SO,SO-SA,Las Khorey,small,11.17348,48.21426
LKU,Lake Rudolf Airport,KE,KE-700,Kalokol,small,3.416256,35.885468
LKV,Lake County Airport,US,US-OR,Lakeview,small,42.1610984802,-120.399002075
LKW,Lekhwair Airport,OM,OM-ZA,Lekhwair,small,22.804866,55.372801
LKY,Lake Manyara Airport,TZ,TZ-26,Lake Manyara National Park,medium,-3.37631,35.818298
LKZ,RAF Lakenheath,GB,GB-ENG,"Brandon, Suffolk",medium,52.40954,0.561161
LLA,Luleå Airport,SE,SE-BD,Luleå,medium,65.5438,22.122
LLB,Libo Airport,CN,CN-52,Qiannan (Libo),small,25.4525,107.961667
LLC,Cagayan North International Airport,PH,PH-CAG,Lal-lo,medium,18.182388,121.745853
LLE,Malelane Airport,ZA,ZA-MP,,small,-25.473333,31.565556
LLF,Yongzhou Lingling Airport,CN,CN-43,Yongzhou,medium,26.338661,111.610043
LLG,Chillagoe Airport,AU,AU-QLD,Chillagoe,small,-17.138386,144.528494
LLH,La Lima - Reginaldo Hammer Airport,HN,HN-CR,La Lima,small,15.442801,-87.898564
LLI,Lalibella Airport,ET,ET-AM,Lalibela,small,11.975000381469728,38.97999954223633
LLJ,Silampari Airport,ID,ID-SS,Lubuk Linggau,small,-3.288165,102.91449
LLK,Lankaran International Airport,AZ,AZ-LA,Lankaran,small,38.757919,48.807042
LLL,Lissadell Airport,AU,AU-WA,Lissadell Station,small,-16.661,128.594
LLM,Lomlom Airport,SB,SB-TE,Lomlom,small,-10.296828,166.327322
LLN,Kelila Airport,ID,ID-PP,Kelila,small,-3.728968,138.710117
LLO,Bua - Palopo Lagaligo Airport,ID,ID-SN,Palopo,small,-3.082997,120.245018
LLS,Alferez Armando Rodriguez Airport,AR,AR-P,Las Lomitas,small,-24.721399,-60.548801
LLT,Lobito Airport,AO,AO-BGU,Lobito,small,-12.3712,13.5366
LLV,Lüliang Dawu Airport,CN,CN-61,Lüliang,medium,37.683333,111.142778
LLW,Lilongwe International Airport,MW,MW-LI,Lilongwe,medium,-13.7894001007,33.78099823
LLX,Caledonia County Airport,US,US-VT,Lyndonville,small,44.5690994263,-72.0179977417
LLY,South Jersey Regional Airport,US,US-NJ,Lumberton,small,39.942902,-74.845703
LMA,Minchumina Airport,US,US-AK,Minchumina,small,63.886002,-152.302002
LMB,Salima Airport,MW,MW-SA,Salima,small,-13.755893,34.584188
LMC,La Macarena Airport,CO,CO-MET,La Macarena,small,2.17565,-73.78674
LMD,Los Menucos Airport,AR,AR-R,Los Menucos,small,-40.817699,-68.074699
LME,Le Mans-Arnage Airport,FR,FR-PDL,Le Mans/Arnage,medium,47.948601,0.201667
LMH,Limon Airport,HN,HN-CL,Limón,small,15.856066,-85.443978
LMI,Lumi Airport,PG,PG-SAN,Lumi,small,-3.47683951134,142.041292191
LML,Lae Island Airport,MH,MH-LAE,Lae Island,small,8.92111,166.264999
LMM,Valle del Fuerte International Airport,MX,MX-SIN,Los Mochis,medium,25.685447,-109.081055
LMN,Limbang Airport,MY,MY-13,Limbang,medium,4.808300018310547,115.01000213623048
LMO,RAF Lossiemouth,GB,GB-SCT,Lossiemouth,medium,57.7052001953125,-3.339169979095459
LMP,Lampedusa Airport,IT,IT-82,Lampedusa,medium,35.497898,12.6181
LMQ,Marsa al Brega Airport,LY,LY-WA,Marsa al Brega,medium,30.378099,19.576401
LMR,Lime Acres Finsch Mine Airport,ZA,ZA-NC,Lime Acres,medium,-28.36009979248047,23.43910026550293
LMS,Louisville Winston County Airport,US,US-MS,Louisville,small,33.1461982727,-89.0625
LMT,Crater Lake-Klamath Regional Airport,US,US-OR,Klamath Falls,medium,42.156101,-121.733002
LMU,Letung Airport,ID,ID-RI,Bukit Padi,small,2.96447,105.75484
LMV,Madivaru Airport,MV,MV-03,Naifaru,small,5.457545,73.370261
LMY,Lake Murray Airport,PG,PG-WPD,Lake Murray,small,-7.00992012024,141.494003296
LMZ,Palma Airport,MZ,MZ-P,Palma,small,-10.7506,40.4702
LNA,Palm Beach County Park Airport,US,US-FL,West Palm Beach,small,26.59300041,-80.08509827
LNB,Lamen Bay Airport,VU,VU-SEE,Lamen Bay,small,-16.584199905400002,168.158996582
LNC,Lengbati Airport,PG,PG-MPL,,small,-6.384611111110001,147.368638889
LND,Hunt Field,US,US-WY,Lander,medium,42.815201,-108.730003
LNE,Lonorore Airport,VU,VU-PAM,Lonorore,small,-15.8655996323,168.17199707
LNF,Munbil Airport,PG,PG-SAN,,small,-4.855941,141.220165
LNG,Lese Airport,PG,PG-GPK,Lese,small,-8.2799,146.2765
LNH,Lake Nash Airport,AU,AU-NT,Alpurrurulam,small,-20.9807,137.9178
LNI,Point Lonely Short Range Radar Site Airfield,US,US-AK,Point Lonely,small,70.911118,-153.237766
LNJ,Lincang Boshang Airport,CN,CN-53,Lincang,medium,23.7381,100.025002
LNK,Lincoln Airport,US,US-NE,Lincoln,medium,40.85100173950195,-96.75920104980467
LNL,Longnan Chengzhou Airport,CN,CN-62,Longnan (Cheng),medium,33.789918,105.790014
LNM,Langimar Airport,PG,PG-MPL,,small,-7.22313888889,146.227083333
LNN,Lake County Executive Airport,US,US-OH,Willoughby,small,41.683998,-81.389702
LNO,Leonora Airport,AU,AU-WA,Leonora,medium,-28.87809944152832,121.31500244140624
LNP,Lonesome Pine Airport,US,US-VA,Wise,small,36.9874992371,-82.5299987793
LNR,Tri-County Regional Airport,US,US-WI,Spring Green,small,43.2099,-90.181332
LNS,Lancaster Airport,US,US-PA,Lancaster,medium,40.121700286865234,-76.29609680175781
LNU,Robert Atty Bessing,ID,ID-KU,Malinau,small,3.575278,116.619722
LNV,Londolovit Airport,PG,PG-NIK,Londolovit,small,-3.04361009598,152.628997803
LNX,Smolensk North Airport,RU,RU-SMO,Smolensk,medium,54.824,32.025
LNY,Lanai Airport,US,US-HI,Lanai City,medium,20.785675,-156.951324
LNZ,Linz-Hörsching Airport / Vogler Air Base,AT,AT-4,Linz,medium,48.2332,14.1875
LOA,Lorraine Airport,AU,AU-QLD,,small,-18.99329948425293,139.90699768066406
LOB,San Rafael Airport,CL,CL-VS,Los Andes,small,-32.814201,-70.646698
LOC,Lock Airport,AU,AU-SA,Lock,small,-33.5442008972168,135.6929931640625
LOD,Longana Airport,VU,VU-PAM,Longana,small,-15.3066997528,167.966995239
LOE,Loei Airport,TH,TH-42,,medium,17.43910026550293,101.72200012207033
LOH,Ciudad de Catamayo Airport,EC,EC-L,La Toma (Catamayo),small,-3.995606,-79.371902
LOI,Helmuth Baungarten Airport,BR,BR-SC,Lontras,small,-27.1599998474,-49.5424995422
LOK,Lodwar Airport,KE,KE-700,Lodwar,medium,3.12197,35.6087
LOL,Derby Field,US,US-NV,Lovelock,medium,40.0663986206,-118.565002441
LOM,Francisco Primo de Verdad y Ramos Airport,MX,MX-JAL,Lagos de Moreno,small,21.258983,-101.943758
LOO,Laghouat - Molay Ahmed Medeghri Airport,DZ,DZ-03,Laghouat,medium,33.7644,2.92834
LOP,Lombok International Airport,ID,ID-NB,Mataram,medium,-8.757792,116.275435
LOQ,Lobatse Airport,BW,BW-LO,Lobatse,small,-25.1981,25.7139
LOR,Lowe AHP (Fort Rucker) Heliport,US,US-AL,Fort Rucker Ozark,heliport,31.35580063,-85.75119781
LOS,Murtala Muhammed International Airport,NG,NG-LA,Lagos,large,6.5773701667785645,3.321160078048706
LOT,Lewis University Airport,US,US-IL,Chicago/Romeoville,small,41.6072998,-88.09619904
LOU,Bowman Field,US,US-KY,Louisville,medium,38.2280006409,-85.6636962891
LOV,Monclova International Airport,MX,MX-COA,Monclova,medium,26.9557,-101.470001
LOW,Louisa County Airport / Freeman Field,US,US-VA,Louisa,small,38.0098,-77.9701
LOY,Loyengalani Airport,KE,KE-400,Loyengalani,small,2.75,36.716999
LOZ,London-Corbin Airport/Magee Field,US,US-KY,London,medium,37.0821990967,-84.08489990230001
LPA,Gran Canaria Airport,ES,ES-CN,Gran Canaria Island,large,27.9319,-15.3866
LPB,El Alto International Airport,BO,BO-L,La Paz / El Alto,medium,-16.5132999420166,-68.19229888916016
LPC,Lompoc Airport,US,US-CA,Lompoc,small,34.665599823,-120.468002319
LPD,La Pedrera Airport,CO,CO-AMA,La Pedrera,small,-1.32861,-69.5797
LPE,La Primavera Airport,CO,CO-VID,La Primavera,small,5.4776,-70.4212
LPF,Liupanshui Yuezhao Airport,CN,CN-52,Liupanshui (Zhongshan),medium,26.609417,104.979
LPG,La Plata Airport,AR,AR-B,La Plata,medium,-34.9722,-57.8947
LPI,Linköping City Airport,SE,SE-E,Linköping,medium,58.4062004089,15.6805000305
LPJ,Armando Schwarck Airport,VE,VE-F,Guayabal,small,6.57805,-66.816902
LPK,Lipetsk Airport,RU,RU-LIP,Lipetsk,medium,52.70280075073242,39.53779983520508
LPL,Liverpool John Lennon Airport,GB,GB-ENG,Liverpool,medium,53.333599,-2.84972
LPM,Lamap Airport,VU,VU-MAP,Lamap,small,-16.4611228,167.829253
LPN,Leron Plains Airport,PG,PG-MPL,Leron Plains,small,-6.3917,146.3434
LPO,La Porte Municipal Airport,US,US-IN,La Porte,small,41.5724983215,-86.73449707030001
LPP,Lappeenranta Airport,FI,FI-02,Lappeenranta,medium,61.044601,28.144743
LPQ,Luang Phabang International Airport,LA,LA-LP,Luang Phabang,medium,19.897300720214844,102.16100311279295
LPS,Lopez Island Airport,US,US-WA,Lopez,small,48.4838981628418,-122.93800354003906
LPT,Lampang Airport,TH,TH-52,,medium,18.27090072631836,99.50420379638672
LPU,Long Apung Airport,ID,ID-KU,Long Apung-Borneo Island,small,1.704486,114.970297
LPX,Liepāja International Airport,LV,LV-112,Liepāja,medium,56.517502,21.096901
LPY,Le Puy-Loudes Airfield,FR,FR-ARA,Le Puy/Loudes,medium,45.0807,3.76289
LQK,Pickens County Airport,US,US-SC,Pickens,small,34.8100013733,-82.70290374759999
LQM,Caucaya Airport,CO,CO-PUT,Puerto Leguízamo,small,-0.182278,-74.7708
LQN,Qala-i-Naw Airport,AF,AF-BDG,Qala-i-Naw,small,34.985472,63.117404
LRA,Larissa Air Base,GR,GR-E,Larissa,small,39.650253,22.4655
LRB,Leribe Airport,LS,LS-C,Leribe,small,-28.8556,28.052799
LRD,Laredo International Airport,US,US-TX,Laredo,medium,27.543800354003903,-99.46160125732422
LRE,Longreach Airport,AU,AU-QLD,Longreach,medium,-23.4342,144.279999
LRF,Little Rock Air Force Base,US,US-AR,Jacksonville,medium,34.916900634799994,-92.14969635010002
LRG,Loralai Airport,PK,PK-BA,Loralai,small,30.355499267578125,68.6135025024414
LRH,La Rochelle-Île de Ré Airport,FR,FR-NAQ,La Rochelle/Île de Ré,medium,46.179199,-1.19528
LRJ,Le Mars Municipal Airport,US,US-IA,Le Mars,small,42.77799988,-96.1937027
LRL,Niamtougou International Airport,TG,TG-K,Niamtougou,medium,9.767330169677734,1.091249942779541
LRM,Casa De Campo International Airport,DO,DO-12,La Romana,medium,18.450700759887695,-68.91179656982422
LRQ,Laurie River Airport,CA,CA-MB,Laurie River,small,56.2486000061,-101.304000854
LRR,Lar Airport,IR,IR-07,Lar,medium,27.6747,54.383301
LRS,Leros Airport,GR,GR-L,Leros Island,small,37.184898,26.800301
LRT,Lorient South Brittany (Bretagne Sud) Airport,FR,FR-BRE,Lorient/Lann/Bihoué,medium,47.760601,-3.44
LRU,Las Cruces International Airport,US,US-NM,Las Cruces,medium,32.289398,-106.921997
LRV,Los Roques Airport,VE,VE-W,Gran Roque Island,small,11.946177,-66.669836
LSA,Losuia Airport,PG,PG-MBA,Losuia,small,-8.505820274353027,151.08099365234375
LSB,Lordsburg Municipal Airport,US,US-NM,Lordsburg,small,32.3334999084,-108.692001343
LSC,La Florida Airport,CL,CL-CO,La Serena-Coquimbo,medium,-29.916201,-71.199501
LSE,La Crosse Regional Airport,US,US-WI,La Crosse,medium,43.879002,-91.256699
LSF,Lawson Army Air Field,US,US-GA,Fort Benning,medium,32.332546,-84.988003
LSH,Lashio Airport,MM,MM-17,Lashio,medium,22.9778995513916,97.752197265625
LSI,Sumburgh Airport,GB,GB-SCT,Lerwick,medium,59.87889862060547,-1.295560002326965
LSJ,Long Island Airport,PG,PG-MPM,Long Island,small,-5.3604,147.0177
LSK,Lusk Municipal Airport,US,US-WY,Lusk,small,42.7537994385,-104.404998779
LSL,Los Chiles Airport,CR,CR-A,Los Chiles,medium,11.0353,-84.7061
LSM,Long Semado Airport,MY,MY-13,Long Semado,small,4.21700000763,115.599998474
LSN,Los Banos Municipal Airport,US,US-CA,Los Banos,small,37.06290054,-120.8690033
LSO,Les Sables-d'Olonne Talmont Airport,FR,FR-PDL,Les Sables-d'Olonne,small,46.476898,-1.72278
LSP,Josefa Camejo International Airport,VE,VE-I,Paraguaná,medium,11.780775,-70.151497
LSQ,María Dolores Airport,CL,CL-BI,Los Angeles,small,-37.401699,-72.4254
LSR,Alas Leuser Airport,ID,ID-AC,Kutacane,medium,3.391456,97.863726
LSS,Terre-de-Haut Airport,GP,GP-U-A,Les Saintes,small,15.86439991,-61.5806007385
LST,Launceston Airport,AU,AU-TAS,Launceston,medium,-41.54529953,147.214004517
LSU,Long Sukang Airport,MY,MY-13,Long Sukang,small,4.55222,115.494003
LSV,Nellis Air Force Base,US,US-NV,Las Vegas,medium,36.2361984253,-115.033996582
LSW,Malikus Saleh Airport,ID,ID-AC,Lhok Seumawe-Sumatra Island,small,5.22668,96.950302
LSX,Lhok Sukon Airport,ID,ID-AC,Lhok Sukon-Sumatra Island,medium,5.06951,97.259201
LSY,Lismore Airport,AU,AU-NSW,Lismore,medium,-28.830689,153.258419
LSZ,Lošinj Island Airport,HR,HR-08,Lošinj,small,44.5657997131,14.3930997849
LTA,Tzaneen Airport,ZA,ZA-NP,Tzaneen,medium,-23.8244,30.3293
LTC,Lai Airport,TD,TD-TA,Lai,small,9.3979,16.3125
LTD,Ghadames East Airport,LY,LY-NL,Ghadames,medium,30.15169906616211,9.715310096740724
LTF,Leitre Airport,PG,PG-SAN,Leitre,small,-2.8337,141.6257
LTG,Langtang Airport,NP,NP-P3,Langtang,small,28.200000762939453,85.58300018310547
LTI,Altai Airport,MN,MN-065,Altai,medium,46.37639999389648,96.22109985351562
LTK,Hmeimim Air Base,SY,SY-LA,Latakia,medium,35.4011,35.9487
LTL,Lastourville Airport,GA,GA-7,Lastourville,small,-0.826667,12.7486
LTM,Lethem Airport,GY,GY-UT,Lethem,medium,3.37276,-59.789398
LTN,London Luton Airport,GB,GB-ENG,"Luton, Bedfordshire",large,51.874699,-0.368333
LTO,Loreto International Airport,MX,MX-BCS,Loreto,medium,25.989200592041016,-111.3479995727539
LTP,Lyndhurst Airport,AU,AU-QLD,Lyndhurst,small,-19.1958007812,144.371002197
LTQ,Le Touquet-Côte d'Opale Airport,FR,FR-HDF,Le Touquet-Paris-Plage,medium,50.518284,1.621656
LTR,Letterkenny Airfield,IE,IE-DL,Letterkenny,small,54.951302,-7.67283
LTS,Altus Air Force Base,US,US-OK,Altus,medium,34.667099,-99.266701
LTT,La Môle Airport,FR,FR-PAC,La Môle,small,43.205399,6.482
LTU,Murod Kond Airport,IN,IN-MM,Latur,medium,18.411501,76.464699
LTV,Lotus Vale Airport,AU,AU-QLD,Lotus Vale,small,-17.048299789399998,141.37600708
LTW,St. Mary's County Regional Airport,US,US-MD,California,small,38.315399,-76.550102
LTX,Cotopaxi International Airport,EC,EC-X,Latacunga,medium,-0.906833,-78.615799
LUA,Lukla Airport,NP,NP-P1,Lukla,small,27.686899,86.729698
LUB,Lumid Pau Airport,GY,GY-UT,Lumid Pau,small,2.39392995834,-59.4410018921
LUC,Laucala Island Airport,FJ,FJ-N,Laucala Island,small,-16.7481,-179.667007
LUD,Luderitz Airport,,NA-KA,Luderitz,medium,-26.687400817871097,15.242899894714355
LUE,Lučenec Airfield,SK,SK-BC,Lučenec,small,48.339401,19.7358
LUF,Luke Air Force Base,US,US-AZ,Glendale,medium,33.535,-112.383003
LUG,Lugano Airport,CH,CH-TI,Agno,medium,46.004299,8.91058
LUH,Ludhiana Airport,IN,IN-PB,,medium,30.854700088500977,75.95259857177734
LUI,Carta Airport,HN,HN-OL,La Unión,small,15.033192,-86.692334
LUJ,Lusikisiki Airport,ZA,ZA-EC,Lusikisiki,small,-31.36669921875,29.58329963684082
LUK,Cincinnati Municipal Airport Lunken Field,US,US-OH,Cincinnati,medium,39.102357,-84.418945
LUL,Hesler Noble Field,US,US-MS,Laurel,small,31.6725997925,-89.172203064
LUM,Dehong Mangshi Airport,CN,CN-53,Dehong (Mangshi),medium,24.4011,98.5317
LUN,Kenneth Kaunda International Airport,ZM,ZM-09,Lusaka,large,-15.330833,28.452722
LUO,Luena Airport,AO,AO-MOX,Luena,medium,-11.7681,19.897699
LUP,Kalaupapa Airport,US,US-HI,Kalaupapa,small,21.211,-156.973999
LUQ,Brigadier Mayor D Cesar Raul Ojeda Airport,AR,AR-D,San Luis,medium,-33.273201,-66.3564
LUR,Cape Lisburne LRRS Airport,US,US-AK,Cape Lisburne,medium,68.875099,-166.110001
LUS,Lusanga Airport,CD,CD-KL,Lusanga,small,-4.8,18.716999
LUT,New Laura Airport,AU,AU-QLD,Laura Station,small,-15.182758,144.345535
LUU,Laura Airport,AU,AU-QLD,,small,-15.560495,144.451418
LUV,Karel Sadsuitubun Airport,ID,ID-MA,Langgur,medium,-5.760278,132.759444
LUW,Syukuran Aminuddin Amir Airport,ID,ID-ST,Luwok,medium,-1.035893,122.773934
LUX,Luxembourg-Findel International Airport,LU,LU-L,Luxembourg,large,49.6233333,6.2044444
LUY,Lushoto Airport,TZ,TZ-25,Lushoto,small,-4.783259868621826,38.30419921875
LUZ,Lublin Airport,PL,PL-LU,Lublin,medium,51.240278,22.713611
LVA,Laval-Entrammes Airport,FR,FR-PDL,Laval/Entrammes,medium,48.031399,-0.742986
LVD,Lime Village Airport,US,US-AK,Lime Village,small,61.3591003418,-155.440002441
LVI,Harry Mwanga Nkumbula International Airport,ZM,ZM-07,Livingstone,medium,-17.8218,25.822701
LVK,Livermore Municipal Airport,US,US-CA,Livermore,small,37.6934013367,-121.819999695
LVL,Brunswick Municipal Airport,US,US-VA,Lawrenceville,small,36.774229,-77.793846
LVM,Mission Field,US,US-MT,Livingston,medium,45.6994018555,-110.447998047
LVO,Laverton Airport,AU,AU-WA,Laverton,small,-28.614267,122.428673
LVP,Lavan Airport,IR,IR-22,Lavan Airport,medium,26.810742,53.354302
LVR,Municipal Bom Futuro Airport,BR,BR-MT,Lucas do Rio Verde,small,-13.037861,-55.95025
LVS,Las Vegas Municipal Airport,US,US-NM,Las Vegas,medium,35.654202,-105.141998
LWA,Lebak Rural Airport,PH,PH-SUK,Lebak,small,6.6739,124.0581
LWB,Greenbrier Valley Airport,US,US-WV,Lewisburg,medium,37.857914,-80.400438
LWC,Lawrence Municipal Airport,US,US-KS,Lawrence,small,39.01119995,-95.21659851
LWE,Lembata Wonopito Airport,ID,ID-NT,Nubatukan,small,-8.36119,123.43879
LWH,Lawn Hill Airport,AU,AU-QLD,,small,-18.57453,138.586106
LWI,Lowai Airport,PG,PG-MPL,Lowai,small,-6.3344,146.6458
LWK,Lerwick / Tingwall Airport,GB,GB-SCT,Lerwick,small,60.192199707,-1.24361002445
LWL,Wells Municipal Airport/Harriet Field,US,US-NV,Wells,small,41.117099762,-114.92199707
LWM,Lawrence Municipal Airport,US,US-MA,Lawrence,medium,42.717201232899995,-71.1233978271
LWN,Shirak International Airport,AM,AM-SH,Gyumri,medium,40.750401,43.859299
LWO,Lviv International Airport,UA,UA-46,Lviv,large,49.8125,23.9561
LWR,Leeuwarden Air Base,NL,NL-FR,Leeuwarden,medium,53.22859954833984,5.760560035705566
LWS,Lewiston Nez Perce County Airport,US,US-ID,Lewiston,medium,46.3745002746582,-117.01499938964844
LWT,Lewistown Municipal Airport,US,US-MT,Lewistown,medium,47.048429,-109.466143
LWV,Lawrenceville Vincennes International Airport,US,US-IL,Lawrenceville,small,38.7643013,-87.6054992676
LWY,Lawas Airport,MY,MY-13,Lawas,small,4.84917,115.407997
LXA,Lhasa Gonggar Airport,CN,CN-54,Shannan (Gonggar),medium,29.298001,90.911951
LXG,Luang Namtha Airport,LA,LA-LM,Luang Namtha,small,20.966999,101.400002
LXN,Jim Kelly Field,US,US-NE,Lexington,small,40.791000366199995,-99.7772979736
LXR,Luxor International Airport,EG,EG-LX,Luxor,medium,25.674629,32.700012
LXS,Limnos Airport,GR,GR-K,Limnos Island,small,39.917098999,25.236299514799995
LXU,Lukulu Airport,ZM,ZM-01,Lukulu,small,-14.375891,23.248648
LXV,Lake County Airport,US,US-CO,Leadville,small,39.220298767100005,-106.317001343
LYA,Luoyang Beijiao Airport,CN,CN-41,Luoyang (Laocheng),medium,34.7411,112.388
LYB,Edward Bodden Little Cayman Airfield,KY,KY-LC,Blossom Village,medium,19.660161,-80.088826
LYC,Lycksele Airport,SE,SE-AC,Lycksele,medium,64.548302,18.7162
LYG,Lianyungang Huaguoshan International Airport,CN,CN-32,Lianyungang,medium,34.41406,119.17899
LYH,Lynchburg Regional Airport - Preston Glenn Field,US,US-VA,Lynchburg,medium,37.326698,-79.200401
LYI,Linyi Qiyang Airport,CN,CN-37,Linyi,medium,35.052918,118.411828
LYK,Lunyuk Airport,ID,ID-NB,Lunyuk-Simbawa Island,small,-8.9889,117.2158
LYN,Lyon-Bron Airport,FR,FR-ARA,Lyon/Bron,medium,45.7272,4.94427
LYO,Lyons-Rice County Municipal Airport,US,US-KS,Lyons,small,38.34280014,-98.22689819
LYP,Faisalabad International Airport,PK,PK-PB,Faisalabad,medium,31.364999771118164,72.99479675292969
LYR,"Svalbard Airport, Longyear",NO,NO-21,Longyearbyen,medium,78.246101379395,15.465600013733
LYS,Lyon Saint-Exupéry Airport,FR,FR-ARA,Lyon,large,45.725556,5.081111
LYT,Lady Elliot Island Airstrip,AU,AU-QLD,Lady Elliot Island,small,-24.1129,152.7156
LYU,Ely Municipal Airport,US,US-MN,Ely,medium,47.82450104,-91.83070374
LYX,Lydd London Ashford Airport,GB,GB-ENG,"Romney Marsh, Kent",medium,50.956246,0.939074
LZA,Luiza Airport,CD,CD-KC,Luiza,small,-7.189971,22.39254
LZC,Lázaro Cárdenas Airport,MX,MX-MIC,Lázaro Cárdenas,medium,18.001672,-102.220316
LZG,Langzhong Gucheng Airport,CN,CN-51,Nanchong (Langzhong),medium,31.50191,106.034417
LZH,Liuzhou Bailian Airport / Bailian Air Base,CN,CN-45,Liuzhou (Liujiang),medium,24.2075,109.390999
LZI,Luozi Airport,CD,CD-BC,Luozi,small,-4.943881,14.123337
LZM,Luzamba Airport,AO,AO-LNO,Luzamba,small,-9.11596012115,18.0492992401
LZN,Matsu Nangan Airport,TW,TW-X-LK,Matsu (Nangan),medium,26.1598,119.958
LZO,Luzhou Yunlong Airport,CN,CN-51,Luzhou (Yunlong),medium,29.030357,105.468407
LZR,Lizard Island Airport,AU,AU-QLD,,small,-14.673273,145.454571
LZU,Gwinnett County Briscoe Field,US,US-GA,Lawrenceville,small,33.97809982,-83.96240234
LZY,Nyingchi Mainling Airport,CN,CN-54,Nyingchi (Mainling),medium,29.303301,94.335297
MAA,Chennai International Airport,IN,IN-TN,Chennai,large,12.990005,80.169296
MAB,João Correa da Rocha Airport,BR,BR-PA,Marabá,medium,-5.36859,-49.138
MAC,Macon Downtown Airport,US,US-GA,Macon,small,32.82210159,-83.56199646
MAD,Adolfo Suárez Madrid–Barajas Airport,ES,ES-MD,Madrid,large,40.471926,-3.56264
MAE,Madera Municipal Airport,US,US-CA,Madera,small,36.9886016846,-120.111999512
MAF,Midland International Air and Space Port,US,US-TX,Midland,medium,31.942499,-102.202003
MAG,Madang Airport,PG,PG-MPM,Madang,medium,-5.20707988739,145.789001465
MAH,Menorca Airport,ES,ES-IB,Mahón (Maó),medium,39.862598,4.21865
MAI,Mangochi Airport,MW,MW-MG,Mangochi,medium,-14.483,35.266998
MAJ,Marshall Islands International Airport,MH,MH-MAJ,Majuro Atoll,medium,7.06476,171.272003
MAK,Malakal Airport,SS,SS-23,Malakal,medium,9.55897,31.652201
MAL,"Mangole Airport, Falabisahaya",ID,ID-MU,Mangole Island,small,-1.782255,125.482246
MAM,General Servando Canales International Airport,MX,MX-TAM,Matamoros,medium,25.7698993683,-97.5252990723
MAN,Manchester Airport,GB,GB-ENG,Manchester,large,53.349375,-2.279521
MAO,Eduardo Gomes International Airport,BR,BR-AM,Manaus,large,-3.03861,-60.049702
MAP,Mamai Airport,PG,PG-CPM,Mamai,small,-10.290833333299998,149.519166667
MAQ,Mae Sot Airport,TH,TH-63,,medium,16.699899673461914,98.54509735107422
MAR,La Chinita International Airport,VE,VE-V,Maracaibo,medium,10.5582084656,-71.7278594971
MAS,Momote Airport,PG,PG-MRL,Manus Island,medium,-2.06189,147.423996
MAT,Tshimpi Airport,CD,CD-BC,Matadi,small,-5.79961,13.4404
MAU,Maupiti Airport,PF,PF-U-A,,medium,-16.42650032043457,-152.24400329589844
MAV,Maloelap Island Airport,MH,MH-MAL,Maloelap Island,small,8.70444,171.229996
MAW,Malden Regional Airport,US,US-MO,Malden,small,36.6006012,-89.99220276
MAX,Ouro Sogui Airport,SN,SN-MT,Ouro Sogui,medium,15.5936,-13.3228
MAY,Clarence A. Bain Airport,BS,BS-SA,Mangrove Cay,medium,24.287701,-77.684601
MAZ,Eugenio Maria De Hostos Airport,PR,PR-U-A,Mayaguez,medium,18.255699157714844,-67.14849853515625
MBA,Moi International Airport,KE,KE-300,Mombasa,large,-4.03483,39.5942
MBB,Marble Bar Airport,AU,AU-WA,,small,-21.163299560546875,119.83300018310548
MBC,M'Bigou Airport,GA,GA-4,M'Bigou,small,-1.893056,11.9125
MBD,Mmabatho International Airport,ZA,ZA-NW,Mafeking,medium,-25.798400878900004,25.548000335699996
MBE,Monbetsu Airport,JP,JP-01,Monbetsu,medium,44.303901672399995,143.404006958
MBF,Porepunkah Airport,AU,AU-VIC,,small,-36.717731,146.890039
MBG,Mobridge Municipal Airport,US,US-SD,Mobridge,medium,45.54650116,-100.4079971
MBH,Maryborough Airport,AU,AU-QLD,Maryborough,small,-25.513528,152.713603
MBI,Songwe Airport,TZ,TZ-14,Mbeya,medium,-8.919942,33.273981
MBJ,Sangster International Airport,JM,JM-08,Montego Bay,medium,18.5037,-77.913399
MBK,Regional Orlando Villas Boas Airport,BR,BR-MT,Matupá,small,-10.170277595500002,-54.9527778625
MBL,Manistee County Blacker Airport,US,US-MI,Manistee,small,44.272707,-86.246495
MBM,Mkambati Airport,ZA,ZA-EC,Mkambati,small,-31.2849,29.9884
MBN,Mount Barnett Airport,AU,AU-WA,Wunaamin Miliwundi Ranges,small,-16.741453,125.905608
MBO,Mamburao Airport,PH,PH-MDC,Mamburao,medium,13.208048,120.605457
MBP,Moyobamba Airport,PE,PE-SAM,Moyobamba,small,-6.018889,-76.988327
MBQ,Mbarara Airport,UG,UG-W,Mbarara,small,-0.555278,30.5994
MBS,MBS International Airport,US,US-MI,Saginaw,medium,43.532902,-84.079597
MBT,Moises R. Espinosa Airport,PH,PH-MAS,Masbate,medium,12.369682,123.630095
MBU,Babanakira Airport,SB,SB-GU,Mbambanakira,small,-9.7475,159.839005
MBV,Masa Airport,PG,PG-MPL,Masa,small,-6.345,147.591
MBW,Melbourne Moorabbin Airport,AU,AU-VIC,Melbourne,medium,-37.975799560546875,145.1020050048828
MBX,Maribor Edvard Rusjan Airport,SI,SI-160,Orehova Vas,medium,46.4799,15.6861
MBY,Omar N Bradley Airport,US,US-MO,Moberly,small,39.464393,-92.428365
MBZ,Maués Airport,BR,BR-AM,Maués,small,-3.37217,-57.7248
MCA,Macenta Airport,GN,GN-N,Macenta,small,8.481456,-9.526048
MCB,McComb-Pike County Airport / John E Lewis Field,US,US-MS,McComb,medium,31.178499,-90.471901
MCC,McClellan Airfield,US,US-CA,Sacramento,medium,38.667599,-121.401001
MCD,Mackinac Island Airport,US,US-MI,Mackinac Island,small,45.86489868,-84.63729858
MCE,Merced Regional Macready Field,US,US-CA,Merced,medium,37.284698,-120.514
MCF,MacDill Air Force Base,US,US-FL,Tampa,medium,27.8493,-82.521202
MCG,McGrath Airport,US,US-AK,McGrath,medium,62.95289993,-155.6060028
MCI,Kansas City International Airport,US,US-MO,Kansas City,large,39.2976,-94.713898
MCJ,Jorge Isaac Airport,CO,CO-LAG,La Mina-Maicao,medium,11.2325,-72.4901
MCK,McCook Ben Nelson Regional Airport,US,US-NE,McCook,medium,40.207787,-100.592794
MCL,Denali National Park Airport,US,US-AK,Denali Park,small,63.732465,-148.911266
MCM,Monaco Heliport,MC,MC-U-A,Fontvieille,heliport,43.725798,7.419673
MCN,Middle Georgia Regional Airport,US,US-GA,Macon,medium,32.69279861450195,-83.64920043945312
MCO,Orlando International Airport,US,US-FL,Orlando,large,28.429399490356445,-81.30899810791016
MCP,Macapá - Alberto Alcolumbre International Airport,BR,BR-AP,Macapá,medium,0.050664,-51.072201
MCS,Monte Caseros Airport,AR,AR-W,Monte Caseros,medium,-30.2719,-57.6402
MCT,Muscat International Airport,OM,OM-MA,Muscat,large,23.5933,58.284401
MCU,Montluçon-Guéret Airport,FR,FR-NAQ,Montluçon/Guéret,medium,46.222599,2.36396
MCV,McArthur River Mine Airport,AU,AU-NT,McArthur River Mine,small,-16.4424991608,136.083999634
MCW,Mason City Municipal Airport,US,US-IA,Mason City,medium,43.159801,-93.329716
MCX,Makhachkala Uytash International Airport,RU,RU-DA,Makhachkala,medium,42.816799,47.652302
MCY,Sunshine Coast Airport,AU,AU-QLD,Maroochydore,medium,-26.593324,153.08319
MCZ,Zumbi dos Palmares Airport,BR,BR-AL,Maceió,medium,-9.51081,-35.791698
MDA,Martindale Army Heliport,US,US-TX,San Antonio,heliport,29.4312992096,-98.3777999878
MDB,Melinda Airport,BZ,BZ-SC,Melinda,small,17.004299,-88.304199
MDC,Sam Ratulangi Airport,ID,ID-SA,Manado,medium,1.54926,124.926003
MDD,Midland Airpark,US,US-TX,Midland,small,32.0364990234,-102.100997925
MDE,Jose Maria Córdova International Airport,CO,CO-ANT,Medellín,medium,6.16454,-75.4231
MDF,Taylor County Airport,US,US-WI,Medford,small,45.10100174,-90.30329895
MDG,Mudanjiang Hailang International Airport,CN,CN-23,Mudanjiang,medium,44.5241012573,129.569000244
MDH,Southern Illinois Airport,US,US-IL,Murphysboro,medium,37.778099,-89.251999
MDI,Makurdi Airport,NG,NG-BE,Makurdi,medium,7.70388,8.61394
MDJ,Madras Municipal Airport,US,US-OR,Madras,small,44.67020035,-121.1549988
MDK,Mbandaka Airport,CD,CD-EQ,Mbandaka,medium,0.0226000007242,18.2887001038
MDL,Mandalay International Airport,MM,MM-04,Mandalay,large,21.70219993591309,95.97789764404295
MDM,Munduku Airport,PG,PG-ESW,Munduku,small,-4.6204,143.4516
MDN,Madison Municipal Airport,US,US-IN,Madison,small,38.75889969,-85.46549988
MDO,Middleton Island Airport,US,US-AK,Middleton Island,small,59.4499015808,-146.307006836
MDP,Mindiptana Airport,ID,ID-PS,Mindiptana-Papua Island,small,-5.876929,140.70946
MDQ,Ástor Piazzola International Airport,AR,AR-B,Mar del Plata,medium,-37.9342,-57.5733
MDR,Musiara Airstrip,KE,KE-700,Musiara,small,-1.298636,35.063885
MDS,Middle Caicos Airport,TC,TC-MC,Middle Caicos,small,21.82602,-71.8025
MDT,Harrisburg International Airport,US,US-PA,Harrisburg,medium,40.193501,-76.763397
MDU,Mendi Airport,PG,PG-SHM,Mendi,medium,-6.14774,143.656998
MDV,Médouneu Airport,GQ,GQ-CS,"Médouneu, Gabon",small,1.0085,10.7552
MDW,Chicago Midway International Airport,US,US-IL,Chicago,large,41.785999,-87.752403
MDX,Mercedes Airport,AR,AR-W,Mercedes,small,-29.221399,-58.087799
MDY,Henderson Field,UM,UM-71,Sand Island,medium,28.2017,-177.380997
MDZ,El Plumerillo Airport,AR,AR-M,Mendoza,medium,-32.8316993713,-68.7929000854
MEA,Macaé Benedito Lacerda Airport,BR,BR-RJ,Macaé,medium,-22.343,-41.765999
MEB,Melbourne Essendon Airport,AU,AU-VIC,Essendon Fields,medium,-37.7281,144.901993
MEC,Eloy Alfaro International Airport,EC,EC-M,Manta,medium,-0.9460780024528505,-80.67880249023438
MED,Prince Mohammad Bin Abdulaziz Airport,SA,SA-03,Medina,large,24.5534,39.705101
MEE,Maré Airport,NC,NC-U-A,Maré,medium,-21.481700897216797,168.03799438476562
MEF,Melfi Airport,TD,TD-GR,Melfi,small,11.060192,17.944495
MEG,Malanje Airport,AO,AO-MAL,Malanje,medium,-9.525090217590332,16.312400817871094
MEH,Mehamn Airport,NO,NO-54,Mehamn,medium,71.02970123291,27.826700210571
MEI,Key Field / Meridian Regional Airport,US,US-MS,Meridian,medium,32.3326,-88.7519
MEJ,Port Meadville Airport,US,US-PA,Meadville,small,41.626499,-80.214699
MEK,Bassatine Airport,MA,MA-MEK,Meknes,medium,33.879101,-5.51512
MEL,Melbourne International Airport,AU,AU-VIC,Melbourne,large,-37.673302,144.843002
MEM,Memphis International Airport,US,US-TN,Memphis,large,35.0424,-89.9767
MEN,Mende-Brenoux Airfield,FR,FR-OCC,Mende/Brénoux,medium,44.502102,3.53282
MEO,Dare County Regional Airport,US,US-NC,Manteo,small,35.91899872,-75.69550323
MEP,Mersing Airport,MY,MY-01,Mersing,small,2.389148,103.874183
MEQ,Cut Nyak Dhien Airport,ID,ID-AC,Kuala Pesisir,medium,4.040631,96.253538
MER,Castle Airport,US,US-CA,Merced,medium,37.38050079,-120.5680008
MES,Soewondo Air Force Base,ID,ID-SU,Medan,medium,3.558425,98.672275
MET,Moreton Airport,AU,AU-QLD,Moreton,small,-12.444199562099998,142.638000488
MEU,Monte Dourado - Serra do Areão Airport,BR,BR-PA,Almeirim,medium,-0.889839,-52.6022
MEV,Minden-Tahoe Airport,US,US-NV,Minden,small,39.00030136,-119.7509995
MEW,Mweka Airport,CD,CD-KS,Mweka,small,-4.855027,21.541786
MEX,Aeropuerto Internacional Lic. Benito Juárez,MX,MX-DIF,Ciudad de México,large,19.435433,-99.082432
MEY,Meghauli Airport,NP,NP-P3,Meghauli,small,27.5774,84.22875
MEZ,Musina(Messina) Airport,ZA,ZA-NP,Musina,small,-22.355672,29.9862
MFA,Mafia Airport,TZ,TZ-19,Kilindoni,small,-7.917478,39.668502
MFB,Monfort Airport,CO,CO-VAU,Monfort,small,0.633333,-69.75
MFC,Mafeteng Airport,LS,LS-E,Mafeteng,small,-29.8011,27.243601
MFD,Mansfield Lahm Regional Airport,US,US-OH,Mansfield,medium,40.82139968869999,-82.5166015625
MFE,McAllen Miller International Airport,US,US-TX,McAllen,medium,26.176141,-98.237965
MFF,Moanda Airport,GA,GA-2,Moanda,small,-1.526558,13.251332
MFG,Muzaffarabad Airport,PK,PK-JK,Muzaffarabad,medium,34.3390007019043,73.50859832763672
MFH,Mesquite International Airport,US,US-NV,Mesquite,medium,36.833105,-114.055928
MFI,Marshfield Municipal Airport,US,US-WI,Marshfield,small,44.6369018555,-90.1893005371
MFJ,Moala Airport,FJ,FJ-E,Moala,small,-18.5666999817,179.951004028
MFK,Matsu Beigan Airport,TW,TW-X-LK,Matsu (Beigan),medium,26.224199,120.002998
MFL,Mount Full Stop Airport,AU,AU-QLD,Wando Vale,small,-19.67,144.8852
MFM,Macau International Airport,MO,MO-CAR,Nossa Senhora do Carmo,large,22.149599,113.592003
MFN,Milford Sound Airport,NZ,NZ-STL,,small,-44.673302,167.923004
MFO,Manguna Airport,PG,PG-EBR,Manguna,small,-5.577778,151.792333
MFP,Manners Creek Airport,AU,AU-NT,,small,-22.100000381469727,137.98300170898438
MFQ,Maradi Airport,NE,NE-4,Maradi,medium,13.5025,7.12675
MFR,Rogue Valley International Medford Airport,US,US-OR,Medford,medium,42.37419891357422,-122.8730010986328
MFS,Miraflores Airport,CO,CO-GUV,Miraflores,small,1.35,-71.9444
MFU,Mfuwe Airport,ZM,ZM-03,Mfuwe,medium,-13.258899688720703,31.936599731445312
MFV,Accomack County Airport,US,US-VA,Melfa,small,37.646900177,-75.761100769
MFX,Méribel Altiport,FR,FR-ARA,Les Allues,small,45.407505,6.577597
MFZ,Meselia Airport,PG,PG-WBK,Demgulu,small,-6.1364,149.1183
MGA,Augusto C. Sandino (Managua) International Airport,NI,NI-MN,Managua,medium,12.14150047302246,-86.16819763183594
MGB,Mount Gambier Airport,AU,AU-SA,Mount Gambier,medium,-37.744382,140.780561
MGC,Michigan City Municipal Airport,US,US-IN,Michigan City,small,41.7033004761,-86.8211975098
MGD,Magdalena Airport,BO,BO-B,Magdalena,small,-13.2607483767,-64.0607643127
MGE,Dobbins Air Reserve Base,US,US-GA,Marietta,medium,33.915401,-84.516296
MGF,Regional de Maringá - Sílvio Name Júnior Airport,BR,BR-PR,Maringá,medium,-23.47606,-52.016187
MGH,Margate Airport,ZA,ZA-NL,Margate,medium,-30.8574008942,30.343000412
MGI,National Wildlife Refuge Airport,US,US-TX,Matagorda Island,small,28.323,-96.464
MGJ,Orange County Airport,US,US-NY,Montgomery,small,41.50999832,-74.26460266
MGK,Mong Tong Airport,MM,MM-17,Mong Tong,small,20.29669952392578,98.8989028930664
MGL,Mönchengladbach Airport,DE,DE-NW,Mönchengladbach,medium,51.230278,6.504444
MGM,Montgomery Regional (Dannelly Field) Airport,US,US-AL,Montgomery,medium,32.300598,-86.393997
MGN,Baracoa Airport,CO,CO-BOL,Magangué,medium,9.28474,-74.8461
MGP,Manga Airport,PG,PG-NIK,Manga Mission,small,-4.147,153.0186
MGQ,Aden Adde International Airport,SO,SO-BN,Mogadishu,medium,2.0144400596618652,45.3046989440918
MGR,Moultrie Municipal Airport,US,US-GA,Moultrie,small,31.0848999023,-83.8032989502
MGS,Mangaia Island Airport,CK,CK-U-A,Mangaia Island,small,-21.895986557006836,-157.9066619873047
MGT,Milingimbi Airport,AU,AU-NT,Milingimbi Island,small,-12.0944004059,134.893997192
MGU,Manaung Airport,MM,MM-16,Manaung,small,18.8458,93.688904
MGV,Margaret River (Station) Airport,AU,AU-WA,,small,-18.6217002869,126.883003235
MGW,Morgantown Municipal Airport Walter L. (Bill) Hart Field,US,US-WV,Morgantown,medium,39.643305,-79.917598
MGX,Moabi Airport,GA,GA-5,Moabi,small,-2.455187,10.9358
MGY,Dayton-Wright Brothers Airport,US,US-OH,Dayton,small,39.5890007019,-84.224899292
MGZ,Myeik Airport,MM,MM-05,Mkeik,medium,12.439800262451172,98.62149810791016
MHA,Mahdia Airport,GY,GY-PT,Mahdia,small,5.27749,-59.1511
MHB,Mechanics Bay Heliport,NZ,NZ-AUK,Auckland City,heliport,-36.8465256281,174.787872434
MHC,Mocopulli Airport,CL,CL-LL,Dalcahue,small,-42.340388,-73.715693
MHD,Mashhad International Airport,IR,IR-09,Mashhad,large,36.235198974609375,59.64099884033203
MHE,Mitchell Municipal Airport,US,US-SD,Mitchell,small,43.7747993469,-98.0385971069
MHF,Morichal Airport,CO,CO-VAU,Morichal,small,1.75,-69.916667
MHG,Mannheim-City Airport,DE,DE-BW,Mannheim,medium,49.473057,8.514167
MHH,Leonard M Thompson International Airport,BS,BS-CO,Marsh Harbour,medium,26.510711,-77.084262
MHI,Moucha Airport,DJ,DJ-DJ,Moucha Island,small,11.72975,43.209559
MHK,Manhattan Regional Airport,US,US-KS,Manhattan,medium,39.14099884033203,-96.6707992553711
MHL,Marshall Memorial Municipal Airport,US,US-MO,Marshall,small,39.0957984924,-93.2029037476
MHM,Manaoba Airport,SB,SB-ML,Manaoba,small,-8.325008,160.80051
MHN,Hooker County Airport,US,US-NE,Mullen,small,42.042155,-101.059113
MHO,Mount House Airport,AU,AU-WA,Wunaamin Miliwundi Ranges,small,-17.051917,125.712491
MHQ,Mariehamn Airport,FI,FI-01,Mariehamn,medium,60.1222,19.898199
MHR,Sacramento Mather Airport,US,US-CA,Sacramento,medium,38.554744,-121.297989
MHS,Dunsmuir Muni-Mott Airport,US,US-CA,Dunsmuir,small,41.263199,-122.272003
MHT,Manchester-Boston Regional Airport,US,US-NH,Manchester,medium,42.932598,-71.435699
MHU,Mount Hotham Airport,AU,AU-VIC,Mount Hotham,medium,-37.0475006104,147.333999634
MHV,Mojave Airport,US,US-CA,Mojave,small,35.05939865,-118.1520004
MHW,Monteagudo Airport,BO,BO-H,El Bañado,small,-19.827,-63.960999
MHX,Manihiki Island Airport,CK,CK-U-A,Manihiki Island,small,-10.376700401306152,-161.0019989013672
MHY,Morehead Airport,PG,PG-WPD,Morehead,small,-8.71411111111,141.644444444
MHZ,RAF Mildenhall,GB,GB-ENG,"Bury Saint Edmunds, Suffolk",medium,52.3619,0.486406
MIA,Miami International Airport,US,US-FL,Miami,large,25.79319953918457,-80.29060363769531
MIB,Minot Air Force Base,US,US-ND,Minot,medium,48.4156,-101.358002
MIC,Crystal Airport,US,US-MN,Minneapolis,small,45.062,-93.353897
MID,Aeropuerto Internacional Manuel Crescencio Rejón,MX,MX-YUC,Ciudad de Mérida,large,20.933384,-89.662621
MIE,Delaware County Johnson Field,US,US-IN,Muncie,medium,40.242298,-85.395897
MIF,Roy Hurd Memorial Airport,US,US-TX,Monahans,small,31.582500457764,-102.90899658203
MIG,Mianyang Nanjiao Airport,CN,CN-51,Mianyang (Fucheng),medium,31.428101,104.740997
MIH,Mitchell Plateau Airport,AU,AU-WA,Mitchell Plateau,small,-14.790817,125.825729
MII,Frank Miloye Milenkowichi–Marília State Airport,BR,BR-SP,Marília,medium,-22.196899,-49.926485
MIJ,Mili Island Airport,MH,MH-MIL,Mili Island,small,6.084754,171.731419
MIK,Mikkeli Airport,FI,FI-04,Mikkeli,medium,61.6866,27.201799
MIM,Merimbula Airport,AU,AU-NSW,Merimbula,medium,-36.9085998535,149.901000977
MIN,Minnipa Airport,AU,AU-SA,,small,-32.843299865722656,135.14500427246094
MIO,Miami Municipal Airport,US,US-OK,Miami,small,36.909199,-94.887497
MIP,Ramon Air Base,IL,IL-D,Beersheba,medium,30.776100158691406,34.66669845581055
MIQ,Millard Airport,US,US-NE,Omaha,small,41.195877,-96.112107
MIR,Monastir Habib Bourguiba International Airport,TN,TN-52,Monastir,medium,35.75809860229492,10.75469970703125
MIS,Misima Island Airport,PG,PG-MBA,Misima Island,small,-10.6892004013,152.837997437
MIT,Shafter Airport - Minter Field,US,US-CA,Shafter,small,35.507401,-119.192002
MIU,Maiduguri International Airport,NG,NG-BO,Maiduguri,medium,11.855299949645996,13.080900192260742
MIV,Millville Municipal Airport,US,US-NJ,Millville,medium,39.367802,-75.072197
MIW,Marshalltown Municipal Airport,US,US-IA,Marshalltown,small,42.112701,-92.917801
MIX,Miriti Parana Airport,CO,CO-AMA,Mirití-Paraná,small,-0.886017,-70.983446
MIY,Mittebah Airport,AU,AU-NT,,small,-18.8093,137.0815
MIZ,Mainoru Airstrip,AU,AU-NT,Mainoru,small,-14.0533,134.0942
MJA,Manja Airport,MG,MG-U,Manja,small,-21.426105,44.316509
MJB,Mejit Atoll Airport,MH,MH-MEJ,Mejit Atoll,small,10.283302,170.869
MJC,Man Airport,CI,CI-MG,,medium,7.27207,-7.58736
MJD,Moenjodaro Airport,PK,PK-SD,Moenjodaro,medium,27.3351993560791,68.14309692382812
MJE,Majkin Airport,MH,MH-NMU,Majkin,small,8.163362,168.173862
MJF,"Mosjøen Airport, Kjærstad",NO,NO-18,Mosjøen,medium,65.783997,13.2149
MJG,Mayajigua Airport,CU,CU-07,Mayajigua,small,22.23080062866211,-79.06220245361328
MJI,Mitiga International Airport,LY,LY-TB,Tripoli,large,32.89177,13.287878
MJJ,Moki Airport,PG,PG-MPM,Moki,small,-5.7181,145.2404
MJK,Shark Bay Airport,AU,AU-WA,Denham,medium,-25.897294,113.575802
MJL,Mouilla Ville Airport,GA,GA-4,Mouila,medium,-1.845139980316162,11.056699752807615
MJM,Mbuji Mayi Airport,CD,CD-KE,Mbuji Mayi,medium,-6.121240139010001,23.569000244099996
MJN,Amborovy Airport,MG,MG-M,Mahajanga,medium,-15.666842,46.351233
MJO,Mount Etjo Airport,,NA-OD,Mount Etjo Safari Lodge,small,-21.0233001709,16.4528007507
MJP,Manjimup Airport,AU,AU-WA,,small,-34.26530075073242,116.13999938964844
MJQ,Jackson Municipal Airport,US,US-MN,Jackson,small,43.650002,-94.986504
MJR,Miramar Airport,AR,AR-B,Miramar,small,-38.2271,-57.8697
MJS,Maganja da Costa Airport,MZ,MZ-Q,Maganja,small,-17.3087,37.5
MJT,Mytilene International Airport,GR,GR-K,Mytilene,medium,39.057272,26.598887
MJU,Tampa Padang Airport,ID,ID-SN,Mamuju,small,-2.590267,119.025364
MJV,San Javier Airport,ES,ES-MC,San Javier,medium,37.775002,-0.812389
MJW,Mahenye Airport,ZW,ZW-MA,Gonarezhou National Park,small,-21.231,32.3336
MJX,Ocean County Airport,US,US-NJ,Toms River,small,39.92750168,-74.29239655
MJY,Motygino Airport,RU,RU-KYA,Motygino,small,58.180921,94.745272
MJZ,Mirny Airport,RU,RU-SA,Mirny,medium,62.534698486328125,114.03900146484376
MKA,Miller Municipal Airport,US,US-SD,Miller,small,44.5252,-98.958099
MKB,Mekambo Airport,GA,GA-6,Mekambo,small,0.976706,13.968462
MKC,Charles B. Wheeler Downtown Airport,US,US-MO,Kansas City,medium,39.123199,-94.592796
MKE,General Mitchell International Airport,US,US-WI,Milwaukee,large,42.947201,-87.896599
MKG,Muskegon County Airport,US,US-MI,Muskegon,medium,43.169498,-86.238197
MKH,Mokhotlong Airport,LS,LS-J,Mokhotlong,small,-29.281799,29.0728
MKI,M'Boki Airport,CF,CF-HM,Mboki,small,5.33301019669,25.931900024399997
MKJ,Makoua Airport,CG,CG-8,Makoua,small,-0.017,15.583
MKK,Molokai Airport,US,US-HI,Kaunakakai,medium,21.152901,-157.095993
MKL,McKellar-Sipes Regional Airport,US,US-TN,Jackson,medium,35.599899,-88.915604
MKM,Mukah Airport,MY,MY-13,Mukah,medium,2.881944,112.043333
MKN,Malekolon Airport,PG,PG-NIK,Babase Island,small,-4.02343055556,153.657277778
MKO,Muskogee-Davis Regional Airport,US,US-OK,Muskogee,small,35.656502,-95.366699
MKP,Makemo Airport,PF,PF-U-A,Makemo,medium,-16.5839,-143.658005
MKQ,Mopah International Airport,ID,ID-PS,Merauke,medium,-8.523898,140.419693
MKR,Meekatharra Airport,AU,AU-WA,,medium,-26.6117000579834,118.5479965209961
MKS,Mekane Selam Airport,ET,ET-AM,Mekane Selam,small,10.7254,38.7415
MKT,Mankato Regional Airport,US,US-MN,Mankato,small,44.224781,-93.919128
MKU,Makokou Airport,GA,GA-6,Makokou,medium,0.5792109966278076,12.890899658203123
MKW,Rendani Airport,ID,ID-PB,Manokwari,medium,-0.891833,134.048996
MKY,Mackay Airport,AU,AU-QLD,Mackay,medium,-21.170816,149.182588
MKZ,Malacca International Airport,MY,MY-04,Malacca,medium,2.265613,102.252778
MLA,Malta International Airport,MT,MT-25,Valletta,large,35.857498,14.4775
MLB,Melbourne Orlando International Airport,US,US-FL,Melbourne,medium,28.1028,-80.645302
MLC,Mc Alester Regional Airport,US,US-OK,Mc Alester,medium,34.882401,-95.783501
MLD,Malad City Airport,US,US-ID,Malad City,small,42.166599,-112.296997
MLE,Malé International Airport,MV,MV-MLE,Malé,large,4.191830158233643,73.52909851074219
MLF,Milford Municipal-Ben and Judy Briscoe Field,US,US-UT,Milford,small,38.426601,-113.012001
MLG,Abdul Rachman Saleh Airport,ID,ID-JI,Malang,medium,-7.929099,112.714233
MLI,Quad City International Airport,US,US-IL,Moline,medium,41.448502,-90.5075
MLJ,Baldwin County Regional Airport,US,US-GA,Milledgeville,small,33.154202,-83.240701
MLK,Malta Airport,US,US-MT,Malta,small,48.366901,-107.918999
MLL,Marshall Don Hunter Sr Airport,US,US-AK,Marshall,small,61.8643,-162.026001
MLM,General Francisco J. Mujica International Airport,MX,MX-MIC,Morelia,medium,19.849899,-101.025002
MLN,Melilla Airport,ES,ES-ML,Melilla,medium,35.2798,-2.95626
MLO,Milos Airport,GR,GR-L,Milos Island,small,36.696899,24.4769
MLP,Malabang Airport,PH,PH-LAS,Malabang,small,7.616911,124.057961
MLQ,Malalaua Airport,PG,PG-GPK,Malalaua,small,-8.07138888889,146.155472222
MLR,Millicent Airport,AU,AU-SA,,small,-37.58359909057617,140.36599731445312
MLS,Miles City Airport - Frank Wiley Field,US,US-MT,Miles City,medium,46.427268,-105.885372
MLT,Millinocket Municipal Airport,US,US-ME,Millinocket,small,45.6478,-68.6856
MLU,Monroe Regional Airport,US,US-LA,Monroe,medium,32.510899,-92.037697
MLV,Merluna Airport,AU,AU-QLD,Merluna,small,-13.0649,142.4536
MLW,Spriggs Payne Airport,LR,LR-MO,Monrovia,medium,6.28906,-10.7587
MLX,Malatya Erhaç Airport,TR,TR-44,Malatya,medium,38.4352989197,38.0909996033
MLY,Manley Hot Springs Airport,US,US-AK,Manley Hot Springs,small,64.99188,-150.644102
MLZ,Cerro Largo International Airport,UY,UY-CL,Melo,small,-32.337898,-54.216702
MMB,Memanbetsu Airport,JP,JP-01,Ōzora,medium,43.8805999756,144.164001465
MMC,Aeropuerto de Ciudad Mante,MX,MX-TAM,Ciudad Mante,small,22.743177,-99.017372
MMD,Minamidaito Airport,JP,JP-47,Minamidaito,medium,25.8465,131.263
MME,Teesside International Airport,GB,GB-ENG,"Darlington, Durham",medium,54.509201,-1.42941
MMF,Mamfe Airport,CM,CM-SW,Mamfe,small,5.70417,9.30639
MMG,Mount Magnet Airport,AU,AU-WA,,medium,-28.116100311279297,117.84200286865234
MMH,Mammoth Yosemite Airport,US,US-CA,Mammoth Lakes,small,37.625381,-118.84306
MMI,McMinn County Airport,US,US-TN,Athens,small,35.39730072,-84.56259918
MMJ,Shinshu-Matsumoto Airport,JP,JP-20,Matsumoto,medium,36.166801,137.923004
MMK,Murmansk Airport,RU,RU-MUR,Murmansk,medium,68.78170013427734,32.75080108642578
MML,Southwest Minnesota Regional Airport - Marshall/Ryan Field,US,US-MN,Marshall,small,44.45050049,-95.82189941
MMM,Middlemount Airport,AU,AU-QLD,,small,-22.801444,148.706796
MMN,Minute Man Air Field,US,US-MA,Stow,small,42.460298,-71.519031
MMO,Maio Airport,CV,CV-S,Vila do Maio,medium,15.15590000152588,-23.213699340820312
MMP,San Bernardo Airport,CO,CO-BOL,Santa Cruz de Mompóx,small,9.258348,-74.438393
MMQ,Mbala Airport,ZM,ZM-05,Mbala,small,-8.85917,31.336399
MMS,Selfs Airport,US,US-MS,Marks,small,34.231499,-90.289597
MMT,Mc Entire Joint National Guard Base,US,US-SC,Eastover,medium,33.92079926,-80.80130005
MMU,Morristown Municipal Airport,US,US-NJ,Morristown,medium,40.799062,-74.414949
MMV,Mal Airport,PG,PG-MRL,Mal Island,small,-1.39139,144.17131
MMX,Malmö Sturup Airport,SE,SE-M,Malmö,medium,55.54833,13.35333
MMY,Miyako Airport,JP,JP-47,Miyako City,medium,24.782800674399997,125.294998169
MMZ,Maymana Zahiraddin Faryabi Airport,AF,AF-FYB,Maymana,medium,35.930801,64.760902
MNA,Melangguane Airport,ID,ID-SA,Karakelong Island,small,4.00694,126.672997
MNB,Muanda Airport,CD,CD-BC,Muanda,small,-5.930637,12.351334
MNC,Nacala Airport,MZ,MZ-N,Nacala,small,-14.4882,40.7122
MND,Medina Airport,CO,CO-CUN,Medina,small,4.483687,-73.344739
MNE,Mungeranie Airport,AU,AU-SA,Mungeranie,small,-28.009199142456055,138.65699768066406
MNF,Mana Island Airport,FJ,FJ-W,Mana Island,small,-17.672844,177.0985
MNG,Maningrida Airport,AU,AU-NT,Maningrida,medium,-12.0560998917,134.23399353
MNH,Mussanah Airport,OM,OM-BA,Al Masna'ah,medium,23.640556,57.4875
MNI,John A. Osborne Airport,MS,MS-SP,Gerald's Park,medium,16.791401,-62.193298
MNJ,Mananjary Airport,MG,MG-F,Mananjary,medium,-21.201799,48.358299
MNK,Maiana Airport,KI,KI-G,Maiana,small,1.00361,173.031006
MNL,Ninoy Aquino International Airport,PH,PH-00,Manila,large,14.5086,121.019997
MNM,Menominee–Marinette Twin County Airport,US,US-MI,Menominee,small,45.126701,-87.638397
MNN,Marion Municipal Airport,US,US-OH,Marion,small,40.6161994934,-83.06349945070001
MNO,Manono Airport,CD,CD-TA,Manono,small,-7.28889,27.3944
MNP,Maron Island Airport,PG,PG-MRL,Hermit Islands,small,-1.550403,145.017504
MNQ,Monto Airport,AU,AU-QLD,,small,-24.892267,151.101787
MNR,Mongu Airport,ZM,ZM-01,Mongu,medium,-15.2545,23.1623
MNS,Mansa Airport,ZM,ZM-04,Mansa,small,-11.137,28.872601
MNT,Minto Al Wright Airport,US,US-AK,Minto,small,65.147991,-149.368658
MNU,Mawlamyine Airport,MM,MM-15,Mawlamyine,small,16.444700241088867,97.66069793701172
MNV,Mount Valley Airport,AU,AU-NT,,small,-14.0833,133.817001
MNW,Macdonald Downs Airport,AU,AU-NT,,small,-22.444000244099996,135.199005127
MNX,Manicoré Airport,BR,BR-AM,Manicoré,medium,-5.81138,-61.278301
MNY,Mono Airport,SB,SB-WE,Stirling Island,small,-7.416940212249756,155.56500244140625
MNZ,Manassas Regional Airport/Harry P. Davis Field,US,US-VA,Manassas,small,38.72140121,-77.51540375
MOA,Orestes Acosta Airport,CU,CU-11,Moa,medium,20.653900146484375,-74.92220306396484
MOB,Mobile Regional Airport,US,US-AL,Mobile,medium,30.6912,-88.242798
MOC,Mário Ribeiro Airport,BR,BR-MG,Montes Claros,medium,-16.706919,-43.818901
MOD,Modesto City Co-Harry Sham Field,US,US-CA,Modesto,medium,37.625801,-120.954002
MOE,Momeik Airport,MM,MM-17,,medium,23.092500686645508,96.64530181884766
MOF,Frans Xavier Seda Airport,ID,ID-NT,Waioti,small,-8.639514,122.238135
MOG,Mong Hsat Airport,MM,MM-17,Mong Hsat,medium,20.516799926757812,99.25679779052734
MOH,Maleo Airport,ID,ID-ST,Morowali,small,-2.203333,121.660278
MOI,Mitiaro Island Airport,CK,CK-U-A,Mitiaro Island,small,-19.842501,-157.703003
MOJ,Moengo Airstrip,SR,SR-MA,Moengo,small,5.6076,-54.4003
MOK,Muynak Airport,UZ,UZ-QR,Muynak,small,43.753636,59.029884
MOL,"Molde Airport, Årø",NO,NO-15,Årø,medium,62.744701,7.2625
MOM,Letfotar Airport,MR,MR-05,Moudjeria,small,17.75,-12.5
MON,Mount Cook Airport,NZ,NZ-CAN,,medium,-43.764999,170.132996
MOO,Moomba Airport,AU,AU-SA,,small,-28.0994,140.197006
MOP,Mount Pleasant Municipal Airport,US,US-MI,Mount Pleasant,small,43.6217,-84.737503
MOQ,Morondava Airport,MG,MG-U,Morondava,medium,-20.2847,44.3176
MOR,Morristown Regional Airport,US,US-TN,Morristown,small,36.179401,-83.375504
MOS,Moses Point Airport,US,US-AK,Elim,small,64.694116,-162.060699
MOT,Minot International Airport,US,US-ND,Minot,medium,48.2593994140625,-101.27999877929688
MOU,Mountain Village Airport,US,US-AK,Mountain Village,small,62.095401763916016,-163.6820068359375
MOV,Moranbah Airport,AU,AU-QLD,Moranbah,medium,-22.057800293,148.07699585
MOX,Morris Municipal Airport Charlie Schmidt Field,US,US-MN,Morris,small,45.566002,-95.967201
MOY,Monterrey Airport,CO,CO-CAS,Monterrey,small,4.906926,-72.894809
MOZ,Moorea Temae Airport,PF,PF-U-A,Moorea-Maiao,medium,-17.48979,-149.761777
MPA,Katima Mulilo Airport,,NA-CA,Mpacha,medium,-17.634258,24.176688
MPB,Miami Seaplane Base,US,US-FL,Miami,seaplane_base,25.778299331665,-80.170303344727
MPC,Muko Muko Airport,ID,ID-BE,Muko Muko,small,-2.541058,101.087651
MPD,Sindhri Tharparkar Airport,PK,PK-SD,Sindhri,small,25.68280029296875,69.07279968261719
MPF,Mapoda Airport,PG,PG-WPD,Mapoda,small,-7.979,143.1694
MPG,Makini Airport,PG,PG-MPL,Makini,small,-6.532222222220001,147.651166667
MPH,Godofredo P. Ramos Airport,PH,PH-AKL,Caticlan,medium,11.9245,121.954002
MPI,Mamitupu Airport,PA,PS-GY,Mamitupu,small,9.1851,-77.9841
MPJ,Petit Jean Park Airport,US,US-AR,Morrilton,small,35.138901,-92.909202
MPL,Montpellier-Méditerranée Airport,FR,FR-OCC,Montpellier/Méditerranée,medium,43.576199,3.96301
MPM,Maputo Airport,MZ,MZ-MPM,Maputo,large,-25.920799,32.572601
MPN,Mount Pleasant Airport,FK,FK-U-A,Mount Pleasant,medium,-51.82279968261719,-58.44720077514648
MPO,Pocono Mountains Municipal Airport,US,US-PA,Mount Pocono,small,41.136025,-75.379572
MPP,Mulatupo Airport,PA,PS-GY,Mulatupo,small,8.945487,-77.733486
MPR,Mc Pherson Airport,US,US-KS,Mc Pherson,small,38.352402,-97.691299
MPS,Mount Pleasant Regional Airport,US,US-TX,Mount Pleasant,small,33.095501,-94.961502
MPT,Maliana Airport,TL,TL-BO,Maliana,small,-8.97224,125.214996
MPU,Mapua(Mabua) Airport,PG,PG-NIK,Tatau Island,small,-2.81138888889,151.991111111
MPV,Edward F Knapp State Airport,US,US-VT,Barre/Montpelier,medium,44.20349884,-72.56230164
MPW,Mariupol International Airport,UA,UA-14,Mariupol,medium,47.07609939575195,37.44960021972656
MPX,Miyanmin Airport,PG,PG-SAN,Miyanmin,small,-4.903055555560001,141.620833333
MPY,Maripasoula Airport,GF,GF-SL,Maripasoula,small,3.655907,-54.039431
MPZ,Mount Pleasant Municipal Airport,US,US-IA,Mount Pleasant,small,40.94660187,-91.51110077
MQA,Mandora Airport,AU,AU-WA,Mandora,small,-19.7383003235,120.837997437
MQB,Macomb Municipal Airport,US,US-IL,Macomb,small,40.5200996399,-90.6523971558
MQC,Miquelon Airport,PM,PM-ML,Miquelon,small,47.095501,-56.380299
MQD,Maquinchao Airport,AR,AR-R,Maquinchao,small,-41.2430992126,-68.7078018188
MQE,Marqua Airport,AU,AU-NT,Marqua,small,-22.80579948425293,137.25100708007812
MQF,Magnitogorsk International Airport,RU,RU-BA,Magnitogorsk,medium,53.39310073852539,58.75569915771485
MQG,Midgard Airport,,NA-OD,Midgard,small,-22.0106,17.37
MQH,Minaçu Airport,BR,BR-GO,Minaçu,medium,-13.5491,-48.195301
MQJ,Moma Airport,RU,RU-SA,Khonuu,medium,66.450861,143.261551
MQK,San Matías Airport,BO,BO-S,San Matías,small,-16.339199,-58.401901
MQL,Mildura Airport,AU,AU-VIC,Mildura,medium,-34.229198455799995,142.085998535
MQM,Mardin Airport,TR,TR-47,Mardin,medium,37.2233009338,40.6316986084
MQN,"Mo i Rana Airport, Røssvoll",NO,NO-18,Mo i Rana,medium,66.363899230957,14.301400184631
MQO,Malam Airport,PG,PG-WPD,Malam,small,-8.70916666667,142.649722222
MQP,Kruger Mpumalanga International Airport,ZA,ZA-MP,Mpumalanga,medium,-25.3831996918,31.1056003571
MQQ,Moundou Airport,TD,TD-LO,Moundou,medium,8.62441,16.0714
MQR,Mosquera Airport,CO,CO-NAR,Mosquera,small,2.64955,-78.3361
MQS,Mustique Airport,VC,VC-06,Mustique Island,medium,12.8879,-61.180199
MQT,Marquette/Sawyer International Airport,US,US-MI,Gwinn,medium,46.3536,-87.395401
MQU,Mariquita Airport,CO,CO-TOL,Mariquita,medium,5.21256,-74.8836
MQV,Mostaganem Airport,DZ,DZ-27,Sayada,small,35.90518,0.144539
MQW,Telfair Wheeler Airport,US,US-GA,Mc Rae,small,32.095798,-82.879997
MQX,Alula Aba Nega Airport,ET,ET-TI,Mekelle,medium,13.4674,39.533501
MQY,Smyrna Airport,US,US-TN,Smyrna,medium,36.0089988708,-86.5201034546
MQZ,Margaret River Airport,AU,AU-WA,,small,-33.930599,115.099998
MRA,Misrata International Airport,LY,LY-MI,Misrata,small,32.325001,15.061
MRB,Eastern WV Regional Airport/Shepherd Field,US,US-WV,Martinsburg,medium,39.40190125,-77.98459625
MRC,Maury County Airport,US,US-TN,Columbia/Mount Pleasant,small,35.5541000366,-87.17890167239999
MRD,Alberto Carnevalli Airport,VE,VE-L,Mérida,medium,8.582078,-71.161041
MRE,Mara Serena Lodge Airstrip,KE,KE-700,Masai Mara,medium,-1.406111,35.008057
MRF,Marfa Municipal Airport,US,US-TX,Marfa,small,30.369593,-104.015893
MRG,Mareeba Airport,AU,AU-QLD,Mareeba,medium,-17.070277,145.424228
MRH,May River Airstrip,PG,PG-ESW,May River,small,-4.3615,141.785
MRI,Merrill Field,US,US-AK,Anchorage,medium,61.212792,-149.843988
MRK,Marco Island Executive Airport,US,US-FL,Marco Island,small,25.995001,-81.672501
MRM,Manari Airport,PG,PG-CPM,Manari,small,-9.1908,147.6219
MRN,Foothills Regional Airport,US,US-NC,Morganton,small,35.820202,-81.611397
MRO,Hood Airport,NZ,NZ-WGN,Masterton,medium,-40.974634,175.63454
MRP,Marla Airport,AU,AU-SA,Marla,small,-27.334298,133.627696
MRQ,Marinduque Airport,PH,PH-MAD,Gasan,medium,13.361000061035156,121.82599639892578
MRR,Jose Maria Velasco Ibarra Airport,EC,EC-L,Macará,medium,-4.37823009491,-79.94100189210002
MRS,Marseille Provence Airport,FR,FR-PAC,Marseille,large,43.438088,5.2125
MRT,Moroak Airport,AU,AU-NT,Moroak,small,-14.818133,133.700594
MRU,Sir Seewoosagur Ramgoolam International Airport,MU,MU-GP,Plaine Magnien,large,-20.430201,57.683601
MRV,Mineralnyye Vody Airport,RU,RU-STA,Mineralnyye Vody,medium,44.225101470947266,43.08190155029297
MRW,Lolland Falster Maribo Airport,DK,DK-85,Lolland Falster / Maribo,medium,54.699299,11.4401
MRX,Mahshahr Airport,IR,IR-06,Mahshahr,medium,30.5562,49.151901
MRY,Monterey Peninsula Airport,US,US-CA,Monterey,medium,36.58700180053711,-121.84300231933594
MRZ,Moree Airport,AU,AU-NSW,Moree,medium,-29.498899459799997,149.845001221
MSA,Muskrat Dam Airport,CA,CA-ON,Muskrat Dam,small,53.441399,-91.762802
MSB,Marigot Seaplane Base,MF,MF-U-A,Saint Martin,seaplane_base,18.0696,-63.087
MSC,Falcon Field,US,US-AZ,Mesa,small,33.4608001709,-111.727996826
MSF,Mount Swan Airport,AU,AU-NT,,small,-22.624696,135.034512
MSG,Matsaile Airport,LS,LS-K,Matsaile,small,-29.840562,28.77668
MSH,RAFO Masirah,OM,OM-SH,Masirah,medium,20.6754,58.890499
MSI,Masalembo Airport,ID,ID-JI,Masalembo Island,small,-5.583330154418945,114.43299865722656
MSJ,Misawa Airport / Misawa Air Base,JP,JP-02,Misawa,medium,40.703201,141.367996
MSK,Morelia Airport,CO,CO-MET,Puerto Gaitán,small,3.754167,-71.459722
MSL,Northwest Alabama Regional Airport,US,US-AL,Muscle Shoals,medium,34.74530029,-87.61019897
MSM,Masi Manimba Airport,CD,CD-KL,Masi Manimba,small,-4.783,17.85
MSN,Dane County Regional Truax Field,US,US-WI,Madison,medium,43.1399,-89.337502
MSO,Missoula International Airport,US,US-MT,Missoula,medium,46.91630173,-114.0910034
MSP,Minneapolis–Saint Paul International Airport / Wold–Chamberlain Field,US,US-MN,Minneapolis,large,44.880081,-93.221741
MSQ,Minsk National Airport,BY,BY-MI,Minsk,large,53.888071,28.039964
MSR,Muş Airport,TR,TR-49,Muş,medium,38.747798919677734,41.66120147705078
MSS,Massena International Airport Richards Field,US,US-NY,Massena,medium,44.936157,-74.844304
MST,Maastricht Aachen Airport,NL,NL-LI,Maastricht,medium,50.911701,5.77014
MSU,Moshoeshoe I International Airport,LS,LS-A,Maseru,medium,-29.462299346923828,27.552499771118164
MSV,Sullivan County International Airport,US,US-NY,Monticello,small,41.701596,-74.794997
MSW,Massawa International Airport,ER,ER-SK,Massawa,medium,15.670000076293944,39.37009811401367
MSX,Mossendjo Airport,CG,CG-9,Mossendjo,small,-2.95,12.7
MSY,Louis Armstrong New Orleans International Airport,US,US-LA,New Orleans,large,29.993401,-90.258003
MSZ,Welwitschia Mirabilis International Airport,AO,AO-NAM,Moçâmedes,medium,-15.2612,12.1468
MTA,Matamata Glider Airport,NZ,NZ-WKO,,small,-37.734402,175.742004
MTB,Montelibano Airport,CO,CO-COR,Montelíbano,small,7.97174,-75.4325
MTC,Selfridge Air National Guard Base Airport,US,US-MI,Mount Clemens,medium,42.613463,-82.836919
MTD,Mount Sanford Station Airport,AU,AU-NT,,small,-16.978300094604492,130.55499267578125
MTE,Monte Alegre Airport,BR,BR-PA,Monte Alegre,small,-1.9958,-54.0742
MTF,Mizan Teferi Airport,ET,ET-SW,Mizan Teferi,small,6.9571,35.5547
MTG,Vila Bela da Santíssima Trindade Airport,BR,BR-MT,Vila Bela Da Santíssima Trindade,small,-14.9942,-59.9458
MTH,The Florida Keys Marathon Airport,US,US-FL,Marathon,medium,24.726101,-81.051399
MTI,Mosteiros Airport,CV,CV-S,Vila do Mosteiros,small,15.045,-24.339199
MTJ,Montrose Regional Airport,US,US-CO,Montrose,medium,38.5098,-107.893997
MTK,Makin Island Airport,KI,KI-G,Makin Island,small,3.37444,172.992004
MTL,Maitland Airport,AU,AU-NSW,,small,-32.701265,151.492912
MTM,Metlakatla Seaplane Base,US,US-AK,Metlakatla,seaplane_base,55.131001,-131.578003
MTN,Martin State Airport,US,US-MD,Baltimore,medium,39.325699,-76.413803
MTO,Coles County Memorial Airport,US,US-IL,Mattoon,small,39.477901,-88.279198
MTP,Montauk Airport,US,US-NY,Montauk,small,41.0765,-71.920797
MTQ,Mitchell Airport,AU,AU-QLD,,small,-26.483299255371097,147.93699645996094
MTR,Los Garzones Airport,CO,CO-COR,Montería,medium,8.82374,-75.8258
MTS,Matsapha Airport,SZ,SZ-MA,Manzini,medium,-26.528999,31.307501
MTT,Minatitlán/Coatzacoalcos International Airport,MX,MX-VER,Cosoleacaque,medium,18.103399,-94.580704
MTU,Montepuez Airport,MZ,MZ-P,Montepuez,small,-13.121899604797363,39.05279922485352
MTV,Mota Lava Airport,VU,VU-TOB,Ablow,small,-13.6660003662,167.712005615
MTW,Manitowoc County Airport,US,US-WI,Manitowoc,small,44.127116,-87.681983
MTX,Metro Field,US,US-AK,Fairbanks,small,64.80680084229999,-147.761993408
MTY,Monterrey International Airport,MX,MX-NLE,Monterrey,large,25.778521,-100.106989
MTZ,Bar Yehuda Airfield,IL,IL-D,Masada,medium,31.32819938659668,35.38859939575195
MUA,Munda Airport,SB,SB-WE,Munda,medium,-8.32797,157.263
MUB,Maun Airport,BW,BW-NW,Maun,medium,-19.97260093688965,23.43110084533691
MUC,Munich Airport,DE,DE-BY,Munich,large,48.353802,11.7861
MUD,Mueda Airport,MZ,MZ-P,Mueda,medium,-11.6729,39.563099
MUE,Waimea Kohala Airport,US,US-HI,Waimea (Kamuela),medium,20.001301,-155.667999
MUG,Mulege Airport,MX,MX-BCS,Mulege,small,26.905347,-111.970725
MUH,Marsa Matruh International Airport,EG,EG-MT,Marsa Matruh,medium,31.325464,27.221716
MUI,Muir Army Air Field (Fort Indiantown Gap) Airport,US,US-PA,Fort Indiantown Gap(Annville),medium,40.435214,-76.568661
MUJ,Mui River Airport,ET,ET-SW,Omo National Park,small,5.8646,35.7485
MUK,Mauke Airport,CK,CK-U-A,Mauke Island,small,-20.13610076904297,-157.34500122070312
MUL,Spence Airport,US,US-GA,Moultrie,small,31.141569,-83.703718
MUM,Mumias Airport,KE,KE-900,Mumias,small,0.355399,34.528234
MUN,Maturín Airport,VE,VE-N,Maturín,medium,9.749023,-63.153348
MUO,Mountain Home Air Force Base,US,US-ID,Mountain Home,medium,43.043598,-115.872002
MUP,Mulga Park Airport,AU,AU-NT,,small,-25.860000610399997,131.649993896
MUQ,Muccan Station Airport,AU,AU-WA,Muccan Station,small,-20.658899307250977,120.06700134277344
MUR,Marudi Airport,MY,MY-13,Marudi,medium,4.178734,114.330318
MUS,JMSDF Minami Torishima Air Base,JP,JP-13,Ogasawara,small,24.2897,153.979004
MUT,Muscatine Municipal Airport,US,US-IA,Muscatine,small,41.367803,-91.148201
MUU,Barra Grande Airport,BR,BR-BA,Maraú,small,-13.906082,-38.940804
MUW,Ghriss Airport,DZ,DZ-29,Ghriss,medium,35.207699,0.147142
MUX,Multan International Airport,PK,PK-PB,Multan,medium,30.20319938659668,71.41909790039062
MUY,Mouyondzi Airport,CG,CG-11,Mouyondzi,small,-4.014874,13.966112
MUZ,Musoma Airport,TZ,TZ-13,Musoma,small,-1.503,33.8021
MVA,Reykjahlíð Airport,IS,IS-6,Myvatn,small,65.6558,-16.9181
MVB,M'Vengue El Hadj Omar Bongo Ondimba International Airport,GA,GA-2,Franceville,medium,-1.6561599969863892,13.437999725341797
MVC,Monroe County Aeroplex Airport,US,US-AL,Monroeville,small,31.458,-87.350996
MVD,Carrasco General Cesáreo L. Berisso International Airport,UY,UY-CA,Ciudad de la Costa,large,-34.835647,-56.026497
MVE,Montevideo Chippewa County Airport,US,US-MN,Montevideo,small,44.969101,-95.710297
MVF,Dix-Sept Rosado Airport,BR,BR-RN,Mossoró,medium,-5.20192,-37.3643
MVI,Manetai Airport,PG,PG-NSB,,small,-6.0121,155.333
MVK,Mulka Airport,AU,AU-SA,Mulka,small,-28.34779930114746,138.64999389648438
MVL,Morrisville-Stowe State Airport,US,US-VT,Morrisville,small,44.534599,-72.613998
MVM,Kayenta Airport,US,US-AZ,Kayenta,small,36.716444,-110.228444
MVN,Mount Vernon Outland Airport,US,US-IL,Mount Vernon,small,38.322774,-88.859257
MVO,Mongo Airport,TD,TD-GR,Mongo,small,12.17048,18.675642
MVP,Fabio Alberto Leon Bentley Airport,CO,CO-VAU,Mitú,medium,1.25366,-70.2339
MVQ,Mogilev Airport,BY,BY-MA,Mogilev,medium,53.95489883422851,30.09510040283203
MVR,Salak Airport,CM,CM-EN,Maroua,medium,10.45139980316162,14.257399559020996
MVS,Mucuri Airport,BR,BR-BA,Mucuri,small,-18.048901,-39.864321
MVT,Mataiva Airport,PF,PF-U-A,,medium,-14.8681001663208,-148.7169952392578
MVU,Musgrave Airport,AU,AU-QLD,Musgrave,small,-14.7757,143.5047
MVV,Megève Altiport,FR,FR-ARA,Megève,small,45.823005,6.649406
MVW,Skagit Regional Airport,US,US-WA,Burlington,small,48.470901,-122.420998
MVX,Minvoul Airport,GA,GA-9,Minvoul,small,2.152413,12.108044
MVY,Martha's Vineyard Airport,US,US-MA,Martha's Vineyard,small,41.3931007385,-70.6143035889
MVZ,Masvingo International Airport,ZW,ZW-MV,Masvingo,medium,-20.0553,30.8591
MWA,Veterans Airport of Southern Illinois,US,US-IL,Marion,medium,37.751208,-89.016568
MWB,Morawa Airport,AU,AU-WA,,small,-29.2017,116.022003
MWC,Lawrence J Timmerman Airport,US,US-WI,Milwaukee,small,43.110401,-88.034401
MWD,Mianwali Air Base,PK,PK-PB,Mianwali,medium,32.5630989074707,71.5707015991211
MWE,Merowe Airport,SD,SD-01,Merowe,medium,18.443333,31.843333
MWF,Maewo-Naone Airport,VU,VU-PAM,Maewo Island,small,-15.0,168.082992554
MWG,Marawaka Airport,PG,PG-EHG,Marawaka,small,-6.9736,145.8849
MWH,Grant County International Airport,US,US-WA,Moses Lake,medium,47.20769882,-119.3199997
MWI,Maramuni Airport,PG,PG-EPW,Maramuni,small,-5.13,143.4829
MWJ,Matthews Ridge Airport,GY,GY-BA,Matthews Ridge,small,7.487736,-60.185237
MWK,Matak Airport,ID,ID-RI,Palmatak,small,3.34812,106.258003
MWL,Mineral Wells Regional Airport,US,US-TX,Mineral Wells,small,32.781601,-98.060204
MWM,Windom Municipal Airport,US,US-MN,Windom,small,43.913399,-95.109398
MWN,Mwadui Airport,TZ,TZ-22,Mwadui,small,-3.521332,33.615542
MWO,Middletown Regional Airport,US,US-OH,Middletown,small,39.530998,-84.395302
MWQ,Magway Airport,MM,MM-03,Magway,small,20.1656,94.941399
MWR,Motswari Airport,ZA,ZA-MP,Motswari Private Game Reserve,small,-24.1903,31.3864
MWS,Indonesia Morowali Industrial Park (IMIP) Airport,ID,ID-ST,Morowali,small,-2.799322,122.141385
MWT,Moolawatana Airport,AU,AU-SA,Moolawatana Station,small,-29.9069,139.765
MWU,Mussau Airport,PG,PG-NIK,Mussau Island,small,-1.45,149.7
MWV,Mondulkiri Airport,KH,KH-11,Sen Monorom,small,12.463648,107.187252
MWX,Muan International Airport,KR,KR-46,Piseo-ri (Muan),large,34.991406,126.382814
MWY,Miranda Downs Airport,AU,AU-QLD,Miranda Downs,small,-17.328899,141.886002
MWZ,Mwanza Airport,TZ,TZ-18,Mwanza,medium,-2.4444899559020996,32.932701110839844
MXA,Manila Municipal Airport,US,US-AR,Manila,small,35.894402,-90.154602
MXB,Andi Jemma Airport,ID,ID-SN,Masamba,small,-2.55803,120.323997
MXC,Monticello Airport,US,US-UT,Monticello,small,37.93243,-109.341225
MXD,Marion Downs Airport,AU,AU-QLD,Marion Downs,small,-23.363702,139.649663
MXE,Laurinburg Maxton Airport,US,US-NC,Maxton,small,34.791901,-79.365799
MXF,Maxwell Air Force Base,US,US-AL,Montgomery,medium,32.3829,-86.365799
MXH,Moro Airport,PG,PG-SHM,Moro,small,-6.36332988739,143.238006592
MXI,Mati National Airport,PH,PH-DAO,Mati,medium,6.949091,126.27368
MXJ,Minna Airport,NG,NG-NI,Minna,medium,9.652170181274414,6.462259769439697
MXK,Mindik Airport,PG,PG-MPL,Mindik,small,-6.47166666667,147.441138889
MXL,Aeropuerto Internacional Gral. Rodolfo Sánchez Taboada,MX,MX-BCN,Mexicali,medium,32.630629,-115.242805
MXM,Morombe Airport,MG,MG-U,Morombe,medium,-21.753837,43.374753
MXN,Morlaix-Ploujean Airport,FR,FR-BRE,Morlaix/Ploujean,medium,48.6031990051,-3.81577992439
MXO,Monticello Regional Airport,US,US-IA,Monticello,small,42.220402,-91.1633
MXP,Milan Malpensa International Airport,IT,IT-25,Ferno (VA),large,45.6306,8.72811
MXQ,Lorenzo Airport,BR,BR-BA,Cairu,small,-13.389444,-38.91
MXR,Myrhorod Air Base,UA,UA-53,Myrhorod,small,49.932,33.641
MXS,Maota Airport,WS,WS-PA,Maota,small,-13.742300033569336,-172.25799560546875
MXT,Maintirano Airport,MG,MG-M,Maintirano,small,-18.049999,44.033001
MXU,Mullewa Airport,AU,AU-WA,,small,-28.475,115.516998
MXV,Mörön Airport,MN,MN-041,Mörön,medium,49.663299560546875,100.0989990234375
MXW,Mandalgobi Airport,MN,MN-059,Mandalgobi,small,45.7380981445,106.268997192
MXX,Mora Airport,SE,SE-W,Mora,medium,60.957901,14.5114
MXY,Mc Carthy Airport,US,US-AK,Mccarthy,small,61.4370994568,-142.904006958
MXZ,Meizhou Meixian Changgangji International Airport,CN,CN-44,Meizhou (Meixian),small,24.263425,116.097857
MYA,Moruya Airport,AU,AU-NSW,Moruya,medium,-35.8978004456,150.143997192
MYB,Mayumba Airport,GA,GA-5,Mayumba,small,-3.458372,10.676539
MYC,Escuela Mariscal Sucre Airport,VE,VE-D,Maracay,medium,10.249978065490724,-67.64942169189453
MYD,Malindi Airport,KE,KE-300,Malindi,medium,-3.2293100357055664,40.10169982910156
MYE,Miyakejima Airport,JP,JP-13,Miyakejima,medium,34.073600769,139.559997559
MYF,Montgomery-Gibbs Executive Airport,US,US-CA,San Diego,small,32.8157,-117.139999
MYG,Mayaguana Airport,BS,BS-MG,Abrahams Bay,medium,22.379499,-73.013494
MYH,Marble Canyon Airport,US,US-AZ,Marble Canyon,small,36.8125,-111.647003
MYI,Murray Island Airport,AU,AU-QLD,Murray Island,small,-9.915105,144.054644
MYJ,Matsuyama Airport,JP,JP-38,Matsuyama,medium,33.82720184326172,132.6999969482422
MYK,May Creek Airport,US,US-AK,May Creek,small,61.335701,-142.686996
MYL,McCall Municipal Airport,US,US-ID,McCall,medium,44.888837,-116.101112
MYM,Monkey Mountain Airport,GY,GY-PT,Monkey Mountain,small,4.45315,-59.599596
MYN,Marib Airport,YE,YE-MA,Marib,small,15.469228,45.327272
MYO,Myroodan Station Airport,AU,AU-WA,,small,-18.123996,124.270261
MYP,Mary International Airport,TM,TM-M,Mary,medium,37.62353,61.895668
MYQ,Mysore Airport,IN,IN-KA,Mysore,small,12.23,76.655833
MYR,Myrtle Beach International Airport,US,US-SC,Myrtle Beach,medium,33.679699,-78.928299
MYS,Moyale Airport,ET,ET-OR,Moyale,small,3.5623,39.0433
MYT,Myitkyina Airport,MM,MM-11,Myitkyina,medium,25.3836,97.351898
MYU,Mekoryuk Airport,US,US-AK,Mekoryuk,medium,60.372338,-166.269751
MYV,Yuba County Airport,US,US-CA,Marysville,medium,39.09780121,-121.5699997
MYW,Mtwara Airport,TZ,TZ-17,Mtwara,medium,-10.336204,40.181997
MYX,Menyamya Airport,PG,PG-MPL,Menyamya,small,-7.21166666667,146.019361111
MYY,Miri Airport,MY,MY-13,Miri,medium,4.32201,113.987
MYZ,Monkey Bay Airport,MW,MW-MG,Monkey Bay,small,-14.0836000443,34.9197006226
MZA,Mayor PNP Nancy Flores Paucar Airport,PE,PE-JUN,Mazamari,small,-11.3254,-74.535598
MZB,Mocímboa da Praia Airport,MZ,MZ-P,Mocímboa da Praia,medium,-11.3618,40.3549
MZC,Mitzic Airport,GA,GA-9,Mitzic,small,0.783,11.55
MZD,Méndez Airport,EC,EC-S,Santiago de Méndez,small,-2.733330011367798,-78.31670379638672
MZE,Manatee Airport,BZ,BZ-CY,,small,17.27846,-89.0238
MZG,Penghu Magong Airport,TW,TW-PEN,Huxi,medium,23.568701,119.627998
MZH,Amasya Merzifon Airport,TR,TR-05,Amasya,small,40.829399,35.521999
MZI,Mopti Ambodédjo International Airport,ML,ML-5,Sévaré,medium,14.5128,-4.07956
MZJ,Pinal Airpark,US,US-AZ,Marana,small,32.5106010437,-111.32800293
MZK,Marakei Airport,KI,KI-G,Marakei,small,2.05861,173.270996
MZL,La Nubia Airport,CO,CO-CAL,Manizales,medium,5.0296,-75.4647
MZN,Minj Airport,PG,PG-JI,Minj,small,-5.902962,144.686586
MZO,Sierra Maestra International Airport,CU,CU-12,Manzanillo,medium,20.288605,-77.087545
MZP,Motueka Airport,NZ,NZ-TAS,,small,-41.123299,172.988998
MZQ,Mkuze Airport,ZA,ZA-NL,Mkuze,medium,-27.626100540161133,32.0443000793457
MZR,Mazar-i-Sharif International Airport,AF,AF-BAL,Mazar-i-Sharif,medium,36.706902,67.209702
MZT,General Rafael Buelna International Airport,MX,MX-SIN,Mazatlàn,large,23.161474,-106.264572
MZU,Muzaffarpur Airport,IN,IN-BR,Muzaffarpur,medium,26.119101,85.313698
MZV,Mulu Airport,MY,MY-13,Mulu,medium,4.048329830169678,114.80500030517578
MZW,Mecheria Airport,DZ,DZ-45,Mecheria,medium,33.535900116,-0.242353007197
MZY,Mossel Bay Airport,ZA,ZA-WC,Mossel Bay,small,-34.158746,22.055676
MZZ,Marion Municipal Airport,US,US-IN,Marion,small,40.4898986816,-85.6797027588
NAA,Narrabri Airport,AU,AU-NSW,Narrabri,medium,-30.3192005157,149.82699585
NAC,Naracoorte Airport,AU,AU-SA,,small,-36.985298,140.725006
NAD,Macanal Airport,CO,CO-GUA,Macanal,small,2.80898,-67.62189
NAE,Natitingou Airport,BJ,BJ-AK,Natitingou,small,10.376965,1.360507
NAF,Banaina Airport,ID,ID-KU,Banaina-Borneo Island,small,2.72305011749,117.125999451
NAG,Dr. Babasaheb Ambedkar International Airport,IN,IN-MM,Nagpur,medium,21.092199,79.047203
NAH,Naha Airport,ID,ID-SA,Tahuna-Sangihe Island,medium,3.68321,125.528
NAI,Annai Airport,GY,GY-UT,Annai,small,3.95944,-59.124199
NAJ,Nakhchivan Airport,AZ,AZ-NX,Nakhchivan,medium,39.18880081176758,45.45840072631836
NAK,Nakhon Ratchasima Airport,TH,TH-30,Chaloem Phra Kiat,medium,14.9495,102.313004
NAL,Nalchik Airport,RU,RU-KB,Nalchik,medium,43.512901306152344,43.636600494384766
NAM,Namlea Airport,ID,ID-MA,Namlea,small,-3.237118,127.100294
NAN,Nadi International Airport,FJ,FJ-W,Nadi,medium,-17.755399703979492,177.4429931640625
NAO,Nanchong Gaoping Airport,CN,CN-51,Nanchong (Gaoping),small,30.798104,106.16415
NAP,Naples International Airport,IT,IT-72,Napoli,large,40.886002,14.2908
NAQ,Qaanaaq Airport,GL,GL-AV,Qaanaaq,small,77.488602,-69.388702
NAR,Puerto Nare Airport,CO,CO-ANT,Armenia,small,6.21002,-74.5906
NAS,Lynden Pindling International Airport,BS,BS-NP,Nassau,large,25.039,-77.466202
NAT,São Gonçalo do Amarante - Governador Aluízio Alves International Airport,BR,BR-RN,Natal,medium,-5.769804,-35.366578
NAU,Napuka Island Airport,PF,PF-U-A,Napuka Island,small,-14.177397,-141.266112
NAV,Nevşehir Kapadokya Airport,TR,TR-50,Nevşehir,small,38.7719,34.5345
NAW,Narathiwat Airport,TH,TH-96,,medium,6.5199198722839355,101.74299621582033
NAY,Beijing Nanjiao Airport,CN,CN-11,Beijing,medium,39.48595,116.37236
NAZ,Nana Airport,SB,SB-MK,Star Harbor,small,-10.6758,162.2049
NBA,Nambaiyufa Airport,PG,PG-CPK,Nambaiyufa,small,-6.2412,145.2424
NBB,Barranco Minas Airport,CO,CO-GUA,Barranco Minas,small,3.490691,-69.808151
NBC,Begishevo Airport,RU,RU-TA,Nizhnekamsk,medium,55.564701080322266,52.092498779296875
NBE,Enfidha - Hammamet International Airport,TN,TN-51,Enfidha,medium,36.075833,10.438611
NBG,New Orleans NAS JRB/Alvin Callender Field,US,US-LA,New Orleans,medium,29.82530022,-90.03500366
NBH,Nambucca Heads Airport,AU,AU-NSW,Nambucca Heads,small,-30.673058,152.984233
NBJ,Dr. Antonio Agostinho Neto International Airport,AO,AO-LUA,Luanda (Ícolo e Bengo),medium,-9.050734,13.499078
NBL,San Blas Airport,PA,PS-GY,Warsobtugua,small,9.452863,-78.978917
NBN,Annobón Airport,GQ,GQ-AN,San Antonio de Palé,small,-1.408615,5.624163
NBO,Jomo Kenyatta International Airport,KE,KE-110,Nairobi,large,-1.31923997402,36.9277992249
NBS,Changbaishan Airport,CN,CN-22,Baishan,medium,42.066944,127.602222
NBW,Leeward Point Field,CU,CU-14,Guantanamo Bay Naval Station,medium,19.9065,-75.2071
NBX,Douw Aturure Airport,ID,ID-PT,Nabire,small,-3.398056,135.397217
NCA,North Caicos Airport,TC,TC-NC,North Caicos,medium,21.916094,-71.942954
NCE,Nice-Côte d'Azur Airport,FR,FR-PAC,Nice,large,43.658401,7.21587
NCG,Aeropuerto Municipal de Nuevo Casas Grandes,MX,MX-CHH,Nuevo Casas Grandes,small,30.3974,-107.875
NCH,Nachingwea Airport,TZ,TZ-12,Nachingwea,small,-10.3575,38.779202
NCI,Necocli Airport,CO,CO-ANT,Necocli,small,8.454429,-76.779326
NCJ,Sunchales Aeroclub Airport,AR,AR-S,Sunchales,small,-30.9575,-61.5283
NCL,Newcastle Airport,GB,GB-ENG,Newcastle,medium,55.037958,-1.689577
NCN,Chenega Bay Airport,US,US-AK,Chenega,small,60.077602,-147.99468
NCO,Quonset State Airport,US,US-RI,North Kingstown,medium,41.597099304199,-71.412101745605
NCR,San Carlos Airport,NI,NI-SJ,San Carlos,small,11.13556,-84.768727
NCS,Newcastle Airport,ZA,ZA-NL,Newcastle,medium,-27.7705993652,29.976900100699996
NCT,Guanacaste Airport,CR,CR-G,Nicoya/Guanacate,small,10.1394,-85.445801
NCU,Nukus Airport,UZ,UZ-QR,Nukus,medium,42.4884,59.623299
NCY,Annecy Haute-Savoie Mont Blanc Airport,FR,FR-ARA,Epagny Metz-Tessy,medium,45.928947,6.0987
NDA,Bandanaira Airport,ID,ID-MA,Bandanaira,small,-4.5214,129.9054
NDB,Nouadhibou International Airport,MR,MR-08,Nouadhibou,medium,20.9330997467041,-17.030000686645508
NDC,Nanded Airport,IN,IN-MM,Nanded,medium,19.1833,77.316704
NDD,Sumbe Airport,AO,AO-CUS,Sumbe,medium,-11.1679,13.8475
NDE,Mandera Airport,KE,KE-500,Mandera,small,3.934045,41.844437
NDF,N'dalatando Airport,AO,AO-CNO,N'dalatando,small,-9.280378,14.982432
NDG,Qiqihar Sanjiazi Airport,CN,CN-23,Qiqihar,medium,47.239601135253906,123.91799926757812
NDI,Namudi Airport,PG,PG-NPP,Namudi,small,-9.47375,148.329416667
NDJ,N'Djamena International Airport,TD,TD-ND,N'Djamena,large,12.1337,15.034
NDK,Namorik Airport,MH,MH-NMK,Namorik Atoll,small,5.633005,168.125631
NDL,N'Délé Airport,CF,CF-BB,N'Délé,small,8.427206039428711,20.635156631469727
NDM,Mendi Airport,ET,ET-OR,Mendi,small,9.767,35.099998
NDN,Nadunumu Airport,PG,PG-CPM,Nadunumu,small,-9.14355555556,147.68425
NDR,Nador Al Aaroui International Airport,MA,MA-NAD,Al Aaroui,medium,34.9888,-3.02821
NDS,Sandstone Airport,AU,AU-WA,Sandstone,small,-27.979999542236328,119.2969970703125
NDU,Rundu Airport,,NA-KE,Rundu,medium,-17.956499099731,19.719400405884
NDY,Sanday Airport,GB,GB-SCT,Sanday,small,59.250301,-2.57667
NEC,Necochea Airport,AR,AR-B,Necochea,medium,-38.490746,-58.816337
NEG,Negril Airport,JM,JM-09,Negril,small,18.341712,-78.334164
NEI,Terney Airport,RU,RU-PRI,Terney,small,45.0825,136.5912
NEJ,Nejjo Airport,ET,ET-OR,Nejo,small,9.55,35.466995
NEK,Nekemte Airport,ET,ET-OR,Nekemte,small,9.034333,36.613154
NEL,Lakehurst Maxfield Field Airport,US,US-NJ,Lakehurst,medium,40.03329849,-74.353302
NEN,Whitehouse Naval Outlying Field,US,US-FL,Jacksonville,small,30.353900909424,-81.87190246582
NER,Chulman Airport,RU,RU-SA,Neryungri,medium,56.913898468018,124.91400146484
NEU,Sam Neua Airport,LA,LA-HO,,medium,20.4184,104.067001
NEV,Vance W. Amory International Airport,KN,KN-U-A,Charlestown,medium,17.205699920654297,-62.589900970458984
NEW,Lakefront Airport,US,US-LA,New Orleans,medium,30.042400360107,-90.028297424316
NFG,Nefteyugansk Airport,RU,RU-KHM,Nefteyugansk,medium,61.108299,72.650002
NFL,Fallon Naval Air Station,US,US-NV,Fallon,medium,39.41659927,-118.7009964
NFO,Mata'aho Airport,TO,TO-03,"Angaha, Niuafo'ou Island",small,-15.5708,-175.632996
NFR,Nafurah 1 Airport,LY,LY-WA,Nafurah 1,small,29.2132,21.5924
NGA,Young Airport,AU,AU-NSW,,medium,-34.2556,148.248001
NGB,Ningbo Lishe International Airport,CN,CN-33,Ningbo,large,29.82670021057129,121.46199798583984
NGD,Captain Auguste George Airport,VG,VG-U-A,Anegada,small,18.727734,-64.32852
NGE,N'Gaoundéré Airport,CM,CM-AD,N'Gaoundéré,medium,7.357009887695312,13.559200286865234
NGF,Kaneohe Bay MCAS (Marion E. Carl Field) Airport,US,US-HI,Kaneohe,medium,21.4505,-157.768005
NGI,Ngau Airport,FJ,FJ-E,Ngau,small,-18.1156005859,179.339996338
NGK,Nogliki Airport,RU,RU-SAK,Nogliki,small,51.783955,143.141785
NGL,Ngala Airport,ZA,ZA-MP,Ngala,small,-24.389,31.326
NGO,Chubu Centrair International Airport,JP,JP-23,Tokoname,large,34.858398,136.804993
NGP,Naval Air Station Corpus Christi Truax Field,US,US-TX,Corpus Christi,medium,27.6926,-97.2911
NGQ,Ngari Gunsa Airport,CN,CN-54,Shiquanhe,medium,32.1,80.053056
NGS,Nagasaki Airport,JP,JP-42,Nagasaki,medium,32.916901,129.914001
NGU,Norfolk Naval Station (Chambers Field),US,US-VA,Norfolk,medium,36.937599,-76.289299
NGW,Cabaniss Field Naval Outlying Landing Field,US,US-TX,Corpus Christi,small,27.704426,-97.440578
NGX,Manang Airport,NP,NP-P4,Ngawal,small,28.641399,84.089203
NHD,Al Minhad Air Base,AE,AE-DU,Dubai,medium,25.0268001556,55.3661994934
NHF,New Halfa Airport,SD,SD-05,New Halfa,small,15.3556,35.727798
NHK,Patuxent River Naval Air Station (Trapnell Field),US,US-MD,Patuxent River,medium,38.285999,-76.411797
NHT,RAF Northolt,GB,GB-ENG,London,medium,51.553001,-0.418167
NHV,Nuku Hiva Airport,PF,PF-U-A,Nuku Hiva,medium,-8.7956,-140.229004
NHX,Naval Outlying Field Barin,US,US-AL,Foley,small,30.389099121100003,-87.63529968259999
NHZ,Brunswick Executive Airport,US,US-ME,Brunswick,medium,43.89220047,-69.93859863
NIA,Nimba Airport,LR,LR-NI,Nimba,small,7.494459,-8.584514
NIB,Nikolai Airport,US,US-AK,Nikolai,small,63.017949,-154.360399
NIF,Camp Nifty Airport,AU,AU-WA,,small,-21.6717,121.586998
NIG,Nikunau Airport,KI,KI-G,Nikunau,small,-1.31444001198,176.410003662
NIK,Niokolo-Koba Airport,SN,SN-TC,Niokolo-Koba National Park,small,13.052014,-12.727162
NIM,Diori Hamani International Airport,NE,NE-8,Niamey,large,13.4815,2.18361
NIN,Ninilchik Airport,US,US-AK,Ninilchik,small,60.020199,-151.589005
NIO,Nioki Airport,CD,CD-MN,Nioki,small,-2.717453,17.685735
NIP,Jacksonville Naval Air Station (Towers Field),US,US-FL,Jacksonville,medium,30.2358,-81.680603
NIQ,Niaqornat Heliport,GL,GL-AV,Niaqornat,heliport,70.789385,-53.662945
NIR,Chase Field Industrial Airport,US,US-TX,Beeville,small,28.362444,-97.661917
NIS,Simberi Airport,PG,PG-NIK,Simberi Island,small,-2.66222222222,151.997777778
NIT,Niort - Marais Poitevin Airport,FR,FR-NAQ,Niort/Souché,medium,46.313477,-0.394529
NIU,Naiu Airport,PF,PF-U-A,Naiu Atoll,small,-16.119296,-146.368768
NIX,Nioro du Sahel Airport,ML,ML-1,Nioro du Sahel,small,15.2381,-9.57611
NJA,JMSDF Atsugi Air Base / Naval Air Facility Atsugi,JP,JP-14,Ayase / Yamato,medium,35.454601,139.449997
NJC,Nizhnevartovsk Airport,RU,RU-KHM,Nizhnevartovsk,medium,60.949299,76.483597
NJF,Al Najaf International Airport,IQ,IQ-NA,Najaf,medium,31.989853,44.404317
NJJ,Nenjiang Melgen Airport,CN,CN-23,Heihe,small,49.236372,125.337052
NJK,El Centro NAF Airport (Vraciu Field),US,US-CA,El Centro,medium,32.829201,-115.671996
NKA,Nkan Airstrip,GA,GA-1,Ntoum,small,0.3843,9.75364
NKB,Noonkanbah Airport,AU,AU-WA,,small,-18.4946994781,124.851997375
NKC,Nouakchott–Oumtounsy International Airport,MR,MR-NKC,Nouakchott,large,18.31,-15.969722
NKD,Sinak Airport,ID,ID-PT,Sinak,small,-3.822249,137.839208
NKG,Nanjing Lukou International Airport,CN,CN-32,Nanjing,large,31.735032,118.865949
NKI,Naukati Bay Seaplane Base,US,US-AK,Tuxekan Island,seaplane_base,55.849602,-133.227994
NKL,N'Kolo-Fuma Airport,CD,CD-BC,N'Kolo-Fuma,small,-5.421,14.8169
NKM,Nagoya Airport / JASDF Komaki Air Base,JP,JP-23,Nagoya,medium,35.255759,136.924095
NKN,Nankina Airport,PG,PG-MPM,Gwarawon,small,-5.837,146.4533
NKO,Ankokoambo Airport,MG,MG-M,Ankokoambo,small,-16.594919,44.453654
NKP,Nukutepipi Airport,PF,PF-U-A,Nukutepipi,small,-20.700054,-143.045933
NKT,Şırnak Şerafettin Elçi Airport,TR,TR-73,Şırnak,medium,37.3647,42.0582
NKU,Nkaus Airport,LS,LS-F,Nkaus,small,-30.021699905396,28.196899414062
NKW,Diego Garcia Naval Support Facility,IO,IO-U-A,Diego Garcia,medium,-7.31327,72.411102
NKX,Miramar Marine Corps Air Station - Mitscher Field,US,US-CA,San Diego,medium,32.86840057,-117.1429977
NKY,Yokangassi Airport,CG,CG-11,Nkayi,small,-4.223077,13.286347
NLA,Simon Mwansa Kapwepwe International Airport,ZM,ZM-08,Ndola,medium,-12.961667,28.516667
NLC,Lemoore Naval Air Station (Reeves Field) Airport,US,US-CA,Lemoore,medium,36.33300018,-119.9520035
NLD,Quetzalcóatl International Airport,MX,MX-TAM,Nuevo Laredo,medium,27.443899,-99.570503
NLE,Jerry Tyler Memorial Airport,US,US-MI,Niles,small,41.835899353027,-86.225196838379
NLF,Darnley Island Airport,AU,AU-QLD,Darnley Island,small,-9.579176,143.780276
NLG,Nelson Lagoon Airport,US,US-AK,Nelson Lagoon,small,56.0075,-161.160004
NLH,Ninglang Luguhu Airport,CN,CN-53,Ninglang,medium,27.5403,100.7593
NLI,Nikolayevsk-na-Amure Airport,RU,RU-KHA,Nikolayevsk-na-Amure Airport,medium,53.154999,140.649994
NLK,Norfolk Island International Airport,NF,NF-U-A,Burnt Pine,medium,-29.041887,167.939616
NLL,Nullagine Airport,AU,AU-WA,,small,-21.913299560546875,120.197998046875
NLN,Kneeland Airport,US,US-CA,Kneeland,small,40.718639,-123.927298
NLO,Ndolo Airport,CD,CD-KN,N'dolo,medium,-4.32666015625,15.327500343323
NLP,Nelspruit Airport,ZA,ZA-MP,Nelspruit,small,-25.5,30.9137992859
NLS,Nicholson Airport,AU,AU-WA,,small,-18.049999237060547,128.89999389648438
NLT,Xinyuan Nalati Airport,CN,CN-65,Xinyuan,medium,43.4318,83.3786
NLU,Aeropuerto Internacional General Felipe Ángeles,MX,MX-MEX,Mexico City,large,19.7357,-99.0257
NLV,Mykolaiv International Airport,UA,UA-48,Nikolayev,medium,47.057899,31.9198
NMA,Namangan Airport,UZ,UZ-NG,Namangan,small,40.9846,71.556702
NMB,Daman Airport,IN,IN-DH,Daman,medium,20.434401,72.843201
NMC,Normans Cay Airport,BS,BS-EX,Normans Cay,medium,24.594299,-76.820198
NME,Nightmute Airport,US,US-AK,Nightmute,small,60.469129,-164.70407
NMF,Maafaru International Airport,MV,MV-25,Noonu Atoll,medium,5.818394,73.469181
NMG,San Miguel Airport,PA,PA-8,Isla del Rey,small,8.456507,-78.934214
NMI,Navi Mumbai International Airport (under construction),IN,IN-MM,Navi Mumbai,small,18.9918,73.063
NML,Fort McMurray / Mildred Lake Airport,CA,CA-AB,Fort McMurray,small,57.0555992126,-111.573997498
NMN,Nomane Airport,PG,PG-CPK,Namane,small,-6.32183,145.070667
NMP,New Moon Airport,AU,AU-QLD,Basalt,small,-19.2,145.773
NMR,Nappa Merrie Airport,AU,AU-QLD,,small,-27.549201,141.158416
NMS,Namsang Airport,MM,MM-17,Namsang,medium,20.89049911499023,97.73590087890624
NMT,Namtu Airport,MM,MM-17,Namtu,small,23.083,97.383003
NNA,Kenitra Air Base,MA,MA-KEN,Kenitra,medium,34.298901,-6.59588
NNB,Santa Ana Airport,SB,SB-MK,Santa Ana Island,small,-10.847994,162.454108
NND,Nangade Airport,MZ,MZ-P,Nangade,small,-11.073,39.68
NNG,Nanning Wuxu Airport,CN,CN-45,Nanning (Jiangnan),large,22.608299,108.171997
NNI,Namutoni Airport,,NA-OT,Namutoni,small,-18.8064,16.9272
NNK,Naknek Airport,US,US-AK,Naknek,small,58.735633,-157.02216
NNL,Nondalton Airport,US,US-AK,Nondalton,small,59.980202,-154.839005
NNM,Naryan Mar Airport,RU,RU-NEN,Naryan Mar,medium,67.639999,53.121899
NNR,Connemara Regional Airport,IE,IE-G,Inverin,small,53.23030090332031,-9.467780113220217
NNT,Nan Airport,TH,TH-55,,medium,18.807899475097656,100.78299713134766
NNU,Nanuque Airport,BR,BR-MG,Nanuque,small,-17.823158,-40.329662
NNX,Nunukan Airport,ID,ID-KU,Nunukan-Nunukan Island,small,4.134001,117.669546
NNY,Nanyang Jiangying Airport,CN,CN-41,Nanyang (Wancheng),small,32.982696,112.617467
NOA,Naval Air Station Nowra - HMAS Albatross,AU,AU-NSW,Nowra Hill,medium,-34.9466,150.542451
NOB,Nosara Airport,CR,CR-G,Nicoya,medium,9.97649002075,-85.65299987790002
NOC,Ireland West Knock Airport,IE,IE-MO,Charlestown,medium,53.910301,-8.81849
NOD,Norden-Norddeich Airport,DE,DE-NI,Norddeich,small,53.633057,7.190278
NOG,Nogales International Airport,MX,MX-SON,Nogales,small,31.225756,-110.976934
NOI,Krymsk Air Base,RU,RU-KDA,Krymsk,medium,44.959999,38.0
NOJ,Noyabrsk Airport,RU,RU-YAN,Noyabrsk,medium,63.18330001831055,75.2699966430664
NOK,Xavantina Airport,BR,BR-MT,Nova Xavantina,small,-14.697778,-52.347246
NOM,Nomad River Airport,PG,PG-WPD,Nomad River,small,-6.294,142.234166667
NON,Nonouti Airport,KI,KI-G,Nonouti,small,-0.639722,174.427994
NOO,Naoro Airport,PG,PG-CPM,Naoro Vilage,small,-9.254455,147.621352
NOP,Sinop Airport,TR,TR-57,Sinop,medium,42.018313,35.071774
NOR,Norðfjörður Airport,IS,IS-7,Norðfjörður,small,65.131897,-13.7464
NOS,Fascene Airport,MG,MG-D,Nosy Be,medium,-13.3121,48.3148
NOT,Marin County Airport - Gnoss Field,US,US-CA,Novato,small,38.143600463867,-122.55599975586
NOU,La Tontouta International Airport,NC,NC-U-A,Nouméa (La Tontouta),medium,-22.014601,166.212997
NOV,Nova Lisboa Airport,AO,AO-HUA,Huambo,medium,-12.808899879455566,15.760499954223633
NOZ,Spichenkovo Airport,RU,RU-KEM,Novokuznetsk,medium,53.811401,86.877197
NPA,Naval Air Station Pensacola Forrest Sherman Field,US,US-FL,Pensacola,medium,30.352699,-87.318604
NPE,Hawke's Bay Airport,NZ,NZ-HKB,Napier,medium,-39.465801,176.869995
NPG,Nipa Airport,PG,PG-SHM,Nipa,small,-6.1454,143.4531
NPH,J. Randy McKnight Nephi Municipal Airport,US,US-UT,Nephi,small,39.73681,-111.870063
NPL,New Plymouth Airport,NZ,NZ-TKI,New Plymouth,medium,-39.00859832763672,174.1790008544922
NPO,Nanga Pinoh Airport,ID,ID-KB,Nanga Pinoh-Borneo Island,medium,-0.34886899590492,111.74800109863
NPP,Napperby Airport,AU,AU-NT,Napperby,small,-22.5312,132.7632
NPR,Novo Progresso Airport,BR,BR-PA,Novo Progresso,small,-7.125833,-55.400833
NPT,Newport State Airport,US,US-RI,Newport,small,41.532398,-71.281502
NPU,San Pedro Airport,CO,CO-ANT,San Pedro de Urabá,small,8.289325,-76.375006
NPY,Mpanda Airport,TZ,TZ-20,Mpanda,small,-6.355374,31.084116
NQA,Millington-Memphis Airport,US,US-TN,Millington,medium,35.356701,-89.8703
NQI,Kingsville Naval Air Station,US,US-TX,Kingsville,medium,27.5072002411,-97.8097000122
NQL,Niquelândia Airport,BR,BR-GO,Niquelândia,small,-14.434869,-48.491615
NQN,Presidente Peron Airport,AR,AR-Q,Neuquen,medium,-38.949001,-68.155701
NQT,Nottingham Airport,GB,GB-ENG,Nottingham,medium,52.919998,-1.07917
NQU,Reyes Murillo Airport,CO,CO-CHO,Nuquí,small,5.710348,-77.261868
NQX,Naval Air Station Key West/Boca Chica Field,US,US-FL,Key West,medium,24.57579994,-81.68890381
NQY,Cornwall Airport Newquay,GB,GB-ENG,Newquay,medium,50.440601,-4.99541
NQZ,Nursultan Nazarbayev International Airport,KZ,KZ-AST,Astana,large,51.027035,71.467094
NRA,Narrandera Airport,AU,AU-NSW,Narrandera,medium,-34.7022018433,146.511993408
NRB,Naval Station Mayport / Admiral David L McDonald Field,US,US-FL,Jacksonville,medium,30.3911,-81.424698
NRD,Norderney Airport,DE,DE-NI,Norderney,small,53.706944,7.23
NRE,Namrole Airport,ID,ID-MA,Namrole,small,-3.85522,126.700902
NRG,Narrogin Airport,AU,AU-WA,Narrogin,small,-32.93,117.080002
NRI,Grand Lake Regional Airport,US,US-OK,Afton,small,36.577598571777,-94.86190032959
NRK,Norrköping Airport,SE,SE-E,Norrköping,medium,58.586299896240234,16.250600814819336
NRL,North Ronaldsay Airport,GB,GB-SCT,North Ronaldsay,small,59.3675003052,-2.43443989754
NRM,Nara Airport,ML,ML-2,Nara,small,15.22913,-7.261965
NRN,Weeze Airport,DE,DE-NW,Weeze,medium,51.6024017334,6.14216995239
NRR,José Aponte de la Torre Airport,PR,PR-U-A,Ceiba,medium,18.2453,-65.643402
NRS,Naval Outlying Field Imperial Beach (Ream Field),US,US-CA,Imperial Beach,small,32.5667,-117.116997
NRT,Narita International Airport,JP,JP-12,Narita,large,35.764702,140.386002
NRY,Newry Airport,AU,AU-NT,Newry,small,-16.0442,129.2638
NSB,Bimini North Seaplane Base,BS,BS-BI,Bimini,seaplane_base,25.767,-79.25
NSE,Whiting Field Naval Air Station - North,US,US-FL,Milton,medium,30.7241993,-87.02189636
NSH,Nowshahr Airport,IR,IR-02,Nowshahr,medium,36.664286,51.46273
NSI,Yaoundé Nsimalen International Airport,CM,CM-CE,Yaoundé,medium,3.722559928894043,11.553299903869627
NSK,Norilsk-Alykel Airport,RU,RU-KYA,Norilsk,medium,69.31109619140625,87.33219909667969
NSL,Slayton Municipal Airport,US,US-MN,Slayton,small,43.986801,-95.7826
NSM,Norseman Airport,AU,AU-WA,,small,-32.203,121.758127
NSN,Nelson Airport,NZ,NZ-NSN,Nelson,medium,-41.298302,173.220993
NSO,Scone Airport,AU,AU-NSW,,small,-32.038012,150.831966
NSQ,Nuussuaq Heliport,GL,GL-AV,Nuussuaq,heliport,74.109853,-57.065037
NSR,Serra da Capivara Airport,BR,BR-PI,São Raimundo Nonato,small,-9.083392,-42.644656
NST,Nakhon Si Thammarat Airport,TH,TH-80,Nakhon Si Thammarat,medium,8.539620399475098,99.9447021484375
NSV,Noosa Airport,AU,AU-QLD,,small,-26.423177,153.064935
NSY,Sigonella Navy Air Base,IT,IT-82,Sigonella (CT),medium,37.401699,14.9224
NTB,Notodden Airport,NO,NO-40,Notodden,medium,59.565071,9.213152
NTC,Paradise Island Airport,MZ,MZ-I,Santa Carolina,small,-21.614999771118,35.338001251221
NTD,Point Mugu Naval Air Station (Naval Base Ventura Co),US,US-CA,Point Mugu,medium,34.120300293,-119.121002197
NTE,Nantes Atlantique Airport,FR,FR-PDL,Nantes,medium,47.153198,-1.61073
NTG,Nantong Xingdong International Airport,CN,CN-32,Nantong,medium,32.070801,120.975998
NTI,Stenkol Airport,ID,ID-PB,Bintuni,small,-2.1033,133.5164
NTJ,Manti-Ephraim Airport,US,US-UT,Manti,small,39.32910156,-111.6149979
NTL,Newcastle Airport,AU,AU-NSW,Williamtown,medium,-32.79499816894531,151.83399963378906
NTN,Normanton Airport,AU,AU-QLD,Normanton,medium,-17.68409,141.069664
NTO,Agostinho Neto Airport,CV,CV-B,Ponta do Sol,small,17.202800750732422,-25.090599060058594
NTQ,Noto Satoyama Airport,JP,JP-17,Wajima,medium,37.293098,136.962006
NTR,Del Norte International Airport,MX,MX-NLE,Monterrey,medium,25.865601,-100.237
NTT,Kuini Lavenia Airport,TO,TO-03,Niuatoputapu,small,-15.977297,-173.791089
NTU,Oceana Naval Air Station,US,US-VA,Virginia Beach,medium,36.820702,-76.033501
NTX,Ranai-Natuna Airport,ID,ID-RI,Ranai-Natuna Besar Island,medium,3.90871,108.388
NTY,Pilanesberg International Airport,ZA,ZA-NW,Pilanesberg,small,-25.333799,27.173401
NUA,Nuwara Eliya (Lake Gregory) Waterdrome,LK,LK-2,Nuwara Eliya,seaplane_base,6.95605,80.77927
NUB,Numbulwar Airport,AU,AU-NT,,small,-14.2717,135.716995
NUD,En Nahud Airport,SD,SD-09,En Nahud,small,12.735513,28.410841
NUE,Nuremberg Airport,DE,DE-BY,Nuremberg,large,49.498699,11.078056
NUF,Castlereagh Lake Seaplane Base,LK,LK-2,Hatton,seaplane_base,6.86,80.584
NUG,Nuguria Airstrip,PG,PG-NSB,Nuguria Island,small,-3.4075,154.7383
NUH,Nunchia Airport,CO,CO-CAS,Nunchia,small,5.65,-72.2
NUI,Nuiqsut Airport,US,US-AK,Nuiqsut,medium,70.209999,-151.005998
NUJ,Nojeh Air Base,IR,IR-13,Amirabad,medium,35.211601,48.6534
NUK,Nukutavake Airport,PF,PF-U-A,Nukutavake,small,-19.284613,-138.768367
NUL,Nulato Airport,US,US-AK,Nulato,small,64.729301,-158.074005
NUM,Neom Bay Airport,SA,SA-07,Sharma,medium,27.927598,35.28874
NUP,Nunapitchuk Airport,US,US-AK,Nunapitchuk,small,60.905591,-162.440454
NUQ,Moffett Federal Airfield,US,US-CA,Mountain View,medium,37.4161,-122.049004
NUR,Nullabor Motel Airport,AU,AU-SA,,small,-31.441699981689453,130.90199279785156
NUS,Norsup Airport,VU,VU-MAP,Norsup,small,-16.0797,167.401001
NUU,Nakuru Airport,KE,KE-700,Nakuru,small,-0.298067,36.159302
NUW,Whidbey Island Naval Air Station (Ault Field),US,US-WA,Oak Harbor,medium,48.351799,-122.655998
NUX,Novy Urengoy Airport,RU,RU-YAN,Novy Urengoy,medium,66.06939697265625,76.52030181884766
NVA,Benito Salas Airport,CO,CO-HUI,Neiva,medium,2.95015,-75.294
NVD,Nevada Municipal Airport,US,US-MO,Nevada,small,37.8521,-94.304901
NVI,Navoi Airport,UZ,UZ-NW,Navoi,medium,40.117199,65.170799
NVM,Brigadeiro Eduardo Gomes Airport,BR,BR-MT,Nova Mutum,small,-13.821021,-56.038591
NVN,Nervino Airport,US,US-CA,Beckwourth,small,39.818501,-120.352997
NVP,Novo Aripuanã Airport,BR,BR-AM,Novo Aripuanã,small,-5.11803,-60.364899
NVS,Nevers-Fourchambault Airport,FR,FR-BFC,Nevers/Fourchambault,medium,47.002602,3.11333
NVT,Ministro Victor Konder International Airport,BR,BR-SC,Navegantes,medium,-26.879431,-48.650979
NVY,Neyveli Airport,IN,IN-TN,Neyveli,small,11.612956,79.527382
NWA,Mohéli Bandar Es Eslam Airport,KM,KM-M,Fomboni,medium,-12.2981,43.766399
NWH,Parlin Field,US,US-NH,Newport,small,43.3881,-72.189301
NWI,Norwich Airport,GB,GB-ENG,"Norwich, Norfolk",medium,52.6758,1.28278
NWT,Nowata Airport,PG,PG-MBA,Nowata,small,-9.984166666669998,149.729166667
NYA,Nyagan Airport,RU,RU-KHM,Nyagan,medium,62.110001,65.614998
NYE,Nyeri Airport,KE,KE-200,Nyeri,small,-0.364414,36.978485
NYG,Quantico Marine Corps Airfield / Turner Field,US,US-VA,Quantico,medium,38.501701,-77.305298
NYI,Sunyani Airport,GH,GH-BO,Sunyani,medium,7.36183,-2.32876
NYK,Nanyuki Airport,KE,KE-200,Nanyuki,medium,-0.062399,37.041008
NYM,Nadym Airport,RU,RU-YAN,Nadym,medium,65.48090362548828,72.69889831542969
NYN,Nyngan Airport,AU,AU-NSW,,small,-31.550645,147.202973
NYO,Stockholm Skavsta Airport,SE,SE-D,Nyköping,medium,58.788601,16.912201
NYR,Nyurba Airport,RU,RU-SA,Nyurba,small,63.296703,118.341953
NYS,New York Skyports Inc Seaplane Base,US,US-NY,New York,seaplane_base,40.735061,-73.972814
NYT,Nay Pyi Taw International Airport,MM,MM-04,Pyinmana,medium,19.623501,96.200996
NYU,Bagan Airport,MM,MM-04,Nyaung U,small,21.178800582885746,94.9301986694336
NYW,Monywar Airport,MM,MM-01,Monywar,small,22.221638,95.093479
NZA,Nzagi Airport,AO,AO-LNO,Nzagi,small,-7.716939926149999,21.358200073200003
NZC,Maria Reiche Neuman Airport,PE,PE-ICA,Nazca,medium,-14.854,-74.961502
NZE,Nzérékoré Airport,GN,GN-N,Nzérékoré,small,7.810413,-8.702073
NZG,Nizhneangarsk International Airport,RU,RU-BU,Nizhneangarsk,small,55.8008,109.595001
NZH,Manzhouli Xijiao Airport,CN,CN-15,Manzhouli,medium,49.566667,117.33
NZL,Zhalantun Genghis Khan Airport,CN,CN-15,Zhalantun,medium,47.865942,122.768662
NZY,North Island Naval Air Station-Halsey Field,US,US-CA,San Diego,medium,32.69919968,-117.2149963
OAA,Shank Air Base,AF,AF-LOW,Baraki Barak,small,33.922217,69.07794
OAG,Orange Airport,AU,AU-NSW,Orange,medium,-33.382014,149.131262
OAH,Shindand Air Base,AF,AF-FRA,Shindand,small,33.3913,62.261002
OAI,Bagram Airfield,AF,AF-PAR,Bagram,medium,34.946098,69.264999
OAJ,Albert J Ellis Airport,US,US-NC,Richlands,medium,34.829201,-77.612099
OAK,Metropolitan Oakland International Airport,US,US-CA,Oakland,large,37.720085,-122.221184
OAL,Cacoal Airport,BR,BR-RO,Cacoal,small,-11.496,-61.4508
OAM,Oamaru Airport,NZ,NZ-OTA,,medium,-44.970001220703125,171.08200073242188
OAN,El Arrayán Airport,HN,HN-YO,Olanchito,small,15.505556,-86.574722
OAR,Marina Municipal Airport,US,US-CA,Marina,small,36.68190002,-121.762001
OAS,Sharana Airstrip,AF,AF-PKA,Sharana,small,33.12575,68.838517
OAX,Aeropuerto Internacional Xoxocotlán,MX,MX-OAX,Oaxaca,medium,17.000814,-96.72197
OAZ,Camp Shorabak Airfield,AF,AF-HEL,Lashkar Gah,small,31.848735,64.223175
OBC,Obock Airport,DJ,DJ-OB,Obock,small,11.967000007629396,43.266998291015625
OBD,Obano Airport,ID,ID-PT,Obano,small,-3.9106,136.2306
OBE,Okeechobee County Airport,US,US-FL,Okeechobee,small,27.262800216699997,-80.8498001099
OBF,Oberpfaffenhofen Airport,DE,DE-BY,Weßling,medium,48.081402,11.2831
OBI,Óbidos Municipal Airport,BR,BR-PA,Óbidos,small,-1.867981,-55.514596
OBL,Oostmalle Airfield,BE,BE-VAN,Zoersel,small,51.269092,4.762428
OBM,Morobe Airport,PG,PG-MPL,Morobe,small,-7.74,147.59
OBN,Oban Airport,GB,GB-SCT,North Connel,small,56.463501,-5.39967
OBO,Tokachi-Obihiro Airport,JP,JP-01,Obihiro,medium,42.7332992554,143.216995239
OBS,Aubenas-Ardèche Méridional Airport,FR,FR-ARA,Aubenas/Ardèche Méridional,medium,44.544203,4.372192
OBU,Kobuk Airport,US,US-AK,Kobuk,small,66.9123,-156.897003
OBX,Obo Airport,PG,PG-WPD,Obo,small,-7.590622421369999,141.324262619
OBY,Ittoqqortoormiit Heliport,GL,GL-SE,Ittoqqortoormiit,heliport,70.488229,-21.97168
OCA,Ocean Reef Club Airport,US,US-FL,Key Largo,small,25.325399398804,-80.274803161621
OCC,Francisco De Orellana Airport,EC,EC-D,Coca,medium,-0.462886,-76.986801
OCE,Ocean City Municipal Airport,US,US-MD,Ocean City,small,38.310398101807,-75.124000549316
OCF,Ocala International Airport - Jim Taylor Field,US,US-FL,Ocala,small,29.17259979,-82.22419739
OCH,A L Mangham Jr. Regional Airport,US,US-TX,Nacogdoches,small,31.57799911,-94.70950317
OCJ,Ian Fleming International Airport,JM,JM-05,Boscobel,medium,18.404079,-76.969754
OCM,Boolgeeda,AU,AU-WA,,small,-22.54,117.275
OCN,Oceanside Municipal Airport,US,US-CA,Oceanside,small,33.217947,-117.351683
OCS,Corisco International Airport,GQ,GQ-LI,Corisco Island,small,0.9125,9.3304
OCV,Aguas Claras Airport,CO,CO-NSA,Ocaña,medium,8.31506,-73.3583
OCW,Warren Field,US,US-NC,Washington,small,35.570499420166,-77.049797058105
ODA,Ouadda Airport,CF,CF-HK,Ouadda,small,8.010560035705566,22.39859962463379
ODB,Córdoba Airport,ES,ES-AN,Córdoba,medium,37.841999,-4.84888
ODC,Oakdale Airport,US,US-CA,Oakdale,small,37.75630188,-120.8000031
ODD,Oodnadatta Airport,AU,AU-SA,,small,-27.562473,135.442946
ODE,Odense Airport,DK,DK-83,Odense,medium,55.47669982910156,10.330900192260742
ODH,RAF Odiham,GB,GB-ENG,Odiham,medium,51.2341003418,-0.94282501936
ODJ,Ouanda Djallé Airport,CF,CF-VR,Ouanda Djallé,small,8.899999618530273,22.78300094604492
ODL,Cordillo Downs Airport,AU,AU-SA,Cordillo Downs,small,-26.74530029296875,140.63800048828125
ODM,Garrett County Airport,US,US-MD,Accident,small,39.580819,-79.33573
ODN,Long Seridan Airport,MY,MY-13,Long Seridan,small,3.976087,115.067303
ODO,Bodaybo Airport,RU,RU-IRK,Bodaybo,small,57.866100311299995,114.242996216
ODR,Ord River Airport,AU,AU-WA,Ord River,small,-17.34079933166504,128.91200256347656
ODS,Odessa International Airport,UA,UA-51,Odessa,medium,46.4268,30.6765
ODT,Odessa Schlemeyer Field,US,US-TX,Odessa,small,31.920601,-102.387001
ODW,AJ Eisenberg Airport,US,US-WA,Oak Harbor,small,48.251499176,-122.674003601
ODY,Oudomsay Airport,LA,LA-OU,Oudomsay,small,20.68269920349121,101.99400329589844
OEA,O'Neal Airport,US,US-IL,Lawrenceville,small,38.68521,-87.543138
OEC,Rota Do Sândalo Oecusse Airport,TL,TL-OE,Oecussi-Ambeno,medium,-9.19806,124.343002
OEM,Vincent Fayks Airport,SR,SR-SI,Paloemeu,small,3.346051,-55.443707
OEO,L O Simenstad Municipal Airport,US,US-WI,Osceola,small,45.310001373291,-92.691902160645
OER,Örnsköldsvik Airport,SE,SE-Y,Örnsköldsvik,medium,63.40829849243164,18.989999771118164
OES,Antoine de Saint Exupéry Airport,AR,AR-R,San Antonio Oeste,small,-40.7512,-65.0343
OFF,Offutt Air Force Base,US,US-NE,Omaha,medium,41.119307,-95.90851
OFI,Ouango Fitini Airport,CI,CI-ZZ,Ouango Fitini,small,9.6,-4.05
OFJ,Ólafsfjörður Airport,IS,IS-6,Ólafsfjörður,small,66.083298,-18.6667
OFK,Karl Stefan Memorial Airport,US,US-NE,Norfolk,medium,41.985500335693,-97.435096740723
OFU,Ofu Airport,AS,AS-MA,Ofu,small,-14.1844,-169.669998
OGA,Searle Field,US,US-NE,Ogallala,small,41.11949921,-101.7699966
OGB,Orangeburg Municipal Airport,US,US-SC,Orangeburg,medium,33.456798553467,-80.859497070312
OGD,Ogden Hinckley Airport,US,US-UT,Ogden,medium,41.195899963379,-112.0120010376
OGE,Ogeranang Airport,PG,PG-MPL,,small,-6.46675,147.364166667
OGG,Kahului International Airport,US,US-HI,Kahului,large,20.896263,-156.431837
OGL,Eugene F. Correira International Airport,GY,GY-DE,Ogle,medium,6.80628,-58.1059
OGM,Ogobsucum Airport,PA,PS-GY,Ustupu,small,9.1383,-77.93385
OGN,Yonaguni Airport,JP,JP-47,Yonaguni,medium,24.467298,122.979827
OGO,Abengourou Airport,CI,CI-CM,Abengourou,small,6.71556,-3.47028
OGR,Bongor Airport,TD,TD-ME,Bongor,small,10.288345,15.379561
OGS,Ogdensburg International Airport,US,US-NY,Ogdensburg,medium,44.6819,-75.4655
OGU,Ordu–Giresun Airport,TR,TR-52,Ordu,medium,40.966872,38.085995
OGV,Ongava Lodge Airstrip,,NA-KU,Ombika,small,-19.328533,15.915003
OGX,Ain Beida Airport,DZ,DZ-30,Ouargla,medium,31.9172,5.41278
OGZ,Vladikavkaz Beslan International Airport,RU,RU-SE,Beslan,medium,43.205101,44.606602
OHA,RNZAF Base Ohakea,NZ,NZ-MWT,,medium,-40.20600128173828,175.38800048828125
OHB,Ambohibary Airport,MG,MG-A,Moramanga,small,-18.9175,48.2181944444
OHD,Ohrid St. Paul the Apostle Airport,MK,MK-003,Ohrid,medium,41.18,20.7423
OHE,Mohe Gulian Airport,CN,CN-23,Mohe,medium,52.916871,122.422759
OHH,Okha Airport,RU,RU-SAK,Okha,small,53.517656,142.879772
OHI,Oshakati Airport,,NA-ON,Oshakati,small,-17.797,15.6993
OHO,Okhotsk Airport,RU,RU-KHA,Okhotsk,medium,59.410065,143.056503
OHR,Wyk auf Föhr Airport,DE,DE-SH,Wyk auf Föhr,small,54.684444,8.528333
OHS,Sohar Airport,OM,OM-BA,Sohar,small,24.38604,56.62541
OHT,Kohat Airport,PK,PK-KP,Kohat,small,33.5699996948,71.4400024414
OIA,Ourilândia do Norte Airport,BR,BR-PA,Ourilândia do Norte,small,-6.762992,-51.04993
OIC,Lt Warren Eaton Airport,US,US-NY,Norwich,small,42.566600799561,-75.524101257324
OIM,Oshima Airport,JP,JP-13,Izu Oshima,medium,34.782001495399996,139.36000061
OIR,Okushiri Airport,JP,JP-01,Okushiri Island,medium,42.0717010498,139.432998657
OIT,Oita Airport,JP,JP-44,Oita,medium,33.479400634799994,131.736999512
OJC,Johnson County Executive Airport,US,US-KS,Olathe,small,38.84759903,-94.73760223
OJU,Tanjung Api Airport,ID,ID-ST,Tojo Una-Una,small,-0.865437,121.628625
OKA,Naha Airport / JASDF Naha Air Base,JP,JP-47,Naha,large,26.195801,127.646004
OKB,Orchid Beach Airport,AU,AU-QLD,Orchid Beach,small,-24.959400177002,153.31500244141
OKC,Will Rogers World Airport,US,US-OK,Oklahoma City,large,35.393388,-97.598248
OKD,Sapporo Okadama Airport,JP,JP-01,Sapporo,medium,43.117447,141.38134
OKE,Okinoerabu Airport,JP,JP-46,Wadomari,medium,27.425501,128.701004
OKF,Okaukuejo Airport,,NA-KU,Okaukuejo,small,-19.1492,15.9119
OKG,Okoyo Airport,CG,CG-8,Okoyo,small,-1.4483300447464,15.073300361633
OKI,Oki Global Geopark Airport,JP,JP-32,Okinoshima,medium,36.178388,133.323566
OKJ,Okayama Momotaro Airport,JP,JP-33,Okayama,medium,34.756901,133.854996
OKK,Kokomo Municipal Airport,US,US-IN,Kokomo,small,40.528198242188,-86.05899810791
OKL,Oksibil Airport,ID,ID-PP,Oksibil,medium,-4.9071,140.6277
OKM,Okmulgee Regional Airport,US,US-OK,Okmulgee,small,35.668098449707,-95.948699951172
OKN,Okondja Airport,GA,GA-2,Okondja,medium,-0.665214,13.6731
OKO,Yokota Air Base,JP,JP-13,Fussa,large,35.748501,139.348007
OKP,Oksapmin Airport,PG,PG-SAN,Oksapmin,small,-5.2261,142.2259
OKQ,Okaba Airport,ID,ID-PS,Okaba,small,-8.0946,139.7233
OKR,Yorke Island Airport,AU,AU-QLD,Yorke Island,small,-9.752801,143.405673
OKS,Garden County Airport/King Rhiley Field,US,US-NE,Oshkosh,small,41.401001,-102.355003
OKT,Oktyabrskiy Airport,RU,RU-TA,Kzyl-Yar,small,54.439999,53.388302
OKU,Mokuti Lodge Airport,,NA-OT,Mokuti Lodge,small,-18.812799,17.059401
OKV,Okao Airport,PG,PG-WPD,Okao,small,-5.55666666667,141.032777778
OKY,Oakey Army Aviation Centre,AU,AU-QLD,,medium,-27.409262,151.736727
OLA,Ørland Airport,NO,NO-50,Ørland,medium,63.69889831542969,9.604000091552734
OLB,Olbia Costa Smeralda Airport,IT,IT-88,Olbia (SS),medium,40.898701,9.51763
OLC,Senadora Eunice Micheles Airport,BR,BR-AM,São Paulo De Olivença,small,-3.46907,-68.921056
OLD,Dewitt Field - Old Town Municipal Airport,US,US-ME,Old Town,small,44.952801,-68.674301
OLE,Cattaraugus County-Olean Airport,US,US-NY,Olean,small,42.241199,-78.371399
OLF,L M Clayton Airport,US,US-MT,Wolf Point,medium,48.094501,-105.574997
OLG,Olare Orok Airfield,KE,KE-700,,small,-1.324213,35.246106
OLH,Old Harbor Airport,US,US-AK,Old Harbor,small,57.218102,-153.270004
OLI,Rif Airport,IS,IS-3,Rif,small,64.9114,-23.823099
OLJ,North West Santo Airport,VU,VU-SAM,Olpoi,small,-14.881699562099998,166.557998657
OLK,Fuerte Olimpo Airport,PY,PY-16,Fuerte Olimpo,small,-21.045724,-57.882935
OLL,Oyo Ollombo Airport,CG,CG-14,Oyo,medium,-1.226666,15.91
OLM,Olympia Regional Airport,US,US-WA,Olympia,medium,46.969399,-122.903
OLN,Lago Musters Airport,AR,AR-U,Sarmiento,small,-45.5752,-69.077
OLO,Olomouc Airport,CZ,CZ-OL,Olomouc,small,49.587712,17.209275
OLP,Olympic Dam Airport,AU,AU-SA,Olympic Dam,small,-30.483861,136.876699
OLQ,Olsobip Airport,PG,PG-WPD,Olsobip,small,-5.3897222222200005,141.515277778
OLR,Salerno Airport,AF,AF-KHO,Khost,small,33.3638,69.9561
OLS,Nogales International Airport,US,US-AZ,Nogales,medium,31.4177,-110.848
OLU,Columbus Municipal Airport,US,US-NE,Columbus,medium,41.448002,-97.342598
OLV,Olive Branch Airport,US,US-MS,Olive Branch,small,34.9786987305,-89.78690338130001
OLX,Olkiombo Airport,KE,KE-700,Olkiombo,small,-1.408586,35.110689
OLY,Olney Noble Airport,US,US-IL,Olney-Noble,small,38.721802,-88.176399
OLZ,Olyokminsk Airport,RU,RU-SA,Olyokminsk,medium,60.401833,120.476094
OMA,Eppley Airfield,US,US-NE,Omaha,large,41.3032,-95.894096
OMB,Omboue Hospital Airport,GA,GA-8,Omboue,medium,-1.57473,9.26269
OMC,Ormoc Airport,PH,PH-LEY,Ormoc City,medium,11.057715,124.565622
OMD,Oranjemund Airport,,NA-KA,Oranjemund,medium,-28.5847,16.446699
OME,Nome Airport,US,US-AK,Nome,medium,64.51219940185547,-165.44500732421875
OMF,King Hussein Air College,JO,JO-MA,Mafraq,small,32.3564,36.259201
OMG,Omega Airport,,NA-KE,Omega,small,-18.0303,22.189699
OMH,Urmia Airport,IR,IR-04,Urmia,medium,37.6680984497,45.0686988831
OMI,Omidiyeh Airport,IR,IR-06,Omidiyeh,small,30.835199,49.534901
OMJ,JMSDF Omura Air Base,JP,JP-42,Nagasaki,small,32.928046,129.934168
OMK,Omak Airport,US,US-WA,Omak,small,48.4644012451,-119.517997742
OMM,Marmul Airport,OM,OM-ZU,Marmul,small,18.138999,55.179005
OMN,Osmanabad Airport,IN,IN-MM,Osmanabad,small,18.281,76.0574
OMO,Mostar International Airport,BA,BA-BIH,Mostar,medium,43.282901763916016,17.84589958190918
OMR,Oradea International Airport,RO,RO-BH,Oradea,medium,47.025299072265625,21.90250015258789
OMS,Omsk Central Airport,RU,RU-OMS,Omsk,medium,54.96699905395508,73.31050109863281
OMY,Preah Vinhear Airport,KH,KH-13,Tbeng Meanchey,small,13.7597,104.97173
ONA,Winona Municipal-Max Conrad Field,US,US-MN,Winona,small,44.077202,-91.708298
ONB,Ononge Airport,PG,PG-CPM,Onange Mission,small,-8.67436111111,147.262416667
OND,Ondangwa Airport,,NA-ON,Ondangwa,medium,-17.878201,15.9526
ONG,Mornington Island Airport,AU,AU-QLD,,small,-16.662500381469727,139.17799377441406
ONH,Albert S Nader Regional Airport,US,US-NY,Oneonta,small,42.5247,-75.0644
ONI,Moanamani Airport,ID,ID-PT,Moanamani,small,-4.00659,136.037704
ONJ,Odate Noshiro Airport,JP,JP-05,Kitaakita,medium,40.191898,140.371002
ONK,Olenyok Airport,RU,RU-SA,Olenyok,small,68.514999,112.480003
ONL,The O'Neill Municipal John L Baker Field,US,US-NE,O'Neill,small,42.469898,-98.688103
ONM,Socorro Municipal Airport,US,US-NM,Socorro,small,34.022499,-106.903
ONO,Ontario Municipal Airport,US,US-OR,Oregon,medium,44.0198,-117.013289
ONP,Newport Municipal Airport,US,US-OR,Newport,medium,44.580399,-124.057999
ONQ,Zonguldak Çaycuma Airport,TR,TR-67,Zonguldak,medium,41.506401,32.0886
ONR,Monkira Airport,AU,AU-QLD,,small,-24.816699981689453,140.5330047607422
ONS,Onslow Airport,AU,AU-WA,,small,-21.670161,115.114902
ONT,Ontario International Airport,US,US-CA,Ontario,large,34.056,-117.600998
ONU,Ono-i-Lau Airport,FJ,FJ-E,Ono-i-Lau,small,-20.6589,-178.7411
ONX,Enrique Adolfo Jimenez Airport,PA,PA-3,Colón,medium,9.35664,-79.867401
ONY,Olney Municipal Airport,US,US-TX,Olney,small,33.350899,-98.819199
OOA,Oskaloosa Municipal Airport,US,US-IA,Cedar,small,41.2262,-92.493896
OOD,Koodaideri Mine Airport,AU,AU-WA,Koodaideri Mine,small,-22.504291,119.07683
OOK,Toksook Bay Airport,US,US-AK,Toksook Bay,small,60.541401,-165.087006
OOL,Gold Coast Airport,AU,AU-QLD,Gold Coast,medium,-28.165962,153.506641
OOM,Cooma Snowy Mountains Airport,AU,AU-NSW,Cooma,medium,-36.300445,148.972408
OOR,Mooraberree Airport,AU,AU-QLD,,small,-25.25,140.98300170898438
OOT,Onotoa Airport,KI,KI-G,Onotoa,small,-1.79611,175.526001
OPA,Kópasker Airport,IS,IS-6,Kópasker,small,66.310799,-16.4667
OPB,Open Bay Airport,PG,PG-EBR,Maitanakunai,small,-4.794727,151.696195
OPF,Miami-Opa Locka Executive Airport,US,US-FL,Miami,medium,25.907,-80.278397
OPI,Oenpelli Airport,AU,AU-NT,,small,-12.325,133.005997
OPL,St Landry Parish Ahart Field,US,US-LA,Opelousas,small,30.558399,-92.099403
OPO,Francisco de Sá Carneiro Airport,PT,PT-13,Porto,large,41.2481002808,-8.68138980865
OPP,Salinópolis Airport,BR,BR-PA,Salinópolis,small,-0.696111,-47.336111
OPS,Presidente João Batista Figueiredo Airport,BR,BR-MT,Sinop,small,-11.885001,-55.586109
OPU,Balimo Airport,PG,PG-WPD,Balimo,medium,-8.05000019073,142.932998657
OPW,Opuwa Airport,,NA-KU,Opuwa,small,-18.061424,13.85047
OQN,Kokand Airport,UZ,UZ-FA,Kokand,small,40.447183,70.989144
ORA,Orán Airport,AR,AR-A,Orán,medium,-23.1528,-64.329201
ORB,Örebro Airport,SE,SE-T,Örebro,medium,59.22370147705078,15.038000106811523
ORC,Orocue Airport,CO,CO-CAS,Orocue,small,4.79222,-71.3564
ORD,Chicago O'Hare International Airport,US,US-IL,Chicago,large,41.9786,-87.9048
ORE,Orléans – Saint-Denis-de-l'Hôtel Airport,FR,FR-CVL,Orléans,small,47.8969,2.16333
ORF,Norfolk International Airport,US,US-VA,Norfolk,large,36.895341,-76.201
ORG,Zorg en Hoop Airport,SR,SR-PM,Paramaribo,small,5.811131,-55.1913
ORH,Worcester Regional Airport,US,US-MA,Worcester,medium,42.2673,-71.875702
ORI,Port Lions Airport,US,US-AK,Port Lions,small,57.884905,-152.847719
ORJ,Orinduik Airport,GY,GY-PT,Orinduik,small,4.72527,-60.035
ORK,Cork Airport,IE,IE-C,Cork,medium,51.841301,-8.49111
ORL,Orlando Executive Airport,US,US-FL,Orlando,small,28.5455,-81.332901
ORM,Sywell Aerodrome,GB,GB-ENG,Northampton,small,52.3053016663,-0.7930560112
ORN,Oran Es-Sénia (Ahmed Ben Bella) International Airport,DZ,DZ-31,Es-Sénia,medium,35.623901,-0.621183
ORO,Yoro Airport,HN,HN-YO,Yoro,small,15.1275,-87.135
ORP,Orapa Airport,BW,BW-CE,Orapa,small,-21.265901,25.319667
ORR,Yorketown Airport,AU,AU-SA,,small,-35.003564,137.619295
ORT,Northway Airport,US,US-AK,Northway,medium,62.9613,-141.929001
ORU,Juan Mendoza Airport,BO,BO-O,Oruro,medium,-17.962601,-67.076202
ORV,Robert (Bob) Curtis Memorial Airport,US,US-AK,Noorvik,small,66.817902,-161.018997
ORW,Ormara Airport,PK,PK-BA,Ormara Raik,small,25.276625,64.588343
ORX,Oriximiná Airport,BR,BR-PA,Oriximiná,small,-1.71408,-55.836201
ORY,Paris-Orly Airport,FR,FR-IDF,Paris,large,48.72333,2.37944
ORZ,H.E Alfredo Martinez (Tower Hill) Airstrip,BZ,BZ-OW,Orange Walk,small,18.046766,-88.58387
OSB,Grand Glaize Osage Beach Airport,US,US-MO,Osage Beach,small,38.1105,-92.680496
OSC,Oscoda Wurtsmith Airport,US,US-MI,Oscoda,small,44.451599,-83.394096
OSD,Åre Östersund Airport,SE,SE-Z,Östersund,medium,63.194135,14.500322
OSE,Omora Airport,PG,PG-MPL,Omora,small,-7.82777777778,147.080638889
OSF,Ostafyevo International Airport,RU,RU-MOS,Moscow,medium,55.511667,37.507222
OSG,Ossima Airport,PG,PG-SAN,Ossima,small,-2.91555555556,141.297305556
OSH,Wittman Regional Airport,US,US-WI,Oshkosh,medium,43.98440170288086,-88.55699920654297
OSI,Osijek Airport,HR,HR-14,Osijek,medium,45.4627,18.8102
OSJ,Ol Seki Airstrip,KE,KE-700,,small,-1.378382,35.378453
OSK,Oskarshamn Airport,SE,SE-H,,small,57.350498,16.497999
OSL,"Oslo Airport, Gardermoen",NO,NO-30,Oslo,large,60.193901,11.1004
OSM,Mosul International Airport,IQ,IQ-NI,Mosul,medium,36.305801,43.1474
OSN,Osan Air Base,KR,KR-41,,medium,37.090599,127.029999
OSO,Osborne Mine Airport,AU,AU-QLD,,small,-22.0816993713,140.554992676
OSR,Ostrava Leos Janáček Airport,CZ,CZ-MO,Mošnov,medium,49.696301,18.111099
OSS,Osh Airport,KG,KG-O,Osh,medium,40.6090011597,72.793296814
OST,Oostende-Brugge International Airport,BE,BE-VWV,Oostende,medium,51.1998,2.874673
OSU,The Ohio State University Airport - Don Scott Field,US,US-OH,Columbus,medium,40.0798,-83.072998
OSW,Orsk Airport,RU,RU-ORE,Orsk,medium,51.072498,58.5956
OSX,Kosciusko Attala County Airport,US,US-MS,Kosciusko,small,33.090302,-89.542
OSY,Namsos Airport,NO,NO-50,Namsos,small,64.472198,11.5786
OTC,Bol-Berim Airport,TD,TD-LC,Bol,small,13.443574,14.739254
OTD,Raul Arias Espinoza Airport,PA,PA-8,Contadora Island,small,8.62876,-79.034698
OTG,Worthington Municipal Airport,US,US-MN,Worthington,small,43.65477,-95.577364
OTH,Southwest Oregon Regional Airport,US,US-OR,North Bend,medium,43.41709899902344,-124.24600219726562
OTI,Pitu Airport,ID,ID-MU,Gotalalamo-Morotai Island,medium,2.04599,128.324997
OTJ,Otjiwarongo Airport,,NA-OD,Otjiwarongo,small,-20.4347,16.660801
OTK,Tillamook Airport,US,US-OR,Tillamook,small,45.4182014465,-123.814002991
OTL,Boutilimit Airport,MR,MR-06,Boutilimit,small,17.52832,-14.71412
OTM,Ottumwa Regional Airport,US,US-IA,Ottumwa,medium,41.106368,-92.449837
OTN,Ed-Air Airport,US,US-IN,Oaktown,small,38.851782,-87.49987
OTP,Bucharest Henri Coandă International Airport,RO,RO-IF,Otopeni,large,44.572127,26.103396
OTQ,Otog Front Banner Oljoq Airport,CN,CN-15,Otog Front Banner,small,38.1712,107.3905
OTR,Coto 47 Airport,CR,CR-P,Corredores,medium,8.60156,-82.968754
OTS,Anacortes Airport,US,US-WA,Anacortes,small,48.498513,-122.662513
OTT,Andre Maggi Airport,BR,BR-MT,Cotriguaçu,small,-9.898611,-58.581944
OTZ,Ralph Wien Memorial Airport,US,US-AK,Kotzebue,medium,66.88469696,-162.598999
OUA,Ouagadougou Airport,BF,BF-KAD,Ouagadougou,medium,12.3532,-1.51242
OUD,Oujda Angads Airport,MA,MA-OUJ,Ahl Angad,medium,34.789558,-1.926041
OUE,Ouesso Airport,CG,CG-13,,medium,1.61599,16.037901
OUG,Ouahigouya Airport,BF,BF-YAT,Ouahigouya,small,13.655287,-2.322067
OUH,Oudtshoorn Airport,ZA,ZA-WC,Oudtshoorn,medium,-33.6069984436,22.188999176
OUI,Ouessant Airport,FR,FR-BRE,Ushant,small,48.4632,-5.06358
OUK,Out Skerries Airfield,GB,GB-SCT,Grunay Island,small,60.4252,-0.75
OUL,Oulu Airport,FI,FI-14,Oulu / Oulunsalo,medium,64.930099,25.354601
OUM,Oum Hadjer Airport,TD,TD-BA,Oum Hadjer,small,13.278244,19.710256
OUN,University of Oklahoma Westheimer Airport,US,US-OK,Norman,small,35.2456,-97.472099
OUR,Batouri Airport,CM,CM-ES,Batouri,small,4.475,14.3625
OUS,Jornalista Benedito Pimentel Airport,BR,BR-SP,Ourinhos,small,-22.966598,-49.912049
OUT,Bousso Airport,TD,TD-CB,Bousso,small,10.483,16.716999
OUZ,Tazadit Airport,MR,MR-11,Zouérate,small,22.757345,-12.482228
OVA,Bekily Airport,MG,MG-U,Bekily,small,-24.235694754699995,45.3045272827
OVB,Novosibirsk Tolmachevo Airport,RU,RU-NVS,Novosibirsk,large,55.019756,82.618675
OVD,Asturias Airport,ES,ES-AS,Ranón,medium,43.563599,-6.03462
OVE,Oroville Municipal Airport,US,US-CA,Oroville,small,39.487800598145,-121.62200164795
OVG,Overberg Airport,ZA,ZA-WC,Overberg,small,-34.563474,20.252438
OVL,El Tuqui Airport,CL,CL-CO,Ovalle,small,-30.5592,-71.175598
OVR,Olavarria Airport,AR,AR-B,Olavarria,small,-36.889999,-60.216599
OVS,Sovetskiy Airport,RU,RU-KHM,Sovetskiy,medium,61.326622009277344,63.60191345214844
OWA,Owatonna Degner Regional Airport,US,US-MN,Owatonna,small,44.123402,-93.260597
OWB,Owensboro Daviess County Airport,US,US-KY,Owensboro,medium,37.74010086,-87.16680145
OWD,Norwood Memorial Airport,US,US-MA,Norwood,medium,42.1904983521,-71.1728973389
OWK,Central Maine/Norridgewock Airport,US,US-ME,Norridgewock,small,44.7155,-69.866501
OXB,Osvaldo Vieira International Airport,GW,GW-BS,Bissau,medium,11.894800186157228,-15.65369987487793
OXC,Waterbury Oxford Airport,US,US-CT,Oxford,small,41.47859954834,-73.135200500488
OXD,Miami University Airport,US,US-OH,Oxford,small,39.50230026,-84.78440094
OXF,Oxford (Kidlington) Airport,GB,GB-ENG,Kidlington,medium,51.8368988037,-1.32000005245
OXO,Orientos Airport,AU,AU-QLD,Orientos,small,-28.0598,141.5361
OXR,Oxnard Airport,US,US-CA,Oxnard,medium,34.200801849365,-119.20700073242
OXY,Morney Airport,AU,AU-QLD,,small,-25.358299255371097,141.43299865722656
OYA,Goya Airport,AR,AR-W,Goya,medium,-29.1058,-59.2189
OYC,Camopi Airport,GF,GF-CY,Camopi,small,3.172847,-52.336142
OYE,Oyem Airport,GA,GA-9,Oyem,medium,1.5431100130081177,11.58139991760254
OYG,Moyo Airport,UG,UG-N,Moyo,small,3.6444001197815,31.762762069702
OYK,Oiapoque Airport,BR,BR-AP,Oiapoque,medium,3.85412,-51.797056
OYL,Moyale Airport,KE,KE-400,Moyale (Lower),small,3.46972,39.101398
OYN,Ouyen Airport,AU,AU-VIC,Ouyen,small,-35.088819,142.354778
OYO,Tres Arroyos Airport,AR,AR-B,Tres Arroyos,medium,-38.3869,-60.3297
OYP,Saint-Georges-de-l'Oyapock Airport,GF,GF-CY,Saint-Georges-de-l'Oyapock,medium,3.8976,-51.8041
OZA,Ozona Municipal Airport,US,US-TX,Ozona,small,30.735300064087,-101.20300292969
OZC,Labo Airport,PH,PH-MSC,Ozamiz,medium,8.17851,123.842003
OZG,Zagora Airport,MA,MA-U-A,Zagora,medium,30.263858,-5.853341
OZH,Zaporizhzhia International Airport,UA,UA-23,Zaporizhia,medium,47.867000579833984,35.31570053100586
OZP,Moron Air Base,ES,ES-AN,Morón,medium,37.17490005493164,-5.615940093994141
OZR,Cairns AAF (Fort Rucker) Air Field,US,US-AL,Fort Rucker/Ozark,medium,31.27569962,-85.71340179
OZZ,Ouarzazate Airport,MA,MA-OUA,Ouarzazate,medium,30.9391002655,-6.909430027010001
PAA,Hpa-N Airport,MM,MM-13,Hpa-N,small,16.8937,97.674599
PAB,Bilaspur Airport,IN,IN-CT,Bilaspur,medium,21.9884,82.111
PAC,Marcos A. Gelabert International Airport,PA,PA-8,Albrook,medium,8.97334,-79.555603
PAD,Paderborn Lippstadt Airport,DE,DE-NW,Büren,medium,51.614101,8.61632
PAE,Seattle Paine Field International Airport,US,US-WA,Everett,medium,47.9063,-122.281998
PAF,Kabalega Falls Airport,UG,UG-W,Pakuba,small,2.326563,31.497698
PAG,Pagadian Airport,PH,PH-ZAS,Pagadian,medium,7.825632,123.459635
PAH,Barkley Regional Airport,US,US-KY,Paducah,medium,37.06079864501953,-88.7738037109375
PAJ,Parachinar Airport,PK,PK-KP,Parachinar,small,33.902099609400004,70.0716018677
PAK,Port Allen Airport,US,US-HI,Hanapepe,small,21.8969,-159.602997
PAL,German Olano Air Base,CO,CO-CUN,La Dorada,medium,5.48361,-74.6574
PAM,Tyndall Air Force Base,US,US-FL,Panama City,medium,30.069599,-85.575401
PAN,Pattani Airport,TH,TH-94,,medium,6.78546,101.153999
PAO,Palo Alto Airport of Santa Clara County,US,US-CA,Palo Alto,small,37.461101532,-122.114997864
PAP,Toussaint Louverture International Airport,HT,HT-OU,Port-au-Prince,large,18.58,-72.292503
PAQ,"Warren ""Bud"" Woods Palmer Municipal Airport",US,US-AK,Palmer,medium,61.594898,-149.08901
PAS,Paros National Airport,GR,GR-L,Paros,small,37.020495,25.113195
PAT,Jay Prakash Narayan Airport,IN,IN-BR,Patna,medium,25.591299,85.087997
PAU,Pauk Airport,MM,MM-03,Pauk,small,21.4492,94.4869
PAV,Paulo Afonso Airport,BR,BR-BA,Paulo Afonso,medium,-9.40088,-38.250599
PAX,Port-de-Paix Airport,HT,HT-NO,Port-de-Paix,medium,19.934045,-72.84801
PAY,Pamol Airport,MY,MY-12,Pamol,small,5.996571,117.404795
PAZ,El Tajín National Airport,MX,MX-VER,Poza Rica,medium,20.6026992798,-97.4608001709
PBB,Paranaíba Airport,BR,BR-MS,Paranaíba,small,-19.651199340820312,-51.19940185546875
PBC,Aeropuerto Internacional Hermanos Serdán,MX,MX-PUE,Puebla,medium,19.158465,-98.371582
PBD,Porbandar Airport,IN,IN-GJ,Porbandar,medium,21.649524,69.656405
PBE,Puerto Berrio Airport,CO,CO-ANT,Puerto Berrio,small,6.46034,-74.4105
PBF,"Pine Bluff Regional Airport, Grider Field",US,US-AR,Pine Bluff,medium,34.174121,-91.935643
PBG,Plattsburgh International Airport,US,US-NY,Plattsburgh,medium,44.650901794433594,-73.46810150146484
PBH,Paro International Airport,BT,BT-11,Paro,medium,27.4032,89.424599
PBI,Palm Beach International Airport,US,US-FL,West Palm Beach,large,26.683201,-80.095596
PBJ,Tavie Airport,VU,VU-MAP,Paama Island,small,-16.438999176,168.257003784
PBL,General Bartolome Salom International Airport,VE,VE-G,,medium,10.4805,-68.072998
PBM,Johan Adolf Pengel International Airport,SR,SR-PR,Zandery,large,5.45283,-55.187801
PBN,Porto Amboim Airport,AO,AO-CUS,Port Amboim,medium,-10.722,13.7655
PBO,Paraburdoo Airport,AU,AU-WA,Paraburdoo,medium,-23.1711006165,117.745002747
PBP,Islita Airport,CR,CR-G,Nandayure,small,9.85611,-85.370796
PBQ,Pimenta Bueno Airport,BR,BR-RO,Pimenta Bueno,small,-11.6416,-61.1791
PBR,Puerto Barrios Airport,GT,GT-IZ,Puerto Barrios,medium,15.7309,-88.583801
PBT,Aeródromo de Puerto Leda,PY,PY-16,Puerto Leda,small,-20.9046,-57.927101
PBU,Putao Airport,MM,MM-11,Putao,medium,27.32990074157715,97.42630004882812
PBX,Fazenda Piraguassu Airport,BR,BR-MT,Porto Alegre do Norte,small,-10.85935,-51.688152
PBZ,Plettenberg Bay Airport,ZA,ZA-WC,Plettenberg Bay,medium,-34.08816,23.328723
PCA,Portage Creek Airport,US,US-AK,Portage Creek,small,58.9065,-157.714
PCB,Pondok Cabe Air Base,ID,ID-JK,Jakarta,small,-6.3369598388671875,106.76499938964844
PCC,Puerto Rico Airport,CO,CO-CAQ,Puerto Rico,small,1.916667,-75.166667
PCD,Prairie Du Chien Municipal Airport,US,US-WI,Prairie Du Chien,small,43.019298553467,-91.12370300293
PCF,Potchefstroom Airport,ZA,ZA-NW,Potchefstroom,medium,-26.670999527,27.0818996429
PCG,Paso Caballos Airport,GT,GT-PE,Paso Caballos,small,17.2639007568,-90.2563018799
PCH,Palacios Airport,HN,HN-GD,Palacios,small,15.955,-84.941391
PCJ,Aeródromo de Puerto La Victoria,PY,PY-1,Puerto La Victoria,small,-22.289298,-57.860484
PCL,Cap FAP David Abenzur Rengifo International Airport,PE,PE-UCA,Pucallpa,medium,-8.37794017791748,-74.57430267333984
PCM,Aeropuerto Nacional de Playa del Carmen,MX,MX-ROO,Solidaridad,small,20.622499,-87.082199
PCN,Picton Aerodrome,NZ,NZ-MBH,Koromiko,small,-41.346099853516,173.95599365234
PCO,Punta Colorada Airport,MX,MX-BCS,La Ribera,small,23.575011,-109.535826
PCP,Principe Airport,ST,ST-P,São Tomé & Príncipe,medium,1.66294,7.41174
PCQ,Boun Neau Airport,LA,LA-PH,Phongsaly,small,21.6475,101.9
PCR,German Olano Airport,CO,CO-VID,Puerto Carreño,medium,6.18472,-67.4932
PCS,Picos Airport,BR,BR-PI,Picos,small,-7.061385,-41.525871
PCT,Princeton Airport,US,US-NJ,Princeton/Rocky Hill,small,40.3992004395,-74.6588973999
PCU,Poplarville Pearl River County Airport,US,US-MS,Poplarville,small,30.785999298096,-89.504501342773
PCV,Punta Chivato Airport,MX,MX-BCS,Mulegé,small,27.069201,-111.961998
PDA,Obando Cesar Gaviria Trujillo Airport,CO,CO-GUA,Puerto Inírida,medium,3.85353,-67.9062
PDB,Pedro Bay Airport,US,US-AK,Pedro Bay,small,59.796925,-154.129994
PDC,Mueo Airport,NC,NC-U-A,Népoui,small,-21.316456,164.999399
PDD,Ponta do Ouro Airport,MZ,MZ-L,Ponta do Ouro,small,-26.826913,32.838444
PDE,Pandie Pandie Airport,AU,AU-SA,,small,-26.122248,139.403501
PDF,Prado Airport,BR,BR-BA,Prado,small,-17.296976,-39.271131
PDG,Minangkabau International Airport,ID,ID-SB,Padang (Katapiang),medium,-0.786917,100.280998
PDI,Pindiu Airport,PG,PG-MPL,Pindiu,small,-6.445138888890001,147.515833333
PDK,DeKalb Peachtree Airport,US,US-GA,Atlanta,medium,33.87633,-84.30213
PDL,João Paulo II Airport,PT,PT-20,Ponta Delgada,large,37.7411994934,-25.6979007721
PDM,Capt. J. Montenegro Airport,PA,PA-7,Pedasí,small,7.534801,-80.043347
PDN,Parndana Airport,AU,AU-SA,Kangaroo Island,small,-35.807,137.264
PDO,Pendopo Airport,ID,ID-SS,Talang Gudang-Sumatra Island,medium,-3.2860701084136963,103.87999725341795
PDP,Capitan Corbeta CA Curbelo International Airport,UY,UY-MA,Punta del Este,medium,-34.855099,-55.094299
PDR,Presidente José Sarney Airport,BR,BR-MA,Presidente Dutra,small,-5.3098,-44.481
PDS,Piedras Negras International Airport,MX,MX-COA,Piedras Negras,medium,28.627873,-100.53524
PDT,Eastern Oregon Regional Airport at Pendleton,US,US-OR,Pendleton,medium,45.695099,-118.841003
PDU,Tydeo Larre Borges Airport,UY,UY-PA,Paysandú,small,-32.3633,-58.061901
PDV,Plovdiv International Airport,BG,BG-16,Plovdiv,medium,42.067799,24.8508
PDX,Portland International Airport,US,US-OR,Portland,large,45.588699,-122.598
PDZ,Pedernales Airport,VE,VE-Y,,small,9.97924,-62.2286
PEA,Penneshaw Airport,AU,AU-SA,Ironstone,small,-35.7558462874,137.962875366
PEB,Pebane Airport,MZ,MZ-Q,Pebane,small,-17.27276,38.18073
PEC,Pelican Seaplane Base,US,US-AK,Pelican,seaplane_base,57.9552,-136.235992
PED,Pardubice Airport,CZ,CZ-PA,Pardubice,medium,50.01340103149414,15.73859977722168
PEE,Perm International Airport,RU,RU-PER,Perm,medium,57.914501,56.021198
PEF,Peenemünde Airport,DE,DE-MV,Peenemünde,small,54.1577796936,13.774443626399998
PEG,Perugia San Francesco d'Assisi – Umbria International Airport,IT,IT-55,Perugia,medium,43.095901,12.5132
PEH,Comodoro Pedro Zanni Airport,AR,AR-B,Pehuajó,medium,-35.8446,-61.8576
PEI,Matecaña International Airport,CO,CO-RIS,Pereira,medium,4.81267,-75.7395
PEK,Beijing Capital International Airport,CN,CN-11,Beijing,large,40.080101013183594,116.58499908447266
PEL,Pelaneng Airport,LS,LS-C,Pelaneng,small,-29.088056,28.497222
PEM,Padre Aldamiz International Airport,PE,PE-MDD,Puerto Maldonado,medium,-12.6135997772,-69.2285995483
PEN,Penang International Airport,MY,MY-07,Penang,medium,5.297140121459961,100.2770004272461
PEP,Peppimenarti Airport,AU,AU-NT,Peppimenarti,small,-14.1442,130.091003
PEQ,Pecos Municipal Airport,US,US-TX,Pecos,small,31.382400512695,-103.51100158691
PER,Perth International Airport,AU,AU-WA,Perth,large,-31.94029998779297,115.96700286865234
PES,Petrozavodsk Airport,RU,RU-KR,Petrozavodsk,medium,61.88520050048828,34.154701232910156
PET,João Simões Lopes Neto International Airport,BR,BR-RS,Pelotas,medium,-31.717253,-52.327952
PEU,Puerto Lempira Airport,HN,HN-GD,Puerto Lempira,small,15.2622,-83.781197
PEV,Pécs-Pogány Airport,HU,HU-BA,Pécs-Pogány,medium,45.990898,18.240996
PEW,Peshawar International Airport,PK,PK-KP,Peshawar,medium,33.993900299072266,71.51460266113281
PEX,Pechora Airport,RU,RU-KO,Pechora,medium,65.121101,57.130798
PEY,Penong Airport,AU,AU-SA,Penong,small,-31.916700363159,133.0
PEZ,Penza Airport,RU,RU-PNZ,Penza,medium,53.110599517822266,45.02109909057617
PFA,Harbin Pingfang Airport,CN,CN-23,Harbin,small,45.59886,126.65808
PFB,Lauro Kurtz Airport,BR,BR-RS,Passo Fundo,medium,-28.243976,-52.32777
PFC,Pacific City State Airport,US,US-OR,Pacific City,small,45.199799,-123.961998
PFJ,Patreksfjörður Airport,IS,IS-4,Patreksfjörður,small,65.555801,-23.965
PFM,Primrose Airport,CA,CA-AB,Primrose,small,55.390002,-111.1198
PFO,Paphos International Airport,CY,CY-06,Paphos,medium,34.717999,32.485699
PFQ,Parsabad-Moghan Airport,IR,IR-24,Parsabad,small,39.6036,47.8815
PFR,Ilebo Airport,CD,CD-KS,Ilebo,small,-4.329919,20.590124
PGA,Page Municipal Airport,US,US-AZ,Page,medium,36.924234,-111.447716
PGB,Pangoa Airport,PG,PG-WPD,Pangoa,small,-7.0226,141.5605
PGC,Grant County Airport,US,US-WV,Petersburg,small,38.9948997498,-79.1458969116
PGD,Charlotte County Airport,US,US-FL,Punta Gorda,medium,26.9202,-81.990501
PGE,Yegepa Airport,PG,PG-MPL,,small,-7.134444444440001,146.156388889
PGF,Perpignan-Rivesaltes (Llabanère) Airport,FR,FR-OCC,Perpignan/Rivesaltes,medium,42.740398,2.87067
PGH,Pantnagar Airport,IN,IN-UP,Pantnagar,medium,29.0334,79.473701
PGI,Chitato Airport,AO,AO-LNO,Chitato,small,-7.35889,20.804701
PGK,Depati Amir Airport,ID,ID-BB,Pangkal Pinang,medium,-2.1622,106.139
PGL,Trent Lott International Airport,US,US-MS,Pascagoula,small,30.462799072266,-88.529197692871
PGM,Port Graham Airport,US,US-AK,Port Graham,small,59.348355,-151.830025
PGN,Pangia Airport,PG,PG-SHM,Pangia,small,-6.386,144.1084
PGO,Stevens Field,US,US-CO,Pagosa Springs,small,37.28630066,-107.0559998
PGQ,Buli Airport,ID,ID-MA,Pekaulang,small,0.9194,128.3825
PGR,Kirk Field,US,US-AR,Paragould,small,36.06290054,-90.50779724
PGS,Grand Canyon Caverns Airport,US,US-AZ,Peach Springs,small,35.528301,-113.247002
PGU,Persian Gulf International Airport,IR,IR-18,Khiyaroo,medium,27.379601,52.737701
PGV,Pitt Greenville Airport,US,US-NC,Greenville,medium,35.635535,-77.384262
PGX,Périgueux-Bassillac Airport,FR,FR-NAQ,Périgueux/Bassillac,medium,45.198101,0.815556
PGZ,Ponta Grossa Airport - Comandante Antonio Amilton Beraldo,BR,BR-PR,Ponta Grossa,medium,-25.184476,-50.143822
PHA,Phan Rang Airport,VN,VN-SCC,Phan Rang,small,11.6335,108.952003
PHB,Parnaíba - Prefeito Doutor João Silva Filho International Airport,BR,BR-PI,Parnaíba,medium,-2.89375,-41.731998
PHC,Port Harcourt International Airport,NG,NG-RI,Port Harcourt,medium,5.0154900550842285,6.94959020614624
PHD,Harry Clever Field,US,US-OH,New Philadelphia,small,40.470901489258,-81.419700622559
PHE,Port Hedland International Airport,AU,AU-WA,Port Hedland,medium,-20.3777999878,118.625999451
PHF,Newport News Williamsburg International Airport,US,US-VA,Newport News,medium,37.131901,-76.492996
PHG,Port Harcourt City Airport / Port Harcourt Air Force Base,NG,NG-RI,Port Harcourt,small,4.846111,7.021389
PHI,Pinheiro Airport,BR,BR-MA,Pinheiro,small,-2.477426,-45.105003
PHK,Palm Beach County Glades Airport,US,US-FL,Pahokee,small,26.78499985,-80.69339752
PHL,Philadelphia International Airport,US,US-PA,Philadelphia,large,39.871899,-75.241096
PHN,St Clair County International Airport,US,US-MI,Port Huron,small,42.9109993,-82.52890015
PHO,Point Hope Airport,US,US-AK,Point Hope,small,68.348801,-166.798996
PHP,Philip Airport,US,US-SD,Philip,small,44.048599243164,-101.59899902344
PHQ,The Monument Airport,AU,AU-QLD,Phosphate Hill,small,-21.811100006104,139.92399597168
PHR,Nanuku Airport,FJ,FJ-C,Nanuku Auberge Resort,small,-18.2553,178.0492
PHS,Phitsanulok Airport,TH,TH-65,Phitsanulok,medium,16.7829,100.278999
PHT,Henry County Airport,US,US-TN,Paris,small,36.338199615499995,-88.38289642330001
PHU,Phu Giao Airport,VN,VN-SE,Phu Giao,small,11.30034,106.79325
PHW,Hendrik Van Eck Airport,ZA,ZA-NP,Phalaborwa,medium,-23.9372005463,31.1553993225
PHX,Phoenix Sky Harbor International Airport,US,US-AZ,Phoenix,large,33.435302,-112.005905
PHY,Phetchabun Airport,TH,TH-67,,medium,16.6760005951,101.194999695
PIA,General Wayne A. Downing Peoria International Airport,US,US-IL,Peoria,medium,40.6642,-89.693298
PIB,Hattiesburg Laurel Regional Airport,US,US-MS,Moselle,medium,31.4671,-89.337097
PIC,Pine Cay Airport,TC,TC-PN,Pine Cay,small,21.874661,-72.090573
PIE,St. Petersburg Clearwater International Airport,US,US-FL,Pinellas Park,medium,27.9102,-82.687401
PIF,Pingtung North Airport,TW,TW-PIF,Pingtung,medium,22.700199127197266,120.48200225830078
PIH,Pocatello Regional Airport,US,US-ID,Pocatello,medium,42.9098014831543,-112.59600067138672
PIK,Glasgow Prestwick Airport,GB,GB-SCT,"Prestwick, South Ayrshire",medium,55.502003,-4.587019
PIL,Aeródromo Don Carlos Miguel Gimenez,PY,PY-12,Pilar,medium,-26.881981,-58.319067
PIM,Harris County Airport,US,US-GA,Pine Mountain,small,32.8406982422,-84.8824005127
PIN,Parintins Airport,BR,BR-AM,Parintins,small,-2.673521,-56.777625
PIO,Captain Renán Elías Olivera International Airport,PE,PE-ICA,Pisco,medium,-13.7449,-76.220299
PIP,Pilot Point Airport,US,US-AK,Pilot Point,small,57.580399,-157.572006
PIQ,Pipillipai Airport,GY,GY-PM,Pipillipai,small,5.356667,-60.381
PIR,Pierre Regional Airport,US,US-SD,Pierre,medium,44.38270187,-100.2860031
PIS,Poitiers-Biard Airport,FR,FR-NAQ,Poitiers/Biard,medium,46.5877,0.306666
PIT,Pittsburgh International Airport,US,US-PA,Pittsburgh,large,40.491501,-80.232903
PIU,Capitán FAP Guillermo Concha Iberico International Airport,PE,PE-PIU,Piura,medium,-5.20574998856,-80.61640167239999
PIV,Pirapora Airport,BR,BR-MG,Pirapora,small,-17.3169002532959,-44.86029815673828
PIW,Pikwitonei Airport,CA,CA-MB,Pikwitonei,medium,55.58890151977539,-97.16419982910156
PIX,Pico Airport,PT,PT-20,Pico Island,medium,38.554298,-28.441299
PIZ,Point Lay LRRS Airport,US,US-AK,Point Lay,medium,69.732903,-163.005005
PJA,Pajala Airport,SE,SE-BD,,small,67.244569,23.074894
PJB,Payson Airport,US,US-AZ,Payson,small,34.256801605225,-111.33899688721
PJC,Aeropuerto Internacional Dr. Augusto Roberto Fuster,PY,PY-13,Pedro Juan Caballero,large,-22.640946,-55.832005
PJG,Panjgur Airport,PK,PK-BA,Panjgur,medium,26.954500198364254,64.13249969482422
PJM,Puerto Jimenez Airport,CR,CR-P,Puerto Jimenez,medium,8.533329963684082,-83.30000305175781
PKA,Napaskiak Airport,US,US-AK,Napaskiak,small,60.7029,-161.778
PKB,Mid Ohio Valley Regional Airport,US,US-WV,Parkersburg (Williamstown),medium,39.3451,-81.439201
PKC,Yelizovo Airport,RU,RU-KAM,Petropavlovsk-Kamchatsky,medium,53.16764,158.451863
PKD,Park Rapids Municipal Konshok Field,US,US-MN,Park Rapids,small,46.9006,-95.073095
PKE,Parkes Airport,AU,AU-NSW,Parkes,medium,-33.131401062,148.238998413
PKF,Park Falls Municipal Airport,US,US-WI,Park Falls,small,45.955001831055,-90.42440032959
PKG,Pulau Pangkor Airport,MY,MY-08,Pangkor Island,small,4.244719982147217,100.5530014038086
PKJ,Playa Grande Airport,GT,GT-QC,Playa Grande,small,15.9975,-90.741699
PKK,Pakhokku Airport,MM,MM-03,Pakhokku,small,21.4043,95.11125
PKM,Port Kaituma Airport,GY,GY-BA,Port Kaituma,small,7.7424,-59.8819
PKN,Iskandar Airport,ID,ID-KT,Pangkalanbun,small,-2.7052,111.672997
PKO,Parakou Airport,BJ,BJ-BO,Parakou,small,9.35768985748291,2.609679937362671
PKP,Puka Puka Airport,PF,PF-U-A,,small,-14.80955,-138.812621
PKR,Pokhara International Airport,NP,NP-P4,Pokhara,medium,28.1838,84.0147
PKT,Port Keats Airport,AU,AU-NT,Wadeye,medium,-14.249701,129.529538
PKU,Sultan Syarif Kasim II International Airport / Roesmin Nurjadin AFB,ID,ID-RI,Pekanbaru,medium,0.458647,101.444321
PKV,Pskov Airport,RU,RU-PSK,Pskov,medium,57.78390121459961,28.395599365234375
PKW,Selebi Phikwe Airport,BW,BW-SP,Selebi Phikwe,medium,-22.0583,27.8288
PKX,Beijing Daxing International Airport,CN,CN-11,Beijing,large,39.509945,116.41092
PKY,Tjilik Riwut Airport,ID,ID-KT,Palangkaraya,medium,-2.22513,113.943001
PKZ,Pakse International Airport,LA,LA-CH,Pakse,medium,15.132100105285645,105.78099822998048
PLA,Planadas Airport,CO,CO-TOL,Planadas,small,3.197051,-75.642042
PLD,Playa Samara/Carrillo Airport,CR,CR-G,Carrillo,small,9.87051,-85.4814
PLE,Paiela Airport,PG,PG-EPW,Paiela,small,-5.372407,142.975774
PLF,Pala Airport,TD,TD-MO,Pala,small,9.37806,14.925
PLJ,Placencia Airport,BZ,BZ-SC,Placencia,medium,16.536957,-88.361511
PLK,M. Graham Clark Downtown Airport,US,US-MO,Branson / Hollister,small,36.62590027,-93.22889709
PLL,Ponta Pelada Airport / Manaus Air Base,BR,BR-AM,Manaus,medium,-3.14604,-59.986301
PLM,Sultan Mahmud Badaruddin II Airport,ID,ID-SS,Palembang,medium,-2.897653,104.698147
PLN,Pellston Regional Airport of Emmet County Airport,US,US-MI,Pellston,medium,45.57089996,-84.79669952
PLO,Port Lincoln Airport,AU,AU-SA,Port Lincoln,medium,-34.6053009033,135.880004883
PLQ,Palanga International Airport,LT,LT-KL,Palanga,medium,55.973201751708984,21.093900680541992
PLR,St Clair County Airport,US,US-AL,Pell City,small,33.558799743652,-86.249099731445
PLS,Providenciales International Airport,TC,TC-PR,Providenciales,large,21.773697,-72.268321
PLT,Plato Airport,CO,CO-MAG,Plato,small,9.8,-74.7833
PLU,Pampulha - Carlos Drummond de Andrade Airport,BR,BR-MG,Belo Horizonte,medium,-19.8512,-43.9506
PLV,Suprunovka Airport,UA,UA-53,Poltava,small,49.5686,34.397202
PLW,Mutiara - SIS Al-Jufrie Airport,ID,ID-ST,Palu,medium,-0.916462,119.908647
PLX,Semey Airport,KZ,KZ-ABA,Semey,medium,50.351295,80.234398
PLY,Plymouth Municipal Airport,US,US-IN,Plymouth,small,41.365100860596,-86.300498962402
PLZ,Chief Dawid Stuurman International Airport,ZA,ZA-EC,Gqeberha (Port Elizabeth),medium,-33.984901,25.6173
PMA,Pemba Airport,TZ,TZ-25,Chake Chake,medium,-5.25726,39.811401
PMB,Pembina Municipal Airport,US,US-ND,Pembina,small,48.9425010681,-97.2407989502
PMC,El Tepual Airport,CL,CL-LL,Puerto Montt,medium,-41.43889999389648,-73.09400177001953
PMD,Palmdale Regional Airport / USAF Plant 42 Airport,US,US-CA,Palmdale,medium,34.629398,-118.084999
PMF,Parma Airport,IT,IT-45,Parma (PR),medium,44.826351,10.29705
PMG,Ponta Porã Airport,BR,BR-MS,Ponta Porã,medium,-22.549601,-55.702599
PMH,Greater Portsmouth Regional Airport,US,US-OH,Portsmouth,small,38.8404998779,-82.84729766850002
PMI,Palma de Mallorca Airport,ES,ES-IB,Palma de Mallorca,large,39.551701,2.73881
PMK,Palm Island Airport,AU,AU-QLD,,small,-18.755300521850582,146.58099365234375
PML,Port Moller Airport,US,US-AK,Cold Bay,small,56.006001,-160.561005
PMN,Pumani Airport,PG,PG-MBA,Pumani,small,-9.7469,149.4766
PMO,Falcone–Borsellino Airport,IT,IT-82,Palermo,large,38.175999,13.091
PMP,Pimaga Airport,PG,PG-SHM,Pimaga,small,-6.49916666667,143.510277778
PMQ,Perito Moreno Airport,AR,AR-Z,Perito Moreno,medium,-46.537899,-70.978699
PMR,Palmerston North Airport,NZ,NZ-MWT,Palmerston North,medium,-40.320599,175.617004
PMS,Palmyra Airport,SY,SY-HI,Tadmur,medium,34.5574,38.316898
PMT,Paramakatoi Airport,GY,GY-PT,Paramakatoi,small,4.6975,-59.7125
PMV,Del Caribe Santiago Mariño International Airport,VE,VE-O,Isla Margarita,medium,10.912603378295898,-63.96659851074219
PMW,Brigadeiro Lysias Rodrigues Airport,BR,BR-TO,Palmas,medium,-10.2915,-48.356998
PMY,El Tehuelche Airport,AR,AR-U,Puerto Madryn,medium,-42.7592,-65.1027
PMZ,Palmar Sur Airport,CR,CR-P,Palmar Sur,medium,8.95103,-83.468597
PNA,Pamplona Airport,ES,ES-NC,Pamplona,medium,42.77,-1.64633
PNB,Porto Nacional Airport,BR,BR-TO,Porto Nacional,medium,-10.719402,-48.3997
PNC,Ponca City Regional Airport,US,US-OK,Ponca City,medium,36.73199844,-97.09980011
PND,Punta Gorda Airport,BZ,BZ-TOL,Punta Gorda,medium,16.1024,-88.808296
PNE,Northeast Philadelphia Airport,US,US-PA,Philadelphia,medium,40.082406,-75.010614
PNG,Paranaguá Airport,BR,BR-PR,Paranaguá,small,-25.5401,-48.5312
PNH,Phnom Penh International Airport,KH,KH-12,Phnom Penh (Pou Senchey),large,11.5466,104.844002
PNI,Pohnpei International Airport,FM,FM-PNI,Pohnpei Island,medium,6.985099792480469,158.20899963378906
PNJ,Penglai Shahekou Airport,CN,CN-37,Yantai,small,37.80473,120.80954
PNK,Supadio Airport,ID,ID-KB,Pontianak,medium,-0.150711,109.403999
PNL,Pantelleria Airport,IT,IT-82,Pantelleria (TP),medium,36.816502,11.9689
PNN,Princeton Municipal Airport,US,US-ME,Princeton,small,45.200698852539,-67.564399719238
PNP,Girua Airport,PG,PG-NPP,Popondetta,medium,-8.80453968048,148.309005737
PNQ,Pune Airport / Lohagaon Air Force Station,IN,IN-MM,Pune,medium,18.5821,73.919701
PNR,Antonio Agostinho-Neto International Airport,CG,CG-5,Pointe Noire,medium,-4.81603,11.8866
PNS,Pensacola International Airport,US,US-FL,Pensacola,medium,30.4734,-87.1866
PNT,Lieutenant Julio Gallardo Airport,CL,CL-MA,Puerto Natales,medium,-51.67067,-72.529078
PNU,Panguitch Municipal Airport,US,US-UT,Panguitch,small,37.84519958,-112.3919983
PNV,Panevėžys Air Base,LT,LT-PN,Panevėžys,medium,55.729400634765625,24.46080017089844
PNW,Amman Mineral Nusa Tenggara Airport (under construction),ID,ID-NB,Pototano,small,-8.592566,116.793819
PNX,North Texas Regional Airport/Perrin Field,US,US-TX,Sherman/Denison,small,33.7141,-96.673698
PNY,Pondicherry Airport,IN,IN-PY,Puducherry (Pondicherry),medium,11.968,79.812
PNZ,Senador Nilo Coelho Airport,BR,BR-PE,Petrolina,medium,-9.362422,-40.569098
POA,Salgado Filho International Airport,BR,BR-RS,Porto Alegre,medium,-29.994712,-51.166592
POB,Pope Field,US,US-NC,Fort Bragg,medium,35.170898,-79.014503
POC,Brackett Field,US,US-CA,La Verne,small,34.091598510742,-117.78199768066
POD,Podor Airport,SN,SN-SL,Podor,small,16.678155,-14.964957
POE,Polk Army Air Field,US,US-LA,Fort Polk,medium,31.0447998,-93.1917038
POF,Poplar Bluff Municipal Airport,US,US-MO,Poplar Bluff,small,36.773899,-90.324898
POG,Port Gentil Airport,GA,GA-8,Port Gentil,medium,-0.7117390036582947,8.754380226135254
POH,Pocahontas Municipal Airport,US,US-IA,Pocahontas,small,42.742802,-94.647301
POI,Capitan Nicolas Rojas Airport,BO,BO-P,Potosí,medium,-19.543331,-65.723734
POJ,Patos de Minas Airport,BR,BR-MG,Patos de Minas,small,-18.672673,-46.491292
POL,Pemba Airport,MZ,MZ-P,Pemba / Porto Amelia,medium,-12.991762161254885,40.52401351928711
POM,Port Moresby Jacksons International Airport,PG,PG-NCD,Port Moresby,large,-9.44338035583496,147.22000122070312
PON,Poptún Airport,GT,GT-PE,Poptún,small,16.325799942017,-89.41609954834
POO,Poços de Caldas - Embaixador Walther Moreira Salles Airport,BR,BR-MG,Poços De Caldas,medium,-21.842529,-46.569768
POP,Gregorio Luperon International Airport,DO,DO-18,Puerto Plata,medium,19.7579,-70.57
POR,Pori Airport,FI,FI-17,Pori,medium,61.4617,21.799999
POS,Piarco International Airport,TT,TT-TUP,Port of Spain,medium,10.5954,-61.3372
POT,Ken Jones Airport,JM,JM-04,Ken Jones,medium,18.1987991333,-76.53450012210001
POU,Dutchess County Airport,US,US-NY,Poughkeepsie,medium,41.6265983581543,-73.88420104980469
POV,Prešov Air Base,SK,SK-PV,Prešov,small,49.02970123291,21.315599441528
POW,Portorož Airport,SI,SI-090,Sečovlje,medium,45.47201,13.615951
POX,Aérodrome de Pontoise - Cormeilles en Vexin,FR,FR-IDF,Cormeilles-en-Vexin,medium,49.096667,2.040833
POY,Powell Municipal Airport,US,US-WY,Powell,small,44.867198944092,-108.79299926758
POZ,Poznań-Ławica Airport,PL,PL-WP,Poznań,medium,52.421001,16.8263
PPA,Perry Lefors Field,US,US-TX,Pampa,small,35.612998962402,-100.99600219727
PPB,Presidente Prudente Airport,BR,BR-SP,Presidente Prudente,medium,-22.1751,-51.424599
PPC,Prospect Creek Airport,US,US-AK,Prospect Creek,small,66.814102172852,-150.64399719238
PPE,Mar de Cortés International Airport,MX,MX-SON,Puerto Peñasco,small,31.351987,-113.305177
PPF,Tri-City Airport,US,US-KS,Parsons,small,37.32989883,-95.5062027
PPG,Pago Pago International Airport,AS,AS-WT,Pago Pago,medium,-14.331,-170.710007
PPH,Perai-Tepuy Airport,VE,VE-F,Parai-tepuí,small,4.570275,-61.520262
PPI,Port Pirie Airport,AU,AU-SA,,medium,-33.238899,137.994995
PPJ,Pulau Panjang Airport,ID,ID-JB,Jakarta,small,-5.644444,106.5625
PPK,Petropavl Airport,KZ,KZ-SEV,Petropavl,medium,54.774702,69.183273
PPL,Phaplu Airport,NP,NP-P1,Phaplu,small,27.517752,86.585019
PPM,Pompano Beach Airpark,US,US-FL,Pompano Beach,small,26.247100830078,-80.111099243164
PPN,Guillermo León Valencia Airport,CO,CO-CAU,Popayán,medium,2.4544,-76.6093
PPP,Proserpine Whitsunday Coast Airport,AU,AU-QLD,Proserpine,medium,-20.494416,148.553583
PPQ,Paraparaumu Airport,NZ,NZ-WGN,,medium,-40.90470123291016,174.98899841308594
PPR,Tuanku Tambusai Airport,ID,ID-RI,Pasir Pengarayan,small,0.845431,100.370154
PPS,Puerto Princesa International Airport / PAF Antonio Bautista Air Base,PH,PH-PLW,Puerto Princesa,medium,9.74212,118.759003
PPT,Faa'a International Airport,PF,PF-U-A,Papeete,large,-17.553699,-149.606995
PPU,Hpapun Airport,MM,MM-13,Pa Pun,small,18.0666999817,97.449798584
PPV,Port Protection Seaplane Base,US,US-AK,Port Protection,seaplane_base,56.328800201416,-133.61000061035
PPW,Papa Westray Airport,GB,GB-SCT,Papa Westray,small,59.351699829100006,-2.9002799987800003
PPX,Param Airport,PG,PG-MBA,Nepesi,small,-9.99,149.477
PPY,Pouso Alegre Airport,BR,BR-MG,Pouso Alegre,small,-22.2892,-45.919102
PPZ,Puerto Paez Airport,VE,VE-C,Puerto Paez,small,6.220095,-67.447508
PQC,Phu Quoc International Airport,VN,VN-SW,Phu Quoc Island,medium,10.1698,103.9931
PQD,Passikudah Helipad,LK,LK-5,Batticaloa,heliport,7.92310659595,81.567735672
PQI,Presque Isle International Airport,US,US-ME,Presque Isle,medium,46.688999,-68.0448
PQM,Palenque International Airport,MX,MX-CHP,Palenque,small,17.533153,-92.015484
PQQ,Port Macquarie Airport,AU,AU-NSW,Port Macquarie,medium,-31.4358005524,152.863006592
PQS,Pilot Station Airport,US,US-AK,Pilot Station,small,61.96169,-162.941944
PQT,Qeqertaq Heliport,GL,GL-AV,Qeqertaq,heliport,69.995861,-51.300917
PRA,General Urquiza Airport,AR,AR-E,Parana,medium,-31.7948,-60.4804
PRB,Paso Robles Municipal Airport,US,US-CA,Paso Robles,medium,35.67290115,-120.6269989
PRC,Prescott International Airport - Ernest A. Love Field,US,US-AZ,Prescott,medium,34.654499,-112.419998
PRD,Pardoo Airport,AU,AU-WA,Pardoo,small,-20.119428,119.571945
PRE,Pore Airport,CO,CO-CAS,Pore,small,5.733333,-71.983333
PRG,Václav Havel Airport Prague,CZ,CZ-PR,Prague,large,50.100874,14.259911
PRH,Phrae Airport,TH,TH-54,,medium,18.1322,100.165001
PRI,Praslin Airport,SC,SC-14,Grand Anse,medium,-4.31929,55.691399
PRK,Prieska Airport,ZA,ZA-NC,Prieska,small,-29.6835994720459,22.770599365234375
PRM,Portimão Airport,PT,PT-08,Portimão,medium,37.1493,-8.58396
PRN,Priština Adem Jashari International Airport,XK,XK-01,Prishtina,medium,42.5728,21.035801
PRO,Perry Municipal Airport,US,US-IA,Perry,small,41.82799911,-94.15989685
PRP,Propriano Airport,FR,FR-COR,Propriano,small,41.660599,8.88975
PRQ,Termal Airport,AR,AR-H,Presidencia Roque Sáenz Peña,small,-26.753611,-60.492222
PRR,Paruima Airport,GY,GY-CU,Paruima,small,5.81724,-61.055489
PRS,Parasi Airport,SB,SB-ML,Parasi,small,-9.64167022705078,161.4250030517578
PRU,Pyay Airport,MM,MM-02,Pye,small,18.824499130249023,95.26599884033205
PRV,Přerov Air Base,CZ,CZ-OL,Přerov,medium,49.4258,17.404699
PRW,Prentice Airport,US,US-WI,Prentice,small,45.538313,-90.275978
PRX,Cox Field,US,US-TX,Paris,medium,33.636600494385,-95.450798034668
PRY,Wonderboom Airport,ZA,ZA-GT,Pretoria,medium,-25.6539,28.224199
PRZ,Prineville Airport,US,US-OR,Prineville,small,44.286998748779,-120.90399932861
PSA,Pisa International Airport,IT,IT-52,Pisa,large,43.683899,10.3927
PSB,Mid-State Regional Airport,US,US-PA,Philipsburg,small,40.884399,-78.087303
PSC,Tri Cities Airport,US,US-WA,Pasco,medium,46.264702,-119.119003
PSD,Port Said International Airport,EG,EG-PTS,Port Said,medium,31.279285,32.240582
PSE,Mercedita Airport,PR,PR-U-A,Ponce,medium,18.00830078125,-66.56300354003906
PSF,Pittsfield Municipal Airport,US,US-MA,Pittsfield,small,42.4268,-73.2929
PSG,Petersburg James A Johnson Airport,US,US-AK,Petersburg,medium,56.80170059,-132.9450073
PSH,St. Peter-Ording Airport,DE,DE-SH,Sankt Peter-Ording,small,54.308887,8.686944
PSI,Pasni Airport,PK,PK-BA,Pasni,medium,25.29050064086914,63.34510040283203
PSJ,Kasiguncu Airport,ID,ID-ST,Poso-Celebes Island,medium,-1.41675,120.657997
PSK,New River Valley Airport,US,US-VA,Dublin,small,37.137298583984,-80.678497314453
PSL,Perth/Scone Airport,GB,GB-SCT,Perth,small,56.439201,-3.37222
PSM,Portsmouth International at Pease Airport,US,US-NH,Portsmouth,medium,43.0778999329,-70.8233032227
PSN,Palestine Municipal Airport,US,US-TX,Palestine,small,31.779699325562,-95.706298828125
PSO,Antonio Nariño Airport,CO,CO-NAR,Chachagüí,medium,1.39625,-77.2915
PSP,Palm Springs International Airport,US,US-CA,Palm Springs,medium,33.8297,-116.507004
PSQ,Philadelphia Seaplane Base,US,US-PA,Essington,seaplane_base,39.859001159668,-75.299598693848
PSR,Abruzzo Airport,IT,IT-65,Pescara,medium,42.431702,14.1811
PSS,Libertador Gral D Jose De San Martin Airport,AR,AR-N,Posadas,medium,-27.3858,-55.9707
PSU,Pangsuma Airport,ID,ID-KB,Putussibau-Borneo Island,medium,0.8355780243873596,112.93699645996094
PSV,Papa Stour Airport,GB,GB-SCT,Papa Stour Island,small,60.321701,-1.69306
PSW,Municipal José Figueiredo Airport,BR,BR-MG,Passos,small,-20.732200622558594,-46.66180038452149
PSX,Palacios Municipal Airport,US,US-TX,Palacios,small,28.727500915527,-96.250999450684
PSY,Port Stanley Airport,FK,FK-U-A,Stanley,medium,-51.685699462891,-57.777599334717
PSZ,Capitán Av. Salvador Ogaya G. airport,BO,BO-S,Puerto Suárez,medium,-18.975301,-57.820599
PTA,Port Alsworth Airport,US,US-AK,Port Alsworth,small,60.201681,-154.325863
PTB,Dinwiddie County Airport,US,US-VA,Petersburg,small,37.183799743652,-77.507400512695
PTC,Port Alice Seaplane Base,US,US-AK,Port Alice,seaplane_base,55.803,-133.597
PTD,Port Alexander Seaplane Base,US,US-AK,Port Alexander,seaplane_base,56.246799,-134.647995
PTF,Malolo Lailai Island Airport,FJ,FJ-W,Malolo Lailai Island,small,-17.778448,177.196996
PTG,Polokwane International Airport,ZA,ZA-NP,Polokwane,medium,-23.845269,29.458615
PTH,Port Heiden Airport,US,US-AK,Port Heiden,medium,56.957893,-158.630219
PTJ,Portland Airport,AU,AU-VIC,,medium,-38.31809997558594,141.4709930419922
PTK,Oakland County International Airport,US,US-MI,Pontiac,medium,42.665500640869,-83.420097351074
PTL,Walter Braedt Segú Airport,PE,PE-TUM,Máncora,small,-4.08687,-81.02577
PTM,Palmarito Airport,VE,VE-C,Palmarito,medium,7.56667,-70.183296
PTN,Harry P Williams Memorial Airport,US,US-LA,Patterson,small,29.709499359131,-91.338996887207
PTO,Juvenal Loureiro Cardoso Airport,BR,BR-PR,Pato Branco,small,-26.217184,-52.694463
PTP,Pointe-à-Pitre Le Raizet International  Airport,GP,GP-U-A,Pointe-à-Pitre,large,16.265301,-61.531799
PTQ,Porto de Moz Airport,BR,BR-PA,Porto De Moz,small,-1.74145,-52.236099
PTS,Atkinson Municipal Airport,US,US-KS,Pittsburg,small,37.449501,-94.731102
PTT,Pratt Regional Airport,US,US-KS,Pratt,small,37.70159912,-98.74690247
PTU,Platinum Airport,US,US-AK,Platinum,medium,59.017675,-161.827927
PTV,Porterville Municipal Airport,US,US-CA,Porterville,small,36.029598236084,-119.06300354004
PTW,Heritage Field,US,US-PA,Pottstown,small,40.239601,-75.556702
PTX,Pitalito Airport,CO,CO-HUI,Pitalito,medium,1.85777,-76.0857
PTY,Tocumen International Airport,PA,PA-8,Tocumen,large,9.07136,-79.383499
PTZ,Rio Amazonas Airport,EC,EC-Y,Shell Mera,small,-1.50524,-78.062698
PUA,Puas Airport,PG,PG-NIK,Puas Mission,small,-2.395,150.2361
PUB,Pueblo Memorial Airport,US,US-CO,Pueblo,medium,38.289101,-104.497002
PUC,Carbon County Regional Airport / Buck Davis Field,US,US-UT,Price,small,39.613899,-110.751
PUD,Puerto Deseado Airport,AR,AR-Z,Puerto Deseado,medium,-47.7353,-65.9041
PUE,Puerto Obaldía Airport,PA,PS-GY,Puerto Obaldía,small,8.668813,-77.417399
PUF,Pau Pyrénées Airport,FR,FR-NAQ,Pau/Pyrénées (Uzein),medium,43.380001,-0.418611
PUG,Port Augusta Airport,AU,AU-SA,,medium,-32.506900787353516,137.7169952392578
PUJ,Punta Cana International Airport,DO,DO-11,Punta Cana,large,18.5674,-68.363403
PUK,Pukaruha Airport,PF,PF-U-A,Pukaruha,small,-18.295726,-137.016291
PUL,Port of Poulsbo Marina Moorage Seaplane Base,US,US-WA,Poulsbo,seaplane_base,47.734001159668,-122.64700317383
PUN,Punia Airport,CD,CD-MA,Punia,small,-1.390698,26.348146
PUP,Po Airport,BF,BF-NAO,Po,small,11.179139,-1.148472
PUQ,President Carlos Ibañez del Campo International Airport,CL,CL-MA,Punta Arenas,medium,-53.002602,-70.854599
PUR,Puerto Rico Airport,BO,BO-N,Puerto Rico/Manuripi,small,-11.107663,-67.551155
PUS,Gimhae International Airport,KR,KR-26,Busan,large,35.179501,128.938004
PUT,Sri Sathya Sai Airport,IN,IN-AP,Puttaparthi,medium,14.1492996216,77.7910995483
PUU,Tres De Mayo Airport,CO,CO-PUT,Puerto Asís,medium,0.505228,-76.5008
PUV,Poum / Malabou Airport,NC,NC-U-A,Malabou,small,-20.289155,164.09935
PUW,Pullman Moscow Regional Airport,US,US-WA,Pullman/Moscow,medium,46.7439,-117.110001
PUX,El Mirador Airport,CL,CL-LL,Puerto Varas,small,-41.3494,-72.946701
PUY,Pula Airport,HR,HR-18,Pula,medium,44.893501,13.9222
PUZ,Puerto Cabezas Airport,NI,NI-AN,Puerto Cabezas,medium,14.047200202941896,-83.38670349121094
PVA,El Embrujo Airport,CO,CO-SAP,Providencia,medium,13.357461,-81.357977
PVC,Provincetown Municipal Airport,US,US-MA,Provincetown,small,42.0718994141,-70.2213973999
PVD,Theodore Francis Green State Airport,US,US-RI,Warwick,large,41.725038,-71.425668
PVE,El Porvenir Airport,PA,PS-GY,El Porvenir,small,9.559212,-78.946631
PVF,Placerville Airport,US,US-CA,Placerville,small,38.724201202393,-120.75299835205
PVG,Shanghai Pudong International Airport,CN,CN-31,Shanghai (Pudong),large,31.1434,121.805
PVH,Governador Jorge Teixeira de Oliveira Airport,BR,BR-RO,Porto Velho,medium,-8.707854,-63.90242
PVI,Paranavaí Airport,BR,BR-PR,Paranavaí,small,-23.089899,-52.488499
PVK,Aktion National Airport,GR,GR-D,Preveza,medium,38.925499,20.765301
PVL,Pike County-Hatcher Field,US,US-KY,Pikeville,small,37.5617981,-82.56639862
PVO,Reales Tamarindos Airport,EC,EC-M,Portoviejo,medium,-1.04165,-80.472198
PVR,Aeropuerto Internacional Lic. Gustavo Díaz Ordaz,MX,MX-JAL,Ciudad de Puerto Vallarta,large,20.679746,-105.246685
PVS,Provideniya Bay Airport,RU,RU-CHU,Chukotka,medium,64.37809753417969,-173.2429962158203
PVU,Provo-Utah Lake International Airport,US,US-UT,Provo,medium,40.2192,-111.723
PVW,Hale County Airport,US,US-TX,Plainview,small,34.168098,-101.717003
PWA,Wiley Post Airport,US,US-OK,Oklahoma City,small,35.53419876,-97.64710236
PWD,Sher-Wood Airport,US,US-MT,Plentywood,small,48.790298461914,-104.53399658203
PWE,Pevek Airport,RU,RU-CHU,Apapelgino,medium,69.783302,170.597
PWI,Beles Airport,ET,ET-BE,Pawe,small,11.3126,36.4164
PWK,Chicago Executive Airport,US,US-IL,Chicago/Prospect Heights/Wheeling,medium,42.114222,-87.901494
PWL,Jenderal Besar Soedirman Airport,ID,ID-JT,Purwokerto-Java Island,small,-7.461342,109.414612
PWM,Portland International Jetport,US,US-ME,Portland,large,43.646198,-70.309303
PWN,Pitts Town Airport,BS,BS-CK,Pitts Town,small,22.8297,-74.3461
PWO,Pweto Airport (New),CD,CD-HK,Pweto,small,-8.400768,28.926285
PWQ,Pavlodar Airport,KZ,KZ-PAV,Pavlodar,medium,52.19499969482422,77.07389831542969
PWR,Port Walter Seaplane Base,US,US-AK,Port Walter,seaplane_base,56.381001,-134.651001
PWT,Bremerton National Airport,US,US-WA,Bremerton,medium,47.490200042725,-122.76499938965
PWY,Ralph Wenz Field,US,US-WY,Pinedale,medium,42.79550171,-109.8069992
PXA,Bentayan Airport,ID,ID-SS,Bentayan-Sumatra Island,small,-4.0225,103.379167
PXH,Prominent Hill Airport,AU,AU-SA,Mount Eba,small,-29.716,135.5244
PXL,Polacca Airport,US,US-AZ,Polacca,small,35.7916984558,-110.422996521
PXM,Aeropuerto Internacional de Puerto Escondido,MX,MX-OAX,Puerto Escondido,medium,15.874859,-97.091868
PXO,Porto Santo Airport,PT,PT-30,Vila Baleira,medium,33.0733985901,-16.3500003815
PXR,Surin Airport,TH,TH-32,Surin,medium,14.868300437927,103.49800109863
PXU,Pleiku Airport,VN,VN-CH,Pleiku,medium,14.00450038909912,108.01699829101562
PYA,Velásquez Airport,CO,CO-BOY,Puerto Boyacá,small,5.93904,-74.457
PYB,Jeypore Airport,IN,IN-OR,Jeypore,small,18.879999,82.552002
PYC,Playón Chico Airport,PA,PS-GY,Ukupseni,small,9.30692,-78.235273
PYE,Tongareva Airport,CK,CK-U-A,Penrhyn Island,small,-9.01436996459961,-158.03240966796875
PYG,Pakyong Airport,IN,IN-SK,Pakyong,small,27.2313,88.587196
PYH,Cacique Aramare Airport,VE,VE-Z,Puerto Ayacucho,medium,5.6199898719788,-67.606101989746
PYJ,Polyarny Airport,RU,RU-SA,Yakutia,medium,66.400398,112.029999
PYK,Payam Karaj International Airport,IR,IR-30,Karaj,medium,35.7761,50.826698
PYL,Perry Island Seaplane Base,US,US-AK,Perry Island,seaplane_base,60.6852989197,-147.919006348
PYM,Plymouth Municipal Airport,US,US-MA,Plymouth,small,41.909,-70.728798
PYN,Payán Airport,CO,CO-NAR,Payán,small,1.8,-78.166667
PYO,Putumayo Airport,EC,EC-U,Puerto Putumayo,small,0.115949,-75.85022
PYR,Andravida Air Base,GR,GR-G,Andravida,medium,37.9207,21.292601
PYS,Paradise Skypark Airport,US,US-CA,Paradise,small,39.71029,-121.616528
PYT,Pedro Rabelo de Souza Airport,BR,BR-MG,Paracatu,small,-17.242599,-46.883099
PYV,Yaviza Airport,PA,PA-5,Yaviza,small,8.1528,-77.687
PYY,Pai Airport,TH,TH-58,Pai,small,19.372054,98.435904
PZA,Paz De Ariporo Airport,CO,CO-CAS,Paz De Ariporo,medium,5.87615,-71.8866
PZB,Pietermaritzburg Airport,ZA,ZA-NL,Pietermaritzburg,medium,-29.649000167799997,30.3987007141
PZH,Zhob Airport,PK,PK-BA,Fort Sandeman,medium,31.358400344848633,69.4636001586914
PZI,Panzhihua Bao'anying Airport,CN,CN-51,Panzhihua (Renhe),medium,26.54,101.79852
PZK,Pukapuka Island Airport,CK,CK-U-A,Pukapuka Atoll,small,-10.9145,-165.8393
PZL,Zulu Inyala Airport,ZA,ZA-NL,Phinda,small,-27.84939956665039,32.30970001220703
PZO,General Manuel Carlos Piar International Airport,VE,VE-F,Puerto Ordaz-Ciudad Guayana,medium,8.288530349731445,-62.760398864746094
PZS,Maquehue Airport,CL,CL-AR,Temuco,medium,-38.766799926758,-72.637100219727
PZU,Port Sudan New International Airport,SD,SD-26,Port Sudan,medium,19.4335994720459,37.234100341796875
PZY,Piešťany Airport,SK,SK-TA,Piešťany,medium,48.62519836425781,17.828399658203125
QAQ,L'Aquila–Preturo Airport,IT,IT-65,L'Aquila,small,42.379902,13.3092
QBC,Bella Coola Airport,CA,CA-BC,Bella Coola,medium,52.387501,-126.596001
QCH,Colatina Airport,BR,BR-ES,Colatina,small,-19.487476,-40.579362
QCP,Currais Novos Airport,BR,BR-RN,Currais Novos,small,-6.280832767486572,-36.540279388427734
QCU,Akunnaaq Heliport,GL,GL-QK,Akunnaaq,heliport,68.744273,-52.340369
QCY,RAF Coningsby,GB,GB-ENG,Coningsby,medium,53.0929985046,-0.166014000773
QDB,Cachoeira do Sul Airport,BR,BR-RS,Cachoeira Do Sul,small,-30.00189971923828,-52.940799713134766
QDJ,Tsletsi Airport,DZ,DZ-17,Djelfa,small,34.6657,3.351
QDV,Comte. Rolim Adolfo Amaro–Jundiaí State Airport,BR,BR-SP,Jundiaí,small,-23.180861,-46.943921
QDY,Taean Airport,KR,KR-44,Taean,small,36.593781,126.29662
QET,Troll Airfield,AQ,AQ-U-A,Troll Station,small,-71.95714,2.45257
QFG,Eqalugaarsuit Heliport,GL,GL-KU,Eqalugaarsuit,heliport,60.61972,-45.914062
QFI,Iginniarfik Heliport,GL,GL-QK,Iginniarfik,heliport,68.147226,-53.173528
QFX,Igaliku Heliport,GL,GL-KU,Igaliku,heliport,60.99229,-45.431428
QGF,Montenegro Airport,BR,BR-RS,Montenegro,small,-29.71940040588379,-51.48939895629883
QGP,Garanhuns Airport,BR,BR-PE,Garanhuns,small,-8.83428,-36.4716
QGQ,Attu Heliport,GL,GL-QK,Attu,heliport,67.940663,-53.62187
QGU,Gifu Airport,JP,JP-21,Gifu,medium,35.3941,136.869995
QHB,Piracicaba Airport,BR,BR-SP,Piracicaba,small,-22.7115,-47.618198
QHN,Taguatinga Airport,BR,BR-TO,Taguatinga,small,-12.433889389038086,-46.40055465698242
QHR,Harar Meda Airport,ET,ET-OR,Debre Zeyit,medium,8.7163,39.0059
QHU,Husum-Schwesing Airport,DE,DE-SH,Husum,small,54.5099983215,9.13833332062
QHV,Novo Hamburgo Airport,BR,BR-RS,Novo Hamburgo,small,-29.69610023498535,-51.08169937133789
QIG,Iguatu Airport,BR,BR-CE,Iguatu,small,-6.346319,-39.294448
QIT,Itapetinga Airport,BR,BR-BA,Itapetinga,small,-15.244500160217283,-40.277198791503906
QJB,Jubail Airport,SA,SA-04,Jubail,medium,27.039,49.405102
QJE,Kitsissuarsuit Heliport,GL,GL-QK,Kitsissuarsuit,heliport,68.857926,-53.123295
QJH,Qassimiut Heliport,GL,GL-KU,Qassimiut,heliport,60.780959,-47.156249
QJI,Ikamiut Heliport,GL,GL-QK,Ikamiut,heliport,68.634253,-51.832262
QJP,Pocheon (G-217) Airport,KR,KR-41,Pocheon,small,37.864555,127.176633
QKA,Aban Uqua Airportse,US,US-ID,KXXQO City,small,-14.735092,-91.112751
QLD,Blida Airport,DZ,DZ-09,Blida,medium,36.503601,2.81417
QLR,Monte Real Air Base,PT,PT-10,,medium,39.828335,-8.8875
QMH,Oum El Bouaghi Air Base,DZ,DZ-04,Oum El Bouaghi,small,35.8797,7.2708
QMJ,Shahid Asiyaee Airport,IR,IR-06,Masjed Soleyman,medium,32.001719,49.268599
QNS,Canoas Air Force Base,BR,BR-RS,Porto Alegre,medium,-29.945928,-51.144413
QOQ,Saarloq Heliport,GL,GL-KU,Saarloq,heliport,60.537778,-46.024722
QOW,Sam Mbakwe International Airport,NG,NG-IM,Owerri,medium,5.427060127258301,7.206029891967773
QPG,Paya Lebar Air Base,SG,SG-04,Paya Lebar,medium,1.36042,103.910004
QPH,Palapye Airport,BW,BW-CE,Palapye,small,-22.564087,27.136745
QPS,Campo Fontenelle,BR,BR-SP,Pirassununga,medium,-21.984692,-47.341207
QPW,Kangaatsiaq Heliport,GL,GL-QK,Kangaatsiaq,heliport,68.312657,-53.460208
QRA,Rand Airport,ZA,ZA-GT,Johannesburg,medium,-26.2425,28.151199
QRF,Bragado Airport,AR,AR-B,Bragado,small,-35.145811,-60.480294
QRM,Narromine Airport,AU,AU-NSW,,medium,-32.214699,148.225006
QRO,Querétaro Intercontinental Airport,MX,MX-QUE,Querétaro,medium,20.6173,-100.185997
QRW,Warri Airport,NG,NG-DE,Warri,medium,5.59611,5.81778
QRY,Ikerassaarsuk Heliport,GL,GL-QK,Ikerassaarsuk,heliport,68.140881,-53.441459
QSC,Mário Pereira Lopes–São Carlos Airport,BR,BR-SP,São Carlos,small,-21.875401,-47.903703
QSF,Ain Arnat Airport,DZ,DZ-19,Sétif,medium,36.178100585900005,5.3244900703399995
QSI,Moshi Airport,TZ,TZ-09,Moshi,small,-3.36333,37.3269
QSR,Salerno Costa d'Amalfi Airport,IT,IT-72,Salerno,medium,40.620399,14.9113
QSX,New Amsterdam Airport,GY,GY-EB,New Amsterdam,small,6.244324,-57.474172
QSZ,Shache Airport,CN,CN-65,Shache,medium,38.24542,77.056149
QUB,Ubari Airport,LY,LY-WD,Ubari,small,26.567499,12.8231
QUG,Goodwood Aerodrome,GB,GB-ENG,Chichester,small,50.859402,-0.759167
QUO,Akwa Ibom International Airport,NG,NG-AK,Uyo,medium,4.8725,8.093
QUS,Gusau Airport,NG,NG-ZA,Gusau,medium,12.1717,6.69611
QUV,Aappilattoq Heliport,GL,GL-KU,Aappilattoq,heliport,60.148357,-44.286916
QUW,Ammassivik Heliport,GL,GL-KU,Ammassivik,heliport,60.597376,-45.382445
QUY,RAF Wyton,GB,GB-ENG,St. Ives,small,52.357201,-0.107833
RAA,Rakanda Airport,PG,PG-EBR,Rakanda,small,-4.2096,152.4385
RAB,Tokua Airport,PG,PG-EBR,Kokopo,medium,-4.34046,152.380005
RAC,John H Batten Airport,US,US-WI,Racine,small,42.7606010437,-87.8152008057
RAD,Road Town Seaplane Base,VG,VG-U-A,Tortola,seaplane_base,18.418273,-64.617369
RAE,Arar Domestic Airport,SA,SA-08,Arar,medium,30.90660095214844,41.13819885253906
RAF,Rafaela Airport,AR,AR-S,Rafaela,small,-31.2825,-61.5017
RAG,Raglan Aerodrome,NZ,NZ-WKO,Raglan,small,-37.804699,174.860001
RAH,Rafha Domestic Airport,SA,SA-08,Rafha,medium,29.626399993896484,43.4906005859375
RAI,Nelson Mandela International Airport,CV,CV-S,Praia,medium,14.941126,-23.484728
RAJ,Rajkot Airport,IN,IN-GJ,Rajkot,medium,22.3092002869,70.77950286869999
RAK,Menara Airport,MA,MA-MAR,Marrakech,medium,31.606899261499997,-8.03629970551
RAL,Riverside Municipal Airport,US,US-CA,Riverside,medium,33.9519,-117.445
RAM,Ramingining Airport,AU,AU-NT,,small,-12.356399536132812,134.8979949951172
RAN,Ravenna Airport,IT,IT-45,Ravenna,small,44.36391,12.224978
RAO,Leite Lopes Airport,BR,BR-SP,Ribeirão Preto,medium,-21.134314,-47.774053
RAP,Rapid City Regional Airport,US,US-SD,Rapid City,medium,44.0452995300293,-103.05699920654295
RAQ,Sugimanuru Airport,ID,ID-SG,Raha,small,-4.763298,122.566352
RAR,Rarotonga International Airport,CK,CK-U-A,Avarua,medium,-21.2027,-159.806
RAS,Sardar-e-Jangal Airport,IR,IR-01,Rasht,medium,37.323333,49.617778
RAV,Cravo Norte Airport,CO,CO-ARA,Cravo Norte,small,6.316404,-70.21137
RAW,Arawa Airport,PG,PG-NSB,Arawa,small,-6.220556,155.571389
RAX,Oram Airport,PG,PG-CPM,,small,-9.632916666669995,148.048055556
RAZ,Rawalakot Airport,PK,PK-JK,Rawalakot,medium,33.849700927734375,73.79810333251953
RBA,Rabat-Salé Airport,MA,MA-RBA,Rabat,medium,34.051498,-6.75152
RBB,Borba Airport,BR,BR-AM,Borba,small,-4.40634,-59.602402
RBC,Robinvale Airport,AU,AU-VIC,Robinvale,small,-34.642887,142.773042
RBD,Dallas Executive Airport,US,US-TX,Dallas,small,32.6809005737,-96.8682022095
RBE,Ratanakiri Airport,KH,KH-16,Ratanakiri,medium,13.729999542236328,106.98699951171876
RBF,Big Bear City Airport,US,US-CA,Big Bear,small,34.263802,-116.856003
RBG,Roseburg Regional Airport,US,US-OR,Roseburg,small,43.238800048799995,-123.356002808
RBI,Rabi Island Airport,FJ,FJ-N,Rabi Island,small,-16.5337,179.9757
RBJ,Rebun Airport,JP,JP-01,Rebun,small,45.4550018311,141.039001465
RBK,French Valley Airport,US,US-CA,Murrieta,small,33.5742,-117.127998
RBL,Red Bluff Municipal Airport,US,US-CA,Red Bluff,medium,40.1506996155,-122.251998901
RBM,Straubing Airport,DE,DE-BY,Atting,small,48.900833,12.516667
RBO,Roboré Airport,BO,BO-S,Roboré,small,-18.328224,-59.765339
RBP,Raba Raba Airport,PG,PG-MBA,Rabaraba,small,-9.97111111111,149.832222222
RBQ,Rurrenabaque Airport,BO,BO-B,Rurrenabaque,small,-14.4279,-67.496803
RBR,Rio Branco-Plácido de Castro International Airport,BR,BR-AC,Rio Branco,medium,-9.869031,-67.893984
RBS,Orbost Airport,AU,AU-VIC,,small,-37.790000915527344,148.61000061035156
RBT,Marsabit Airport,KE,KE-400,Marsabit,small,2.344254,37.999996
RBU,Roebourne Airport,AU,AU-WA,Roebourne,small,-20.763898,117.155199
RBV,Ramata Airport,SB,SB-WE,Ramata,small,-8.168060302734375,157.64300537109375
RBW,Lowcountry Regional Airport,US,US-SC,Walterboro,small,32.921001434299995,-80.6406021118
RBX,Rumbek Airport,SS,SS-18,Rumbek,small,6.831074,29.669073
RBY,Ruby Airport,US,US-AK,Ruby,medium,64.727203,-155.470001
RBZ,Shahrisabz Southwest Airport,UZ,UZ-QA,Shahrisabz,small,39.030067,66.775825
RCA,Ellsworth Air Force Base,US,US-SD,Rapid City,medium,44.14500046,-103.1039963
RCB,Richards Bay Airport,ZA,ZA-NL,Richards Bay,medium,-28.740999221800003,32.0920982361
RCE,Roche Harbor Airport,US,US-WA,Roche Harbor,small,48.612301,-123.139
RCH,Almirante Padilla Airport,CO,CO-LAG,Riohacha,medium,11.5262,-72.926
RCK,H H Coffield Regional Airport,US,US-TX,Rockdale,small,30.6315994263,-96.9897003174
RCL,Redcliffe Airport,VU,VU-PAM,Redcliffe,small,-15.4720001221,167.835006714
RCM,Richmond Airport,AU,AU-QLD,,small,-20.701900482177734,143.11500549316406
RCO,Rochefort-Saint-Agnant (BA 721) Airport,FR,FR-NAQ,Rochefort/Saint-Agnant,medium,45.887798,-0.983056
RCQ,Reconquista Airport,AR,AR-S,Reconquista,medium,-29.2103,-59.68
RCR,Fulton County Airport,US,US-IN,Rochester,small,41.0656013489,-86.18170166019999
RCS,Rochester Airport,GB,GB-ENG,"Rochester, Kent",small,51.351898,0.503333
RCT,Nartron Field,US,US-MI,Reed City,small,43.9000015259,-85.5167007446
RCU,Area De Material Airport,AR,AR-X,Rio Cuarto,medium,-33.085098,-64.261299
RCY,Rum Cay Airport,BS,BS-RC,,small,23.684401,-74.836197
RDA,Rockhampton Downs Airport,AU,AU-NT,Rockhampton Downs,small,-18.95330047607422,135.2010040283203
RDB,Red Dog Airport,US,US-AK,Red Dog,small,68.032097,-162.899002
RDC,Redenção Airport,BR,BR-PA,Redenção,small,-8.03329,-49.9799
RDD,Redding Municipal Airport,US,US-CA,Redding,medium,40.50899887,-122.2929993
RDE,Merdey Airport,ID,ID-PB,Merdei-Papua Island,small,-1.591154,133.295867
RDG,Reading Regional Airport (Carl A Spaatz Field),US,US-PA,Reading,medium,40.378502,-75.965202
RDL,Bardawil International Airport,EG,EG-SIN,El Hassana,medium,30.410714,33.15535
RDM,Roberts Field,US,US-OR,Redmond,medium,44.2541008,-121.1500015
RDN,LTS Pulau Redang Airport,MY,MY-11,Redang,small,5.764804,103.004942
RDO,Radom Airport,PL,PL-MZ,Radom,medium,51.389198,21.213301
RDP,Kazi Nazrul Islam Airport,IN,IN-WB,Durgapur,medium,23.6225,87.243
RDR,Grand Forks Air Force Base,US,US-ND,Grand Forks,medium,47.961101532,-97.4011993408
RDS,Rincon De Los Sauces Airport,AR,AR-Q,Rincon de los Sauces,medium,-37.390598,-68.904198
RDT,Richard Toll Airport,SN,SN-SL,Richard Toll,small,16.437816,-15.656376
RDU,Raleigh Durham International Airport,US,US-NC,Raleigh/Durham,large,35.877602,-78.787498
RDV,Red Devil Airport,US,US-AK,Red Devil,small,61.788101,-157.350006
RDZ,Rodez–Aveyron Airport,FR,FR-OCC,Rodez/Marcillac,medium,44.407902,2.48267
REA,Reao Airport,PF,PF-U-A,Reao,medium,-18.46652,-136.43855
REB,Rechlin-Lärz Airport,DE,DE-MV,Lärz,small,53.306389,12.752222
REC,Recife/Guararapes - Gilberto Freyre International Airport,BR,BR-PE,Recife,medium,-8.125984,-34.923316
RED,Mifflin County Airport,US,US-PA,Reedsville,small,40.6773986816,-77.6268005371
REE,Reese Airpark,US,US-TX,Lubbock,small,33.590301513672,-102.03700256348
REG,Reggio Calabria Airport,IT,IT-78,Reggio Calabria,medium,38.071201,15.6516
REI,Régina Airport,GF,GF-CY,Régina,small,4.31339,-52.132745
REL,Almirante Marco Andres Zar Airport,AR,AR-U,Rawson,medium,-43.2105,-65.2703
REN,Orenburg Central Airport,RU,RU-ORE,Orenburg,medium,51.795799255371094,55.45669937133789
REO,Rome State Airport,US,US-OR,Rome,small,42.5777015686,-117.885002136
REQ,Reko Diq Airport,PK,PK-BA,Chagai,small,29.04692,62.196819
RER,Retalhuleu Airport,GT,GT-RE,Retalhuleu,medium,14.521431,-91.697001
RES,Resistencia International Airport,AR,AR-H,Resistencia,medium,-27.45,-59.0561
RET,Røst Airport,NO,NO-18,Røst,small,67.526482,12.101575
REU,Reus Airport,ES,ES-CT,Reus,medium,41.1474,1.16717
REW,"Rewa Airport, Chorhata, REWA",IN,IN-MP,Rewa,medium,24.503401,81.220299
REX,General Lucio Blanco International Airport,MX,MX-TAM,Reynosa,medium,26.0089,-98.2285
REY,Reyes Airport,BO,BO-B,Reyes,small,-14.3044,-67.353401
REZ,Resende Airport,BR,BR-RJ,Resende,small,-22.4785,-44.480301
RFA,Rafaï Airport,CF,CF-MB,Rafaï,small,4.988609790802002,23.927799224853516
RFD,Chicago Rockford International Airport,US,US-IL,Chicago/Rockford,medium,42.1954,-89.097198
RFG,Rooke Field,US,US-TX,Refugio,small,28.2936,-97.322998
RFK,Rollang Field,US,US-MS,Rolling Fork,small,32.953543,-90.845144
RFN,Raufarhöfn Airport,IS,IS-6,Raufarhöfn,small,66.406403,-15.9183
RFP,Raiatea Airport,PF,PF-U-A,Uturoa,medium,-16.7229,-151.466003
RFR,Rio Frio / Progreso Airport,CR,CR-H,Rio Frio / Progreso,small,10.327400207519531,-83.88760375976562
RFS,Rosita Airport,NI,NI-AN,La Rosita,small,13.889699935913086,-84.40889739990234
RGA,Gobernador Ramón Trejo Noel International Airport,AR,AR-V,Rio Grande,medium,-53.7777,-67.7494
RGH,Balurghat Airport,IN,IN-WB,Balurghat,small,25.2617,88.795601
RGI,Rangiroa Airport,PF,PF-U-A,,medium,-14.954299926757812,-147.66099548339844
RGK,Gorno-Altaysk Airport,RU,RU-AL,Gorno-Altaysk,medium,51.969204,85.836539
RGL,Piloto Civil N. Fernández Airport,AR,AR-Z,Rio Gallegos,medium,-51.6089,-69.3126
RGN,Yangon International Airport,MM,MM-06,Yangon,large,16.907300949099998,96.1332015991
RGO,Orang (Chongjin) Airport,KP,KP-09,Hoemun-ri,medium,41.428538,129.647555
RGR,Ranger Municipal Airport,US,US-TX,Ranger,small,32.4525985718,-98.682800293
RGS,Burgos Airport,ES,ES-CL,Burgos,medium,42.357601,-3.62076
RGT,Japura Airport,ID,ID-RI,Rengat-Sumatra Island,medium,-0.352808,102.334999
RHA,Reykhólar Airport,IS,IS-4,Reykhólar,small,65.45262908935547,-22.20611572265625
RHD,Termas de Río Hondo international Airport,AR,AR-G,Termas de Río Hondo,medium,-27.4966,-64.93595
RHG,Ruhengeri Airport,RW,RW-03,Ruhengeri,small,-1.496873,29.631343
RHI,Rhinelander Oneida County Airport,US,US-WI,Rhinelander,medium,45.63119888305664,-89.46749877929688
RHL,Roy Hill Station Airport,AU,AU-WA,,small,-22.625815891,119.959030151
RHN,Skorpion Mine Airport,,NA-KA,Rosh Pinah,small,-27.8764,16.6478
RHO,Diagoras Airport,GR,GR-L,Rhodes,medium,36.405399,28.086201
RHP,Ramechhap Airport,NP,NP-P3,Ramechhap,small,27.393999,86.061401
RHR,Ras al Khaimah Al Hamra Seaplane Base,AE,AE-RK,Ras Al Khaimah,seaplane_base,25.691,55.778
RHT,Alxa Right Banner Badanjilin Airport,CN,CN-15,Badanjilin,small,39.225,101.546
RHV,Reid-Hillview Airport of Santa Clara County,US,US-CA,San Jose,small,37.332901001,-121.819000244
RIA,Santa Maria Airport,BR,BR-RS,Santa Maria,medium,-29.711399,-53.688202
RIB,Capitán Av. Selin Zeitun Lopez Airport,BO,BO-B,Riberalta,medium,-11.009355,-66.075468
RIC,Richmond International Airport,US,US-VA,Richmond,large,37.505199,-77.319702
RID,Richmond Municipal Airport,US,US-IN,Richmond,small,39.757198,-84.842796
RIE,Rice Lake Regional Airport - Carl's Field,US,US-WI,Rice Lake,small,45.423024,-91.773127
RIF,Richfield Municipal Airport,US,US-UT,Richfield,small,38.734068,-112.101603
RIG,Rio Grande Regional Airport,BR,BR-RS,Rio Grande,small,-32.083065,-52.167184
RIH,Scarlett Martinez International Airport,PA,PA-2,Río Hato,small,8.375880241394,-80.127899169922
RIJ,Juan Simons Vela Airport,PE,PE-SAM,Rioja,medium,-6.06786,-77.160004
RIL,Garfield County Regional Airport,US,US-CO,Rifle,medium,39.526299,-107.726997
RIM,San Nicolas Airport,PE,PE-AMA,Rodriguez de Mendoza,small,-6.39231,-77.501198
RIN,Ringi Cove Airport,SB,SB-WE,Ringi Cove,small,-8.12639045715332,157.14300537109375
RIR,Flabob Airport,US,US-CA,Riverside,small,33.9897,-117.411003
RIS,Rishiri Airport,JP,JP-01,Rishiri,medium,45.2420005798,141.186004639
RIV,March Air Reserve Base,US,US-CA,Riverside,medium,33.880699,-117.259003
RIW,Central Wyoming Regional Airport,US,US-WY,Riverton,medium,43.064201,-108.459999
RIX,Riga International Airport,LV,LV-062,Riga,large,56.923599,23.9711
RIY,Riyan Mukalla International Airport,YE,YE-HD,Riyan,medium,14.6626,49.375
RIZ,Rizhao Shanzihe Airport,CN,CN-37,Rizhao,medium,35.405033,119.324403
RJA,Rajahmundry Airport,IN,IN-AP,Madhurapudi,medium,17.105799,81.813204
RJB,Rajbiraj Airport,NP,NP-P2,Rajbiraj,small,26.510066,86.733902
RJH,Shah Mokhdum Airport,BD,BD-5,Rajshahi,medium,24.43720054626465,88.61650085449219
RJI,Rajouri Airport,IN,IN-JK,Rajouri,small,33.377899,74.315201
RJK,Rijeka Airport,HR,HR-08,Rijeka,medium,45.2169,14.5703
RJL,Logroño-Agoncillo Airport,ES,ES-RI,Logroño,medium,42.460953,-2.322235
RJM,Marinda Airport,ID,ID-PB,Waisai,small,-0.423056,130.773333
RJN,Rafsanjan Airport,IR,IR-08,Rafsanjan,medium,30.298345,56.048979
RKA,Aratika Nord Airport,PF,PF-U-A,,small,-15.485673,-145.464778
RKD,Knox County Regional Airport,US,US-ME,Rockland,medium,44.060101,-69.099197
RKE,Copenhagen Roskilde Airport,DK,DK-85,Copenhagen,medium,55.585602,12.1314
RKH,Rock Hill - York County Airport,US,US-SC,Rock Hill,small,34.9878006,-81.05719757
RKI,Mentawai Airport,ID,ID-SB,Sipura Island,small,-2.094167,99.699167
RKP,Aransas County Airport,US,US-TX,Rockport,small,28.0867996216,-97.0446014404
RKR,Robert S Kerr Airport,US,US-OK,Poteau,small,35.021599,-94.6213
RKS,Southwest Wyoming Regional Airport,US,US-WY,Rock Springs,medium,41.5942,-109.065001
RKT,Ras Al Khaimah International Airport,AE,AE-RK,Ras Al Khaimah,medium,25.613500595092773,55.93880081176758
RKU,Kairuku Airport,PG,PG-CPM,Yule Island,small,-8.817000054,146.5243833
RKV,Reykjavik Airport,IS,IS-1,Reykjavik,medium,64.1299972534,-21.9405994415
RKW,Rockwood Municipal Airport,US,US-TN,Rockwood,small,35.9222984314,-84.6896972656
RKY,Rokeby Airport,AU,AU-QLD,Rokeby,small,-13.6434,142.641
RKZ,Xigaze Peace Airport / Shigatse Air Base,CN,CN-54,Xigazê (Samzhubzê),medium,29.3519,89.311401
RLA,Rolla Downtown Airport,US,US-MO,Rolla,small,37.935699,-91.813499
RLD,Richland Airport,US,US-WA,Richland,small,46.305599,-119.304001
RLG,Rostock-Laage Airport,DE,DE-MV,Rostock,medium,53.9182014465,12.2783002853
RLK,Bayannur Tianjitai Airport,CN,CN-15,Bavannur,medium,40.926,107.7428
RLO,Valle Del Conlara International Airport,AR,AR-D,Merlo,small,-32.384701,-65.186501
RLP,Rosella Plains Airport,AU,AU-QLD,Rosella Plains,small,-18.4253,144.4587
RLR,Relais de la Reine Airport,MG,MG-U-A,Isalo,small,-22.645343,45.323914
RLT,Arlit Airport,NE,NE-1,Arlit,small,18.7903995514,7.36595010757
RMA,Roma Airport,AU,AU-QLD,Roma,medium,-26.545000076300003,148.774993896
RMB,Buraimi Airport,OM,OM-BU,Buraimi,small,24.241626,55.783674
RMD,Basanth Nagar Airport,IN,IN-TG,Ramagundam,small,18.701,79.3923
RME,Griffiss International Airport,US,US-NY,Rome,medium,43.23379898,-75.40699768
RMF,Marsa Alam International Airport,EG,EG-BA,Marsa Alam,medium,25.555548,34.59245
RMG,Richard B Russell Airport,US,US-GA,Rome,medium,34.3506011963,-85.15799713130001
RMI,Federico Fellini International Airport,IT,IT-45,Rimini,medium,44.020302,12.6117
RMK,Renmark Airport,AU,AU-SA,,medium,-34.1964,140.673996
RML,Colombo Ratmalana Airport,LK,LK-1,Colombo,medium,6.821990013122559,79.88619995117188
RMN,Rumginae Airport,PG,PG-WPD,,small,-5.89722222222,141.271666667
RMO,Chişinău International Airport,MD,MD-CU,Chişinău,medium,46.9277,28.931
RMP,Rampart Airport,US,US-AK,Rampart,small,65.507896,-150.141007
RMQ,Taichung International Airport / Ching Chuang Kang Air Base,TW,TW-TXG,Taichung (Qingshui),medium,24.2647,120.621002
RMS,Ramstein Air Base,DE,DE-RP,Ramstein-Miesenbach,medium,49.436901,7.60028
RMT,Rimatara Airport,PF,PF-U-A,Rimatara Island,small,-22.63725,-152.8059
RMU,Región de Murcia International Airport,ES,ES-MC,Corvera,medium,37.803,-1.125
RMY,Mariposa Yosemite Airport,US,US-CA,Mariposa,small,37.5108985901,-120.040000916
RMZ,Remezov Airport,RU,RU-TYU,Tobolsk,medium,58.058427,68.348801
RNA,Ulawa Airport,SB,SB-MK,Arona,small,-9.86054358262,161.979546547
RNB,Ronneby Airport,SE,SE-K,Ronneby,medium,56.266701,15.265
RNC,Warren County Memorial Airport,US,US-TN,Mc Minnville,small,35.69869995,-85.84380341
RND,Randolph Air Force Base,US,US-TX,Universal City,medium,29.529699,-98.2789
RNE,Roanne-Renaison Airport,FR,FR-ARA,Saint-Léger-sur-Roanne,medium,46.053818,3.999023
RNH,New Richmond Regional Airport,US,US-WI,New Richmond,medium,45.1483,-92.538101
RNI,Corn Island Airport,NI,NI-AS,Corn Island,small,12.174785,-83.059445
RNJ,Yoron Airport,JP,JP-46,Yoron,medium,27.044001,128.401993
RNL,Rennell/Tingoa Airport,SB,SB-RB,Rennell Island,small,-11.55,160.062778
RNM,Qarn Alam Airport,OM,OM-WU,Ghaba,small,21.377199,57.056293
RNN,Bornholm Airport,DK,DK-84,Rønne,medium,55.063301,14.7596
RNO,Reno Tahoe International Airport,US,US-NV,Reno,large,39.4991,-119.767998
RNP,Rongelap Island Airport,MH,MH-RON,Rongelap Island,small,11.1572,166.886993
RNS,Rennes-Saint-Jacques Airport,FR,FR-BRE,Rennes/Saint-Jacques,medium,48.0695,-1.73479
RNT,Renton Municipal Airport,US,US-WA,Renton,small,47.4930992126,-122.216003418
RNU,Ranau Airport,MY,MY-12,Ranau,small,5.957793,116.680191
RNZ,Jasper County Airport,US,US-IN,Rensselaer,small,40.9478988647,-87.1826019287
ROA,Roanoke–Blacksburg Regional Airport,US,US-VA,Roanoke,medium,37.3255,-79.975403
ROB,Roberts International Airport,LR,LR-MG,Monrovia,large,6.23379,-10.3623
ROC,Frederick Douglass Greater Rochester International Airport,US,US-NY,Rochester,medium,43.1189,-77.672401
ROD,Robertson Airport,ZA,ZA-WC,Robertson,medium,-33.812199,19.9028
ROF,Montague-Yreka Rohrer Field,US,US-CA,Montague,small,41.7304000854,-122.54599762
ROG,Rogers Municipal Airport-Carter Field,US,US-AR,Rogers,small,36.37229919,-94.10690308
ROH,Robinhood Airport,AU,AU-QLD,,small,-18.844999313354492,143.7100067138672
ROI,Roi Et Airport,TH,TH-45,Roi Et,medium,16.1168,103.774002
ROK,Rockhampton Airport,AU,AU-QLD,Rockhampton,medium,-23.380019,150.475359
ROL,Roosevelt Municipal Airport,US,US-UT,Roosevelt,small,40.278301,-110.051003
RON,Juan Jose Rondon Airport,CO,CO-BOY,Paipa,small,5.76454,-73.1054
ROO,Maestro Marinho Franco Airport,BR,BR-MT,Rondonópolis,medium,-16.584292,-54.724803
ROP,Rota International Airport,MP,MP-U-A,Rota Island,medium,14.1743,145.242996
ROR,Babelthuap Airport,PW,PW-004,Babelthuap Island,medium,7.36731,134.544236
ROS,Rosario Islas Malvinas International Airport,AR,AR-S,Rosario,medium,-32.9036,-60.785
ROT,Rotorua Regional Airport,NZ,NZ-BOP,Rotorua,medium,-38.1092,176.317001
ROU,Ruse Airport,BG,BG-18,Shtraklevo,small,43.694801,26.0567
ROV,Platov International Airport,RU,RU-ROS,Rostov-on-Don,large,47.493888,39.924722
ROW,Roswell Air Center Airport,US,US-NM,Roswell,medium,33.301601,-104.530998
ROX,Roseau Municipal Rudy Billberg Field,US,US-MN,Roseau,small,48.855999,-95.696999
ROY,Rio Mayo Airport,AR,AR-U,Rio Mayo,small,-45.703899,-70.245598
ROZ,Rota Naval Station Airport,ES,ES-AN,Rota,medium,36.645198822,-6.34946012497
RPA,Rolpa Airport,NP,NP-P5,Rolpa,small,28.267292,82.756496
RPB,Roper Bar Airport,AU,AU-NT,Roper Bar,small,-14.734814,134.525485
RPM,Ngukurr Airport,AU,AU-NT,,medium,-14.7228,134.746994
RPN,Rosh Pina Airport,IL,IL-Z,Rosh Pina,medium,32.980999,35.571899
RPR,Swami Vivekananda Airport,IN,IN-CT,Raipur,medium,21.180401,81.7388
RPU,Urucu Airport,BR,BR-AM,Urucu,small,-4.884263,-65.355421
RPV,Roper Valley Airport,AU,AU-NT,Roper Valley,small,-14.9215,134.05
RPX,Roundup Airport,US,US-MT,Roundup,small,46.475095,-108.541497
RQA,Ruoqiang Loulan Airport,CN,CN-65,Ruoqiang Town,medium,38.974722,88.008333
RQO,El Reno Regional Airport,US,US-OK,El Reno,small,35.472698,-98.005798
RQW,Qayyarah West Airport,IQ,IQ-NI,Qayyarah,medium,35.7672,43.125099
RQY,Rashtrakavi Kuvempu Airport,IN,IN-KA,Shimoga,medium,13.858024,75.618868
RRE,Marree Airport,AU,AU-SA,,small,-29.663299560546875,138.06500244140625
RRG,Sir Charles Gaetan Duval Airport,MU,MU-VP,Port Mathurin,medium,-19.7577,63.361
RRJ,Jacarepaguá - Roberto Marinho Airport,BR,BR-RJ,Rio De Janeiro,small,-22.986773,-43.372194
RRK,Rourkela Airport,IN,IN-OR,Rourkela,medium,22.256571,84.815193
RRL,Merrill Municipal Airport,US,US-WI,Merrill,small,45.1988983154,-89.7128982544
RRM,Marromeu Airport,MZ,MZ-S,Marromeu,small,-18.319259,35.949501
RRR,Raroia Airport,PF,PF-U-A,Raroia,small,-16.050485,-142.476568
RRS,Røros Airport,NO,NO-50,Røros,medium,62.578399658203,11.342300415039
RRT,Warroad International Memorial Airport,US,US-MN,Warroad,small,48.94139862,-95.3483963
RRV,Robinson River Airport,AU,AU-NT,,small,-16.7182998657,136.945007324
RSA,Santa Rosa Airport,AR,AR-L,Santa Rosa,medium,-36.588299,-64.275703
RSB,Roseberth Airport,AU,AU-QLD,,small,-25.825737,139.627476
RSD,Rock Sound Airport,BS,BS-SE,Rock Sound,medium,24.8950787333,-76.1768817902
RSE,Rose Bay Seaplane Base,AU,AU-NSW,Sydney,seaplane_base,-33.869,151.262
RSH,Russian Mission Airport,US,US-AK,Russian Mission,small,61.775071,-161.319466
RSI,Red Sea International Airport,SA,SA-07,Hanak,medium,25.627975,37.088914
RSJ,Rosario Seaplane Base,US,US-WA,Rosario,seaplane_base,48.645699,-122.867996
RSK,Abresso Airport,ID,ID-PB,Ransiki-Papua Island,small,-1.496771,134.175
RSL,Russell Municipal Airport,US,US-KS,Russell,medium,38.872100830078,-98.811798095703
RSN,Ruston Regional Airport,US,US-LA,Ruston,small,32.514187,-92.588517
RSS,Damazin Airport,SD,SD-24,Ad Damazin,small,11.7859,34.3367
RST,Rochester International Airport,US,US-MN,Rochester,medium,43.908298,-92.5
RSU,Yeosu Airport,KR,KR-46,Yeosu,medium,34.84230041503906,127.61699676513672
RSW,Southwest Florida International Airport,US,US-FL,Fort Myers,large,26.53619956970215,-81.75520324707031
RSX,Rouses Point Seaplane Base,US,US-NY,Rouses Point,seaplane_base,44.991699,-73.363073
RTA,Rotuma Airport,FJ,FJ-R,Rotuma,small,-12.482500076293944,177.0709991455078
RTB,Juan Manuel Gálvez International Airport,HN,HN-IB,Coxen Hole,medium,16.316799,-86.523003
RTC,Ratnagiri Airport,IN,IN-MM,,medium,17.013599,73.327797
RTE,Campo de Marte Airport,BR,BR-SP,São Paulo,medium,-23.5091,-46.637798
RTG,Frans Sales Lega Airport,ID,ID-NT,Satar Tacik,small,-8.596171,120.478177
RTI,David Constantijn Saudale Airport,ID,ID-NT,Ba'a - Rote Island,small,-10.7673,123.0747
RTL,Spirit Lake Municipal Airport,US,US-IA,Okoboji,small,43.387501,-95.139198
RTM,Rotterdam The Hague Airport,NL,NL-ZH,Rotterdam,medium,51.956902,4.43722
RTN,Raton Municipal Airport / Crews Field,US,US-NM,Raton,small,36.741501,-104.501999
RTO,Budiarto Airport,ID,ID-BT,Tangerang-Java Island,small,-6.293171,106.57
RTP,Rutland Plains Airport,AU,AU-QLD,Yagoonya,small,-15.644963,141.844373
RTS,Rottnest Island Airport,AU,AU-WA,,small,-32.006699,115.540001
RTY,Merty Merty Airport,AU,AU-SA,,small,-28.582713,140.303264
RUA,Arua Airport,UG,UG-N,Arua,medium,3.049152,30.911714
RUD,Shahrud International Airport,IR,IR-20,Shahrud,small,36.425301,55.104198
RUE,Rughenda Airfield,CD,CD-NK,Butembo,small,0.117142,29.312992
RUG,Rugao Air Base,CN,CN-32,Rugao,medium,32.25788497924805,120.50165557861328
RUH,King Khaled International Airport,SA,SA-01,Riyadh,large,24.9576,46.698799
RUI,Sierra Blanca Regional Airport,US,US-NM,Alto,medium,33.462799,-105.535004
RUK,Rukum Chaurjahari Airport,NP,NP-P6,Rukumkot,small,28.627001,82.194021
RUL,Maavaarulaa Airport,MV,MV-28,Maavaarulu,small,0.338085,73.512869
RUM,Rumjatar Airport,NP,NP-P1,Rumjatar,small,27.303499,86.5504
RUN,Roland Garros Airport,RE,RE-SD,Sainte-Marie,large,-20.890087,55.518894
RUP,Rupsi Airport,IN,IN-AS,Rupsi,small,26.141867,89.907892
RUR,Rurutu Airport,PF,PF-U-A,,medium,-22.434099197387695,-151.36099243164062
RUS,Marau Airport,SB,SB-GU,Marau,small,-9.86166954041,160.824996948
RUT,Rutland - Southern Vermont Regional Airport,US,US-VT,Rutland,medium,43.5294,-72.9496
RUU,Ruti Airport,PG,PG-WHM,Kawbenaberi,small,-5.334444444440001,144.256666667
RUV,Rubelsanto Airport,GT,GT-AV,Rubelsanto,medium,15.992,-90.445297
RUY,Rioamarillo Airport,HN,HN-CP,Copán Ruinas,small,14.914885,-89.007837
RVA,Farafangana Airport,MG,MG-F,Farafangana,small,-22.8053,47.820599
RVC,River Cess Airport and Heliport,LR,LR-RI,River Cess,small,5.472469,-9.58546
RVD,General Leite de Castro Airport,BR,BR-GO,Rio Verde,small,-17.834723,-50.956112
RVE,Los Colonizadores Airport,CO,CO-ARA,Saravena,small,6.951868,-71.857179
RVK,"Rørvik Airport, Ryum",NO,NO-50,Rørvik,medium,64.838302612305,11.14610004425
RVN,Rovaniemi Airport,FI,FI-10,Rovaniemi,medium,66.564796447754,25.830400466919
RVO,Reivilo Airport,ZA,ZA-NW,Reivilo,small,-27.547199249267575,24.17250061035156
RVR,Green River Municipal Airport,US,US-UT,Green River,small,38.9613990784,-110.226997375
RVS,Richard Lloyd Jones Jr Airport,US,US-OK,Tulsa,medium,36.039600372314,-95.984596252441
RVT,Ravensthorpe Airport,AU,AU-WA,,small,-33.7971992493,120.208000183
RVV,Raivavae Airport,PF,PF-U-A,,small,-23.885201,-147.662003
RVY,Presidente General Don Oscar D. Gestido International Airport,UY,UY-RV,Rivera,small,-30.9746,-55.4762
RWF,Redwood Falls Municipal Airport,US,US-MN,Redwood Falls,medium,44.547199,-95.082298
RWI,Rocky Mount Wilson Regional Airport,US,US-NC,Rocky Mount,medium,35.8563,-77.891899
RWL,Rawlins Municipal Airport/Harvey Field,US,US-WY,Rawlins,medium,41.80559921,-107.1999969
RWN,Rivne International Airport,UA,UA-19,Rivne,medium,50.60710144042969,26.141599655151367
RXA,Ar Rawdah Airport,YE,YE-SH,Ar Rawdah,small,14.44872,47.27955
RXE,Rexburg Madison County Airport,US,US-ID,Rexburg,small,43.8339,-111.805002
RXS,Roxas Airport,PH,PH-CAP,Roxas City,medium,11.597700119018556,122.7519989013672
RYB,Staroselye Airport,RU,RU-YAR,Rybinsk,medium,58.104198,38.929401
RYG,"Moss Airport, Rygge",NO,NO-30,Oslo,medium,59.378817,10.785439
RYK,Shaikh Zaid Airport,PK,PK-PB,Rahim Yar Khan,medium,28.383899688720703,70.27960205078125
RYL,Royal Zambezi Lodge Airstrip,ZM,ZM-09,Lower Zambezi River,small,-15.724789,29.303541
RYN,Royan-Médis Airport,FR,FR-NAQ,Royan/Médis,medium,45.628101,-0.9725
RYO,28 de Noviembre Airport,AR,AR-Z,Rio Turbio,small,-51.605,-72.2203
RZA,Santa Cruz Airport,AR,AR-Z,Puerto Santa Cruz,medium,-50.0165,-68.5792
RZE,Rzeszów-Jasionka Airport,PL,PL-PK,Jasionka,medium,50.109791,22.024155
RZH,Preobrazheniye Airport,RU,RU-PRI,Preobrazheniye,small,42.921698,133.904438
RZN,Turlatovo Airport,RU,RU-RYA,Ryazan,small,54.555901,39.855202
RZP,Cesar Lim Rodriguez (Taytay-Sandoval) Airport,PH,PH-PLW,Taytay,small,11.05065,119.519266
RZR,Ramsar Airport,IR,IR-02,Ramsar,medium,36.90701,50.687316
RZS,Sawan Airport,PK,PK-SD,Sawan Gas Field,small,26.9662,68.878098
RZV,Rize–Artvin Airport,TR,TR-53,Rize,medium,41.179625,40.850796
SAA,Shively Field,US,US-WY,Saratoga,small,41.444901,-106.823997
SAB,Juancho E. Yrausquin Airport,BQ,BQ-U-A,Saba,small,17.645000457763672,-63.220001220703125
SAC,Sacramento Executive Airport,US,US-CA,Sacramento,medium,38.5125007629,-121.492996216
SAD,Safford Regional Airport,US,US-AZ,Safford,small,32.85480118,-109.6350021
SAE,Saattut Heliport,GL,GL-AV,Saattut,heliport,70.811172,-51.63129
SAF,Santa Fe Municipal Airport,US,US-NM,Santa Fe,medium,35.6171,-106.088997
SAG,Shirdi Airport,IN,IN-MM,Kakadi,medium,19.688752,74.377354
SAH,Sana'a International Airport,YE,YE-SN,Sana'a,medium,15.476300239562988,44.21969985961914
SAI,Siem Reap-Angkor International Airport,KH,KH-17,Siem Reap,large,13.369167,104.223056
SAK,Sauðárkrókur Airport,IS,IS-5,Sauðárkrókur,small,65.73169708249999,-19.572799682599996
SAL,Monseñor Óscar Arnulfo Romero International Airport,SV,SV-PA,San Salvador (San Luis Talpa),large,13.4409,-89.055702
SAM,Salamo Airport,PG,PG-MBA,Salamo,small,-9.6701,150.7903
SAN,San Diego International Airport,US,US-CA,San Diego,large,32.7336006165,-117.190002441
SAP,Ramón Villeda Morales International Airport,HN,HN-CR,San Pedro Sula,medium,15.4526,-87.923599
SAQ,San Andros Airport,BS,BS-NS,Andros Island,medium,25.053800582885746,-78.04900360107422
SAR,Sparta Community Airport - Hunter Field,US,US-IL,Sparta,small,38.148899,-89.6987
SAS,Salton Sea Airport,US,US-CA,Salton City,small,33.2414016724,-115.952003479
SAT,San Antonio International Airport,US,US-TX,San Antonio,large,29.533701,-98.469803
SAU,Sabu-Tardanu Airport,ID,ID-NT,Sabu-Sawu Island,small,-10.4924,121.8482
SAV,Savannah Hilton Head International Airport,US,US-GA,Savannah,large,32.127602,-81.202103
SAW,Istanbul Sabiha Gökçen International Airport,TR,TR-34,"Pendik, Istanbul",large,40.898602,29.3092
SAX,Sambú Airport,PA,PA-5,Boca de Sábalo,small,8.026279,-78.209555
SAY,Siena-Ampugnano Airport,IT,IT-52,Siena,medium,43.256302,11.255
SAZ,Sasstown Airport,LR,LR-GK,Sasstown,small,4.681845,-8.434668
SBA,Santa Barbara Municipal Airport,US,US-CA,Santa Barbara,medium,34.426201,-119.839996
SBB,Santa Bárbara de Barinas Airport,VE,VE-E,Santa Bárbara,small,7.803514,-71.165718
SBC,Selbang Airport,PG,PG-WPD,Selbang,small,-5.315,141.752
SBD,San Bernardino International Airport,US,US-CA,San Bernardino,medium,34.095402,-117.235001
SBE,Suabi Airport,PG,PG-WPD,,small,-6.10444444444,142.278333333
SBF,Sardeh Band Airport,AF,AF-GHA,Sardeh Band,small,33.3207015991,68.6364974976
SBG,Maimun Saleh Airport,ID,ID-AC,Sabang,small,5.874668,95.33967
SBH,Saint Barthélemy - Rémy de Haenen Airport,BL,BL-U-A,Gustavia / Saint-Jean,medium,17.9044,-62.843601
SBI,Sambailo Airport,GN,GN-B,Koundara,small,12.575315,-13.363349
SBJ,São Mateus - Ernesto Bonomo Airport,BR,BR-ES,São Mateus,small,-18.7213,-39.833698
SBK,Saint-Brieuc-Armor Airport,FR,FR-BRE,Saint-Brieuc/Armor,medium,48.5378,-2.85444
SBL,Santa Ana Del Yacuma Airport,BO,BO-B,Santa Ana del Yacuma,medium,-13.7622003555,-65.4352035522
SBM,Sheboygan County Memorial Airport,US,US-WI,Sheboygan,small,43.76959991,-87.85140228
SBN,South Bend Regional Airport,US,US-IN,South Bend,medium,41.708698,-86.317299
SBO,Salina Gunnison Airport,US,US-UT,Salina,small,39.029098510699995,-111.837997437
SBP,San Luis County Regional Airport,US,US-CA,San Luis Obispo,medium,35.236801147499996,-120.641998291
SBQ,Sibi Airport,PK,PK-BA,Sibi,small,29.571199,67.8479
SBR,Saibai Island Airport,AU,AU-QLD,Saibai Island,small,-9.37833,142.625
SBS,Steamboat Springs Bob Adams Field,US,US-CO,Steamboat Springs,small,40.5163002,-106.8659973
SBT,Sabetta International Airport,RU,RU-YAN,Sabetta,medium,71.219167,72.052222
SBU,Springbok Airport,ZA,ZA-NC,Springbok,medium,-29.689300537109375,17.939599990844727
SBV,Sabah Airport,PG,PG-NSB,Sabah,small,-5.5765,155.0489
SBW,Sibu Airport,MY,MY-13,Sibu,medium,2.2616,111.985001
SBX,Shelby Airport,US,US-MT,Shelby,small,48.5406990051,-111.871002197
SBY,Salisbury Ocean City Wicomico Regional Airport,US,US-MD,Salisbury,medium,38.34049987792969,-75.51029968261719
SBZ,Sibiu International Airport,RO,RO-SB,Sibiu,medium,45.785841,24.086666
SCA,Santa Catalina Airport,CO,CO-COR,Santa Catalina,small,8.5,-76.175
SCB,Scribner State Airport,US,US-NE,Scribner,small,41.610298156738,-96.629898071289
SCC,Deadhorse Airport,US,US-AK,Deadhorse,medium,70.19470215,-148.4649963
SCD,Sulaco Airport,HN,HN-YO,Sulaco,small,14.90719985961914,-87.26339721679688
SCE,University Park Airport,US,US-PA,State College,medium,40.849374,-77.84852
SCF,Scottsdale Airport,US,US-AZ,Scottsdale,small,33.622898101807,-111.91100311279
SCG,Spring Creek Airport,AU,AU-QLD,,small,-18.637704,144.545672
SCH,Schenectady County Airport,US,US-NY,Schenectady,medium,42.852500915527,-73.928901672363
SCI,Paramillo Airport,VE,VE-S,,medium,7.80132,-72.202904
SCK,Stockton Metropolitan Airport,US,US-CA,Stockton,medium,37.893279,-121.238079
SCL,Comodoro Arturo Merino Benítez International Airport,CL,CL-RM,Santiago,large,-33.393001556396484,-70.78579711914062
SCM,Scammon Bay Airport,US,US-AK,Scammon Bay,small,61.84471,-165.575209
SCN,Saarbrücken Airport,DE,DE-SL,Saarbrücken,medium,49.2145996094,7.10950994492
SCO,Aktau Airport,KZ,KZ-MAN,Aktau,medium,43.860093,51.09086
SCP,Mont-Dauphin - St-Crépin Airfield,FR,FR-PAC,,small,44.701698,6.60028
SCQ,Santiago-Rosalía de Castro Airport,ES,ES-GA,Santiago de Compostela,large,42.896301,-8.41514
SCR,Scandinavian Mountains Airport,SE,SE-W,Malung-Sälen,medium,61.158393,12.842503
SCT,Socotra International Airport,YE,YE-HD,Socotra Islands,medium,12.63070011138916,53.905799865722656
SCU,Antonio Maceo International Airport,CU,CU-13,Santiago,medium,19.96980094909668,-75.83540344238281
SCV,Suceava Stefan cel Mare Airport,RO,RO-SV,Suceava,medium,47.6875,26.35409927368164
SCW,Syktyvkar Airport,RU,RU-KO,Syktyvkar,medium,61.64699935913086,50.84510040283203
SCX,Estación Aeronaval de Salina Cruz,MX,MX-OAX,Salina Cruz,small,16.212601,-95.201599
SCY,San Cristóbal Airport,EC,EC-W,Puerto Baquerizo Moreno,small,-0.910206,-89.617401
SCZ,Santa Cruz/Graciosa Bay/Luova Airport,SB,SB-TE,Santa Cruz/Graciosa Bay/Luova,small,-10.7203,165.794998
SDB,Langebaanweg Airport,ZA,ZA-WC,Langebaanweg,medium,-32.968898773199996,18.1602993011
SDC,Sand Creek Airport,GY,GY-UT,Sand Creek,small,2.9913,-59.51
SDD,Lubango Airport,AO,AO-HUI,Lubango,medium,-14.924699783325195,13.574999809265137
SDE,Vicecomodoro Angel D. La Paz Aragonés Airport,AR,AR-G,Santiago del Estero,medium,-27.765556335399996,-64.3099975586
SDF,Louisville Muhammad Ali International Airport,US,US-KY,Louisville,large,38.1744,-85.736
SDG,Sanandaj Airport,IR,IR-12,,medium,35.24589920043945,47.00920104980469
SDI,Saidor Airport,PG,PG-MPM,Saidor,small,-5.62713888889,146.462777778
SDJ,Sendai Airport,JP,JP-04,Natori,large,38.139702,140.917007
SDK,Sandakan Airport,MY,MY-12,Sandakan,medium,5.900899887084961,118.05899810791016
SDL,Sundsvall-Härnösand Airport,SE,SE-Y,Sundsvall/ Härnösand,medium,62.528099060058594,17.443899154663086
SDM,Brown Field Municipal Airport,US,US-CA,San Diego,medium,32.572639,-116.980019
SDN,"Sandane Airport, Anda",NO,NO-46,Sandane,small,61.830002,6.10583
SDP,Sand Point Airport,US,US-AK,Sand Point,medium,55.313908,-160.522099
SDQ,Las Américas International Airport,DO,DO-01,Santo Domingo,large,18.42970085144,-69.668899536133
SDR,Seve Ballesteros-Santander Airport,ES,ES-CB,Santander,medium,43.427101,-3.82001
SDS,Sado Airport,JP,JP-15,Sado,medium,38.0601997375,138.414001465
SDT,Saidu Sharif Airport,PK,PK-KP,Saidu Sharif,medium,34.8135986328125,72.35279846191406
SDU,Santos Dumont Airport,BR,BR-RJ,Rio de Janeiro,medium,-22.9105,-43.163101
SDW,Sindhudurg Airport,IN,IN-MM,Sindhudurg,medium,16.0,73.533333
SDX,Sedona Airport,US,US-AZ,Sedona,small,34.848598480225,-111.78800201416
SDY,Sidney - Richland Regional Airport,US,US-MT,Sidney,medium,47.705141,-104.194422
SEA,Seattle–Tacoma International Airport,US,US-WA,Seattle,large,47.447943,-122.310276
SEB,Sabha Airport,LY,LY-SB,Sabha,medium,26.992452,14.466162
SEE,Gillespie Field,US,US-CA,San Diego/El Cajon,small,32.826198577881,-116.97200012207
SEF,Sebring Regional Airport,US,US-FL,Sebring,small,27.45639992,-81.3423996
SEG,Penn Valley Airport,US,US-PA,Selinsgrove,small,40.820598602295,-76.863899230957
SEH,Senggeh Airport,ID,ID-PA,Senggeh,small,-3.442448,140.778079
SEK,Srednekolymsk Airport,RU,RU-SA,Srednekolymsk,medium,67.4805,153.7364
SEM,Craig Field,US,US-AL,Selma,small,32.343898773193,-86.987800598145
SEN,London Southend Airport,GB,GB-ENG,"Southend-on-Sea, Essex",medium,51.570562,0.693627
SEO,Séguéla Airport,CI,CI-WR,Séguéla,small,7.96,-6.644167
SEP,Stephenville Clark Regional Airport,US,US-TX,Stephenville,small,32.215302,-98.177696
SEQ,Sungai Pakning Bengkalis Airport,ID,ID-RI,Bengkalis-Sumatra Island,small,1.37,102.139999
SER,Freeman Municipal Airport,US,US-IN,Seymour,small,38.923599243164,-85.907402038574
SES,Svetlogorsk Airport,RU,RU-KYA,Svetlogorsk,medium,66.839996,88.403336
SET,Santa Magalhães Airport,BR,BR-PE,Serra Talhada,small,-8.061433,-38.328888
SEU,Seronera Airport,TZ,TZ-13,Seronera,small,-2.45806,34.822498
SEV,Sievierodonetsk Airport,UA,UA-09,Sievierodonetsk,small,48.900926,38.54279
SEW,Siwa Oasis North Airport,EG,EG-MT,Siwa Oasis,small,29.346234,25.505624
SEY,Sélibaby Airport,MR,MR-10,Sélibaby,small,15.179699897766112,-12.207300186157228
SEZ,Seychelles International Airport,SC,SC-20,Mahe Island,large,-4.67434,55.521801
SFA,Sfax Thyna International Airport,TN,TN-61,Sfax,medium,34.71799850463867,10.690999984741213
SFB,Orlando Sanford International Airport,US,US-FL,Orlando,large,28.777599334716797,-81.23750305175781
SFC,St-François Airport,GP,GP-U-A,St-François,small,16.257799,-61.262501
SFD,San Fernando De Apure Airport,VE,VE-C,Inglaterra,medium,7.88332,-67.444
SFE,San Fernando Airport,PH,PH-LUN,,medium,16.595600128173828,120.3030014038086
SFF,Felts Field,US,US-WA,Spokane,medium,47.682899,-117.321925
SFG,Grand Case-Espérance Airport,MF,MF-U-A,Grand Case,medium,18.099899,-63.047199
SFH,Aeropuerto Internacional San Felipe,MX,MX-BCN,Mexicali,large,30.931996,-114.80847
SFJ,Kangerlussuaq Airport,GL,GL-QA,Kangerlussuaq,medium,67.010446,-50.715294
SFK,Soure Airport,BR,BR-PA,Soure,small,-0.697844,-48.519759
SFL,São Filipe Airport,CV,CV-S,São Filipe,small,14.8850002289,-24.4799995422
SFM,Sanford Seacoast Regional Airport,US,US-ME,Sanford,small,43.393901824951,-70.708000183105
SFN,Sauce Viejo Airport,AR,AR-S,Santa Fe,medium,-31.7117,-60.8117
SFO,San Francisco International Airport,US,US-CA,San Francisco,large,37.619806,-122.374821
SFS,Subic Bay International Airport / Naval Air Station Cubi Point,PH,PH-ZMB,Olongapo,medium,14.7944,120.271004
SFT,Skellefteå Airport,SE,SE-AC,Skellefteå,medium,64.62480163574219,21.076900482177734
SFU,Safia Airport,PG,PG-NPP,Safia,small,-9.59305555556,148.636111111
SFV,Fazenda Trêz Irmãos Airport,BR,BR-SP,Santa Fé Do Sul,small,-20.227777,-50.968334
SFX,Macagua Airport,VE,VE-F,Ciudad Guayana,small,8.2788,-62.6652
SFZ,North Central State Airport,US,US-RI,Pawtucket,small,41.9207992554,-71.49140167239999
SGA,Sheghnan Airport,AF,AF-BDS,Shiveh,small,37.497642,71.508484
SGC,Surgut Airport,RU,RU-KHM,Surgut,medium,61.34370040893555,73.40180206298828
SGD,Sønderborg Airport,DK,DK-83,Sønderborg,medium,54.96440124511719,9.791729927062988
SGE,Siegerland Airport,DE,DE-NW,Burbach,medium,50.707699,8.08297
SGF,Springfield Branson National Airport,US,US-MO,Springfield,medium,37.245701,-93.388603
SGG,Sermiligaaq Heliport,GL,GL-SE,Sermiligaaq,heliport,65.90592,-36.378254
SGH,Springfield-Beckley Municipal Airport,US,US-OH,Springfield,medium,39.840301513672,-83.840202331543
SGI,Mushaf Air Base,PK,PK-PB,Sargodha,medium,32.04859924316406,72.66500091552734
SGK,Sengapi Airstrip,PG,PG-MPM,Sengapi,small,-5.12583333333,144.323611111
SGL,Danilo Atienza Air Base,PH,PH-CAV,Cavite,medium,14.4954,120.903999
SGM,San Ignacio Airport,MX,MX-BCS,Mulegé,small,27.296473,-112.938809
SGN,Tan Son Nhat International Airport,VN,VN-SE,Ho Chi Minh City,large,10.8188,106.652
SGO,St George Airport,AU,AU-QLD,,small,-28.049699783325195,148.59500122070312
SGP,Shay Gap Airport,AU,AU-WA,Shay Gap,small,-20.4247,120.140999
SGQ,Sanggata/Sangkimah Airport,ID,ID-KI,Sanggata/Sangkimah,small,0.3847,117.543
SGR,Sugar Land Regional Airport,US,US-TX,Houston,medium,29.622299194336,-95.65650177002
SGT,Stuttgart Municipal Airport / Carl Humphrey Field,US,US-AR,Stuttgart,small,34.599499,-91.574997
SGU,St George Regional Airport,US,US-UT,St George,medium,37.036389,-113.510306
SGV,Sierra Grande Airport,AR,AR-R,Sierra Grande,small,-41.591702,-65.339401
SGW,Saginaw Seaplane Base,US,US-AK,Saginaw Bay,seaplane_base,56.8862991333,-134.158004761
SGX,Songea Airport,TZ,TZ-21,Songea,small,-10.683,35.583
SGY,Skagway Airport,US,US-AK,Skagway,small,59.460343,-135.316651
SGZ,Songkhla Airport,TH,TH-90,,medium,7.186560153961182,100.60800170898438
SHA,Shanghai Hongqiao International Airport,CN,CN-31,Shanghai (Minhang),large,31.198104,121.33426
SHB,Nakashibetsu Airport,JP,JP-01,Nakashibetsu,medium,43.5774993896,144.960006714
SHC,Shire Inda Selassie Airport,ET,ET-TI,Shire Inda Selassie,small,14.075699,38.273592
SHD,Shenandoah Valley Regional Airport,US,US-VA,Weyers Cave,medium,38.263802,-78.8964
SHE,Shenyang Taoxian International Airport,CN,CN-21,"Hunnan, Shenyang",large,41.639801,123.483002
SHF,Shihezi Huayuan Airport,CN,CN-65,Shihezi,small,44.2421,85.8905
SHG,Shungnak Airport,US,US-AK,Shungnak,small,66.88809967041,-157.16200256348
SHH,Shishmaref Airport,US,US-AK,Shishmaref,small,66.249604,-166.089112
SHI,Miyako Shimojishima Airport,JP,JP-47,Miyakojima,medium,24.8267,125.144997
SHJ,Sharjah International Airport,AE,AE-SH,Sharjah,large,25.3286,55.5172
SHK,Sehonghong Airport,LS,LS-K,Sehonghong,small,-29.731088,28.767945
SHL,Shillong Airport,IN,IN-ML,Shillong,medium,25.70359992980957,91.97869873046876
SHM,Nanki Shirahama Airport,JP,JP-30,Shirahama,medium,33.6622009277,135.363998413
SHN,Sanderson Field,US,US-WA,Shelton,small,47.233600616455,-123.14800262451
SHO,King Mswati III International Airport,SZ,SZ-LU,Mpaka,large,-26.358611,31.716944
SHQ,Southport Airport,AU,AU-QLD,,small,-27.921848,153.371469
SHR,Sheridan County Airport,US,US-WY,Sheridan,medium,44.76919937133789,-106.9800033569336
SHS,Jingzhou Shashi Airport,CN,CN-42,Jingzhou (Shashi),medium,30.29281,112.44854
SHT,Shepparton Airport,AU,AU-VIC,,medium,-36.428341,145.391473
SHU,Smith Point Airport,AU,AU-NT,,small,-11.133566,132.15957
SHV,Shreveport Regional Airport,US,US-LA,Shreveport,medium,32.446602,-93.8256
SHW,Sharurah Domestic Airport,SA,SA-10,Sharurah,medium,17.4669,47.121399
SHX,Shageluk Airport,US,US-AK,Shageluk,small,62.692144,-159.569035
SHY,Shinyanga Airport,TZ,TZ-22,Shinyanga,small,-3.6093,33.5035
SHZ,Seshutes Airport,LS,LS-C,Seshutes,small,-29.267599,28.552299
SIA,Xi'an Xiguan Airport,CN,CN-61,Xi'an (Baqiao),medium,34.376701,109.120003
SIB,Sibiti Airport,CG,CG-2,Sibiti,small,-3.683,13.35
SIC,San José Island Airport,PA,PA-8,Las Perlas,small,8.2622,-79.078
SID,Amílcar Cabral International Airport,CV,CV-B,Espargos,large,16.7414,-22.9494
SIF,Simara Airport,NP,NP-P2,Simara,small,27.159803,84.980021
SIG,Fernando Luis Ribas Dominicci Airport,PR,PR-U-A,San Juan,medium,18.45680046081543,-66.09809875488281
SIH,Silgadi Doti Airport,NP,NP-P7,Silgadi Doti,small,29.262226,80.935968
SIJ,Siglufjörður Airport,IS,IS-6,Siglufjörður,medium,66.137847,-18.908157
SIK,Sikeston Memorial Municipal Airport,US,US-MO,Sikeston,small,36.898899078369,-89.561798095703
SIL,Sila Airport,PG,PG-NPP,Sila Mission,small,-9.07355555556,148.38925
SIM,Simbai Airport,PG,PG-MPM,Simbai,small,-5.278611111110001,144.544722222
SIN,Singapore Changi Airport,SG,SG-04,Singapore,large,1.35019,103.994003
SIO,Smithton Airport,AU,AU-TAS,,medium,-40.834999084472656,145.08399963378906
SIP,Simferopol International Airport,UA,UA-43,Simferopol,medium,45.0522,33.975101
SIQ,Dabo Airport,ID,ID-RI,Pasirkuning-Singkep Island,small,-0.479189,104.579002
SIR,Sion Airport,CH,CH-VS,Sion,medium,46.219166,7.326944
SIS,Sishen Airport,ZA,ZA-NC,Sishen,medium,-27.6486,22.9993
SIT,Sitka Rocky Gutierrez Airport,US,US-AK,Sitka,medium,57.04710006713867,-135.36199951171875
SIU,Siuna,NI,NI-AN,Siuna,small,13.727222,-84.777779
SIV,Sullivan County Airport,US,US-IN,Sullivan,small,39.1147,-87.448303
SIW,Sibisa Airport,ID,ID-SU,Parapat-Sumatra Island,small,2.601944,98.96389
SIX,Singleton Airport,AU,AU-NSW,Singleton,small,-32.600832,151.193056
SIY,Siskiyou County Airport,US,US-CA,Montague,small,41.781399,-122.468002
SIZ,Sissano Airport,PG,PG-SAN,Sissano,small,-2.99944444444,142.0445
SJA,San Juan de Marcona Airport,PE,PE-ICA,San Juan de Marcona,small,-15.357508,-75.135005
SJB,San Joaquín Airport,BO,BO-B,San Joaquín,small,-13.0528,-64.661697
SJC,Norman Y. Mineta San Jose International Airport,US,US-CA,San Jose,large,37.362452,-121.929188
SJD,Aeropuerto Internacional de Los Cabos,MX,MX-BCS,San José del Cabo,large,23.151919,-109.720731
SJE,Jorge E. Gonzalez Torres Airport,CO,CO-GUV,San José Del Guaviare,medium,2.57969,-72.6394
SJF,Cruz Bay Seaplane Base,VI,VI-U-A,Saint John Island,seaplane_base,18.3315,-64.796
SJH,San Juan Del César Airport,CO,CO-CES,San Juan Del César,small,10.766667,-73.016667
SJI,San Jose Airport,PH,PH-MDC,San Jose,medium,12.361499786399998,121.04699707
SJJ,Sarajevo International Airport,BA,BA-BIH,Sarajevo,medium,43.8246,18.331499
SJK,Professor Urbano Ernesto Stumpf Airport,BR,BR-SP,São José Dos Campos,medium,-23.2292,-45.8615
SJL,São Gabriel da Cachoeira Airport,BR,BR-AM,São Gabriel da Cachoeira,medium,-0.14835,-66.9855
SJN,St Johns Industrial Air Park,US,US-AZ,St Johns,small,34.51860046,-109.3789978
SJO,Juan Santamaría International Airport,CR,CR-A,San José (Alajuela),medium,9.99386,-84.208801
SJP,Prof. Eribelto Manoel Reino State Airport,BR,BR-SP,São José do Rio Preto,medium,-20.817113,-49.406963
SJQ,Sesheke Airport,ZM,ZM-01,Sesheke,small,-17.47632,24.306089
SJR,San Juan De Uraba Airport,CO,CO-ANT,San Juan De Uraba,small,8.766667,-76.533333
SJS,San José De Chiquitos Airport,BO,BO-S,San José de Chiquitos,small,-17.830799,-60.743099
SJT,San Angelo Regional Mathis Field,US,US-TX,San Angelo,medium,31.35770034790039,-100.49600219726562
SJU,Luis Munoz Marin International Airport,PR,PR-U-A,San Juan,large,18.4394,-66.001801
SJV,San Javier Airport,BO,BO-S,San Javier,small,-16.2708,-62.470299
SJW,Shijiazhuang Zhengding International Airport,CN,CN-13,Shijiazhuang,medium,38.280701,114.696999
SJX,Sartaneja Airport,BZ,BZ-CZL,Sartaneja,medium,18.3561,-88.130798
SJY,Seinäjoki Airport,FI,FI-03,Seinäjoki / Ilmajoki,medium,62.692101,22.8323
SJZ,São Jorge Airport,PT,PT-20,Velas,medium,38.665501,-28.1758
SKA,Fairchild Air Force Base,US,US-WA,Spokane,medium,47.615101,-117.655998
SKB,Robert L. Bradshaw International Airport,KN,KN-U-A,Basseterre,medium,17.311199188232422,-62.71870040893555
SKC,Suki Airport,PG,PG-WPD,Suki,small,-8.0466,141.7222
SKD,Samarkand Airport,UZ,UZ-SA,Samarkand,medium,39.70050048828125,66.98380279541016
SKE,Skien Airport,NO,NO-40,Geiteryggen,medium,59.185001,9.56694
SKF,Lackland Air Force Base,US,US-TX,San Antonio,medium,29.38419914,-98.58110046
SKG,Thessaloniki Macedonia International Airport,GR,GR-B,Thessaloniki,large,40.51928,22.970009
SKH,Surkhet Airport,NP,NP-P6,Surkhet,small,28.586,81.636002
SKJ,Singkawang Airport (under construction),ID,ID-KB,,small,0.789936,108.960395
SKK,Shaktoolik Airport,US,US-AK,Shaktoolik,small,64.371101,-161.223999
SKL,Broadford Airstrip,GB,GB-SCT,Ashaig,small,57.253399,-5.8279
SKM,Skeldon Airport,GY,GY-EB,Skeldon,small,5.8599,-57.14894
SKN,"Stokmarknes Airport, Skagen",NO,NO-18,Hadsel,medium,68.578827,15.033417
SKO,Sadiq Abubakar III International Airport,NG,NG-SO,Sokoto,medium,12.916299819946287,5.207190036773682
SKP,Skopje International Airport,MK,MK-008,Ilinden,large,41.958087,21.622581
SKQ,Sekakes Airport,LS,LS-H,Sekakes,small,-30.0389,28.3703
SKR,Shakiso Airport,ET,ET-OR,Shakiso,small,5.6923,38.9764
SKS,Skrydstrup Air Base,DK,DK-83,Vojens,medium,55.221048,9.26702
SKT,Sialkot International Airport,PK,PK-PB,Sialkot,medium,32.535557,74.363892
SKU,Skiros Airport,GR,GR-H,Skiros Island,small,38.9676017761,24.4871997833
SKV,Saint Catherine International Airport,EG,EG-JS,Saint Catherine,medium,28.684601,34.062681
SKW,Skwentna Airport,US,US-AK,Skwentna,small,61.9653015137,-151.190994263
SKX,Saransk Airport,RU,RU-MO,Saransk,medium,54.12512969970703,45.212257385253906
SKZ,Sukkur Airport,PK,PK-SD,Mirpur Khas,medium,27.722000122070312,68.79170227050781
SLA,Martin Miguel De Guemes International Airport,AR,AR-A,Salta,medium,-24.856000900299996,-65.4861984253
SLB,Storm Lake Municipal Airport,US,US-IA,Storm Lake,small,42.5973014832,-95.2406997681
SLC,Salt Lake City International Airport,US,US-UT,Salt Lake City,large,40.78886,-111.979866
SLD,Sliač Airport,SK,SK-BC,Sliač,medium,48.63779830932617,19.13409996032715
SLE,Salem Municipal Airport/McNary Field,US,US-OR,Salem,medium,44.9095,-123.002998
SLF,As-Sulayyil Airport,SA,SA-01,As-Sulayyil,small,20.464701,45.619598
SLG,Smith Field,US,US-AR,Siloam Springs,small,36.191898,-94.489998
SLH,Sola Airport,VU,VU-TOB,Sola,small,-13.8516998291,167.537002563
SLI,Solwesi Airport,ZM,ZM-06,Solwesi,small,-12.173700332641602,26.365100860595703
SLJ,Solomon Airport,AU,AU-WA,Karijini National Park,small,-22.25677,117.850454
SLK,Adirondack Regional Airport,US,US-NY,Saranac Lake,medium,44.38691,-74.204629
SLL,Salalah Airport,OM,OM-ZU,Salalah,medium,17.038700103759766,54.09130096435547
SLM,Salamanca Airport,ES,ES-CL,Salamanca,medium,40.952099,-5.50199
SLN,Salina Municipal Airport,US,US-KS,Salina,medium,38.79100036621094,-97.6521987915039
SLO,Salem–Leckrone Airport,US,US-IL,Salem,small,38.642899,-88.964203
SLP,Ponciano Arriaga International Airport,MX,MX-SLP,San Luis Potosí,medium,22.254299163800003,-100.930999756
SLQ,Sleetmute Airport,US,US-AK,Sleetmute,small,61.7005,-157.166
SLR,Sulphur Springs Municipal Airport,US,US-TX,Sulphur Springs,small,33.159801483154,-95.621101379395
SLT,Salida Airport - Harriet Alexander Field,US,US-CO,Salida,small,38.5383,-106.049004
SLU,George F. L. Charles Airport,LC,LC-02,Castries,medium,14.0202,-60.992901
SLV,Shimla Airport,IN,IN-HP,Jubbarhatti,small,31.0818,77.068001
SLW,Plan De Guadalupe International Airport,MX,MX-COA,Saltillo,medium,25.544145,-100.930195
SLX,Salt Cay Airport,TC,TC-SL,Salt Cay,small,21.3330001831,-71.1999969482
SLY,Salekhard Airport,RU,RU-YAN,Salekhard,medium,66.5907974243164,66.61100006103516
SLZ,Marechal Cunha Machado International Airport,BR,BR-MA,São Luís,medium,-2.58536,-44.2341
SMA,Santa Maria Airport,PT,PT-20,Vila do Porto,medium,36.97140121459961,-25.17060089111328
SMB,Franco Bianco Airport,CL,CL-MA,Cerro Sombrero,small,-52.736698,-69.333603
SMD,Smith Field,US,US-IN,Fort Wayne,small,41.14339828,-85.15280151
SME,Lake Cumberland Regional Airport,US,US-KY,Somerset,medium,37.0533981323,-84.6158981323
SMF,Sacramento International Airport,US,US-CA,Sacramento,large,38.6954,-121.591003
SMH,Sapmanga Airport,PG,PG-MPL,Sapmanga,small,-6.075277777779999,146.811111111
SMI,Samos Airport,GR,GR-K,Samos Island,medium,37.689999,26.911699
SMJ,Sim Airport,PG,PG-MPL,Sim,small,-7.75,146.9273
SMK,St Michael Airport,US,US-AK,St Michael,small,63.49010086,-162.1100006
SML,Stella Maris Airport,BS,BS-LI,Stella Maris,medium,23.582317,-75.268621
SMM,Semporna Airport,MY,MY-12,Semporna,small,4.454596,118.595023
SMN,Lemhi County Airport,US,US-ID,Salmon,medium,45.122233,-113.88196
SMO,Santa Monica Municipal Airport,US,US-CA,Santa Monica,medium,34.0158,-118.450996
SMP,Stockholm Landing Strip,PG,PG-EBR,Stockholm,small,-4.35,151.55
SMQ,Sampit (Hasan) Airport,ID,ID-KT,Sampit,small,-2.499198,112.974987
SMR,Simón Bolívar International Airport,CO,CO-MAG,Santa Marta,medium,11.1196,-74.2306
SMS,Sainte Marie Airport,MG,MG-A,Vohilava,medium,-17.093901,49.8158
SMT,Adolino Bedin Regional Airport,BR,BR-MT,Sorriso,small,-12.479177,-55.672341
SMU,Sheep Mountain Airport,US,US-AK,Sheep Mountain,small,61.8120002747,-147.507003784
SMV,Samedan Airport,CH,CH-GR,Samedan,medium,46.5341,9.88411
SMW,Smara Airport,EH,EH-U-A,Smara,medium,26.731987,-11.683655
SMX,Santa Maria Public Airport Captain G Allan Hancock Field,US,US-CA,Santa Maria,medium,34.898899,-120.457001
SMY,Simenti Airport,SN,SN-TC,Simenti,small,13.046799659729004,-13.29539966583252
SMZ,Stoelmanseiland Airport,SR,SR-SI,Stoelmanseiland,small,4.35,-54.416668
SNA,John Wayne Orange County International Airport,US,US-CA,Santa Ana,large,33.675701,-117.867996
SNB,Snake Bay Airport,AU,AU-NT,Milikapiti,medium,-11.417674,130.648481
SNC,General Ulpiano Paez Airport,EC,EC-25,Salinas,medium,-2.210057,-80.985067
SNE,Preguiça Airport,CV,CV-B,Preguiça,medium,16.588852,-24.284132
SNF,Sub Teniente Nestor Arias Airport,VE,VE-U,San Felipe,medium,10.2787,-68.755203
SNG,Capitán Av. Juan Cochamanidis S. Airport,BO,BO-S,San Ignacio de Velasco,small,-16.3836,-60.962799
SNH,Stanthorpe Airport,AU,AU-QLD,,small,-28.620113,151.983281
SNI,Greenville/Sinoe Airport,LR,LR-SI,Greenville,small,5.032124,-9.064236
SNJ,San Julián Air Base,CU,CU-01,Sandino,medium,22.100525,-84.157376
SNK,Winston Field,US,US-TX,Snyder,small,32.690212,-100.948918
SNL,Shawnee Regional Airport,US,US-OK,Shawnee,small,35.357898712158,-96.942802429199
SNM,San Ignacio de Moxos Airport,BO,BO-B,San Ignacio de Moxos,small,-14.9658,-65.6338
SNN,Shannon Airport,IE,IE-CE,Shannon,large,52.702,-8.92482
SNO,Sakon Nakhon Airport,TH,TH-47,,medium,17.195100784301758,104.11900329589844
SNP,St Paul Island Airport,US,US-AK,St Paul Island,medium,57.166311,-170.222555
SNQ,San Quintín Military Airstrip,MX,MX-BCN,San Quintín,small,30.5288,-115.9462
SNR,Saint-Nazaire-Montoir Airport,FR,FR-PDL,Saint-Nazaire/Montoir,medium,47.31142,-2.152634
SNS,Salinas Municipal Airport,US,US-CA,Salinas,medium,36.662799835205,-121.60600280762
SNT,Las Cruces Airport,CO,CO-SAN,Sabana de Torres,small,7.38322,-73.505402
SNU,Abel Santamaria Airport,CU,CU-05,Santa Clara,medium,22.492201,-79.943604
SNV,Santa Elena de Uairen Airport,VE,VE-F,,medium,4.555,-61.150002
SNW,Thandwe Airport,MM,MM-16,Thandwe,medium,18.4606990814209,94.30010223388672
SNX,Semnan Municipal Airport,IR,IR-20,Semnan,small,35.591099,53.495098
SNY,Sidney Municipal Airport Lloyd W Carr Field,US,US-NE,Sidney,medium,41.101299,-102.985001
SNZ,Santa Cruz Air Force Base,BR,BR-RJ,Rio de Janeiro,medium,-22.9324,-43.719101
SOA,Sóc Trăng Airport,VN,VN-SW,Sóc Trăng,small,9.5814,105.9602
SOB,Hévíz–Balaton Airport,HU,HU-ZA,Sármellék,medium,46.686391,17.159084
SOC,Adisumarmo International Airport,ID,ID-JT,Surakarta,medium,-7.516044,110.757492
SOD,Sorocaba Airport,BR,BR-SP,Sorocaba,small,-23.478001,-47.490002
SOE,Souanke Airport,CG,CG-13,Souanke,small,1.998326,14.174217
SOF,Sofia Airport,BG,BG-22,Sofia,large,42.696357,23.417671
SOG,"Sogndal Airport, Haukåsen",NO,NO-46,Sogndal,small,61.156101,7.13778
SOH,Solita Airport,CO,CO-MET,Solita,small,3.016667,-71.75
SOI,South Molle Island Helipad,AU,AU-QLD,South Molle Island Resort,heliport,-20.2622,148.8399
SOJ,Sørkjosen Airport,NO,NO-54,Sørkjosen,medium,69.786796569824,20.959400177002
SOK,Semonkong Airport,LS,LS-A,Semonkong,small,-29.8386,28.059999
SOL,Solomon State Field,US,US-AK,Solomon,small,64.5605,-164.4457
SOM,San Tomé Airport,VE,VE-B,El Tigre,medium,8.9451465606689,-64.151084899902
SON,Santo Pekoa International Airport,VU,VU-SAM,Luganville,medium,-15.505000114399998,167.220001221
SOO,Söderhamn Airport,SE,SE-X,Söderhamn,medium,61.261501,17.0991
SOP,Moore County Airport,US,US-NC,Carthage,small,35.237184,-79.389381
SOQ,Domine Eduard Osok Airport,ID,ID-PB,Sorong,medium,-0.894,131.287
SOR,Al Thaurah Airport,SY,SY-DY,T2,small,34.390394,40.15256
SOT,Sodankyla Airport,FI,FI-10,Sodankyla,medium,67.3949966431,26.6191005707
SOU,Southampton Airport,GB,GB-ENG,Southampton,medium,50.950298,-1.3568
SOV,Seldovia Airport,US,US-AK,Seldovia,small,59.442981,-151.705227
SOW,Show Low Regional Airport,US,US-AZ,Show Low,medium,34.264062,-110.007091
SOX,Alberto Lleras Camargo Airport,CO,CO-BOY,Sogamoso,small,5.67732,-72.9703
SOY,Stronsay Airport,GB,GB-SCT,Stronsay,small,59.1553,-2.64139
SOZ,Solenzara (BA 126) Air Base,FR,FR-COR,Solenzara,medium,41.9244,9.406
SPA,Spartanburg Downtown Memorial Airport,US,US-SC,Spartanburg,small,34.915699005127,-81.956497192383
SPB,Charlotte Amalie Harbor Seaplane Base,VI,VI-U-A,Charlotte Amalie St Thomas,seaplane_base,18.338600158691406,-64.9406967163086
SPC,La Palma Airport,ES,ES-CN,"Sta Cruz de la Palma, La Palma Island",medium,28.626499,-17.7556
SPD,Saidpur Airport,BD,BD-5,Saidpur,medium,25.759199142456055,88.90889739990234
SPE,Sepulot Airport,MY,MY-12,Sepulot,small,4.732999801635742,116.46700286865234
SPF,Black Hills Airport-Clyde Ice Field,US,US-SD,Spearfish,small,44.48030090332,-103.78299713135
SPG,Albert Whitted Airport,US,US-FL,St Petersburg,small,27.7651,-82.626999
SPH,Sopu Airport,PG,PG-CPM,Sopu,small,-8.3038,147.1659
SPI,Abraham Lincoln Capital Airport,US,US-IL,Springfield,medium,39.844101,-89.677902
SPJ,Sparti Airfield,GR,GR-J,Sparti,small,36.9739,22.5263
SPM,Spangdahlem Air Base,DE,DE-RP,Trier,medium,49.976507,6.698413
SPN,Saipan International Airport,MP,MP-U-A,"I Fadang, Saipan",medium,15.119,145.729004
SPP,Menongue Airport,AO,AO-CCU,Menongue,medium,-14.657600402832031,17.71980094909668
SPQ,Catalina Air-Sea Terminal Heliport,US,US-CA,San Pedro,heliport,33.7491989136,-118.275001526
SPR,John Greif II Airport,BZ,BZ-CY,San Pedro,medium,17.9139,-87.9711
SPS,Wichita Falls Municipal Airport / Sheppard Air Force Base,US,US-TX,Wichita Falls,medium,33.9888,-98.491898
SPT,Sipitang Airport,MY,MY-12,Sipitang,small,5.0833330154418945,115.5500030517578
SPU,Split Airport,HR,HR-17,Split,medium,43.53889846801758,16.29800033569336
SPV,Sepik Plains Airport,PG,PG-ESW,Sepik Plains,small,-3.8821,143.6734
SPW,Spencer Municipal Airport,US,US-IA,Spencer,small,43.165500640869,-95.202796936035
SPX,Sphinx International Airport,EG,EG-GZ,Al Jiza,medium,30.108078,30.889252
SPY,San Pedro Airport,CI,CI-BS,,medium,4.74672,-6.66082
SPZ,Springdale Municipal Airport,US,US-AR,Springdale,small,36.176399231,-94.1193008423
SQA,Santa Ynez Airport,US,US-CA,Santa Ynez,small,34.60680008,-120.0759964
SQB,Santa Ana Airport,CO,CO-TOL,Piedras,small,4.408333,-75.021667
SQC,Southern Cross Airport,AU,AU-WA,,small,-31.24,119.360001
SQD,Shangrao Sanqingshan Airport,CN,CN-36,Shangrao,medium,28.3797,117.9643
SQE,San Luis De Palenque Airport,CO,CO-CAS,San Luis De Palenque,small,5.400181,-71.7001
SQF,Solano Airport,CO,CO-CAQ,Solano,small,0.702022,-75.2505
SQG,Tebelian Airport,ID,ID-KB,Sintang,medium,-0.045214,111.458049
SQH,Na San Airport,VN,VN-NW,Mai Son,small,21.215301,104.032803
SQI,Whiteside County Airport - Joseph H Bittorf Field,US,US-IL,Rock Falls,small,41.742175,-89.673629
SQJ,Sanming Shaxian Airport,CN,CN-35,Sanming,medium,26.4263,117.8336
SQK,Sidi EL Barrani Airport,EG,EG-MT,Sidi El Barrani,small,31.47201,25.879272
SQL,San Carlos Airport,US,US-CA,San Carlos,medium,37.51313,-122.250838
SQM,São Miguel do Araguaia Airport,BR,BR-GO,São Miguel Do Araguaia,small,-13.331299781799316,-50.197601318359375
SQN,Emalamo Sanana Airport,ID,ID-MU,Sanana,small,-2.097833,125.963833
SQO,Storuman Airport,SE,SE-AC,Storuman,medium,64.960899,17.6966
SQQ,Šiauliai International Airport,LT,LT-SA,Šiauliai,medium,55.89390182495117,23.395000457763672
SQR,Soroako Airport,ID,ID-SN,Soroako,small,-2.530582,121.356096
SQS,Matthew Spain Airport,BZ,BZ-CY,Spanish Lookout,small,17.185898,-89.009936
SQT,China Strait Airstrip,PG,PG-MBA,Samarai Island,small,-10.5627777778,150.690694444
SQU,Saposoa Airport,PE,PE-SAM,Plaza Saposoa,small,-6.96003,-76.768402
SQV,Sequim Valley Airport,US,US-WA,Sequim,small,48.098098754883,-123.18699645996
SQW,Skive Airport,DK,DK-82,Skive,medium,56.550201,9.17298
SQX,São Miguel do Oeste Airport,BR,BR-SC,São Miguel Do Oeste,small,-26.781601,-53.503502
SQY,São Lourenço do Sul Airport,BR,BR-RS,São Lourenço Do Sul,small,-31.38330078125,-52.03279876708984
SQZ,RAF Scampton,GB,GB-ENG,Scampton,medium,53.307800293,-0.550832986832
SRA,Luis Alberto Lehr Airport,BR,BR-RS,Santa Rosa,small,-27.90658,-54.520628
SRB,Santa Rosa De Yacuma Airport,BO,BO-B,Santa Rosa,small,-14.0662,-66.786797
SRC,Searcy Municipal Airport,US,US-AR,Searcy,small,35.210602,-91.737503
SRD,San Ramón Airport,BO,BO-B,San Ramón / Mamoré,small,-13.2639,-64.603897
SRE,Alcantarí Airport,BO,BO-H,Yamparaez,medium,-19.246835,-65.149611
SRG,Achmad Yani Airport,ID,ID-JT,Semarang,medium,-6.970732,110.373244
SRH,Sarh Airport,TD,TD-MC,Sarh,small,9.14444,18.374399
SRJ,Capitán Av. German Quiroga G. Airport,BO,BO-B,San Borja,small,-14.85919952392578,-66.73750305175781
SRK,Siorapaluk Heliport,GL,GL-AV,Siorapaluk,heliport,77.786517,-70.638657
SRL,Palo Verde Airport,MX,MX-BCS,Mulegé,small,27.0927,-112.0985
SRM,Sandringham Airport,AU,AU-QLD,Sandringham Station,small,-24.0568,139.0821
SRN,Strahan Airport,AU,AU-TAS,,small,-42.154998779296875,145.29200744628906
SRO,Santana Ramos Airport,CO,CO-HUI,Santana Ramos,small,2.216667,-75.25
SRP,"Stord Airport, Sørstokken",NO,NO-46,Leirvik,medium,59.791901,5.34085
SRQ,Sarasota Bradenton International Airport,US,US-FL,Sarasota/Bradenton,large,27.394631,-82.554359
SRR,Dunwich Airport,AU,AU-QLD,North Stradbroke Island,small,-27.519005,153.427618
SRS,San Marcos Airport,CO,CO-SUC,San Marcos,small,8.69,-75.156
SRT,Soroti Airport,UG,UG-E,Soroti,medium,1.7276899814605713,33.622798919677734
SRU,Surbung Airport,MM,MM-14,Falam,small,22.939167,93.615333
SRV,Stony River 2 Airport,US,US-AK,Stony River,small,61.7897,-156.589005
SRW,Mid-Carolina Regional Airport,US,US-NC,Salisbury,small,35.645901,-80.520302
SRX,Sirt International Airport / Ghardabiya Airbase,LY,LY-SR,Sirt,medium,31.063499,16.594999
SRY,Sari Dasht-e Naz International Airport,IR,IR-02,Sari,medium,36.644408,53.188761
SRZ,El Trompillo Airport,BO,BO-S,Santa Cruz,medium,-17.8115997314,-63.1715011597
SSA,Deputado Luiz Eduardo Magalhães International Airport,BR,BR-BA,Salvador,large,-12.908611,-38.322498
SSB,Christiansted Harbor Seaplane Base,VI,VI-U-A,Christiansted St Croix,seaplane_base,17.74720001220703,-64.70490264892578
SSC,Shaw Air Force Base,US,US-SC,Sumter,medium,33.972698,-80.470596
SSD,Víctor Lafón Airport,CL,CL-VS,San Felipe,small,-32.7458,-70.705002
SSE,Solapur Airport,IN,IN-MM,Solapur,medium,17.6280002594,75.93479919430001
SSF,Stinson Municipal Airport,US,US-TX,San Antonio,medium,29.336999893188,-98.471099853516
SSG,Malabo Airport,GQ,GQ-BN,Malabo,medium,3.755270004272461,8.708720207214355
SSH,Sharm El Sheikh International Airport,EG,EG-JS,Sharm El Sheikh,large,27.977272,34.394717
SSI,St Simons Island Airport,US,US-GA,St Simons Island,medium,31.1518,-81.391296
SSJ,"Sandnessjøen Airport, Stokka",NO,NO-18,Alstahaug,medium,65.956802,12.4689
SSK,Sturt Creek Airport,AU,AU-WA,Sturt Creek,small,-19.166400909423828,128.1739959716797
SSL,Santa Rosalia Airport,CO,CO-VID,Santa Rosalia,small,5.1309,-70.8682
SSN,Seoul Air Base (K-16),KR,KR-41,Seongnam,medium,37.444744,127.112718
SSO,São Lourenço Airport,BR,BR-MG,São Lourenço,small,-22.0909,-45.044498
SSP,Silver Plains Airport,AU,AU-QLD,Silver Plains,small,-13.9754,143.5537
SSQ,La Sarre Airport,CA,CA-QC,La Sarre,small,48.917198181152,-79.178596496582
SSR,Sara Airport,VU,VU-PAM,Pentecost Island,small,-15.4708003998,168.151992798
SSS,Siassi Airport,PG,PG-MPL,Siassi,small,-5.5965,147.8106
SST,Santa Teresita Airport,AR,AR-B,Santa Teresita,medium,-36.5423,-56.7218
SSW,Stuart Island Airpark,US,US-WA,Friday Harbor,small,48.673379,-123.175439
SSX,Singita Safari Lodge Airport,ZA,ZA-MP,Singita Safari Lodge,small,-24.801985,31.42194
SSY,Mbanza Congo Airport,AO,AO-ZAI,Mbanza Congo,medium,-6.269899845123291,14.246999740600586
SSZ,Santos Nero Moura Air Base / Guarujá Airport,BR,BR-SP,Guarujá,medium,-23.928192,-46.300195
STA,Stauning Airport,DK,DK-82,Skjern / Ringkøbing,medium,55.990101,8.35391
STB,Santa Bárbara del Zulia Airport,VE,VE-V,,medium,8.97455,-71.943253
STC,Saint Cloud Regional Airport,US,US-MN,Saint Cloud,medium,45.5466,-94.059898
STD,Mayor Buenaventura Vivas International Airport,VE,VE-S,Santo Domingo,medium,7.56538,-72.035103
STE,Stevens Point Municipal Airport,US,US-WI,Stevens Point,small,44.5452003479,-89.530296325684
STF,Stephens Island Seaplane Base,AU,AU-QLD,Stephens Island,seaplane_base,-9.51,143.55
STG,St George Airport,US,US-AK,St George,medium,56.577345,-169.663823
STH,Strathmore Airport,AU,AU-QLD,Strathmore,small,-17.862709,142.557788
STI,Cibao International Airport,DO,DO-25,Santiago,medium,19.406099319458008,-70.60469818115234
STJ,Rosecrans Memorial Airport,US,US-MO,St Joseph,medium,39.771900177002,-94.909698486328
STK,Sterling Municipal Airport,US,US-CO,Sterling,small,40.613497,-103.263833
STL,St Louis Lambert International Airport,US,US-MO,St Louis,large,38.748697,-90.370003
STM,Santarém - Maestro Wilson Fonseca International Airport,BR,BR-PA,Santarém,medium,-2.422423,-54.79306
STN,London Stansted Airport,GB,GB-ENG,London,large,51.884998,0.235
STP,Saint Paul Downtown Holman Field,US,US-MN,Saint Paul,medium,44.93479,-93.060036
STQ,St Marys Municipal Airport,US,US-PA,St Marys,small,41.412498474121,-78.502601623535
STR,Stuttgart Airport,DE,DE-BW,Stuttgart,large,48.689899,9.22196
STS,Charles M. Schulz Sonoma County Airport,US,US-CA,Santa Rosa,medium,38.50899887,-122.8130035
STT,Cyril E. King Airport,VI,VI-U-A,Charlotte Amalie,medium,18.337091,-64.977251
STU,Santa Cruz Airport,BZ,BZ-CZL,Santa Cruz,small,18.2721004486084,-88.456298828125
STV,Surat Airport,IN,IN-GJ,Surat,medium,21.1141,72.741798
STW,Stavropol Shpakovskoye Airport,RU,RU-STA,Stavropol,medium,45.10919952392578,42.11280059814453
STX,Henry E Rohlsen Airport,VI,VI-U-A,Christiansted,medium,17.701900482177734,-64.79859924316406
STY,Nueva Hesperides International Airport,UY,UY-SA,Salto,medium,-31.438499,-57.985298
STZ,Santa Terezinha Airport,BR,BR-MT,Santa Terezinha,small,-10.464722,-50.518612
SUA,Witham Field,US,US-FL,Stuart,small,27.18169975,-80.22109985
SUB,Juanda International Airport,ID,ID-JI,Surabaya,large,-7.37983,112.787003
SUD,Stroud Municipal Airport,US,US-OK,Stroud,small,35.789600372314,-96.655700683594
SUE,Door County Cherryland Airport,US,US-WI,Sturgeon Bay,small,44.84370041,-87.42150116
SUF,Lamezia Terme Airport,IT,IT-78,Lamezia Terme (CZ),medium,38.905399,16.2423
SUG,Surigao Airport,PH,PH-SUN,Surigao City,medium,9.755838325629998,125.480947495
SUI,Sukhumi Babushara /  Vladislav Ardzinba International Airport,GE,GE-AB,Sukhumi,medium,42.8582,41.128101
SUJ,Satu Mare Airport,RO,RO-SM,Satu Mare,medium,47.70330047607422,22.88570022583008
SUK,Sakkyryr Airport,RU,RU-SA,Batagay-Alyta,small,67.792,130.394
SUL,Sui Airport,PK,PK-BA,Sui,medium,28.645099639892575,69.1769027709961
SUM,Sumter Airport,US,US-SC,Sumter,small,33.994998931885,-80.361297607422
SUN,Friedman Memorial Airport,US,US-ID,Hailey,medium,43.50439835,-114.2959976
SUO,Sunriver Airport,US,US-OR,Sunriver,small,43.876301,-121.453003
SUP,Trunojoyo Airport,ID,ID-JI,Sumenep-Madura Island,small,-7.0242,113.89023
SUQ,Sucúa Airport,EC,EC-S,Sucúa,small,-2.474201,-78.169041
SUR,Summer Beaver Airport,CA,CA-ON,Summer Beaver,small,52.70859909057617,-88.54190063476562
SUS,Spirit of St Louis Airport,US,US-MO,St Louis,medium,38.662102,-90.652
SUT,Sumbawanga Airport,TZ,TZ-20,Sumbawanga,small,-7.948889,31.610278
SUU,Travis Air Force Base,US,US-CA,Fairfield,medium,38.262699,-121.927002
SUV,Nausori International Airport,FJ,FJ-C,Nausori,medium,-18.04330062866211,178.5590057373047
SUW,Richard I Bong Memorial Airport,US,US-WI,Superior,small,46.688612,-92.095041
SUX,Sioux Gateway Airport / Brigadier General Bud Day Field,US,US-IA,Sioux City,medium,42.397605,-96.382237
SUY,Suntar Airport,RU,RU-SA,Suntar,small,62.185001373291,117.63500213623
SVA,Savoonga Airport,US,US-AK,Savoonga,medium,63.686401,-170.492996
SVB,Sambava Airport,MG,MG-D,Sambava,medium,-14.2786,50.174702
SVC,Grant County Airport,US,US-NM,Silver City,medium,32.636701,-108.154736
SVD,Argyle International Airport,VC,VC-04,Kingstown,medium,13.156695,-61.149945
SVE,Susanville Municipal Airport,US,US-CA,Susanville,small,40.375702,-120.572998
SVF,Savé Airport,BJ,BJ-CO,Savé,small,8.018170356750488,2.4645800590515137
SVG,"Stavanger Airport, Sola",NO,NO-11,Stavanger,large,58.876701,5.63778
SVH,Statesville Regional Airport,US,US-NC,Statesville,small,35.765301,-80.953903
SVI,Eduardo Falla Solano Airport,CO,CO-CAQ,San Vicente Del Caguán,medium,2.15217,-74.7663
SVJ,"Svolvær Airport, Helle",NO,NO-18,Svolvær,medium,68.243301,14.6692
SVK,Silver Creek Airport,BZ,BZ-SC,Silver Creek,small,16.728338,-88.369174
SVL,Savonlinna Airport,FI,FI-04,Savonlinna,medium,61.9431,28.945101
SVN,Hunter Army Air Field,US,US-GA,Savannah,medium,32.00999832,-81.14569855
SVO,Sheremetyevo International Airport,RU,RU-MOS,Moscow,large,55.972599,37.4146
SVP,Kuito Airport,AO,AO-BIE,Kuito,medium,-12.404600143433,16.947399139404
SVQ,Sevilla Airport,ES,ES-AN,Sevilla,medium,37.417999,-5.89311
SVR,Savissivik Heliport,GL,GL-AV,Savissivik,heliport,76.018613,-65.117683
SVS,Stevens Village Airport,US,US-AK,Stevens Village,small,66.016727,-149.056835
SVT,Savuti Airport,BW,BW-CH,Savuti,small,-18.518475,24.077687
SVU,Savusavu Airport,FJ,FJ-N,Savusavu,small,-16.803394,179.340587
SVV,San Salvador de Paul Airport,VE,VE-F,San Salvador de Paul,small,7.0,-62.0
SVW,Sparrevohn LRRS Airport,US,US-AK,Sparrevohn,medium,61.09740067,-155.5740051
SVX,Koltsovo Airport,RU,RU-SVE,Yekaterinburg,large,56.743099212646,60.802700042725
SVZ,San Antonio Del Tachira Airport,VE,VE-S,,medium,7.84083,-72.439697
SWA,Jieyang Chaoshan International Airport,CN,CN-44,Jieyang (Rongcheng),medium,23.552,116.5033
SWB,Shaw River Airport,AU,AU-WA,Shaw River,small,-21.510299682617188,119.36199951171876
SWC,Stawell Airport,AU,AU-VIC,,medium,-37.07170104980469,142.74099731445312
SWD,Seward Airport,US,US-AK,Seward,medium,60.130478,-149.418612
SWE,Siwea Airport,PG,PG-MPL,Siwea,small,-6.284181,147.582371
SWF,New York Stewart International Airport,US,US-NY,Newburgh,medium,41.504101,-74.104797
SWG,Satwag Airport,PG,PG-MPL,Satwag,small,-6.13955555556,147.279166667
SWH,Swan Hill Airport,AU,AU-VIC,,medium,-35.37580108642578,143.5330047607422
SWJ,Southwest Bay Airport,VU,VU-MAP,Malekula Island,small,-16.4864,167.4472
SWL,San Vicente Airport,PH,PH-PLW,San Vicente,small,10.524298,119.272899
SWO,Stillwater Regional Airport,US,US-OK,Stillwater,medium,36.162132,-97.085581
SWP,Swakopmund Municipal Aerodrome,,NA-ER,Swakopmund,small,-22.6619,14.5681
SWQ,Sumbawa Besar Airport,ID,ID-NB,Sumbawa Island,small,-8.48904,117.412003
SWR,Silur Airport,PG,PG-NIK,Silur Mission,small,-4.5298888888899995,153.054444444
SWS,Swansea Airport,GB,GB-WLS,Swansea,medium,51.60530090332031,-4.0678300857543945
SWT,Strezhevoy Airport,RU,RU-TOM,Strezhevoy,medium,60.7094,77.660004
SWU,Suwon Airport,KR,KR-41,Suwon,medium,37.239399,127.007004
SWV,Severo-Evensk Airport,RU,RU-MAG,Evensk,medium,61.921786,159.229059
SWW,Avenger Field,US,US-TX,Sweetwater,small,32.467399597168,-100.46700286865
SWX,Shakawe Airport,BW,BW-NW,Shakawe,small,-18.373899459838867,21.832599639892575
SWY,Sitiawan Airport,MY,MY-08,Sitiawan,small,4.2222,100.6993
SWZ,Western Sydney International (Nancy Bird Walton) Airport,AU,AU-NSW,Sydney (Badgerys Creek),heliport,-33.879444,150.739722
SXA,Sialum Airport,PG,PG-MPL,Sialum,small,-6.0908,147.5955
SXB,Strasbourg Airport,FR,FR-GES,Strasbourg,medium,48.538299560546875,7.628230094909668
SXE,West Sale Airport,AU,AU-VIC,Sale,medium,-38.090827,146.965335
SXG,Senanga Airport,ZM,ZM-01,Senanga,small,-16.113,23.2982
SXH,Sehulea Airport,PG,PG-MBA,Sehulea,small,-9.96452777778,151.161861111
SXI,Siri Airport,IR,IR-22,Siri,medium,25.908899,54.539398
SXJ,Shanshan Airport,CN,CN-65,Shanshan,medium,42.911701,90.247498
SXK,Mathilda Batlayeri Airport,ID,ID-MA,Saumlaki-Yamdena Island,small,-7.848354,131.337068
SXL,Sligo Airport,IE,IE-SO,Sligo,medium,54.280200958252,-8.5992097854614
SXM,Princess Juliana International Airport,SX,SX-U-A,Saint Martin,large,18.041,-63.108898
SXN,Sua Pan Airport,BW,BW-ST,Sowa,medium,-20.5534,26.115801
SXO,São Félix do Araguaia Airport,BR,BR-MT,São Félix Do Araguaia,small,-11.6324,-50.689602
SXP,Nunam Iqua Airport,US,US-AK,Nunam Iqua,small,62.520599,-164.848006
SXQ,Soldotna Airport,US,US-AK,Soldotna,medium,60.474935,-151.038471
SXR,Sheikh ul Alam International Airport,IN,IN-JK,Srinagar,medium,33.987099,74.7742
SXS,Sahabat [Sahabat 16] Airport,MY,MY-12,Sahabat,small,5.087779998779297,119.09400177001952
SXT,Sungai Tiang Airport,MY,MY-06,Taman Negara,small,4.330277919769287,102.3949966430664
SXU,Soddu Airport,ET,ET-OR,Soddu,small,6.80281,37.68622
SXV,Salem Airport,IN,IN-TN,Salem,medium,11.78330039978,78.06559753418
SXW,Sauren Airport,PG,PG-WBK,Sauren,small,-5.9701,148.8543
SXX,São Félix do Xingu Airport,BR,BR-PA,São Félix do Xingu,small,-6.6413,-51.9523
SXY,Sidney Municipal Airport,US,US-NY,Sidney,small,42.302600860596,-75.416000366211
SXZ,Siirt Airport,TR,TR-56,Siirt,medium,37.97890090942383,41.84040069580078
SYA,Eareckson Air Station,US,US-AK,Shemya,medium,52.71229935,174.1139984
SYB,Seal Bay Seaplane Base,US,US-AK,Seal Bay,seaplane_base,58.373291,-152.201797
SYC,Shiringayoc Airport,PE,PE-MDD,Shiringayoc,small,-11.898,-69.0625
SYD,Sydney Kingsford Smith International Airport,AU,AU-NSW,Sydney,large,-33.94609832763672,151.177001953125
SYE,Sadah Airport,YE,YE-SD,Sa'dah,small,16.967542,43.728103
SYF,Silva Bay Seaplane Base,CA,CA-BC,Gabriola Island,seaplane_base,49.151,-123.698
SYH,Syangboche Airport,NP,NP-P1,Namche Bazaar,small,27.8112,86.7124
SYI,Bomar Field Shelbyville Municipal Airport,US,US-TN,Shelbyville,small,35.56010056,-86.44249725
SYJ,Sirjan Airport,IR,IR-08,Sirjan,medium,29.5509,55.672699
SYK,Stykkishólmur Airport,IS,IS-3,Stykkishólmur,small,65.058851,-22.764616
SYL,Roberts Army Heliport,US,US-CA,Camp Roberts/San Miguel,heliport,35.814999,-120.744003
SYM,Pu'er Simao Airport,CN,CN-53,Pu'er,small,22.793301,100.959
SYN,Stanton Airfield,US,US-MN,Dennison,small,44.475579,-93.016756
SYO,Shonai Airport,JP,JP-06,Shonai,medium,38.812199,139.787003
SYP,Ruben Cantu Airport,PA,PA-9,Santiago,medium,8.085599899291992,-80.94529724121094
SYQ,Tobías Bolaños International Airport,CR,CR-SJ,San Jose,medium,9.95705,-84.139801
SYR,Syracuse Hancock International Airport,US,US-NY,Syracuse,large,43.11119842529297,-76.1063003540039
SYS,Saskylakh Airport,RU,RU-SA,Saskylakh,medium,71.927902,114.080002
SYT,Saint-Yan Airport,FR,FR-BFC,Saint-Yan,medium,46.412498,4.01326
SYU,Warraber Island Airport,AU,AU-QLD,Sue Islet,small,-10.20829963684082,142.8249969482422
SYV,Sylvester Airport,US,US-GA,Sylvester,small,31.558500289917,-83.895698547363
SYW,Sehwan Sharif Airport,PK,PK-SD,Sehwan Sharif,medium,26.473100662231445,67.71720123291016
SYX,Sanya Phoenix International Airport,CN,CN-46,Sanya (Tianya),large,18.3029,109.412003
SYY,Stornoway Airport,GB,GB-SCT,"Stornoway, Western Isles",medium,58.215599,-6.33111
SYZ,Shiraz Shahid Dastghaib International Airport,IR,IR-07,Shiraz,large,29.5392,52.589802
SZA,Soyo Airport,AO,AO-ZAI,Soyo,medium,-6.141089916229248,12.371800422668455
SZB,Sultan Abdul Aziz Shah International Airport,MY,MY-10,Subang,medium,3.130579948425293,101.54900360107422
SZE,Semera Airport,ET,ET-AF,Semera,small,11.7875,40.9915
SZF,Samsun-Çarşamba Airport,TR,TR-55,Samsun,medium,41.26556,36.54861
SZG,Salzburg Airport,AT,AT-5,Salzburg,medium,47.793301,13.0043
SZH,Shuozhou Zirun Airport,CN,CN-14,Shuozhou,small,39.273241,112.691552
SZI,Zaysan Airport,KZ,KZ-VOS,Zaysan,small,47.487491,84.887675
SZJ,Siguanea Airport,CU,CU-99,Isla de la Juventud,medium,21.6425,-82.955101
SZK,Skukuza Airport,ZA,ZA-MP,Skukuza,medium,-24.960899353,31.5886993408
SZL,Whiteman Air Force Base,US,US-MO,Knob Noster,medium,38.730301,-93.547897
SZM,Sesriem Airstrip,,NA-HA,,small,-24.512800216675,15.746700286865
SZN,Santa Cruz Island Airport,US,US-CA,Santa Cruz Island,small,34.06007,-119.915229
SZP,Santa Paula Airport,US,US-CA,Santa Paula,small,34.34719849,-119.060997
SZR,Stara Zagora Airport,BG,BG-24,Stara Zagora,small,42.3766667,25.655
SZS,Ryan's Creek Aerodrome,NZ,NZ-STL,Oban,small,-46.8997,168.100998
SZV,Suzhou Guangfu Airport,CN,CN-32,Suzhou,medium,31.2631,120.401001
SZX,Shenzhen Bao'an International Airport,CN,CN-44,Shenzhen (Bao'an),large,22.639299,113.810997
SZY,Olsztyn-Mazury Airport,PL,PL-WN,Olsztyn,medium,53.481899,20.9377
SZZ,"Szczecin-Goleniów ""Solidarność"" Airport",PL,PL-ZP,Goleniow,medium,53.584702,14.9022
TAB,A.N.R. Robinson International Airport,TT,TT-TOB,Scarborough,medium,11.1497,-60.832199
TAC,Daniel Z. Romualdez Airport,PH,PH-LEY,Tacloban City,medium,11.227761,125.027783
TAD,Perry Stokes Airport,US,US-CO,Trinidad,small,37.2593994141,-104.341003418
TAE,Daegu Airport,KR,KR-27,Daegu,medium,35.896872,128.65531
TAF,Oran Tafraoui Airport,DZ,DZ-31,Tafraoui,medium,35.5424,-0.532278
TAG,Bohol-Panglao International Airport,PH,PH-BOH,Panglao,medium,9.573045,123.770143
TAH,Tanna Airport,VU,VU-TAE,,medium,-19.45509910583496,169.2239990234375
TAI,Ta'izz International Airport,YE,YE-TA,Ta'izz,medium,13.6859998703,44.1390991211
TAJ,Tadji Airport,PG,PG-SAN,Aitape,small,-3.19819180354,142.430963516
TAK,Takamatsu Airport,JP,JP-37,Takamatsu,medium,34.214199066199996,134.01600647
TAL,Ralph M Calhoun Memorial Airport,US,US-AK,Tanana,small,65.1744,-152.108994
TAM,General Francisco Javier Mina International Airport,MX,MX-TAM,Tampico,medium,22.2964000702,-97.8658981323
TAN,Tangalooma Airport,AU,AU-QLD,,small,-27.137693,153.364141
TAO,Qingdao Jiaodong International Airport,CN,CN-37,"Jiaozhou, Qingdao",large,36.361953,120.088171
TAP,Aeropuerto Internacional de Tapachula,MX,MX-CHP,Tapachula,medium,14.790371,-92.36883
TAQ,Tarcoola Airport,AU,AU-SA,Tarcoola,small,-30.702871,134.58282
TAR,"Taranto-Grottaglie ""Marcello Arlotta"" Airport",IT,IT-75,Grottaglie,medium,40.517502,17.4032
TAS,Tashkent International Airport,UZ,UZ-TO,Tashkent,large,41.257900238,69.2811965942
TAT,Poprad-Tatry Airport,SK,SK-PV,Poprad,medium,49.073601,20.2411
TAU,Tauramena Airport,CO,CO-CAS,Tauramena,small,5.01281,-72.7424
TAW,Tacuarembo Airport,UY,UY-TA,Tacuarembo,small,-31.749001,-55.925801
TAX,Taliabu Island Airport,ID,ID-MU,Tikong-Taliabu Island,small,-1.6426299810409546,124.55899810791016
TAY,Tartu Airport,EE,EE-7B,Tartu,medium,58.307499,26.690399
TAZ,Daşoguz Airport,TM,TM-D,Daşoguz,medium,41.759853,59.836149
TBB,Dong Tac Airport,VN,VN-SCC,Tuy Hoa,medium,13.0496,109.334
TBC,Tuba City Airport,US,US-AZ,Tuba City,small,36.091146,-111.38286
TBD,Timbiqui Airport,CO,CO-CAU,Timbiqui,small,2.778569,-77.668045
TBE,Timbunke Airport,PG,PG-ESW,Timbunke,small,-4.196633,143.519222
TBF,Tabiteuea North Airport,KI,KI-G,,medium,-1.22447,174.776001
TBG,Tabubil Airport,PG,PG-WPD,Tabubil,small,-5.27861,141.225998
TBH,Tugdan Airport,PH,PH-ROM,Tablas Island,medium,12.3109998703,122.084999084
TBI,New Bight Airport,BS,BS-CI,Cat Island,medium,24.3153,-75.452301
TBJ,Tabarka-Aïn Draham International Airport,TN,TN-32,Tabarka,medium,36.98,8.87694
TBK,Timber Creek Airport,AU,AU-NT,,small,-15.62,130.445007
TBL,Tableland Homestead Airport,AU,AU-WA,,small,-17.2833003998,126.900001526
TBM,Tumbang Samba Airport,ID,ID-KT,Tumbang Samba-Borneo Island,small,-1.4694,113.0833
TBN,Waynesville-St. Robert Regional Airport-Forney Field,US,US-MO,Fort Leonard Wood,medium,37.7416,-92.140701
TBO,Tabora Airport,TZ,TZ-24,Tabora,small,-5.07639,32.833302
TBP,Captain Pedro Canga Rodríguez International Airport,PE,PE-TUM,Tumbes,medium,-3.552074,-80.381086
TBQ,Tarabo Airport,PG,PG-EHG,Tarabo,small,-6.46666666667,145.532222222
TBR,Statesboro Bulloch County Airport,US,US-GA,Statesboro,small,32.4827003479,-81.73690032959999
TBS,Tbilisi International Airport,GE,GE-TB,Tbilisi,large,41.669201,44.9547
TBT,Tabatinga Airport,BR,BR-AM,Tabatinga,medium,-4.25567,-69.935799
TBU,Fua'amotu International Airport,TO,TO-04,Nuku'alofa,medium,-21.241199493408203,-175.14999389648438
TBV,Tabal Airstrip,MH,MH-AUR,Tabal Island,small,8.3027,171.1615
TBW,Donskoye Airport,RU,RU-TAM,Tambov,medium,52.806099,41.4828
TBX,Kepulauan Riau / Tambelan Airport,ID,ID-KR,Tambelan,small,0.975498,107.561667
TBY,Tshabong Airport,BW,BW-KG,Tshabong,small,-26.034524,22.401252
TBZ,Tabriz International Airport,IR,IR-03,Tabriz,medium,38.1339,46.235001
TCA,Tennant Creek Airport,AU,AU-NT,Tennant Creek,medium,-19.6343994140625,134.18299865722656
TCB,Treasure Cay Airport,BS,BS-CO,Treasure Cay,medium,26.745300293,-77.3912963867
TCC,Tucumcari Municipal Airport,US,US-NM,Tucumcari,medium,35.182800293,-103.602996826
TCD,Tarapacá Airport,CO,CO-AMA,Tarapacá,small,-2.895802,-69.749762
TCE,Tulcea Danube Delta Airport,RO,RO-TL,Tulcea,medium,45.0625,28.7143
TCF,Tocoa Airport,HN,HN-CL,Tocoa,small,15.659722,-85.994164
TCG,Tacheng Airport,CN,CN-65,Tacheng,small,46.672501,83.340797
TCH,Tchibanga Airport,GA,GA-5,Tchibanga,small,-2.88848,10.955429
TCJ,Torembi Airport,PG,PG-ESW,Torembi,small,-4.0165,143.1329
TCK,Tinboli Airport,PG,PG-ESW,Tinboli,small,-4.0949,143.3838
TCL,Tuscaloosa National Airport,US,US-AL,Tuscaloosa,medium,33.2206,-87.611397
TCM,McChord Air Force Base,US,US-WA,Tacoma,medium,47.137699,-122.475998
TCN,Tehuacan Airport,MX,MX-PUE,,small,18.4972,-97.419899
TCO,La Florida Airport,CO,CO-NAR,Tumaco,medium,1.81442,-78.7492
TCP,Taba International Airport,EG,EG-JS,Taba,medium,29.594496,34.775752
TCQ,Coronel FAP Carlos Ciriani Santa Rosa International Airport,PE,PE-TAC,Tacna,medium,-18.0533008575,-70.2758026123
TCR,Tuticorin Airport,IN,IN-TN,Vagaikulam,small,8.724241,78.025803
TCS,Truth or Consequences Municipal Airport,US,US-NM,Truth or Consequences,medium,33.2369,-107.272003
TCT,Takotna Airport,US,US-AK,Takotna,small,62.993206,-156.029026
TCU,Thaba Nchu Tar Airport,ZA,ZA-FS,Homeward,small,-29.317800521850582,26.822799682617188
TCW,Tocumwal Airport,AU,AU-NSW,,small,-35.81169891357422,145.60800170898438
TCX,Tabas Airport,IR,IR-21,Tabas,medium,33.667801,56.8927
TCY,Terrace Bay Airport,,NA-KU,Terrace Bay,small,-19.9713,13.0249
TCZ,Tengchong Tuofeng Airport,CN,CN-53,Baoshan (Tengchong),medium,24.938056,98.485833
TDA,Trinidad Airport,CO,CO-CAS,Trinidad,small,5.43278,-71.6625
TDB,Tetebedi Airport,PG,PG-NPP,Tetebedi,small,-9.1586,148.0686
TDD,Teniente Av. Jorge Henrich Arauz Airport,BO,BO-B,Trinidad,medium,-14.8186998367,-64.9179992676
TDG,Tandag Airport,PH,PH-SUR,Tandag,medium,9.072002,126.17132
TDJ,Tadjoura Airport,DJ,DJ-TA,Tadjoura,small,11.787037,42.917376
TDK,Taldykorgan Airport,KZ,KZ-JET,Taldykorgan,medium,45.12255,78.442758
TDL,Héroes De Malvinas Airport,AR,AR-B,Tandil,medium,-37.234634,-59.228647
TDN,Theda Station Airport,AU,AU-WA,Drysdale River,small,-14.790567,126.498041
TDO,Ed Carlson Memorial Field South Lewis County Airport,US,US-WA,Toledo,small,46.4771995544,-122.805999756
TDP,Trompeteros Airport,PE,PE-LOR,Corrientes,small,-3.80601,-75.039299
TDR,Theodore Airport,AU,AU-QLD,,small,-24.986796,150.093076
TDS,Sasereme Airport,PG,PG-WPD,Sasereme,small,-7.6217,142.868
TDT,Tanda Tula Airport,ZA,ZA-MP,Timbavati,small,-24.525533,31.289748
TDV,Samangoky Airport,MG,MG-U,Tanandava,small,-21.700000762939453,43.733001708984375
TDW,Tradewind Airport,US,US-TX,Amarillo,small,35.1698989868,-101.825996399
TDX,Trat Airport,TH,TH-23,Laem Ngop,medium,12.2746,102.319
TDZ,Toledo Executive Airport,US,US-OH,Toledo,small,41.56489944,-83.4822998
TEA,Tela Airport,HN,HN-AT,Tela,medium,15.7759,-87.4758
TEB,Teterboro Airport,US,US-NJ,Teterboro,medium,40.850101,-74.060799
TEC,Telêmaco Borba Airport,BR,BR-PR,Telêmaco Borba,medium,-24.317801,-50.6516
TED,Thisted Airport,DK,DK-81,Thisted,medium,57.06880187988281,8.705220222473145
TEE,Cheikh Larbi Tébessi Airport,DZ,DZ-12,Tébessi,medium,35.4315986633,8.12071990967
TEF,Telfer Airport,AU,AU-WA,,medium,-21.715,122.228996
TEG,Tenkodogo Airport,BF,BF-BLG,Tenkodogo,small,11.801149,-0.371377
TEH,Tetlin Airport,US,US-AK,Tetlin,small,63.124618,-142.518005
TEI,Tezu Airport,IN,IN-AR,Tezu,small,27.9412002563,96.1343994141
TEK,Tatitlek Airport,US,US-AK,Tatitlek,small,60.871449,-146.690297
TEL,Telupid Airport,MY,MY-12,Telupid,small,5.62861,117.125999
TEM,Temora Airport,AU,AU-NSW,Temora,medium,-34.421398,147.511993
TEN,Tongren Fenghuang Airport,CN,CN-52,Tongren (Daxing),medium,27.883333,109.308889
TEO,Terapo Airport,PG,PG-GPK,Terapo Mission,small,-8.16972222222,146.194444444
TEP,Tep Tep Airport,PG,PG-MPM,Teptep,small,-5.9553,146.5595
TEQ,Tekirdağ Çorlu Airport,TR,TR-59,Çorlu,medium,41.13819885253906,27.919099807739254
TER,Lajes Airport,PT,PT-20,Praia da Vitória,medium,38.761799,-27.090799
TES,Tessenei Airport,ER,ER-GB,Tessenei,small,15.104322,36.681711
TET,Chingozi Airport,MZ,MZ-T,Tete,medium,-16.104799270629883,33.640201568603516
TEU,Manapouri Airport,NZ,NZ-STL,,medium,-45.5331,167.649994
TEV,Teruel Airport,ES,ES-AR,Teruel,medium,40.410269,-1.217366
TEX,Telluride Regional Airport,US,US-CO,Telluride,medium,37.9538,-107.907997
TEY,Þingeyri Airport,IS,IS-4,Þingeyri,small,65.8703,-23.559999
TEZ,Tezpur Airport,IN,IN-AS,,medium,26.7091007232666,92.78469848632812
TFB,Tifalmin Airport,PG,PG-SAN,Tifalmin,small,-5.1173,141.419
TFF,Tefé Airport,BR,BR-AM,Tefé,medium,-3.38294,-64.724098
TFI,Tufi Airport,PG,PG-NPP,Tufi,small,-9.07595443726,149.319839478
TFL,Juscelino Kubitscheck Airport,BR,BR-MG,Teófilo Otoni,small,-17.8923,-41.513599
TFM,Telefomin Airport,PG,PG-SAN,Telefomin,small,-5.12608,141.641922
TFN,Tenerife Norte-Ciudad de La Laguna Airport,ES,ES-CN,Tenerife,medium,28.4827,-16.341499
TFR,Katameya Air Base,EG,EG-C,New Cairo,heliport,30.0503,31.841369
TFS,Tenerife Sur Airport,ES,ES-CN,Tenerife,large,28.0445,-16.5725
TFT,Taftan Airport,PK,PK-BA,Taftan,small,28.96419906616211,61.595401763916016
TFU,Chengdu Tianfu International Airport,CN,CN-51,Chengdu (Jianyang),large,30.31252,104.441284
TFY,Muhammad Taufiq Kiemas Airport,ID,ID-LA,Krui,small,-5.211562,103.936501
TGA,Tengah Air Base,SG,SG-03,Western Water Catchment,medium,1.387561,103.708291
TGB,Tagbita Airstrip,PH,PH-PLW,Rizal,small,8.71491,117.35259
TGC,Tanjung Manis Airport,MY,MY-13,Belawai,small,2.17784,111.202003
TGD,Podgorica Airport / Podgorica Golubovci Airbase,ME,ME-16,Podgorica,large,42.359402,19.2519
TGG,Sultan Mahmud Airport,MY,MY-11,Kuala Terengganu,medium,5.3826398849487305,103.10299682617188
TGH,Tongoa Airport,VU,VU-SEE,Tongoa Island,small,-16.8910999298,168.550994873
TGI,Tingo Maria Airport,PE,PE-HUC,Tingo Maria,small,-9.289667,-76.005058
TGJ,Tiga Airport,NC,NC-U-A,Tiga,medium,-21.096099853515625,167.8040008544922
TGK,Taganrog Yuzhny Airport,RU,RU-ROS,Taganrog,medium,47.1983333,38.8491667
TGL,Tagula Airport,PG,PG-MBA,Sudest Island,small,-11.3311111111,153.202916667
TGM,Transilvania Târgu Mureş International Airport,RO,RO-MS,Târgu Mureş,medium,46.467701,24.4125
TGN,Latrobe Valley Airport,AU,AU-VIC,Morwell,medium,-38.211004,146.470817
TGO,Tongliao Airport,CN,CN-15,Tongliao,medium,43.556702,122.199997
TGP,Podkamennaya Tunguska Airport,RU,RU-KYA,Bor,medium,61.589699,89.994003
TGQ,Tangará da Serra Airport,BR,BR-MT,Tangará da Serra,small,-14.662,-57.443744
TGR,Touggourt Sidi Madhi Airport,DZ,DZ-55,Touggourt,medium,33.067799,6.08867
TGS,Chokwé Airport,MZ,MZ-G,Chokwé,small,-24.520599365234375,32.965301513671875
TGT,Tanga Airport,TZ,TZ-25,Tanga,medium,-5.09236,39.071201
TGU,Toncontín International Airport,HN,HN-FM,Tegucigalpa,medium,14.0609,-87.217201
TGZ,Angel Albino Corzo International Airport,MX,MX-CHP,Tuxtla Gutiérrez,medium,16.5636005402,-93.0224990845
THA,Tullahoma Regional Arpt/Wm Northern Field,US,US-TN,Tullahoma,small,35.38010025,-86.24639893
THB,Thaba-Tseka Airport,LS,LS-K,Thaba-Tseka,small,-29.5228,28.615801
THC,Tchien Airport,LR,LR-GG,Zwedru,small,6.04565,-8.138723
THD,Tho Xuan Airport,VN,VN-NC,Thanh Hóa,small,19.901667,105.467778
THE,Senador Petrônio Portela Airport,BR,BR-PI,Teresina,medium,-5.06025,-42.823712
THG,Thangool Airport,AU,AU-QLD,Biloela,medium,-24.494863,150.577967
THH,Taharoa Aerodrome,NZ,NZ-WKO,Taharoa,small,-38.18109893798828,174.70799255371094
THI,Tichitt Airport,MR,MR-09,Tichitt,small,18.433942,-9.486411
THK,Thakhek Airport,LA,LA-KH,Thakhek,small,17.377917,104.857378
THL,Tachileik Airport,MM,MM-17,Tachileik,medium,20.483800888061523,99.9354019165039
THM,Thompson Falls Airport,US,US-MT,Thompson Falls,small,47.573501586914,-115.28099822998
THN,Trollhättan-Vänersborg Airport,SE,SE-Q,Trollhättan,medium,58.31809997558594,12.345000267028809
THO,Þórshöfn Airport,IS,IS-6,Þórshöfn,small,66.218498,-15.3356
THP,Hot Springs County Airport,US,US-WY,Thermopolis,small,43.713602,-108.389687
THQ,Tianshui Maijishan Airport,CN,CN-62,Tianshui (Maiji),medium,34.559399,105.860001
THR,Mehrabad International Airport,IR,IR-23,Tehran,large,35.68920135498047,51.31340026855469
THS,Sukhothai Airport,TH,TH-64,,medium,17.238000869750977,99.81819915771484
THT,Tamchakett Airport,MR,MR-02,Tamchakett,small,17.23157,-10.77923
THU,Pituffik Space Base,GL,GL-AV,Pituffik,medium,76.531197,-68.703201
THV,York Airport,US,US-PA,Thomasville,small,39.917,-76.873001
THW,Trincomalee Harbor Waterdrome,LK,LK-5,Trincomalee,seaplane_base,8.56,81.22
THX,Turukhansk Airport,RU,RU-KYA,Turukhansk,small,65.797203,87.935303
THY,Thohoyandou Airport,ZA,ZA-NP,Thohoyandou,small,-23.0769,30.3836
THZ,Tahoua Airport,NE,NE-5,Tahoua,medium,14.8757,5.26536
TIA,Tirana International Airport Mother Teresa,AL,AL-02,Rinas,large,41.4147,19.7206
TIB,Tibú Airport,CO,CO-NSA,Tibú,small,8.63152,-72.7304
TIC,Tinak Airport,MH,MH-ARN,Arno Atoll,small,7.121768,171.911584
TID,Abdelhafid Boussouf Bou Chekif Airport,DZ,DZ-14,Tiaret,medium,35.341099,1.46315
TIE,Tippi Airport,ET,ET-SW,Tippi,small,7.2024,35.415
TIF,Ta’if Regional Airport,SA,SA-02,Ta’if,medium,21.483001,40.543442
TIH,Tikehau Airport,PF,PF-U-A,,medium,-15.119600296020508,-148.2310028076172
TII,Tarinkot Airport,AF,AF-URU,Tarinkot,small,32.604198,65.865799
TIJ,Aeropuerto Internacional Gral. Abelardo Rodriguez,MX,MX-BCN,Ciudad de Tijuana,large,32.545963,-116.975856
TIK,Tinker Air Force Base,US,US-OK,Oklahoma City,medium,35.4147,-97.386597
TIL,Cheadle Airport,CA,CA-AB,Cheadle,small,51.057498931885,-113.62400054932
TIM,Mozes Kilangin Airport,ID,ID-PT,Timika,medium,-4.52978,136.887388
TIN,Tindouf Airport,DZ,DZ-37,Tindouf,medium,27.7003993988,-8.167099952700001
TIO,Tilin Airport,MM,MM-03,Tilin,small,21.700000762939453,94.0999984741211
TIQ,Tinian International Airport,MP,MP-U-A,Tinian Island,medium,14.998101,145.61923
TIR,Tirupati Airport,IN,IN-AP,Tirupati,small,13.632499694800002,79.543296814
TIU,Timaru Airport,NZ,NZ-CAN,,medium,-44.30279922485352,171.22500610351562
TIV,Tivat Airport,ME,ME-19,Tivat,medium,42.40470123291016,18.72330093383789
TIW,Tacoma Narrows Airport,US,US-WA,Tacoma,medium,47.267407,-122.577295
TIX,Space Coast Regional Airport,US,US-FL,Titusville,medium,28.514799118042,-80.799201965332
TIY,Tidjikja Airport,MR,MR-09,Tidjikja,small,18.570101,-11.4235
TIZ,Tari Airport,PG,PG-HE,Tari,small,-5.845,142.947998
TJA,Capitan Oriel Lea Plaza Airport,BO,BO-T,Tarija,medium,-21.5557,-64.701302
TJB,Raja Haji Abdullah Airport,ID,ID-RI,Tanjung Balai-Karinmunbesar Island,small,1.0527,103.3931
TJC,Ticantiquí Airport,PA,PS-GY,Ticantiquí,small,9.4185,-78.4896
TJG,Warukin Airport,ID,ID-KS,Tanta-Tabalong,medium,-2.21656,115.435997
TJH,Konotori Tajima Airport,JP,JP-28,Toyooka,medium,35.512798,134.787003
TJI,Trujillo Airport,HN,HN-CL,Trujillo,medium,15.926599,-85.938573
TJK,Tokat Airport,TR,TR-60,Tokat,medium,40.32472,36.39056
TJL,Plínio Alarcom Airport,BR,BR-MS,Três Lagoas,small,-20.752643,-51.682026
TJM,Roshchino International Airport,RU,RU-TYU,Tyumen,medium,57.16833,65.31611
TJN,Takume Airport,PF,PF-U-A,Takume,small,-15.857434,-142.266469
TJQ,H A S Hanandjoeddin International Airport,ID,ID-BB,Tanjung Pandan,small,-2.74572,107.754997
TJS,Tanjung Harapan Airport,ID,ID-KU,Tanjung Selor-Borneo Island,small,2.835833,117.373611
TJU,Kulob Airport,TJ,TJ-KT,Kulyab,medium,37.98809814453125,69.80500030517578
TJV,Thanjavur Air Force Station,IN,IN-TN,Thanjavur,small,10.723835,79.109457
TKA,Talkeetna Airport,US,US-AK,Talkeetna,medium,62.320499420166,-150.09399414062
TKB,Tekadu Airport,PG,PG-MPL,Tekadu,small,-7.6808,146.5503
TKC,Tiko Airport,CM,CM-SW,Tiko,medium,4.08919000626,9.3605298996
TKD,Takoradi Airport,GH,GH-WP,Sekondi-Takoradi,medium,4.896059989929199,-1.7747600078582764
TKE,Tenakee Seaplane Base,US,US-AK,Tenakee Springs,seaplane_base,57.779701,-135.218002
TKF,Truckee Tahoe Airport,US,US-CA,Truckee,medium,39.318628,-120.140562
TKG,Radin Inten II International Airport,ID,ID-LA,Bandar Lampung,medium,-5.246803,105.182531
TKH,Takhli Airport,TH,TH-60,,medium,15.277299881,100.29599762
TKI,Tokeen Seaplane Base,US,US-AK,Tokeen,seaplane_base,55.9370994568,-133.32699585
TKJ,Tok Junction Airport,US,US-AK,Tok,small,63.32949829,-142.9539948
TKK,Chuuk International Airport,FM,FM-TRK,Weno Island,medium,7.461870193481445,151.84300231933594
TKL,Taku Lodge Seaplane Base,US,US-AK,Taku Lodge,seaplane_base,58.4897003174,-133.942993164
TKM,Taksimo Airport,RU,RU-BU,Taksimo,small,56.361668,114.93
TKN,Tokunoshima Airport,JP,JP-46,Amagi,medium,27.836399,128.880997
TKO,Tlokoeng Airport,LS,LS-J,Tlokoeng,small,-29.233,28.882999
TKP,Takapoto Airport,PF,PF-U-A,,medium,-14.709500312805176,-145.24600219726562
TKQ,Kigoma Airport,TZ,TZ-08,Kigoma,small,-4.8862,29.6709
TKR,Thakurgaon Airport,BD,BD-5,Thakurgaon,small,26.016399,88.403603
TKS,Tokushima Awaodori Airport / JMSDF Tokushima Air Base,JP,JP-36,Tokushima,medium,34.132801,134.606995
TKT,Tak Airport,TH,TH-63,,medium,16.896,99.253304
TKU,Turku Airport,FI,FI-19,Turku,medium,60.514099,22.2628
TKV,Tatakoto Airport,PF,PF-U-A,Tatakoto,small,-17.355226,-138.44734
TKW,Tekin Airport,PG,PG-SAN,Tekin,small,-5.243667,142.165194
TKX,Takaroa Airport,PF,PF-U-A,,medium,-14.45580005645752,-145.02499389648438
TKY,Turkey Creek Airport,AU,AU-WA,Turkey Creek,small,-17.0408000946,128.205993652
TKZ,Tokoroa Airfield,NZ,NZ-WKO,Tokoroa,small,-38.236698,175.891998
TLA,Teller Airport,US,US-AK,Teller,small,65.2404022217,-166.339004517
TLB,Tarbela Dam Airport,PK,PK-KP,Tarbela,small,33.9860992432,72.61139678960001
TLC,Adolfo López Mateos International Airport,MX,MX-MEX,Toluca,medium,19.3369,-99.56583
TLD,Tuli Lodge Airport,BW,BW-CE,Tuli Lodge,small,-22.191897,29.131229
TLE,Toliara Airport,MG,MG-U,Toliara,medium,-23.3834,43.7285
TLF,Telida Airport,US,US-AK,Telida,small,63.393901824951,-153.26899719238
TLG,Tulaghi Heliport,SB,SB-CE,Tulaghi Island,heliport,-9.108,160.149166667
TLH,Tallahassee Regional Airport,US,US-FL,Tallahassee,medium,30.3965,-84.350304
TLI,Sultan Bantilan Airport,ID,ID-ST,Toli Toli-Celebes Island,small,1.123428,120.793658
TLJ,Tatalina LRRS Airport,US,US-AK,Takotna,medium,62.8944015503,-155.977005005
TLK,Talakan Airport,RU,RU-SA,Talakan Oil Field,small,59.876389,111.044444
TLL,Lennart Meri Tallinn Airport,EE,EE-37,Tallinn,large,59.41443,24.832706
TLM,Zenata – Messali El Hadj Airport,DZ,DZ-13,Zenata,medium,35.013426,-1.457191
TLN,Toulon-Hyères Airport,FR,FR-PAC,Toulon/Hyères/Le Palyvestre,medium,43.0973014832,6.14602994919
TLO,Tol Airport,PG,PG-EBR,Tol,small,-4.98083019257,152.009994507
TLP,Tumolbil Airport,PG,PG-SAN,Tumolbil,small,-4.7748,141.0133
TLQ,Turpan Jiaohe Airport,CN,CN-65,Turpan,medium,43.0308,89.0987
TLR,Mefford Field,US,US-CA,Tulare,small,36.15629959,-119.3259964
TLS,Toulouse-Blagnac Airport,FR,FR-OCC,Toulouse/Blagnac,large,43.629101,1.36382
TLT,Tuluksak Airport,US,US-AK,Tuluksak,small,61.086973,-160.922842
TLU,Golfo de Morrosquillo Airport,CO,CO-SUC,Santiago de Tolú,small,9.50945,-75.5854
TLV,Ben Gurion International Airport,IL,IL-M,Tel Aviv,large,32.011398,34.8867
TLW,Talasea Airport,PG,PG-WBK,Talasea,small,-5.2726,150.0089
TLX,Panguilemo Airport,CL,CL-ML,Talca,medium,-35.3778,-71.6017
TLY,Plastun Airport,RU,RU-PRI,Plastun,small,44.814999,136.292007
TLZ,Catalão Airport,BR,BR-GO,Catalão,small,-18.216801,-47.8997
TMA,Henry Tift Myers Airport,US,US-GA,Tifton,small,31.4290008545,-83.4885025024
TMB,Miami Executive Airport,US,US-FL,Miami,medium,25.6479,-80.4328
TMC,Tambolaka Airport,ID,ID-NT,Radamata,small,-9.409224,119.242558
TMD,Timbedra Airport,MR,MR-01,Timbedra,small,16.233671,-8.163464
TME,Gustavo Vargas Airport,CO,CO-ARA,Tame,medium,6.45108,-71.7603
TMF,Thimarafushi Airport,MV,MV-08,Thimarafushi,small,2.211,73.1533
TMG,Tomanggong Airport,MY,MY-12,Tomanggong,small,5.40257,118.65763
TMH,Tanah Merah Airport,ID,ID-PS,Tanah Merah,medium,-6.09669,140.303521
TMI,Tumling Tar Airport,NP,NP-P1,Tumling Tar,small,27.315001,87.193298
TMJ,Termez Airport,UZ,UZ-SU,Termez,medium,37.287261,67.311869
TML,Tamale Airport,GH,GH-NP,Tamale,medium,9.55718994140625,-0.8632140159606934
TMM,Toamasina Ambalamanasy Airport,MG,MG-A,Toamasina,medium,-18.109501,49.392502
TMN,Tamana Island Airport,KI,KI-G,Tamana Island,small,-2.48583,175.970001
TMO,Tumeremo Airport,VE,VE-F,,medium,7.24938,-61.52893
TMP,Tampere-Pirkkala Airport,FI,FI-11,Tampere / Pirkkala,medium,61.414101,23.604401
TMQ,Tambao Airport,BF,BF-OUD,Tambao,small,14.790874,0.039492
TMR,Aguenar – Hadj Bey Akhamok Airport,DZ,DZ-11,Tamanrasset,medium,22.811501,5.45108
TMS,São Tomé International Airport,ST,ST-01,São Tomé,medium,0.378175,6.71215
TMT,Trombetas Airport,BR,BR-PA,Oriximiná,medium,-1.4896,-56.396801
TMU,Tambor Airport,CR,CR-P,Nicoya,small,9.739307,-85.016199
TMW,Tamworth Airport,AU,AU-NSW,Tamworth,medium,-31.077898,150.845484
TMX,Timimoun Airport,DZ,DZ-54,Timimoun,medium,29.237101,0.276033
TMY,Tiom Airport,ID,ID-PP,Tiom-Papua Island,small,-3.9256,138.4555
TMZ,Thames Aerodrome,NZ,NZ-WKO,,small,-37.1567,175.550003
TNA,Jinan Yaoqiang International Airport,CN,CN-37,Jinan,large,36.857201,117.216003
TNB,Tanah Grogot Airport,ID,ID-KI,Tanah Grogot,small,-1.885541,116.256809
TNC,Tin City Long Range Radar Station Airport,US,US-AK,Tin City,small,65.563103,-167.921997
TND,Alberto Delgado Airport,CU,CU-07,Trinidad,medium,21.7883,-79.9972
TNE,New Tanegashima Airport,JP,JP-46,Tanegashima,medium,30.605100631699997,130.990997314
TNF,Toussus-le-Noble Airport,FR,FR-IDF,Toussus-le-Noble,medium,48.7519,2.10619
TNG,Tangier Ibn Battuta Airport,MA,MA-TNG,Tangier,medium,35.731741,-5.921459
TNH,Tonghua Sanyuanpu Airport,CN,CN-22,Tonghua,medium,42.2538888889,125.703333333
TNI,Satna Airport,IN,IN-MP,,small,24.56262,80.852927
TNJ,Raja Haji Fisabilillah International Airport,ID,ID-RI,Tanjung Pinang-Bintan Island,small,0.922683000565,104.531997681
TNK,Tununak Airport,US,US-AK,Tununak,small,60.569638,-165.246649
TNL,Ternopil International Airport,UA,UA-61,Ternopil,small,49.5242,25.7001
TNM,Teniente Rodolfo Marsh Martin Airport,AQ,AQ-U-A,Villa Las Estrellas,small,-62.191026,-58.98669
TNN,Tainan International Airport / Tainan Air Base,TW,TW-TNN,Tainan (Rende),medium,22.950399,120.206001
TNO,Tamarindo Airport,CR,CR-G,Tamarindo,small,10.313500404358,-85.815498352051
TNP,Twentynine Palms Airport,US,US-CA,Twentynine Palms,small,34.133901,-115.947347
TNQ,Washington Island Airstrip,KI,KI-L,Teraina,small,4.698359,-160.394376
TNR,Ivato Airport,MG,MG-T,Antananarivo,large,-18.7969,47.478802
TNS,Tungsten (Cantung) Airport,CA,CA-NT,Tungsten,small,61.956901550293,-128.20300292969
TNT,Dade Collier Training and Transition Airport,US,US-FL,Miami,small,25.861799240112,-80.897003173828
TNU,Newton Municipal Airport,US,US-IA,Newton,small,41.6744,-93.021698
TNV,Tabuaeran Island Airport,KI,KI-L,Tabuaeran Island,small,3.89944,-159.389008
TNW,Jumandy Airport,EC,EC-N,Ahuano,medium,-1.060185,-77.580525
TNX,Stung Treng Airport,KH,KH-19,Stung Treng,heliport,13.5319,106.014999
TNZ,Tosontsengel Airport,MN,MN-057,Tosontsengel,small,48.73887,98.2941
TOA,Zamperini Field,US,US-CA,Torrance,small,33.803398132324,-118.33999633789
TOB,Tobruk International Airport,LY,LY-BU,Adam,small,31.861,23.907
TOC,Toccoa Airport - R.G. Letourneau Field,US,US-GA,Toccoa,small,34.5938,-83.295799
TOD,Tioman Airport,MY,MY-06,Tioman Island,medium,2.81818,104.160004
TOE,Tozeur Nefta International Airport,TN,TN-72,Tozeur,medium,33.939701080322266,8.110560417175293
TOF,Bogashevo Airport,RU,RU-TOM,Tomsk,medium,56.380298614502,85.208297729492
TOG,Togiak Airport,US,US-AK,Togiak Village,small,59.052799,-160.397003
TOH,Torres Airstrip,VU,VU-TOB,Loh/Linua,small,-13.3280000687,166.638000488
TOI,Troy Municipal Airport at N Kenneth Campbell Field,US,US-AL,Troy,medium,31.860399,-86.012101
TOJ,Madrid–Torrejón Airport / Torrejón Air Base,ES,ES-MD,Madrid,medium,40.487875,-3.456808
TOK,Torokina Airport,PG,PG-NSB,Torokina,small,-6.2015,155.063
TOL,Eugene F. Kranz Toledo Express Airport,US,US-OH,Toledo,medium,41.5868,-83.8078
TOM,Timbuktu Airport,ML,ML-7,Timbuktu,medium,16.730499,-3.00758
TON,Tonu Airport,PG,PG-NSB,Tonu,small,-6.6552,155.4326
TOO,San Vito de Java Airport,CR,CR-P,Coto Brus,small,8.826971,-82.958922
TOP,Philip Billard Municipal Airport,US,US-KS,Topeka,medium,39.069899,-95.622606
TOQ,Barriles Airport,CL,CL-AN,Tocopilla,medium,-22.1411,-70.062897
TOR,Torrington Municipal Airport,US,US-WY,Torrington,small,42.0644989,-104.1529999
TOS,"Tromsø Airport, Langnes",NO,NO-54,Tromsø,large,69.683296,18.9189
TOT,Totness Airport,SR,SR-CR,Totness,small,5.86583,-56.327499
TOU,Touho Airport,NC,NC-U-A,Touho,medium,-20.790127,165.259524
TOV,Tortola West End Seaplane Base,VG,VG-U-A,Tortola,seaplane_base,18.45,-64.583333
TOW,Toledo - Luiz Dalcanale Filho Municipal Airport,BR,BR-PR,Toledo,small,-24.6863,-53.697498
TOX,Tobolsk Airport,RU,RU-TYU,Tobolsk,small,58.135799,68.231903
TOY,Toyama Airport,JP,JP-16,Toyama,medium,36.64830017089844,137.18800354003906
TOZ,Mahana Airport,CI,CI-WR,Touba,small,8.2934,-7.674
TPA,Tampa International Airport,US,US-FL,Tampa,large,27.9755,-82.533203
TPC,Tarapoa Airport,EC,EC-U,Tarapoa,medium,-0.122956,-76.337799
TPE,Taiwan Taoyuan International Airport,TW,TW-TAO,Taoyuan (Dayuan),large,25.0777,121.233002
TPF,Peter O Knight Airport,US,US-FL,Tampa,small,27.915599822998,-82.44930267334
TPG,Taiping (Tekah) Airport,MY,MY-08,Taiping,small,4.866432,100.715381
TPH,Tonopah Airport,US,US-NV,Tonopah,medium,38.06019974,-117.086998
TPI,Tapini Airport,PG,PG-CPM,Tapini,small,-8.35666666667,146.989166667
TPJ,Taplejung Airport,NP,NP-P1,Taplejung,medium,27.3509,87.69525
TPK,Teuku Cut Ali Airport,ID,ID-AC,Tapaktuan,small,3.16904,97.288299
TPL,Draughon Miller Central Texas Regional Airport,US,US-TX,Temple,medium,31.1525,-97.407799
TPN,Tiputini Airport,EC,EC-D,Tiputini,small,-0.776111,-75.526398
TPP,Cadete FAP Guillermo Del Castillo Paredes Airport,PE,PE-SAM,Tarapoto,medium,-6.508739948272705,-76.37319946289062
TPQ,Amado Nervo National Airport,MX,MX-NAY,Tepic,medium,21.419833,-104.842472
TPR,Tom Price Airport,AU,AU-WA,Tom Price,small,-22.746000289900003,117.869003296
TPS,Vincenzo Florio Airport Trapani-Birgi,IT,IT-82,Trapani (TP),medium,37.9114,12.488
TPT,Tapeta Airport,LR,LR-NI,Tapeta,small,6.4948,-8.873
TPU,Tikapur Airport,NP,NP-P7,Tikapur,small,28.5219,81.123
TPX,Tupai Airport,PF,PF-U-A,Tupai Atoll,small,-16.2423,-151.8338
TQA,Tasiusaq Heliport,GL,GL-AV,Tasiusaq,heliport,73.373055,-56.06028
TQD,Al Taqaddum Air Base,IQ,IQ-AN,Al Habbaniyah,medium,33.33810043335,43.597099304199
TQI,Tiniteqilaaq Heliport,GL,GL-SE,Tiniteqilaaq,heliport,65.892027,-37.783409
TQL,Tarko-Sale Airport,RU,RU-YAN,Tarko-Sale,small,64.930485,77.811295
TQN,Taleqan Airport,AF,AF-TAK,Taleqan,small,36.770699,69.531998
TQO,Felipe Carrillo Puerto International Airport,MX,MX-ROO,Tulum,medium,20.172098,-87.660272
TQP,Trepell Airport,AU,AU-QLD,Trepell,small,-21.834999084473,140.88800048828
TQQ,Maranggo Airport,ID,ID-SG,Waha-Tomea Island,small,-5.76457,123.917
TQS,Captain Ernesto Esguerra Cubides Air Base,CO,CO-CAQ,Tres Esquinas,medium,0.7459,-75.234
TRA,Tarama Airport,JP,JP-47,Tarama,medium,24.653900146499996,124.675003052
TRB,Gonzalo Mejía Airport,CO,CO-ANT,Turbo,heliport,8.071878,-76.740124
TRC,Francisco Sarabia Tinoco International Airport,MX,MX-COA,Torreón,medium,25.5683,-103.411003
TRD,"Trondheim Airport, Værnes",NO,NO-50,Trondheim,large,63.457802,10.924
TRE,Tiree Airport,GB,GB-SCT,Balemartine,medium,56.49919891357422,-6.869170188903809
TRF,"Sandefjord Airport, Torp",NO,NO-39,Torp,medium,59.186699,10.2586
TRG,Tauranga Airport,NZ,NZ-BOP,Tauranga,medium,-37.67190170288086,176.1959991455078
TRH,Trona Airport,US,US-CA,Trona,small,35.8125,-117.327003479
TRI,Tri-Cities Regional TN/VA Airport,US,US-TN,Blountville,medium,36.475201,-82.407401
TRJ,Tarakbits Airport,PG,PG-WPD,Tarakbits,small,-5.614,141.0421
TRK,Juwata International Airport / Suharnoko Harbani AFB,ID,ID-KU,Tarakan,medium,3.325145,117.564169
TRL,Terrell Municipal Airport,US,US-TX,Terrell,small,32.709201812744,-96.267402648926
TRM,Jacqueline Cochran Regional Airport,US,US-CA,Palm Springs,medium,33.62670135498,-116.16000366211
TRN,Turin Airport,IT,IT-21,Caselle Torinese (TO),large,45.200802,7.64963
TRO,Taree Airport,AU,AU-NSW,Taree,medium,-31.888599,152.514008
TRQ,Tarauacá Airport,BR,BR-AC,Tarauacá,medium,-8.155534,-70.782985
TRR,China Bay Airport,LK,LK-5,Trincomalee,medium,8.5385103225708,81.18190002441406
TRS,Trieste–Friuli Venezia Giulia Airport,IT,IT-36,Ronchi dei Legionari (GO),medium,45.827499,13.4722
TRT,Toraja Airport,ID,ID-SS,Toraja,medium,-3.185833,119.91775
TRU,Capitan FAP Carlos Martinez De Pinillos International Airport,PE,PE-LAL,Trujillo,medium,-8.08141040802002,-79.10880279541016
TRV,Thiruvananthapuram International Airport,IN,IN-KL,Thiruvananthapuram,large,8.48212,76.920097
TRW,Bonriki International Airport,KI,KI-G,Tarawa,medium,1.38164,173.147003
TRX,Trenton Municipal Airport,US,US-MO,Trenton,small,40.0835,-93.590599
TRY,Tororo Airport,UG,UG-E,Tororo,small,0.683,34.167
TRZ,Tiruchirappalli International Airport,IN,IN-TN,Tiruchirappalli,medium,10.766223,78.71774
TSA,Taipei Songshan Airport,TW,TW-TPE,Taipei City,medium,25.069400787353516,121.552001953125
TSB,Tsumeb Airport,,NA-OT,Tsumeb,medium,-19.26189994812,17.732500076294
TSC,Taisha Airport,EC,EC-S,Taisha,small,-2.38167,-77.5028
TSD,Tshipise Airport,ZA,ZA-NP,Tshipise,small,-22.619300842285156,30.175600051879883
TSF,Treviso Antonio Canova Airport,IT,IT-34,Treviso (TV),medium,45.648399,12.1944
TSG,Tanacross Airport,US,US-AK,Tanacross,small,63.374401092499994,-143.335998535
TSH,Tshikapa Airport,CD,CD-KS,Tshikapa,small,-6.43833,20.794701
TSI,Tsile Tsile Airport,PG,PG-MPL,Tsile Tsile,small,-6.8498,146.3554
TSJ,Tsushima Airport,JP,JP-42,Tsushima,medium,34.2849006653,129.330993652
TSL,Aeropuerto Nacional de Tamuín,MX,MX-SLP,Tamuin,small,22.0383,-98.806502
TSM,Taos Regional Airport,US,US-NM,Taos,medium,36.452494,-105.67749
TSN,Tianjin Binhai International Airport,CN,CN-12,Tianjin,large,39.124401092499994,117.346000671
TSP,Tehachapi Municipal Airport,US,US-CA,Tehachapi,small,35.134998321533,-118.43900299072
TSQ,Torres Airport,BR,BR-RS,Torres,small,-29.4149,-49.810001
TSR,Timişoara Traian Vuia Airport,RO,RO-TM,Timişoara,medium,45.80989837646485,21.337900161743164
TSS,East 34th Street Heliport,US,US-NY,New York,heliport,40.742372,-73.972074
TST,Trang Airport,TH,TH-92,Trang,medium,7.50874,99.6166
TSU,Tabiteuea South Airport,KI,KI-G,Tabiteuea South,small,-1.47444,175.063995
TSV,Townsville Airport / RAAF Base Townsville,AU,AU-QLD,Townsville,medium,-19.252904,146.766512
TSW,Tsewi Airport,PG,PG-MPL,Tsewi,small,-7.0695,146.1272
TSX,Tanjung Santan Airport,ID,ID-KI,Santan-Borneo Island,small,-0.0929730013013,117.45300293
TSY,Cibeureum Airport,ID,ID-JB,Tasikmalaya-Java Island,small,-7.3466,108.246002
TSZ,Tsetserleg Airport,MN,MN-073,Tsetserleg,small,47.461476,101.483804
TTA,Tan Tan Airport,MA,MA-TNT,Tan Tan,medium,28.44820022583008,-11.161299705505373
TTB,Tortolì Airport,IT,IT-88,Arbatax,medium,39.9188,9.68298
TTC,Las Breas Airport,CL,CL-AN,Taltal,medium,-25.564301,-70.3759
TTD,Portland Troutdale Airport,US,US-OR,Portland,medium,45.54940032959,-122.40100097656
TTE,Sultan Babullah Airport,ID,ID-MU,Sango,medium,0.831012,127.381611
TTG,General Enrique Mosconi Airport,AR,AR-A,Tartagal,medium,-22.6196,-63.793701
TTH,Thumrait Air Base,OM,OM-ZU,Thumrait,medium,17.666,54.024601
TTI,Tetiaroa Airport,PF,PF-U-A,Tetiaroa,small,-17.015095,-149.589372
TTJ,Tottori Sand Dunes Conan Airport,JP,JP-31,Tottori,medium,35.530102,134.167007
TTL,Turtle Island Seaplane Base,FJ,FJ-W,Nanuya Levu Island,seaplane_base,-16.966,177.368
TTM,Tablón De Tamara Airport,CO,CO-CAS,Tablón De Tamara,small,5.726667,-72.100556
TTN,Trenton Mercer Airport,US,US-NJ,Trenton,medium,40.27669906616211,-74.8134994506836
TTO,Britton Municipal Airport,US,US-SD,Britton,small,45.815200805664,-97.743103027344
TTQ,Barra del Tortuguero,CR,CR-L,Tortuguero,small,10.569,-83.5149
TTR,Pongtiku Airport,ID,ID-SN,Makale,small,-3.04474,119.821999
TTS,Tsaratanana Airport,MG,MG-M,Tsaratanana,small,-16.751064,47.619016
TTT,Taitung Airport,TW,TW-TTT,Taitung City,medium,22.7549991607666,121.10199737548828
TTU,Sania Ramel Airport,MA,MA-TET,Tétouan,medium,35.594299,-5.32002
TTW,Tissa Tank Waterdrome,LK,LK-3,Tissamaharama,seaplane_base,6.2876,81.2906
TTX,Truscott-Mungalalu Airport,AU,AU-WA,Anjo Peninsula,small,-14.089699745178,126.3809967041
TUA,Lieutenant Colonel Luis A. Mantilla International Airport,EC,EC-C,Tulcán,medium,0.809506,-77.708099
TUB,Tubuai Airport,PF,PF-U-A,,medium,-23.365400314331055,-149.5240020751953
TUC,Teniente Benjamin Matienzo Airport,AR,AR-T,San Miguel de Tucumán,medium,-26.8409,-65.104897
TUD,Tambacounda Airport,SN,SN-TC,Tambacounda,medium,13.73680019378662,-13.65310001373291
TUF,Tours-Val-de-Loire Airport,FR,FR-CVL,Tours/Val de Loire (Loire Valley),medium,47.4322013855,0.727605998516
TUG,Tuguegarao Airport,PH,PH-CAG,Tuguegarao City,medium,17.6433676823,121.733150482
TUH,Arnold Air Force Base,US,US-TN,Tullahoma,small,35.39260101,-86.08580017
TUI,Turaif Domestic Airport,SA,SA-08,Turaif,medium,31.692188,38.731544
TUJ,Tum Airport,ET,ET-SW,Tum,small,6.26,35.5184
TUK,Turbat International Airport,PK,PK-BA,Turbat,medium,25.986400604248047,63.03020095825195
TUL,Tulsa International Airport,US,US-OK,Tulsa,large,36.19839859008789,-95.88809967041016
TUM,Tumut Airport,AU,AU-NSW,,medium,-35.26832,148.240526
TUN,Tunis Carthage International Airport,TN,TN-11,Tunis,large,36.851002,10.2272
TUO,Taupo Airport,NZ,NZ-WKO,Taupo,medium,-38.73970031738281,176.08399963378906
TUP,Tupelo Regional Airport,US,US-MS,Tupelo,medium,34.26810073852539,-88.7698974609375
TUQ,Tougan Airport,BF,BF-SOR,Tougan,small,13.059091,-3.077291
TUR,Tucuruí Airport,BR,BR-PA,Tucuruí,medium,-3.78601,-49.720299
TUS,Tucson International Airport / Morris Air National Guard Base,US,US-AZ,Tucson,medium,32.115004,-110.938053
TUU,Tabuk Airport,SA,SA-07,Tabuk,medium,28.3654,36.6189
TUV,Tucupita Airport,VE,VE-Y,Tucupita,medium,9.088994,-62.094173
TUW,Tubualá Airport,PA,PS-GY,Coetupo,small,8.918601,-77.709182
TUX,Tumbler Ridge Airport,CA,CA-BC,Tumbler Ridge,small,55.025001525879,-120.93499755859
TUY,Base Aeronaval de Tulum,MX,MX-ROO,Tulum,small,20.227301,-87.438203
TVA,Morafenobe Airport,MG,MG-M,Morafenobe,small,-17.850083,44.920467
TVC,Cherry Capital Airport,US,US-MI,Traverse City,medium,44.74140167236328,-85.58219909667969
TVF,Thief River Falls Regional Airport,US,US-MN,Thief River Falls,medium,48.065701,-96.184998
TVI,Thomasville Regional Airport,US,US-GA,Thomasville,small,30.901599884033,-83.881301879883
TVL,Lake Tahoe Airport,US,US-CA,South Lake Tahoe,medium,38.89390182495117,-119.99500274658205
TVS,Tangshan Sannühe Airport,CN,CN-13,Tangshan,small,39.7178,118.002625
TVU,Matei Airport,FJ,FJ-N,Matei,small,-16.690599,-179.876999
TVY,Dawei Airport,MM,MM-05,Dawei,medium,14.103899955749512,98.20359802246094
TWA,Twin Hills Airport,US,US-AK,Twin Hills,small,59.074713,-160.274992
TWB,Toowoomba Airport,AU,AU-QLD,Toowoomba,small,-27.543365,151.919112
TWC,Tumxuk Tangwangcheng Airport,CN,CN-65,Tumxuk,small,39.886663,79.233408
TWD,Jefferson County International Airport,US,US-WA,Port Townsend,small,48.0537986755,-122.810997009
TWE,Taylor Airport,US,US-AK,Taylor,small,65.6792984009,-164.798995972
TWF,Joslin Field Magic Valley Regional Airport,US,US-ID,Twin Falls,medium,42.4818,-114.487999
TWH,Two Harbors Amphibious Terminal,US,US-CA,Two Harbors,seaplane_base,33.432222222200004,-118.508611111
TWP,Torwood Airport,AU,AU-QLD,Torwood,small,-17.363300323486328,143.75
TWT,Sanga Sanga Airport,PH,PH-TAW,Bongao,medium,5.048196,119.743338
TWU,Tawau Airport,MY,MY-12,Tawau,medium,4.31338,118.12152
TWY,Tawa Airport,PG,PG-MPL,Tawa,small,-7.4463,146.1067
TWZ,Pukaki Airport,NZ,NZ-CAN,Twitzel,medium,-44.2350006104,170.117996216
TXC,Orsha Airport - Balbasovo Air Base,BY,BY-VI,Orsha,medium,54.439999,30.2967
TXE,Rembele Airport,ID,ID-AC,Takengon,medium,4.72113,96.851943
TXF,9 de Maio - Teixeira de Freitas Airport,BR,BR-BA,Teixeira de Freitas,small,-17.524392,-39.668499
TXK,Texarkana Regional Airport (Webb Field),US,US-AR,Texarkana,medium,33.453701,-93.990997
TXM,Teminabuan Airport,ID,ID-PB,Atinjoe,small,-1.44545,132.021139
TXN,Tunxi International Airport,CN,CN-34,Huangshan,medium,29.733299255371097,118.25599670410156
TXR,Tanbar Airport,AU,AU-QLD,Tanbar Station,small,-25.847799301147,141.92799377441
TXU,Tabou Airport,CI,CI-BS,Tabou,small,4.437809467315674,-7.362728118896484
TYA,Klokovo Airfield,RU,RU-TUL,Tula,small,54.239,37.6
TYB,Tibooburra Airport,AU,AU-NSW,,medium,-29.451099,142.057999
TYC,Taiyuan Yaocheng Airport,CN,CN-14,Taiyuan,small,37.50312,112.424126
TYD,Tynda Airport,RU,RU-AMU,Tynda,small,55.284936,124.77901
TYE,Tyonek Airport,US,US-AK,Tyonek,small,61.076556,-151.131363
TYF,Torsby Airport,SE,SE-S,Torsby,medium,60.1576,12.9913
TYG,Thylungra Airport,AU,AU-QLD,,small,-26.093047,143.45136
TYL,Captain Victor Montes Arias International Airport,PE,PE-PIU,Talara,medium,-4.57664,-81.254097
TYM,Staniel Cay Airport,BS,BS-EX,,medium,24.1691,-76.439102
TYN,Taiyuan Wusu Airport,CN,CN-14,Taiyuan,large,37.746899,112.627998
TYP,Tobermorey Airport,AU,AU-NT,Tobermorey,small,-22.255800247192383,137.9530029296875
TYR,Tyler Pounds Regional Airport,US,US-TX,Tyler,medium,32.35409927368164,-95.40239715576172
TYS,McGhee Tyson Airport,US,US-TN,Alcoa,medium,35.811001,-83.994003
TYT,Treinta y Tres Airport,UY,UY-TT,Treinta y Tres,small,-33.195714,-54.347246
TYZ,Taylor Airport,US,US-AZ,Taylor,small,34.45280075,-110.1149979
TZA,Sir Barry Bowen Municipal Airport,BZ,BZ-BZ,Belize City,medium,17.517239,-88.195775
TZC,Tuscola Area Airport,US,US-MI,Caro,small,43.458801,-83.445503
TZL,Tuzla International Airport,BA,BA-BIH,Dubrave Gornje,medium,44.458698,18.7248
TZM,Aeródromo de Cupul,MX,MX-YUC,Tizimin,small,21.155716,-88.172918
TZN,Congo Town Airport,BS,BS-SA,Andros,medium,24.158701,-77.589798
TZO,Tsimiroro Airport,MG,MG-U,Ankisatra,small,-18.345064,45.015643
TZX,Trabzon International Airport,TR,TR-61,Trabzon,medium,40.995098,39.7897
UAB,İncirlik Air Base,TR,TR-01,Sarıçam,medium,37.002102,35.4259
UAC,San Luis Río Colorado Airport,MX,MX-SON,San Luis Río Colorado,small,32.445301,-114.797997
UAE,Mount Aue Airport,PG,PG-JI,,small,-6.23416666667,144.664722222
UAH,Ua Huka Airport,PF,PF-U-A,Ua Huka,small,-8.936228,-139.554062
UAI,Suai Airport,TL,TL-CO,Suai,medium,-9.30331039428711,125.28700256347656
UAK,Narsarsuaq Airport,GL,GL-KU,Narsarsuaq,medium,61.1605,-45.425999
UAL,Luau Airport,AO,AO-MOX,Luau,small,-10.7158,22.2311
UAM,Andersen Air Force Base,GU,GU-U-A,Yigo,medium,13.584,144.929998
UAP,Ua Pou Airport,PF,PF-U-A,Ua Pou,small,-9.35167,-140.078003
UAQ,Domingo Faustino Sarmiento Airport,AR,AR-J,San Juan,medium,-31.571501,-68.418198
UAR,Bouarfa Airport,MA,MA-FIG,Bouarfa,medium,32.514306,-1.983056
UAS,Samburu Airport,KE,KE-700,Samburu,small,0.534069,37.531991
UAX,Uaxactun Airport,GT,GT-PE,Uaxactun,small,17.393888,-89.632744
UBA,Mário de Almeida Franco Airport,BR,BR-MG,Uberaba,medium,-19.764722824097,-47.966110229492
UBB,Mabuiag Island Airport,AU,AU-QLD,Mabuiag Island,small,-9.950168,142.19523
UBI,Buin Airport,PG,PG-NSB,Buin,small,-6.72916666667,155.683333333
UBJ,Yamaguchi Ube Airport,JP,JP-35,Ube,medium,33.930000305200004,131.279006958
UBN,Ulaanbaatar Chinggis Khaan International Airport,MN,MN-047,Ulaanbaatar (Sergelen),large,47.646916,106.819833
UBP,Ubon Ratchathani Airport,TH,TH-34,Ubon Ratchathani,medium,15.2512998581,104.870002747
UBS,Columbus Lowndes County Airport,US,US-MS,Columbus,small,33.4654006958,-88.3803024292
UBT,Ubatuba Gastão Madeira State Airport,BR,BR-SP,Ubatuba,small,-23.440628,-45.074057
UBU,Kalumburu Airport,AU,AU-WA,Kalumburu,small,-14.28784,126.633182
UCB,Ulanqab Jining Airport,CN,CN-15,Ulanqab,medium,41.130266,113.107274
UCC,Yucca Airstrip,US,US-NV,Mercury,small,36.934661,-116.00596
UCE,Eunice Airport,US,US-LA,Eunice,small,30.466299057007,-92.423797607422
UCK,Lutsk Airport,UA,UA-07,Lutsk,small,50.678404,25.487165
UCN,Buchanan Airport,LR,LR-GB,Buchanan,small,5.905503,-10.058262
UCT,Ukhta Airport,RU,RU-KO,Ukhta,medium,63.566898,53.804699
UCY,Everett-Stewart Regional Airport,US,US-TN,Union City,small,36.38180161,-88.98539734
UCZ,Uchiza Airport,PE,PE-HUC,Uchiza,small,-8.467,-76.349998
UDA,Undara Airport,AU,AU-QLD,,small,-18.200000762939453,144.60000610351562
UDD,Bermuda Dunes Airport,US,US-CA,Bermuda Dunes,small,33.748492,-116.275027
UDE,Volkel Air Base,NL,NL-NB,Uden,medium,51.657222,5.707778
UDI,Ten. Cel. Aviador César Bombonato Airport,BR,BR-MG,Uberlândia,medium,-18.883579,-48.225936
UDJ,Uzhhorod International Airport,UA,UA-21,Uzhhorod,medium,48.634300231933594,22.263399124145508
UDN,Udine-Campoformido Air Base,IT,IT-36,Campoformido (UD),small,46.0308,13.18225
UDR,Maharana Pratap Airport,IN,IN-RJ,Udaipur,medium,24.617700576799997,73.89610290530001
UEE,Queenstown Airport,AU,AU-TAS,,small,-42.075001,145.531998
UEL,Quelimane Airport,MZ,MZ-Q,Quelimane,medium,-17.855499267578125,36.86909866333008
UEN,Urengoy Airport,RU,RU-YAN,Urengoy,small,65.9599990845,78.43699646
UEO,Kumejima Airport,JP,JP-47,Kumejima,medium,26.363445,126.71384
UES,Waukesha County Airport,US,US-WI,Waukesha,small,43.041000366211,-88.237098693848
UET,Quetta International Airport,PK,PK-BA,Quetta,medium,30.251399993896484,66.93779754638672
UFA,Ufa International Airport,RU,RU-BA,Ufa,large,54.557498931885,55.874401092529
UGA,Bulgan Airport,MN,MN-067,Bulgan,medium,48.85499954223633,103.47599792480467
UGB,Ugashik Bay Airport,US,US-AK,Pilot Point,small,57.424052,-157.74479
UGC,Urgench Airport,UZ,UZ-XO,Urgench,medium,41.58430099487305,60.641700744628906
UGI,San Juan /Uganik/ Seaplane Base,US,US-AK,San Juan,seaplane_base,57.7304,-153.320999
UGL,Union Glacier Blue-Ice Runway,AQ,AQ-U-A,Union Glacier Camp,small,-79.777778,-83.320833
UGN,Waukegan National Airport,US,US-IL,Chicago/Waukegan,small,42.422199249268,-87.867897033691
UGO,Uige Airport,AO,AO-UIG,Uige,medium,-7.60307,15.0278
UGS,Ugashik Airport,US,US-AK,Ugashik,small,57.523476,-157.396344
UGT,Bulagtai Resort Airport,MN,MN-053,Khankhongor,small,43.749304,104.114985
UGU,Bilogai-Sugapa Airport,ID,ID-PT,Sugapa,medium,-3.739503,137.031183
UHE,Kunovice Airport,CZ,CZ-ZL,Uherské Hradiště,medium,49.0294,17.439699
UHS,Aleksandrovsk-Sakhalinskiy Airport,RU,RU-SAK,Aleksandrovsk-Sakhalinskiy,small,50.877144,142.17561
UIB,El Caraño Airport,CO,CO-CHO,Quibdó,medium,5.69076,-76.6412
UIH,Phu Cat Airport,VN,VN-SCC,Quy Nohn,medium,13.955,109.042
UII,Utila Airport,HN,HN-IB,Utila Island,small,16.1131,-86.880302
UIK,Ust-Ilimsk Airport,RU,RU-IRK,Ust-Ilimsk,small,58.136101,102.565002
UIL,Quillayute Airport,US,US-WA,Quillayute,small,47.936599731445,-124.56300354004
UIN,Quincy Regional Baldwin Field,US,US-IL,Quincy,medium,39.94269943,-91.19460297
UIO,Mariscal Sucre International Airport,EC,EC-P,Quito,large,-0.125399,-78.354306
UIP,Quimper-Cornouaille Airport,FR,FR-BRE,Quimper/Pluguffan,medium,47.973031,-4.169655
UIR,Quirindi Airport,AU,AU-NSW,,small,-31.498177,150.521708
UIT,Jaluit Airport,MH,MH-JAL,Jabor Jaluit Atoll,small,5.909213,169.637256
UJE,Ujae Atoll Airport,MH,MH-UJA,Ujae Atoll,small,8.92805957794,165.761993408
UJN,Uljin Airport,KR,KR-47,"Bongsan-ri, Uljin",small,36.777049,129.461861
UJU,Uiju Airport,KP,KP-03,Uiju,small,40.150013,124.501104
UKA,Ukunda Airstrip,KE,KE-300,Ukunda,small,-4.29333,39.571098
UKB,Kobe Airport,JP,JP-28,Kobe,medium,34.6328010559082,135.2239990234375
UKE,Utkela Airport,IN,IN-OR,Bhawanipatna,small,20.097778,83.183333
UKG,Ust-Kuyga Airport,RU,RU-SA,Ust-Kuyga,small,70.011002,135.645004
UKH,Mukhaizna Airport,OM,OM-WU,Mukhaizna Oil Field,small,19.386389,56.401389
UKI,Ukiah Municipal Airport,US,US-CA,Ukiah,medium,39.125999,-123.200996
UKK,Ust-Kamenogorsk Airport,KZ,KZ-VOS,Ust-Kamenogorsk (Oskemen),medium,50.036571,82.493477
UKN,Waukon Municipal Airport,US,US-IA,Waukon,small,43.280498504639,-91.469497680664
UKR,Mukeiras Airport,YE,YE-BA,Mukayras,small,13.9368,45.657
UKS,Sevastopol International Airport / Belbek Air Base,UA,UA-43,Sevastopol,medium,44.691822,33.57462
UKT,Quakertown Airport,US,US-PA,Quakertown,small,40.4352,-75.381897
UKU,Nuku Airport,PG,PG-SAN,Nuku,small,-3.676651,142.484334
UKX,Ust-Kut Airport,RU,RU-IRK,Ust-Kut,medium,56.856701,105.730003
ULA,Capitan D Daniel Vazquez Airport,AR,AR-Z,San Julian,medium,-49.306816,-67.802596
ULB,Uléi Airport,VU,VU-MAP,Ambrym Island,small,-16.3297,168.3011
ULD,Prince Mangosuthu Buthelezi Airport,ZA,ZA-NL,Ulundi,medium,-28.3206005096,31.4165000916
ULE,Sule Airport,PG,PG-WBK,Sule,small,-4.974720001220703,151.2969970703125
ULG,Ölgii Mongolei Airport,MN,MN-071,Ölgii,small,48.993301,89.922501
ULH,Majeed Bin Abdulaziz Airport,SA,SA-03,Al Ula,medium,26.48,38.128889
ULI,Ulithi Airport,FM,FM-YAP,Falalop Island,small,10.0198,139.789993
ULK,Lensk Airport,RU,RU-SA,Lensk,medium,60.7206001282,114.825996399
ULL,Glenforsa Airfield,GB,GB-SCT,Glenforsa,small,56.517202,-5.91401
ULM,New Ulm Municipal Airport,US,US-MN,New Ulm,small,44.319599151611,-94.502296447754
ULN,Buyant-Ukhaa International Airport,MN,MN-1,Ulaanbaatar,medium,47.843102,106.766998
ULO,Ulaangom Airport,MN,MN-046,Ulaangom,small,50.066588,91.938273
ULP,Quilpie Airport,AU,AU-QLD,,medium,-26.612199783325195,144.2530059814453
ULQ,Heriberto Gíl Martínez Airport,CO,CO-VAC,Tuluá,medium,4.08836,-76.2351
ULS,Mulatos Airport,CO,CO-ANT,Mulatos,small,8.64019,-76.71884
ULU,Gulu Airport,UG,UG-N,Gulu,medium,2.8055601119995117,32.27180099487305
ULV,Ulyanovsk Baratayevka Airport,RU,RU-ULY,Ulyanovsk,medium,54.268299,48.2267
ULX,Ulusaba Airport,ZA,ZA-NP,Ulusaba,small,-24.7854003906,31.3549003601
ULY,Ulyanovsk East Airport,RU,RU-ULY,Cherdakly,medium,54.401001,48.8027
ULZ,Donoi Airport,MN,MN-057,Uliastai,small,47.7093,96.5258
UMA,Alfredo Noa Díaz Airport,CU,CU-14,Maisí,small,20.242374,-74.148268
UMB,Kalumbila Airport,ZM,ZM-06,Kalumbila,medium,-12.25358,25.44432
UMC,Umba Airport,PG,PG-MPL,Umba,small,-7.0214,145.966
UMD,Uummannaq Heliport,GL,GL-AV,Uummannaq,heliport,70.680428,-52.11163
UME,Umeå Airport,SE,SE-AC,Umeå,medium,63.791801452637,20.282800674438
UMI,Quincemil Air Base,PE,PE-CUS,Quince Mil,small,-13.231357,-70.75145
UMM,Summit Airport,US,US-AK,Cantwell,small,63.331501,-149.126999
UMR,Woomera Airfield,AU,AU-SA,Woomera,small,-31.14419937133789,136.81700134277344
UMS,Ust-Maya Airport,RU,RU-SA,Ust-Maya,small,60.356998443604,134.43499755859
UMT,Umiat Airport,US,US-AK,Umiat,small,69.371101,-152.136002
UMU,Orlando de Carvalho Airport,BR,BR-PR,Umuarama,small,-23.7987,-53.313801
UMY,Sumy Airport,UA,UA-59,Sumy,small,50.858299,34.762501
UMZ,Mena Intermountain Municipal Airport,US,US-AR,Mena,small,34.545399,-94.202698
UNA,Una-Comandatuba Airport,BR,BR-BA,Una,small,-15.354358,-38.998729
UNC,Unguía Airport,CO,CO-CHO,Unguía,small,8.032714,-77.091751
UND,Kunduz Airport,AF,AF-KDZ,Kunduz,medium,36.6651,68.910797
UNE,Qacha's Nek Airport,LS,LS-H,Qacha's Nek,small,-30.1117,28.6719
UNG,Kiunga Airport,PG,PG-WPD,Kiunga,small,-6.1257100105285645,141.28199768066406
UNI,Union Island International Airport,VC,VC-06,Union Island,medium,12.600135,-61.411945
UNK,Unalakleet Airport,US,US-AK,Unalakleet,medium,63.888401,-160.798996
UNN,Ranong Airport,TH,TH-85,Ranong,medium,9.77762,98.585503
UNR,Öndörkhaan Airport,MN,MN-039,Öndörkhaan,small,47.30486,110.6092
UNT,Unst Airport,GB,GB-SCT,Shetland Islands,small,60.7472,-0.85385
UNU,Dodge County Airport,US,US-WI,Juneau,small,43.42660141,-88.70320129
UOA,Moruroa Airport,PF,PF-U-A,Moruroa Atoll,small,-21.80978,-138.813385
UOL,Buol - Pogogul Airport,ID,ID-ST,Buol-Celebes Island,small,1.1027,121.4141
UOS,Franklin County Airport,US,US-TN,Sewanee,small,35.205101013184,-85.898101806641
UOX,University Oxford Airport,US,US-MS,Oxford,medium,34.384300231934,-89.536796569824
UPB,Playa Baracoa Airport,CU,CU-15,Havana,medium,23.032801,-82.579399
UPG,Hasanuddin International Airport,ID,ID-SN,Ujung Pandang,large,-5.06163,119.554001
UPL,Upala Airport,CR,CR-A,Upala,medium,10.8922,-85.016197
UPN,Uruapan - Licenciado y General Ignacio Lopez Rayon International Airport,MX,MX-MIC,Uruapan,medium,19.3967,-102.039001
UPP,Upolu Airport,US,US-HI,Hawi,small,20.265301,-155.860001
UPR,Upiara Airport,PG,PG-WPD,Upiara,small,-8.5411,142.6503
UPV,Upavon Aerodrome,GB,GB-ENG,Upavon,small,51.2862014771,-1.7820199728
URA,Uralsk Airport,KZ,KZ-ZAP,Uralsk,medium,51.15079879760742,51.54309844970703
URC,Ürümqi Diwopu International Airport,CN,CN-65,Ürümqi,large,43.907100677490234,87.47419738769531
URD,Burg Feuerstein Airport,DE,DE-BY,Ebermannstadt,small,49.794167,11.133611
URE,Kuressaare Airport,EE,EE-74,Kuressaare,medium,58.22990036010742,22.50950050354004
URG,Rubem Berta Airport,BR,BR-RS,Uruguaiana,medium,-29.7822,-57.0382
URI,Uribe Airport,CO,CO-MET,La Uribe,small,3.2375,-74.347222
URJ,Uray Airport,RU,RU-KHM,Uray,medium,60.103298,64.826698
URM,Uriman Airport,VE,VE-F,,small,5.333333,-62.766666
URN,Urgun Airport,AF,AF-PKA,Urgun,small,32.939933,69.150064
URO,Rouen Vallée de Seine Airport,FR,FR-NOR,Boos,medium,49.384887,1.179142
URR,Urrao Airport,CO,CO-ANT,Urrao,small,6.32883,-76.1425
URS,Kursk East Airport,RU,RU-KRS,Kursk,medium,51.7505989074707,36.29560089111328
URT,Surat Thani Airport,TH,TH-84,Surat Thani,medium,9.13259983063,99.135597229
URU,Uroubi Airport,PG,PG-NPP,Uroubi,small,-9.5162,148.5591
URY,Gurayat Domestic Airport,SA,SA-12,Gurayat,medium,31.412413,37.278898
URZ,Orūzgān Airport,AF,AF-URU,Orūzgān,small,32.9029998779,66.630897522
USA,Concord-Padgett Regional Airport,US,US-NC,Concord,medium,35.387798,-80.709099
USC,Union County Airport,US,US-OH,Marysville,small,40.224701,-83.351601
USH,Malvinas Argentinas Airport,AR,AR-V,Ushuaia,medium,-54.8433,-68.2958
USI,Mabaruma Airport,GY,GY-BA,Mabaruma,small,8.20017,-59.777965
USJ,Usharal Airport,KZ,KZ-JET,Usharal,small,46.190767,80.830922
USK,Usinsk Airport,RU,RU-KO,Usinsk,medium,66.0047,57.367199
USL,Useless Loop Airport,AU,AU-WA,Useless Loop,small,-26.157923,113.394817
USM,Samui Airport,TH,TH-84,Na Thon (Ko Samui Island),medium,9.54779,100.061996
USN,Ulsan Airport,KR,KR-31,Ulsan,medium,35.59349823,129.352005005
USQ,Uşak Airport,TR,TR-64,Uşak,medium,38.681499,29.471701
USR,Ust-Nera Airport,RU,RU-SA,Ust-Nera,medium,64.550003051758,143.11500549316
USS,Sancti Spiritus Airport,CU,CU-07,Sancti Spiritus,small,21.9704,-79.442703
UST,Northeast Florida Regional Airport,US,US-FL,St Augustine,medium,29.9592,-81.339798
USU,Francisco B. Reyes (Busuanga) Airport,PH,PH-PLW,Coron,medium,12.121865,120.100801
UTA,Mutare Airport,ZW,ZW-MA,Mutare,small,-18.997499465942,32.627201080322
UTB,Muttaburra Airport,AU,AU-QLD,,small,-22.58329963684082,144.5330047607422
UTD,Nutwood Downs Airport,AU,AU-NT,Nutwood Downs,small,-15.8074,134.1459
UTE,Bultfontein Airport,ZA,ZA-FS,Bultfontein,small,-28.273369,26.135835
UTG,Quthing Airport,LS,LS-G,Quthing,small,-30.407499,27.6933
UTH,Udon Thani Airport,TH,TH-41,Udon Thani,medium,17.386400222800003,102.788002014
UTI,Utti Air Base,FI,FI-09,Utti / Valkeala,medium,60.8964,26.9384
UTK,Utirik Airport,MH,MH-UTI,Utirik Island,small,11.222219,169.851429
UTM,Tunica Municipal Airport,US,US-MS,Tunica,small,34.680999755859,-90.346702575684
UTN,Pierre Van Ryneveld Airport,ZA,ZA-NC,Upington,medium,-28.39909935,21.2602005005
UTO,Indian Mountain LRRS Airport,US,US-AK,Utopia Creek,medium,65.992798,-153.703995
UTP,U-Tapao International Airport,TH,TH-21,Rayong,medium,12.67990016937256,101.00499725341795
UTR,Uttaradit Airport,TH,TH-53,Uttaradit,small,17.617000579833984,100.0999984741211
UTS,Ust-Tsylma Airport,RU,RU-KO,Ust-Tsylma,medium,65.437294,52.200336
UTT,K. D. Matanzima Airport,ZA,ZA-EC,Mthatha,medium,-31.5463631849,28.6733551025
UTU,Ustupu Airport,PA,PS-GY,Ustupu,small,9.1283,-77.9337
UTW,Queenstown Airport,ZA,ZA-EC,Queenstown,medium,-31.92020034790039,26.882200241088867
UUA,Bugulma Airport,RU,RU-TA,Bugulma,medium,54.641184,52.800229
UUD,Baikal International Airport,RU,RU-BU,Ulan Ude,medium,51.808614,107.439652
UUK,Ugnu-Kuparuk Airport,US,US-AK,Kuparuk,small,70.33080291750001,-149.598007202
UUN,Baruun Urt Airport,MN,MN-051,,medium,46.660301208496094,113.28500366210938
UUS,Yuzhno-Sakhalinsk Airport,RU,RU-SAK,Yuzhno-Sakhalinsk,medium,46.885461,142.717466
UUU,Manumu Airport,PG,PG-CPM,Manumu,small,-9.0746,147.5735
UVA,Garner Field,US,US-TX,Uvalde,small,29.2112998962,-99.743598938
UVE,Ouvéa Airport,NC,NC-U-A,Ouvéa,medium,-20.640600204467773,166.572998046875
UVF,Hewanorra International Airport,LC,LC-11,Vieux Fort,large,13.7332,-60.952599
UVI,União da Vitória Airport,BR,BR-PR,União da Vitória,small,-26.233224,-51.066754
UVL,El Kharja Airport,EG,EG-WAD,Kharja Oases,small,25.471483,30.588491
UVO,Uvol Airport,PG,PG-EBR,Uvol,small,-6.0178,150.9557
UWA,Ware Airport,US,US-MA,Ware,small,42.282001495361,-72.214797973633
UYL,Nyala Airport,SD,SD-11,Nyala,medium,12.0535,24.9562
UYN,Yulin Yuyang Airport,CN,CN-61,Yulin,small,38.35971,109.590927
UYU,Uyuni Joya Andina Airport,BO,BO-P,Quijarro,small,-20.441304,-66.857553
UZC,Ponikve Airport,RS,RS-16,Stapari,medium,43.898899,19.697701
UZM,Hope Bay Aerodrome,CA,CA-NU,Hope Bay,small,68.156,-106.618
UZR,Urzhar Airport,KZ,KZ-ABA,Urzhar,small,47.09115,81.66521
UZU,Curuzu Cuatia Airport,AR,AR-W,Curuzu Cuatia,medium,-29.7706,-57.9789
VAA,Vaasa Airport,FI,FI-12,Vaasa,medium,63.050701,21.762199
VAB,Yavarate Airport,CO,CO-VAU,Yavarate,small,1.116667,-70.75
VAC,Varrelbusch Airfield,DE,DE-NI,Cloppenburg,small,52.908333,8.040556
VAD,Moody Air Force Base,US,US-GA,Valdosta,medium,30.9678001404,-83.1930007935
VAF,Valence-Chabeuil Airport,FR,FR-ARA,Valence/Chabeuil,medium,44.9216,4.9699
VAG,Major Brigadeiro Trompowsky Airport,BR,BR-MG,Varginha,medium,-21.591375,-45.474116
VAH,Capitán Av. Vidal Villagomez Toledo Airport,BO,BO-S,Vallegrande,small,-18.4825,-64.099403
VAI,Vanimo Airport,PG,PG-SAN,Vanimo,medium,-2.6926,141.3028
VAK,Chevak Airport,US,US-AK,Chevak,small,61.5409,-165.6005
VAL,Valença Airport,BR,BR-BA,Valença,small,-13.2965,-38.992401
VAM,Villa Airport,MV,MV-00,Maamigili,medium,3.470556,72.835833
VAN,Van Ferit Melen Airport,TR,TR-65,Van,medium,38.46820068359375,43.332298278808594
VAO,Suavanao Airport,SB,SB-IS,Suavanao,small,-7.58556,158.731003
VAP,Rodelillo Airport,CL,CL-VS,Viña Del Mar,small,-33.0681,-71.557503
VAQ,Vanavara Airport,RU,RU-KYA,Vanavara,medium,60.356229,102.309641
VAR,Varna Airport,BG,BG-03,Varna,large,43.232101,27.8251
VAS,Sivas Nuri Demirağ Airport,TR,TR-58,Sivas,small,39.813801,36.9035
VAT,Vatomandry Airport,MG,MG-A,Vatomandry,small,-19.383333,48.95
VAV,Vava'u International Airport,TO,TO-05,Vava'u Island,medium,-18.58530044555664,-173.96200561523438
VAW,"Vardø Airport, Svartnes",NO,NO-54,Vardø,medium,70.355400085449,31.044900894165
VBA,Ann Airport,MM,MM-16,Aeng,small,19.769199,94.0261
VBC,Chanmyathazi Airport,MM,MM-04,Mandalay,small,21.9405,96.0896
VBG,Vandenberg Space Force Base,US,US-CA,Lompoc,medium,34.737301,-120.584
VBP,Bokpyinn Airport,MM,MM-05,Bokpyinn,small,11.1494,98.735901
VBS,Brescia Gabriele d'Annunzio Airport,IT,IT-25,Montichiari (BS),medium,45.428902,10.3306
VBV,Vanua Balavu Airport,FJ,FJ-E,Vanua Balavu,small,-17.268999099731445,-178.9759979248047
VBY,Visby Airport,SE,SE-I,Visby,medium,57.662799835205,18.346200942993
VCA,Can Tho International Airport,VN,VN-SW,Can Tho,medium,10.0851,105.711998
VCC,Vacaria Airport,BR,BR-RS,Vacaria,small,-28.43248,-51.023322
VCD,Victoria River Downs Airport,AU,AU-NT,Victoria River,small,-16.402124,131.004974
VCE,Venice Marco Polo Airport,IT,IT-34,Venezia (VE),large,45.505299,12.3519
VCF,Valcheta Airport,AR,AR-R,Valcheta,small,-40.700001,-66.150002
VCH,Vichadero Airport,UY,UY-RV,Vichadero,small,-31.739166,-54.587776
VCL,Chu Lai Airport,VN,VN-SCC,Tam Nghĩa,small,15.4033,108.706001
VCP,Viracopos International Airport,BR,BR-SP,Campinas,medium,-23.007404,-47.134502
VCS,Con Dao Airport,VN,VN-SE,Con Dao,medium,8.73183,106.633003
VCT,Victoria Regional Airport,US,US-TX,Victoria,medium,28.85260009765625,-96.9185028076172
VCV,Southern California Logistics Airport,US,US-CA,Victorville,small,34.597499847399995,-117.383003235
VDA,Ovda Airport,IL,IL-D,Eilat,small,29.9403,34.935799
VDB,"Fagernes Airport, Leirin",NO,NO-34,Fagernes,medium,61.015598,9.28806
VDC,Glauber de Andrade Rocha Airport,BR,BR-BA,Vitória da Conquista,medium,-14.907885,-40.914804
VDE,El Hierro Airport,ES,ES-CN,El Hierro Island,medium,27.8148,-17.8871
VDH,Dong Hoi Airport,VN,VN-NC,Dong Hoi,medium,17.515,106.590556
VDI,Vidalia Regional Airport,US,US-GA,Vidalia,small,32.192699432373,-82.371200561523
VDM,Gobernador Castello Airport,AR,AR-R,Viedma / Carmen de Patagones,medium,-40.8692,-63.0004
VDO,Van Don International Airport,VN,VN-NE,Van Don,medium,21.120693,107.41539
VDP,Valle de La Pascua Airport,VE,VE-J,,medium,9.22202777863,-65.9935836792
VDR,Villa Dolores Airport,AR,AR-X,Villa Dolores,medium,-31.9452,-65.146301
VDS,Vadsø Airport,NO,NO-54,Vadsø,medium,70.065299987793,29.844699859619
VDY,Jindal Vijaynagar Airport,IN,IN-KA,Toranagallu,small,15.175921,76.63303
VDZ,Valdez Pioneer Field,US,US-AK,Valdez,medium,61.132712,-146.246567
VEE,Venetie Airport,US,US-AK,Venetie,small,67.008698,-146.365997
VEG,Maikwak Airport,GY,GY-PT,Maikwak,small,4.898172,-59.817027
VEL,Vernal Regional Airport,US,US-UT,Vernal,medium,40.440899,-109.510002
VEO,Severo-Yeniseysk Airport,RU,RU-KYA,Severo-Yeniseysk,medium,60.373299,93.011703
VER,General Heriberto Jara International Airport,MX,MX-VER,Veracruz,medium,19.1459007263,-96.1873016357
VEV,Barakoma Airport,SB,SB-WE,Barakoma,small,-7.912779808044434,156.70599365234375
VEX,Tioga Municipal Airport,US,US-ND,Tioga,small,48.38050079,-102.8980026
VEY,Vestmannaeyjar Airport,IS,IS-8,Vestmannaeyjar,medium,63.42430114746094,-20.278900146484375
VFA,Victoria Falls International Airport,ZW,ZW-MN,Victoria Falls,medium,-18.09589958190918,25.839000701904297
VGA,Vijayawada Airport,IN,IN-AP,Gannavaram,medium,16.530399,80.796799
VGD,Vologda Airport,RU,RU-VLG,Vologda,medium,59.282501,39.944401
VGO,Vigo Airport,ES,ES-GA,Vigo,medium,42.2318,-8.62677
VGS,General Villegas Airport,AR,AR-B,General Villegas,small,-34.995728,-62.999725
VGT,North Las Vegas Metropolitan International Airport,US,US-NV,Las Vegas,medium,36.210701,-115.194
VGZ,Villa Garzón Airport,CO,CO-PUT,Villa Garzón,small,0.978767,-76.6056
VHC,Saurimo Airport,AO,AO-LSU,Saurimo,medium,-9.68907,20.4319
VHM,Vilhelmina South Lapland Airport,SE,SE-AC,Vilhelmina,medium,64.579102,16.833599
VHN,Culberson County Airport,US,US-TX,Van Horn,small,31.057800292969,-104.78399658203
VHV,Verkhnevilyuisk Airport,RU,RU-SA,Verkhnevilyuisk,small,63.458057403564,120.26916503906
VHY,Vichy-Charmeil Airport,FR,FR-ARA,Vichy/Charmeil,medium,46.169701,3.40374
VHZ,Vahitahi Airport,PF,PF-U-A,Vahitahi,small,-18.780697,-138.85568
VIA,Videira Airport,BR,BR-SC,Videira,small,-26.999701,-51.141899
VIE,Vienna International Airport,AT,AT-9,Vienna,large,48.110298,16.5697
VIG,Juan Pablo Pérez Alfonso Airport,VE,VE-L,El Vigía,medium,8.624139,-71.672668
VIH,Rolla National Airport,US,US-MO,Rolla/Vichy,small,38.1273994446,-91.7695007324
VII,Vinh Airport,VN,VN-NC,Vinh,medium,18.7376003265,105.67099762
VIJ,Virgin Gorda Airport,VG,VG-U-A,Spanish Town,small,18.446399688720703,-64.42749786376953
VIL,Dakhla Airport,EH,EH-U-A,Dakhla,medium,23.7183,-15.932
VIN,Vinnytsia/Gavyryshivka International Airport,UA,UA-05,Vinnitsa,medium,49.242531,28.613778
VIP,Payerne Air Base,CH,CH-FR,Payerne,medium,46.8432,6.91506
VIQ,Viqueque Airport,TL,TL-VI,Viqueque,small,-8.88379955291748,126.3730010986328
VIR,Virginia Airport,ZA,ZA-NL,Durban,medium,-29.770599,31.058399
VIS,Visalia Municipal Airport,US,US-CA,Visalia,medium,36.318699,-119.392998
VIT,Vitoria Airport,ES,ES-PV,Alava,medium,42.882801,-2.72447
VIU,Viru Harbour Airstrip,SB,SB-WE,Viru,small,-8.5085,157.69
VIV,Vivigani Airfield,PG,PG-MBA,Vivigani,small,-9.30333333333,150.318888889
VIX,Eurico de Aguiar Salles Airport,BR,BR-ES,Vitória,large,-20.258,-40.285
VIY,Vélizy-Villacoublay Air Base,FR,FR-IDF,Vélizy-Villacoublay,medium,48.774406,2.203102
VJB,Xai-Xai Chongoene Airport,MZ,MZ-G,Xai-Xai,small,-24.895362,33.749896
VJI,Virginia Highlands Airport,US,US-VA,Abingdon,small,36.687099,-82.033302
VJQ,Gurue Airport,MZ,MZ-Q,Gurue,small,-15.5062,36.9904
VKG,Rach Gia Airport,VN,VN-SW,Rach Gia,medium,9.95802997234,105.132379532
VKO,Vnukovo International Airport,RU,RU-MOW,Moscow,large,55.591499,37.261501
VKS,Vicksburg Municipal Airport,US,US-MS,Vicksburg,small,32.23929977417,-90.928398132324
VKT,Vorkuta Airport,RU,RU-KO,Vorkuta,medium,67.488602,63.993099
VKV,Vaskovo Airport,RU,RU-ARK,Arkhangelsk,medium,64.441704,40.4217
VLA,Vandalia Municipal Airport,US,US-IL,Vandalia,small,38.991501,-89.166199
VLC,Valencia Airport,ES,ES-VC,Valencia,medium,39.4893,-0.481625
VLD,Valdosta Regional Airport,US,US-GA,Valdosta,medium,30.782499313354492,-83.27670288085938
VLE,Valle Airport,US,US-AZ,Grand Canyon,small,35.65060043335,-112.14800262451
VLG,Villa Gesell Airport,AR,AR-B,Villa Gesell,medium,-37.2354,-57.0292
VLI,Bauerfield International Airport,VU,VU-SEE,Port Vila,large,-17.699301,168.320007
VLL,Valladolid Airport,ES,ES-CL,Valladolid,medium,41.7061,-4.85194
VLM,Teniente Coronel Rafael Pabón Airport,BO,BO-T,Villamontes,medium,-21.2551994324,-63.4056015015
VLN,Arturo Michelena International Airport,VE,VE-G,Valencia,medium,10.14973258972168,-67.92839813232422
VLP,Vila Rica Airport,BR,BR-MT,Vila Rica,small,-9.979444,-51.142223
VLR,Vallenar Airport,CL,CL-AT,Vallenar,medium,-28.596399,-70.755997
VLS,Valesdir Airport,VU,VU-SEE,Epi Island,small,-16.796100616500002,168.177001953
VLV,Dr. Antonio Nicolás Briceño Airport,VE,VE-T,Valera,medium,9.340478,-70.584061
VLY,Anglesey Airport,GB,GB-WLS,Angelsey,medium,53.2481002808,-4.53533983231
VME,Villa Reynolds Airport,AR,AR-D,Villa Mercedes,medium,-33.7299003601,-65.3873977661
VMI,Aeropuerto Nacional Dr. Juan Plate,PY,PY-1,Puerto Vallemi,medium,-22.159371,-57.942395
VMU,Baimuru Airport,PG,PG-GPK,Baimuru,medium,-7.49686002731,144.819900513
VNA,Saravane Airport,LA,LA-SL,Saravane,small,15.7094392077,106.410698891
VNC,Venice Municipal Airport,US,US-FL,Venice,small,27.071599960327,-82.440299987793
VND,Vangaindrano Airport,MG,MG-F,Vangaindrano,small,-23.3507665915,47.581701278699995
VNE,Vannes-Meucon Airport,FR,FR-BRE,Vannes/Meucon,medium,47.723301,-2.71856
VNO,Vilnius International Airport,LT,LT-VL,Vilnius,large,54.634102,25.285801
VNR,Vanrook Station Airport,AU,AU-QLD,,small,-16.963300704956055,141.9499969482422
VNS,Lal Bahadur Shastri Airport,IN,IN-UP,Varanasi,medium,25.452129,82.861805
VNT,Ventspils International Airport,LV,LV-VEN,Ventspils,small,57.3578,21.544201
VNX,Vilankulo Airport,MZ,MZ-I,Vilanculo,medium,-22.018400192260746,35.31330108642578
VNY,Van Nuys Airport,US,US-CA,Van Nuys,medium,34.209800720215,-118.48999786377
VOD,Vodochody Airport,CZ,CZ-ST,Vodochody,medium,50.216599,14.3958
VOG,Volgograd International Airport,RU,RU-VGG,Volgograd,medium,48.782501220703125,44.34550094604492
VOH,Vohemar Airport,MG,MG-D,Vohemar,medium,-13.3758,50.0028
VOI,Voinjama Airport,LR,LR-LO,Voinjama,small,8.32347,-9.769249
VOK,Volk Field,US,US-WI,Camp Douglas,medium,43.938999176025,-90.253402709961
VOL,Nea Anchialos National Airport,GR,GR-E,Nea Anchialos,medium,39.219601,22.7943
VOT,Domingos Pignatari Airport,BR,BR-SP,Votuporanga,small,-20.458426,-50.003134
VOZ,Voronezh International Airport,RU,RU-VOR,Voronezh,medium,51.81420135498047,39.22959899902344
VPE,Ngjiva Pereira Airport,AO,AO-CNN,Ngiva,medium,-17.0435009003,15.683799743700002
VPG,Vipingo Estate Airport,KE,KE-300,Vipingo Estate,small,-3.80666666667,39.7973888889
VPN,Vopnafjörður Airport,IS,IS-7,Vopnafjörður,small,65.720596,-14.8506
VPS,Destin-Fort Walton Beach Airport,US,US-FL,Valparaiso,medium,30.4832,-86.525398
VPY,Chimoio Airport,MZ,MZ-B,Chimoio,medium,-19.15130043029785,33.42900085449219
VPZ,Porter County Municipal Airport,US,US-IN,Valparaiso,medium,41.45399857,-87.00710297
VQQ,Cecil Airport,US,US-FL,Jacksonville,medium,30.2187,-81.876701
VQS,Antonio Rivera Rodriguez Airport,PR,PR-U-A,Vieques,medium,18.1348,-65.493599
VRA,Juan Gualberto Gomez International Airport,CU,CU-04,Matanzas,large,23.034401,-81.435303
VRB,Vero Beach Regional Airport,US,US-FL,Vero Beach,medium,27.6556,-80.417901
VRC,Virac Airport,PH,PH-CAT,Virac,medium,13.57639980316162,124.20600128173828
VRE,Vredendal Airport,ZA,ZA-WC,Vredendal,medium,-31.641000747680664,18.5447998046875
VRI,Varandey Airport,RU,RU-NEN,Varandey,small,68.848503,58.201401
VRK,Varkaus Airport,FI,FI-04,Varkaus / Joroinen,medium,62.171101,27.868601
VRL,Vila Real Airport,PT,PT-17,Vila Real,medium,41.2743,-7.72047
VRN,Verona Villafranca Valerio Catullo Airport,IT,IT-34,Caselle (VR),large,45.394955,10.887303
VRO,Kawama Airport,CU,CU-04,Santa Marta,medium,23.124001,-81.301598
VRS,Roy Otten Memorial Airfield,US,US-MO,Versailles,small,38.427799224854,-92.875198364258
VRU,Vryburg Airport,ZA,ZA-NW,Vyrburg,medium,-26.9824008942,24.7287998199
VRZ,Padre Israel Airport,BR,BR-MG,Lavras,small,-21.240601,-44.963902
VSA,Carlos Rovirosa Pérez International Airport,MX,MX-TAB,Villahermosa,medium,17.996999740600586,-92.81739807128906
VSE,Aerodromo Goncalves Lobato (Viseu Airport),PT,PT-18,Viseu,medium,40.725498,-7.88899
VSF,Hartness State Airport,US,US-VT,North Springfield,small,43.343601,-72.517303
VST,Stockholm Västerås Airport,SE,SE-U,Stockholm / Västerås,medium,59.58940124511719,16.63360023498535
VSV,Shravasti Airport,IN,IN-UP,Shravasti,small,27.503056,82.026944
VTB,Vitebsk Vostochny Airport,BY,BY-VI,Vitebsk,medium,55.126499176025,30.349599838257
VTE,Wattay International Airport,LA,LA-VT,Vientiane,medium,17.988300323500003,102.56300354
VTF,Vatulele Airport,FJ,FJ-W,Vatulele,small,-18.512500762939453,177.63900756835938
VTG,Vung Tau Airport,VN,VN-SE,Vũng Tàu,small,10.375093,107.096185
VTM,Nevatim Air Base,IL,IL-D,Beersheba,medium,31.208299636799996,35.012298584
VTN,Miller Field,US,US-NE,Valentine,medium,42.856211,-100.549192
VTU,Hermanos Ameijeiras Airport,CU,CU-10,Las Tunas,medium,20.98760032653809,-76.93579864501953
VTZ,Visakhapatnam Airport,IN,IN-AP,Visakhapatnam,medium,17.723506,83.227729
VUP,Alfonso López Pumarejo Airport,CO,CO-CES,Valledupar,medium,10.435,-73.2495
VUS,Velikiy Ustyug Airport,RU,RU-VLG,Velikiy Ustyug,small,60.788299560546875,46.2599983215332
VUU,Mvuu Camp Airport,MW,MW-MH,Liwonde National Park,small,-14.838611,35.301389
VVB,Mahanoro Airport,MG,MG-A,Mahanoro,small,-19.83300018310547,48.79999923706055
VVC,Vanguardia Airport,CO,CO-MET,Villavicencio,medium,4.16787,-73.6138
VVI,Viru Viru International Airport,BO,BO-S,Santa Cruz,large,-17.6448,-63.135399
VVK,Västervik Airport,SE,SE-H,Västervik,small,57.779999,16.5236
VVN,Las Malvinas/Echarate Airport,PE,PE-CUS,Las Malvinas,small,-11.854861,-72.939332
VVO,Vladivostok International Airport,RU,RU-PRI,Artyom,large,43.396256,132.148155
VVZ,Illizi Takhamalt Airport,DZ,DZ-33,Illizi,medium,26.723499,8.62265
VXC,Lichinga Airport,MZ,MZ-A,Lichinga,medium,-13.274,35.2663
VXE,São Pedro Airport,CV,CV-B,São Pedro,medium,16.8332,-25.0553
VXO,Växjö Kronoberg Airport,SE,SE-G,Växjö,medium,56.929100036621094,14.727999687194824
VYD,Vryheid Airport,ZA,ZA-NL,Vryheid,small,-27.78689956665039,30.79640007019043
VYI,Vilyuisk Airport,RU,RU-SA,Vilyuisk,medium,63.756668,121.693336
VYS,Illinois Valley Regional Airport Walter A Duncan Field,US,US-IL,Peru,small,41.351898,-89.153099
WAA,Wales Airport,US,US-AK,Wales,small,65.622593,-168.095
WAD,Andriamena Airport,MG,MG-M,Andriamena,small,-17.631,47.7233
WAE,Wadi Al Dawasir Domestic Airport,SA,SA-01,Wadi Al Dawasir,medium,20.504299,45.1996
WAF,Wana Airport,PK,PK-KP,Waana,small,32.3046989440918,69.57039642333984
WAG,Wanganui Airport,NZ,NZ-MWT,Wanganui,medium,-39.96220016479492,175.02499389648438
WAH,Harry Stern Airport,US,US-ND,Wahpeton,small,46.2440986633,-96.6073989868
WAI,Ambalabe Airport,MG,MG-M,Antsohihy,medium,-14.898799896240234,47.993900299072266
WAJ,Wawoi Falls Airport,PG,PG-WPD,Wavoi Falls,small,-6.9523,142.6557
WAK,Ankazoabo Airport,MG,MG-U,Ankazoabo,small,-22.2964423522,44.5315361023
WAL,Wallops Flight Facility Airport,US,US-VA,Wallops Island,small,37.940813,-75.462255
WAM,Ambatondrazaka Airport,MG,MG-A,Ambatondrazaka,small,-17.795378,48.442583
WAN,Waverney Airport,AU,AU-QLD,Waverney,small,-25.3563,141.9254
WAO,Wabo Airport,PG,PG-GPK,Wabo,small,-6.98944444444,145.075111111
WAP,Alto Palena Airport,CL,CL-LL,Alto Palena,small,-43.6119003296,-71.806098938
WAQ,Antsalova Airport,MG,MG-M,Antsalova,small,-18.701273,44.614921
WAT,Waterford Airport,IE,IE-WD,Waterford,medium,52.187199,-7.08696
WAU,Wauchope Airport,AU,AU-NT,Wauchope,small,-20.640614,134.215276
WAV,Wave Hill Airport,AU,AU-NT,,small,-17.393299102783203,131.1179962158203
WAW,Warsaw Chopin Airport,PL,PL-MZ,Warsaw,large,52.1656990051,20.967100143399996
WAX,Zuwarah International Airport,LY,LY-NQ,Zuwarah,small,32.952301,12.0155
WAY,Greene County Airport,US,US-PA,Waynesburg,small,39.90112,-80.130733
WAZ,Warwick Airport,AU,AU-QLD,,small,-28.149401,151.942993
WBA,Wahai Airport,ID,ID-MA,Wahai,small,-2.8114,129.484
WBB,Stebbins Airport,US,US-AK,Stebbins,small,63.515999,-162.278
WBC,Wapolu Airport,PG,PG-MBA,Wapolu,small,-9.3376,150.5093
WBD,Avaratra Airport,MG,MG-M,Befandriana,small,-15.199999809265137,48.483001708984375
WBE,Ankaizina Airport,MG,MG-M,Bealanana,small,-14.544277,48.691413
WBG,Schleswig Air Base,DE,DE-SH,Jagel,medium,54.459301,9.51633
WBK,West Branch Community Airport,US,US-MI,West Branch,small,44.244801,-84.179802
WBM,Wapenamanda Airport,PG,PG-EPW,Wapenamanda,medium,-5.635293,143.892231
WBO,Antsoa Airport,MG,MG-U,Beroroha,small,-21.606983764699997,45.1360201836
WBQ,Beaver Airport,US,US-AK,Beaver,small,66.362198,-147.406998
WBR,Roben Hood Airport,US,US-MI,Big Rapids,small,43.7225990295,-85.50409698490002
WBU,Boulder Municipal Airport,US,US-CO,Boulder,small,40.0393981934,-105.225997925
WBW,Wilkes Barre Wyoming Valley Airport,US,US-PA,Wilkes-Barre,small,41.2971992493,-75.8511962891
WCA,Gamboa Airport,CL,CL-LL,Castro,small,-42.490299,-73.772797
WCD,Carosue Dam Airport,AU,AU-WA,Cundeelee,small,-30.174236,122.322249
WCH,Nuevo Chaitén Airport,CL,CL-LL,Chaitén,medium,-42.781943,-72.834999
WCR,Chandalar Lake Airport,US,US-AK,Chandalar Lake,small,67.5045013428,-148.483001709
WDA,"Al Ain Airport Ain District, Shabwah Governorate, Yemen",YE,YE-SH,Ain District,small,14.859579,45.545705
WDG,Enid Woodring Regional Airport,US,US-OK,Enid,small,36.3791999817,-97.7910995483
WDH,Hosea Kutako International Airport,,NA-KH,Windhoek,large,-22.4799,17.4709
WDI,Wondai Airport,AU,AU-QLD,,small,-26.277392,151.861673
WDN,Waldron Airstrip,US,US-WA,Eastsound,small,48.71141,-123.018208
WDR,Barrow County Airport,US,US-GA,Winder,small,33.98289871,-83.66739655
WDS,Shiyan Wudangshan Airport,CN,CN-42,Shiyan (Maojian),medium,32.592889,110.906296
WEA,Parker County Airport,US,US-TX,Weatherford,small,32.7463,-97.682404
WED,Wedau Airport,PG,PG-MBA,Wedau,small,-10.0954,150.0826
WEF,Weifang Nanyuan Airport,CN,CN-37,Weifang,medium,36.646702,119.119003
WEH,Weihai Dashuibo Airport,CN,CN-37,Weihai,medium,37.187099,122.228996
WEI,Weipa Airport,AU,AU-QLD,Weipa,medium,-12.677493,141.922618
WEL,Welkom Airport,ZA,ZA-FS,Welkom,small,-27.996825,26.663334
WEP,Weam Airport,PG,PG-WPD,Weam,small,-8.6184,141.1381
WET,Deiyai / Waghete Baru Airport,ID,ID-PT,Wagethe,small,-4.05916,136.281715
WEW,Wee Waa Airport,AU,AU-NSW,,small,-30.25830078125,149.4080047607422
WFB,Ketchikan Harbor Seaplane Base,US,US-AK,Ketchikan,seaplane_base,55.349899,-131.677002
WFI,Fianarantsoa Airport,MG,MG-F,Fianarantsoa,medium,-21.441601,47.111698
WFK,Northern Aroostook Regional Airport,US,US-ME,Frenchville,small,47.2854995728,-68.31279754639999
WGA,Wagga Wagga City Airport,AU,AU-NSW,Wagga Wagga,medium,-35.163484,147.46832
WGB,Bahawalnagar Airport,PK,PK-PB,Bahawalnagar,small,29.946300506591797,73.24909973144531
WGC,Warangal Airport,IN,IN-TG,Warangal,small,17.9144,79.602203
WGE,Walgett Airport,AU,AU-NSW,,medium,-30.032801,148.126007
WGN,Shaoyang Wugang Airport,CN,CN-43,Shaoyang (Wugang),medium,26.806123,110.641042
WGO,Winchester Regional Airport,US,US-VA,Winchester,small,39.14350128,-78.14440155
WGP,Umbu Mehang Kunda Airport,ID,ID-NT,Waingapu-Sumba Island,small,-9.66922,120.302002
WGT,Wangaratta Airport,AU,AU-VIC,,medium,-36.41579818725586,146.3070068359375
WHA,Wuhu Xuanzhou Airport,CN,CN-34,Wuhu,medium,31.1045,118.66687
WHB,Eliwana,AU,AU-WA,,medium,-22.428395,116.887879
WHD,Hyder Seaplane Base,US,US-AK,Hyder,seaplane_base,55.903324,-130.009975
WHF,Wadi Halfa Airport,SD,SD-01,Wadi Halfa,small,21.802698,31.521578
WHK,Whakatane Airport,NZ,NZ-BOP,,medium,-37.92060089111328,176.91400146484375
WHL,Welshpool Airport,AU,AU-VIC,Welshpool,small,-38.682382,146.445331
WHN,Wuhan Hannan Municipal Airport,CN,CN-42,Wuhan (Hannan),medium,30.25521,114.062805
WHO,Franz Josef Aerodrome,NZ,NZ-WTC,,small,-43.36309814453125,170.13400268554688
WHP,Whiteman Airport,US,US-CA,Pacoima,small,34.2593,-118.413002
WHS,Whalsay Airstrip,GB,GB-SCT,"Whalsay, Shetlands",small,60.376835,-0.927229
WHT,Wharton Regional Airport,US,US-TX,Wharton,small,29.254299,-96.154404
WHU,Wuhu Wanli Airport / Wuhu Air Base,CN,CN-34,Wuhu,small,31.3906,118.408997
WIB,Wilbarger County Airport,US,US-TX,Vernon,small,34.2257003784,-99.2837982178
WIC,Wick Airport,GB,GB-SCT,Wick,medium,58.45890045166016,-3.09306001663208
WIE,Wiesbaden Army Airfield,DE,DE-HE,Wiesbaden,medium,50.049800872802734,8.325400352478027
WIK,Waiheke Reeve Airport,NZ,NZ-AUK,,small,-36.808899,175.085999
WIL,Nairobi Wilson Airport,KE,KE-110,Nairobi,medium,-1.321720004081726,36.81480026245117
WIN,Winton Airport,AU,AU-QLD,,medium,-22.36359977722168,143.08599853515625
WIO,Wilcannia Airport,AU,AU-NSW,,small,-31.522082,143.378358
WIR,Wairoa Airport,NZ,NZ-HKB,Wairoa,medium,-39.012118,177.404395
WIT,Wittenoom Airport,AU,AU-WA,,small,-22.224992,118.353739
WIU,Witu Airport,PG,PG-WBK,Garove Island,small,-4.689522,149.440112
WJA,Woja Airport,MH,MH-ALL,Woja,small,7.45083333333,168.55
WJF,General William J Fox Airfield,US,US-CA,Lancaster,medium,34.7411,-118.219002
WJR,Wajir Airport,KE,KE-500,Wajir,medium,1.73324,40.091599
WJU,Wonju Airport / Hoengseong Air Base (K-38/K-46),KR,KR-42,Wonju,medium,37.437113,127.960051
WKA,Wanaka Airport,NZ,NZ-OTA,Wanaka,medium,-44.722954,169.248419
WKB,Warracknabeal Airport,AU,AU-VIC,,medium,-36.32109832763672,142.41900634765625
WKF,Waterkloof Air Force Base,ZA,ZA-GT,Pretoria,medium,-25.829999923699997,28.2224998474
WKI,Hwange (Town) Airport,ZW,ZW-MN,Hwange,small,-18.362967,26.519791
WKJ,Wakkanai Airport,JP,JP-01,Wakkanai,medium,45.4042015076,141.800994873
WKK,Aleknagik / New Airport,US,US-AK,Aleknagik,medium,59.2826004028,-158.617996216
WKL,Waikoloa Heliport,US,US-HI,Waikoloa Village,heliport,19.920546,-155.860628
WKN,Wakunai Airport,PG,PG-NSB,Wakunai,small,-5.8603,155.2223
WKR,Walkers Cay Airport,BS,BS-NO,Walkers Cay,small,27.259656,-78.400455
WLA,Wallal Airport,AU,AU-WA,Wallal,small,-19.7735996246,120.649002075
WLC,Walcha Airport,AU,AU-NSW,,small,-31.009492,151.547442
WLD,Strother Field,US,US-KS,Winfield / Arkansas City,small,37.168598,-97.037598
WLE,Miles Airport,AU,AU-QLD,,small,-26.806447,150.168953
WLG,Wellington International Airport,NZ,NZ-WGN,Wellington,large,-41.3272018433,174.804992676
WLH,Walaha Airport,VU,VU-PAM,Walaha,small,-15.4119997025,167.690994263
WLK,Selawik Airport,US,US-AK,Selawik,small,66.600098,-159.985992
WLL,Wollogorang Airport,AU,AU-NT,,small,-17.2199,137.93453
WLO,Waterloo Airport,AU,AU-NT,,small,-16.6299991607666,129.32000732421875
WLP,West Angelas Airport,AU,AU-WA,,small,-23.1355555556,118.707222222
WLR,Loring Seaplane Base,US,US-AK,Loring,seaplane_base,55.601299,-131.636993
WLS,Hihifo Airport,WF,WF-U-A,Wallis Island,medium,-13.2383003235,-176.199005127
WLW,Willows Glenn County Airport,US,US-CA,Willows,small,39.51639938,-122.2180023
WMA,Mandritsara Airport,MG,MG-M,Mandritsara,small,-15.845992,48.834718
WMB,Warrnambool Airport,AU,AU-VIC,,small,-38.2952995300293,142.44700622558594
WMC,Winnemucca Municipal Airport,US,US-NV,Winnemucca,medium,40.8965988159,-117.805999756
WMD,Mandabe Airport,MG,MG-U,Mandabe,small,-21.0463049303,44.9404120445
WME,Mount Keith Airport,AU,AU-WA,,medium,-27.28733,120.554937
WMH,Ozark Regional Airport,US,US-AR,Mountain Home,medium,36.3689002991,-92.4704971313
WMI,Modlin Airport,PL,PL-MZ,Warsaw,medium,52.451099,20.6518
WMK,Meyers Chuck Seaplane Base,US,US-AK,Meyers Chuck,seaplane_base,55.7396011353,-132.255004883
WML,Malaimbandy Airport,MG,MG-U,Malaimbandy,small,-20.355390292099997,45.5433726311
WMN,Maroantsetra Airport,MG,MG-A,Maroantsetra,medium,-15.437742,49.689081
WMO,White Mountain Airport,US,US-AK,White Mountain,small,64.689201,-163.412994
WMP,Mampikony Airport,MG,MG-M,Mampikony,small,-16.0722693402,47.6441645622
WMR,Mananara Nord Airport,MG,MG-A,Mananara Nord,medium,-16.16390037536621,49.773799896240234
WMT,Zunyi Maotai Airport,CN,CN-52,Zunyi,medium,27.961837,106.435416
WMX,Wamena Airport,ID,ID-PP,Wamena,medium,-4.097324,138.952417
WNA,Napakiak Airport,US,US-AK,Napakiak,small,60.6903,-161.979004
WND,Windarra Airport,AU,AU-WA,Laverton,small,-28.48061,122.244415
WNH,Wenshan Puzhehei Airport,CN,CN-53,Wenshan,small,23.5583,104.3255
WNI,Matahora Airport,ID,ID-SG,Wangi-wangi Island,medium,-5.293996,123.634
WNN,Wunnumin Lake Airport,CA,CA-ON,Wunnumin Lake,small,52.893902,-89.2892
WNP,Naga Airport,PH,PH-CAS,Naga,medium,13.58489990234375,123.2699966430664
WNR,Windorah Airport,AU,AU-QLD,,medium,-25.41309928894043,142.66700744628906
WNS,Shaheed Benazirabad Airport,PK,PK-SD,Nawabashah,medium,26.2194,68.390099
WNU,Wanuma Airport,PG,PG-MPM,Wanuma,small,-4.8961,145.3213
WNZ,Wenzhou Longwan International Airport,CN,CN-33,Wenzhou,large,27.912201,120.851997
WOA,Wonenara Airport,PG,PG-EHG,Wonenara,small,-6.796861111110001,145.891944444
WOE,Woensdrecht Air Base,NL,NL-NB,Hoogerheide,medium,51.4491,4.34203
WOK,Wonken Airport,VE,VE-F,Wonken,small,5.25,-61.73333358764648
WOL,Shellharbour Airport,AU,AU-NSW,Albion Park Rail,medium,-34.5611,150.789001
WON,Wondoola Airport,AU,AU-QLD,Wondoola,small,-18.5750007629,140.891998291
WOS,Wonsan Kalma International Airport,KP,KP-07,Wonsan,medium,39.166801,127.486
WOT,Wang'an Airport,TW,TW-PEN,Wang'an,small,23.369108,119.503598
WOW,Willow Airport,US,US-AK,Willow,small,61.7542,-150.052002
WPA,Cabo 1° Juan Román Airport,CL,CL-AI,Puerto Aysen,small,-45.3992,-72.670303
WPB,Port Bergé Airport,MG,MG-M,Port Bergé,small,-15.584286,47.623587
WPC,Pincher Creek Airport,CA,CA-AB,Pincher Creek,medium,49.520599365200006,-113.997001648
WPK,Wrotham Park Airport,AU,AU-QLD,Wrotham Park,small,-16.658915,143.999263
WPL,Powell Lake Seaplane Base,CA,CA-BC,Powell River,seaplane_base,49.887335,-124.53372
WPM,Wipim Airport,PG,PG-WPD,Wipim,small,-8.788220405579999,142.882003784
WPO,North Fork Valley Airport,US,US-CO,Paonia,small,38.8316993713,-107.646003723
WPR,Captain Fuentes Martinez Airport,CL,CL-MA,Porvenir,medium,-53.2537,-70.319199
WPU,Guardiamarina Zañartu Airport,CL,CL-MA,Puerto Williams,medium,-54.931099,-67.626297
WRA,Warder Airport,ET,ET-SO,Warder,small,6.9724,45.3334
WRB,Robins Air Force Base,US,US-GA,Warner Robins,medium,32.640099,-83.591904
WRE,Whangarei Airport,NZ,NZ-NTL,Whangarei,medium,-35.769253,174.363713
WRG,Wrangell Airport,US,US-AK,Wrangell,medium,56.48429871,-132.3699951
WRH,Orku Baikouquan Airport (under construction),CN,CN-65,Urhu,small,46.018127,85.655293
WRI,Mc Guire Air Force Base,US,US-NJ,Wrightstown,medium,40.0155983,-74.59169769
WRL,Worland Municipal Airport,US,US-WY,Worland,medium,43.965698,-107.950996
WRN,Windarling Airport,AU,AU-WA,Windarling Mine,small,-30.032277,119.386489
WRO,Copernicus Wrocław Airport,PL,PL-DS,Wrocław,medium,51.103719,16.882096
WRT,Warton Aerodrome,GB,GB-ENG,Warton,medium,53.745098,-2.88306
WRW,Warrawagine Airport,AU,AU-WA,,small,-20.8442001343,120.702003479
WRY,Westray Airport,GB,GB-SCT,Westray,small,59.3502998352,-2.95000004768
WRZ,Weerawila Airport,LK,LK-3,Weerawila,small,6.25449,81.235199
WSA,Wasua Airport,PG,PG-WPD,Wasua,small,-8.2836,142.8697
WSB,Steamboat Bay Seaplane Base,US,US-AK,Steamboat Bay,seaplane_base,55.532662,-133.638167
WSF,Cape Sarichef Airport,US,US-AK,Cape Sarichef,small,54.583934,-164.905727
WSG,Washington County Airport,US,US-PA,Washington,small,40.136501,-80.290199
WSH,Brookhaven Calabro Airport,US,US-NY,Shirley,small,40.821899,-72.8694
WSK,Chongqing Wushan Airport,CN,CN-50,Wushan,small,31.06896,109.708958
WSM,Wiseman Airport,US,US-AK,Wiseman,small,67.4046020508,-150.123001099
WSN,South Naknek Number 2 Airport,US,US-AK,South Naknek,small,58.702362,-157.005444
WSO,Washabo Airport,SR,SR-SI,Washabo,small,5.215277,-57.185302
WSP,Waspam Airport,NI,NI-AN,Waspam,small,14.7392,-83.969398
WSR,Wasior Airport,ID,ID-PB,Wasior-Papua Island,small,-2.721,134.5061
WST,Westerly State Airport,US,US-RI,Westerly,medium,41.349602,-71.803398
WSU,Wasu Airport,PG,PG-MPL,Wasu,small,-5.96170944919,147.19822526
WSX,Westsound/WSX Seaplane Base,US,US-WA,West Sound,seaplane_base,48.617901,-122.956903
WSY,Shute Harbour/Whitsunday Airport,AU,AU-QLD,Shute Harbour,small,-20.276127,148.754979
WSZ,Westport Airport,NZ,NZ-WTC,Westport,medium,-41.737111,171.579033
WTA,Tambohorano Airport,MG,MG-M,Tambohorano,small,-17.476101,43.972801
WTB,Toowoomba Wellcamp Airport,AU,AU-QLD,Toowoomba,medium,-27.558332,151.793335
WTD,West End Airport,BS,BS-WG,West End,small,26.685301,-78.974998
WTE,Wotje Airport,MH,MH-WTJ,Wotje,small,9.458333,170.238611
WTK,Noatak Airport,US,US-AK,Noatak,small,67.561241,-162.980461
WTL,Tuntutuliak Airport,US,US-AK,Tuntutuliak,small,60.351243,-162.654476
WTN,RAF Waddington,GB,GB-ENG,Waddington,medium,53.1661987305,-0.523810982704
WTO,Wotho Island Airport,MH,MH-WTN,Wotho Island,small,10.1733,166.003006
WTP,Woitape Airport,PG,PG-CPM,Fatima Mission,small,-8.54583333333,147.2525
WTR,Whiteriver Airport,US,US-AZ,Whiteriver,small,33.810175,-109.986555
WTS,Tsiroanomandidy Airport,MG,MG-T,Tsiroanomandidy,small,-18.759677,46.054065
WTT,Wantoat Airport,PG,PG-MPL,Wantoat,small,-6.1325,146.467777778
WTZ,Whitianga Airport,NZ,NZ-WKO,Whitianga,small,-36.828731,175.682802
WUA,Wuhai Airport,CN,CN-15,Wuhai,small,39.7934,106.7993
WUD,Wudinna Airport,AU,AU-SA,,small,-33.043301,135.447006
WUG,Wau Airport,PG,PG-MPL,Wau,small,-7.345556,146.718611
WUH,Wuhan Tianhe International Airport,CN,CN-42,Wuhan (Huangpi),large,30.774798,114.213723
WUI,Murrin Murrin Airport,AU,AU-WA,Murrin Murrin,small,-28.705299,121.89099
WUM,Wasum Airport,PG,PG-WBK,Wasum,small,-6.0491,149.337
WUN,Wiluna Airport,AU,AU-WA,,medium,-26.629199981689453,120.22100067138672
WUS,Nanping Wuyishan Airport,CN,CN-35,Wuyishan,medium,27.7019,118.000999
WUT,Xinzhou Wutaishan Airport,CN,CN-14,Xinzhou,small,38.597456,112.969173
WUU,Wau Airport,SS,SS-14,Wau,medium,7.72583,27.975
WUV,Wuvulu Island Airport,PG,PG-MRL,Wuvulu Island,small,-1.73611111111,142.836666667
WUX,Sunan Shuofang International Airport,CN,CN-32,Wuxi,medium,31.494400024399997,120.429000854
WUZ,Wuzhou Xijiang Airport,CN,CN-45,Tangbu,medium,23.40316,111.09331
WVB,Walvis Bay Airport,,NA-ER,Walvis Bay,medium,-22.9799,14.6453
WVI,Watsonville Municipal Airport,US,US-CA,Watsonville,small,36.9356994629,-121.790000916
WVK,Manakara Airport,MG,MG-F,Manakara,medium,-22.119699,48.021702
WVL,Waterville Robert Lafleur Airport,US,US-ME,Waterville,small,44.5331993103,-69.6754989624
WVN,JadeWeser Airport,DE,DE-NI,Wilhelmshaven,small,53.50222,8.052222
WWA,Wasilla Airport,US,US-AK,Wasilla,medium,61.571701,-149.539993
WWD,Cape May County Airport,US,US-NJ,Wildwood,medium,39.0084991455,-74.9083023071
WWI,Woodie Woodie Airport,AU,AU-WA,Woodie Woodie,small,-21.64551,121.191184
WWK,Wewak International Airport,PG,PG-ESW,Wewak,medium,-3.58383011818,143.669006348
WWP,Whale Pass Seaplane Float Harbor Facility,US,US-AK,Whale Pass,seaplane_base,56.116299,-133.121994
WWR,West Woodward Airport,US,US-OK,Woodward,medium,36.438,-99.5226667
WWT,Mertarvik Airport,US,US-AK,Mertarvik,small,60.810278,-164.449444
WWY,West Wyalong Airport,AU,AU-NSW,West Wyalong,medium,-33.9371986389,147.190994263
WXN,Wanzhou Wuqiao Airport,CN,CN-50,Wanzhou,small,30.8017,108.433
WYA,Whyalla Airport,AU,AU-SA,Whyalla,medium,-33.05889892578125,137.51400756835938
WYB,Yes Bay Lodge Seaplane Base,US,US-AK,Yes Bay,seaplane_base,55.9163017273,-131.800994873
WYE,Yengema Airport,SL,SL-E,Yengema,medium,8.610469818115234,-11.04539966583252
WYN,Wyndham Airport,AU,AU-WA,,small,-15.5114,128.153
WYS,Yellowstone Airport,US,US-MT,West Yellowstone,medium,44.6884,-111.117996
WZA,Wa Airport,GH,GH-UW,Wa,small,10.0827,-2.50769
WZQ,Urad Middle Banner Airport,CN,CN-15,Urad Middle Banner,small,41.460289,108.539085
XAG,Luật Chơi Casino Online Tại Sân Chơi Trực Tuyến Xoso66,VN,VN-U-A,Hà Nội,medium,21.023353,179.0
XAI,Xinyang Minggang Airport,CN,CN-41,Xinyang,medium,32.540819,114.079141
XAL,Álamos Airport,MX,MX-SON,Álamos,small,27.039,-108.949021
XAP,Serafin Enoss Bertaso Airport,BR,BR-SC,Chapecó,medium,-27.134199,-52.656601
XAR,Aribinda Airport,BF,BF-SOM,Aribinda,small,14.2170000076,-0.883000016212
XAU,Saül Airport,GF,GF-SL,Saül,small,3.61361,-53.204201
XBB,Blubber Bay Seaplane Base,CA,CA-BC,Blubber Bay,seaplane_base,49.793958,-124.621064
XBE,Bearskin Lake Airport,CA,CA-ON,Bearskin Lake,small,53.965599060058594,-91.0271987915039
XBG,Bogande Airport,BF,BF-GNA,Bogande,small,12.983,-0.167
XBJ,Birjand International Airport,IR,IR-29,Birjand,medium,32.896525,59.281258
XBN,Biniguni Airport,PG,PG-MBA,Biniguni,small,-9.6425,149.303889
XBO,Boulsa Airport,BF,BF-NAM,Boulsa,small,12.65,-0.567
XBR,Brockville - Thousand Islands Regional Tackaberry Airport,CA,CA-ON,Brockville,small,44.6394004822,-75.7502975464
XCH,Christmas Island Airport,CX,CX-U-A,Flying Fish Cove,medium,-10.449382,105.690931
XCL,Cluff Lake Airport,CA,CA-SK,Cluff Lake,small,58.3911018372,-109.51599884
XCM,Chatham Kent Airport,CA,CA-ON,Chatham-Kent,small,42.3064002991,-82.0819015503
XCO,Colac Airport,AU,AU-VIC,Colac,small,-38.286701,143.679993
XCR,Châlons-Vatry Airport,FR,FR-GES,Bussy-Lettrée,medium,48.77333,4.20611
XDE,Diebougou Airport,BF,BF-BGR,Diebougou,small,10.95,-3.25
XDJ,Djibo Airport,BF,BF-SOM,Djibo,small,14.125,-1.624722
XEN,Xingcheng Air Base,CN,CN-21,"Xingcheng, Huludao",medium,40.580328,120.700374
XEQ,Tasiusaq Heliport,GL,GL-KU,Tasiusak,heliport,60.194305,-44.813447
XES,Grand Geneva Resort Airport,US,US-WI,Lake Geneva,small,42.614899,-88.389603
XFN,Xiangyang Liuji Airport,CN,CN-42,Xiangyang (Xiangzhou),medium,32.152222,112.291666
XFW,Hamburg-Finkenwerder Airport,DE,DE-HH,Hamburg,medium,53.5352783203125,9.835556030273438
XGA,Gaoua Airport,BF,BF-PON,Gaoua,small,10.384059,-3.163454
XGG,Gorom-Gorom Airport,BF,BF-OUD,Gorom-Gorom,small,14.454174,-0.218644
XGN,Xangongo Airport,AO,AO-CNN,Xangongo,medium,-16.755399703979492,14.965299606323242
XGR,Kangiqsualujjuaq (Georges River) Airport,CA,CA-QC,Kangiqsualujjuaq,small,58.711399,-65.992798
XHG,(Spam)Các Cổng Game Casino Trực Tuyến Uy Tín Nhất 2024,VN,VN-SCC,Hà Nội,large,0.0196,0.0178
XIC,Xichang Qingshan Airport,CN,CN-51,Liangshan (Xichang),medium,27.9891,102.183998
XIE,Xienglom Airport,LA,LA-BK,Xienglom,small,19.6203,100.815332
XIG,Xinguara Municipal Airport,BR,BR-PA,Xinguara,small,-7.0906,-49.9765
XIJ,Ahmed Al Jaber Air Base,KW,KW-AH,Ahmed Al Jaber AB,medium,28.9347991943,47.791900634799994
XIL,Xilinhot Airport,CN,CN-15,Xilinhot,medium,43.91559982299805,115.96399688720705
XIN,Xingning Air Base,CN,CN-44,Meizhou (Xingning),small,24.1492,115.758003
XIQ,Ilimanaq Heliport,GL,GL-AV,Ilimanaq,heliport,69.080915,-51.114315
XIY,Xi'an Xianyang International Airport,CN,CN-61,Xianyang (Weicheng),large,34.447102,108.751999
XJD,Al Udeid Air Base,QA,QA-RA,Ar Rayyan,medium,25.1173000336,51.3149986267
XJM,Mangla Airport,PK,PK-PB,Mangla,medium,33.05009841918945,73.63839721679688
XKA,Kantchari Airport,BF,BF-TAP,Kantchari,small,12.464046,1.492939
XKH,Xieng Khouang Airport,LA,LA-XI,Xieng Khouang,small,19.450001,103.157997
XKS,Kasabonika Airport,CA,CA-ON,Kasabonika,medium,53.52470016479492,-88.6427993774414
XKY,Kaya Airport,BF,BF-SMT,Kaya,small,13.067,-1.1
XLB,Lac Brochet Airport,CA,CA-MB,Lac Brochet,small,58.614279,-101.468954
XLS,Saint Louis Airport,SN,SN-SL,Saint Louis,medium,16.049814,-16.461039
XLU,Leo Airport,BF,BF-SIS,Leo,small,11.1,-2.1
XMA,Maramag Airport,PH,PH-BUK,Maramag,small,7.7538,125.0333
XMC,Mallacoota Airport,AU,AU-VIC,,small,-37.59830093383789,149.72000122070312
XMD,Madison Municipal Airport,US,US-SD,Madison,small,44.01599884,-97.08589935
XMG,Mahendranagar Airport,NP,NP-P7,Mahendranagar,small,28.9632,80.147903
XMH,Manihi Airport,PF,PF-U-A,,medium,-14.436800003051758,-146.07000732421875
XMI,Masasi Airport,TZ,TZ-17,Masasi,small,-10.733,38.766998
XML,Minlaton Airport,AU,AU-SA,,small,-34.743801,137.529087
XMN,Xiamen Gaoqi International Airport,CN,CN-35,Xiamen,large,24.54400062561035,118.12799835205078
XMP,Macmillan Pass Airport,CA,CA-YT,Macmillan Pass,small,63.181098938,-130.20199585
XMS,Coronel E Carvajal Airport,EC,EC-S,Macas,medium,-2.2991700172424316,-78.12079620361328
XMY,Yam Island Airport,AU,AU-QLD,Yam Island,small,-9.899187,142.774265
XNA,Northwest Arkansas National Airport,US,US-AR,Fayetteville/Springdale/Rogers,medium,36.281898,-94.306801
XNH,Ali Air Base,IQ,IQ-DQ,Nasiriyah,medium,30.935801,46.090099
XNN,Xining Caojiabao International Airport,CN,CN-63,Haidong (Huzhu Tu Autonomous County),medium,36.528295,102.040157
XNT,Xingtai Dalian Airport,CN,CN-13,Xingtai,small,36.8831,114.4293
XNU,Nouna Airport,BF,BF-KOS,Nouna,small,12.75,-3.867000103
XPA,Pama Airport,BF,BF-KMP,Pama,small,11.25,0.7
XPK,Pukatawagan Airport,CA,CA-MB,Pukatawagan,small,55.749199,-101.265999
XPL,Palmerola International Airport / José Enrique Soto Cano Air Base,HN,HN-CM,Palmerola,medium,14.3824,-87.621201
XPP,Poplar River Airport,CA,CA-MB,Poplar River,small,52.996526,-97.274194
XPR,Pine Ridge Airport,US,US-SD,Pine Ridge,small,43.020902,-102.506089
XQP,Quepos Managua Airport,CR,CR-P,Quepos,medium,9.44316,-84.129799
XQU,Qualicum Beach Airport,CA,CA-BC,Qualicum Beach,medium,49.337456,-124.393086
XRH,RAAF Base Richmond,AU,AU-NSW,Richmond,medium,-33.604652,150.783051
XRQ,New Barag Right Banner Baogede Airport,CN,CN-15,New Barag Right Banner,small,48.575585,116.939382
XRR,Ross River Airport,CA,CA-YT,Ross River,medium,61.9706001282,-132.42300415
XRY,Jerez Airport,ES,ES-AN,Jerez de la Frontera,medium,36.744598,-6.06011
XSB,Sir Bani Yas Airport,AE,AE-AZ,Sir Bani Yas,medium,24.283611,52.580278
XSC,South Caicos Airport,TC,TC-SC,South Caicos,medium,21.515699,-71.528503
XSD,Tonopah Test Range Airport,US,US-NV,Tonopah,small,37.7988014221,-116.78099823
XSE,Sebba Airport,BF,BF-SEN,Sebba,small,13.45,0.517
XSI,South Indian Lake Airport,CA,CA-MB,South Indian Lake,small,56.792801,-98.907204
XSO,Siocon Airport,PH,PH-ZAN,Siocon,small,7.710035,122.161989
XSP,Seletar Airport,SG,SG-02,Seletar,medium,1.41555,103.86673
XTG,Thargomindah Airport,AU,AU-QLD,Thargomindah,medium,-27.986368,143.812065
XTL,Tadoule Lake Airport,CA,CA-MB,Tadoule Lake,small,58.706308,-98.511057
XTO,Taroom Airport,AU,AU-QLD,,small,-25.801701,149.899994
XTR,Tara Airport,AU,AU-QLD,,small,-27.163054,150.476423
XUZ,Xuzhou Guanyin International Airport,CN,CN-32,Xuzhou,medium,34.059056,117.555278
XVQ,Reef Hueston Helicopter Landing,CA,CA-BC,Streatham,heliport,53.823101,-126.172228
XWA,Williston Basin International Airport,US,US-ND,Williston,medium,48.258387,-103.748797
XYA,Yandina Airport,SB,SB-CE,Yandina,small,-9.092816,159.21841
XYE,Ye Airport,MM,MM-15,Ye,small,15.301361,97.864288
XYI,Yongxing Dao (Woody Island) Airport,CN,CN-46,Sansha (Yongxing Dao / Woody Island),small,16.8328,112.344002
XYR,Edwaki Airport,PG,PG-SAN,Yellow River Mission,small,-3.883986,141.792234
XZA,Zabré Airport,BF,BF-BLG,Zabré,small,11.167,-0.617
XZM,Macau Heliport at Outer Harbour Ferry Terminal,MO,MO-SEE,Sé,heliport,22.196242,113.55936
YAA,Anahim Lake Airport,CA,CA-BC,Anahim Lake,medium,52.451501,-125.303776
YAB,Arctic Bay Airport,CA,CA-NU,Arctic Bay,small,73.006101,-85.04616
YAC,Cat Lake Airport,CA,CA-ON,Cat Lake,small,51.7272,-91.824402
YAE,Yartsevo Airport,RU,RU-KYA,Yartsevo,small,60.255001,90.195
YAG,Fort Frances Municipal Airport,CA,CA-ON,Fort Frances,medium,48.655749,-93.44349
YAH,La Grande-4 Airport,CA,CA-QC,La Grande-4,medium,53.754699707,-73.6753005981
YAI,Gral. Bernardo O´Higgins Airport,CL,CL-BI,Chillan,medium,-36.58250045776367,-72.03140258789062
YAJ,Lyall Harbour Seaplane Base,CA,CA-BC,Saturna Island,seaplane_base,48.795274,-123.181801
YAK,Yakutat Airport,US,US-AK,Yakutat,medium,59.508717,-139.660435
YAL,Alert Bay Airport,CA,CA-BC,Alert Bay,small,50.582199,-126.916
YAM,Sault Ste Marie Airport,CA,CA-ON,Sault Ste Marie,medium,46.483216,-84.508467
YAN,Yangambi Airport,CD,CD-TO,Yangambi,small,0.783,24.466999
YAO,Yaoundé Airport,CM,CM-CE,Yaoundé,medium,3.83604,11.5235
YAP,Yap International Airport,FM,FM-YAP,Yap Island,medium,9.49891,138.082993
YAQ,Maple Bay Seaplane Base,CA,CA-BC,Maple Bay,seaplane_base,48.8167,-123.6084
YAR,La Grande-3 Airport,CA,CA-QC,La Grande-3,small,53.5717010498,-76.19640350339999
YAS,Yasawa Island Airport,FJ,FJ-W,Yasawa Island,small,-16.7589,177.544998
YAT,Attawapiskat Airport,CA,CA-ON,Attawapiskat,small,52.927502,-82.4319
YAU,Donaldson Airport,CA,CA-QC,Kattiniq,small,61.6622009277,-73.3214035034
YAX,Wapekeka Airport,CA,CA-ON,Angling Lake,small,53.84920120239258,-89.57939910888672
YAY,St. Anthony Airport,CA,CA-NL,St. Anthony,medium,51.391909,-56.08321
YAZ,Tofino / Long Beach Airport,CA,CA-BC,Tofino,medium,49.079833,-125.775583
YBA,Banff Airport,CA,CA-AB,Banff,small,51.208222,-115.540624
YBB,Kugaaruk Airport,CA,CA-NU,Kugaaruk,small,68.535711,-89.805508
YBC,Baie-Comeau Airport,CA,CA-QC,Baie-Comeau,medium,49.1325,-68.204399
YBE,Uranium City Airport,CA,CA-SK,Uranium City,small,59.561401,-108.481003
YBF,Bamfield Seaplane Base,CA,CA-BC,Bamfield,seaplane_base,48.835967,-125.137453
YBG,CFB Bagotville / Saguenay-Bagotville Airport,CA,CA-QC,La Baie,medium,48.331908,-70.992909
YBH,Bull Harbour Water Aerodrome,CA,CA-BC,Bull Harbour,seaplane_base,50.9179,-127.9372
YBI,Black Tickle Airport,CA,CA-NL,Black Tickle,small,53.469836,-55.787501
YBJ,Baie-Johan-Beetz Water Aerodrome,CA,CA-QC,Baie-Johan-Beetz,seaplane_base,50.283745,-62.81004
YBK,Baker Lake Airport,CA,CA-NU,Baker Lake,medium,64.29889678960001,-96.077796936
YBL,Campbell River Airport,CA,CA-BC,Campbell River,medium,49.950802,-125.271004
YBO,Bob Quinn Lake Airport,CA,CA-BC,Bob Quinn Lake,small,56.966702,-130.25
YBP,Yibin Wuliangye Airport,CN,CN-51,Yibin (Cuiping),medium,28.858431,104.526157
YBQ,Telegraph Harbour Seaplane Base,CA,CA-BC,Thetis Island,seaplane_base,48.97,-123.664
YBR,Brandon Municipal Airport,CA,CA-MB,Brandon,medium,49.91,-99.951897
YBS,Opapimiskan Lake Airport,CA,CA-ON,Opapimiskan Lake,small,52.6067008972,-90.3768997192
YBT,Brochet Airport,CA,CA-MB,Brochet,small,57.8894,-101.679001
YBV,Berens River Airport,CA,CA-MB,Berens River,small,52.358898,-97.018303
YBW,Bedwell Harbour Seaplane Base,CA,CA-BC,Bedwell Harbour,seaplane_base,48.75,-123.233001709
YBX,Lourdes-de-Blanc-Sablon Airport,CA,CA-QC,Blanc-Sablon,medium,51.4436,-57.185299
YBY,Bonnyville Airport,CA,CA-AB,Bonnyville,medium,54.304199,-110.744003
YCA,Courtenay Airpark,CA,CA-BC,Courtenay,small,49.679237,-124.98064
YCB,Cambridge Bay Airport,CA,CA-NU,Cambridge Bay,medium,69.1081008911,-105.138000488
YCC,Cornwall Regional Airport,CA,CA-ON,Cornwall,medium,45.092637,-74.567724
YCD,Nanaimo Airport,CA,CA-BC,Nanaimo,medium,49.05497,-123.869863
YCE,Centralia / James T. Field Memorial Aerodrome,CA,CA-ON,Huron Park,medium,43.285599,-81.508301
YCF,Cortes Bay Water Aerodrome,CA,CA-BC,Cortes Bay,seaplane_base,50.063,-124.930002
YCG,Castlegar/West Kootenay Regional Airport,CA,CA-BC,Castlegar,medium,49.296398,-117.632004
YCH,Miramichi Airport,CA,CA-NB,Miramichi,medium,47.007801,-65.449203
YCK,Tommy Kochon Airport,CA,CA-NT,Colville Lake,small,67.02,-126.126
YCL,Charlo Airport,CA,CA-NB,Charlo,medium,47.990799,-66.330299
YCM,Niagara District Airport,CA,CA-ON,Niagara-on-the-Lake,medium,43.191598,-79.171686
YCN,Cochrane Airport,CA,CA-ON,Cochrane,medium,49.10559844970703,-81.01360321044922
YCO,Kugluktuk Airport,CA,CA-NU,Kugluktuk,small,67.816408,-115.14307
YCQ,Chetwynd Airport,CA,CA-BC,Chetwynd,medium,55.687198638916016,-121.6269989013672
YCR,Cross Lake (Charlie Sinclair Memorial) Airport,CA,CA-MB,Cross Lake,small,54.609758,-97.762442
YCS,Chesterfield Inlet Airport,CA,CA-NU,Chesterfield Inlet,small,63.346901,-90.731102
YCT,Coronation Airport,CA,CA-AB,Coronation,small,52.0750007629,-111.444999695
YCU,Yuncheng Zhangxiao Airport,CN,CN-61,Yuncheng (Yanhu),medium,35.116391,111.031389
YCW,Chilliwack Airport,CA,CA-BC,Chilliwack,small,49.153157,-121.939309
YCY,Clyde River Airport,CA,CA-NU,Clyde River,small,70.486099,-68.516701
YCZ,Fairmont Hot Springs Airport,CA,CA-BC,Fairmont Hot Springs,small,50.331052,-115.873739
YDA,Dawson City Airport,CA,CA-YT,Dawson City,medium,64.04309844970703,-139.1280059814453
YDB,Burwash Airport,CA,CA-YT,Burwash Landing,medium,61.371101,-139.041
YDC,Drayton Valley Industrial Airport,CA,CA-AB,Drayton Valley,small,53.265800476074,-114.95999908447
YDF,Deer Lake Airport,CA,CA-NL,Deer Lake,medium,49.2108,-57.391399
YDG,Digby / Annapolis Regional Airport,CA,CA-NS,Digby,medium,44.5458450365,-65.7854247093
YDJ,Hatchet Lake Airport,CA,CA-SK,Hatchet Lake,small,58.662498474121,-103.53800201416
YDL,Dease Lake Airport,CA,CA-BC,Dease Lake,small,58.422199,-130.031998
YDN,Dauphin Barker Airport,CA,CA-MB,Dauphin,medium,51.1008,-100.052002
YDO,Dolbeau St Felicien Airport,CA,CA-QC,Dolbeau-St-Félicien,medium,48.778499603271,-72.375
YDP,Nain Airport,CA,CA-NL,Nain,small,56.550778,-61.682224
YDQ,Dawson Creek Airport,CA,CA-BC,Dawson Creek,medium,55.741245,-120.183263
YDT,Boundary Bay Airport,CA,CA-BC,Delta,medium,49.0742,-123.012001
YDU,Kasba Lake Airport,CA,CA-NT,Kasba Lake,small,60.291900634766,-102.50199890137
YDV,Bloodvein River Airport,CA,CA-MB,Bloodvein River,small,51.784568,-96.692305
YDW,North of Sixty Airport,CA,CA-NT,Obre Lake,small,60.316398620605,-103.12899780273
YEB,Bar River Airport,CA,CA-ON,Bar River,small,46.42029953,-84.0922012329
YEC,Yecheon Airbase,KR,KR-47,Yecheon-ri,medium,36.630373,128.34971
YEG,Edmonton International Airport,CA,CA-AB,Edmonton,large,53.3097,-113.580002
YEH,Yinchuan Yueyahu Airport,CN,CN-64,Yinchuan,small,38.588095,106.539788
YEI,Bursa Yenişehir Airport,TR,TR-16,Bursa,medium,40.2551994324,29.5625991821
YEK,Arviat Airport,CA,CA-NU,Arviat,small,61.0942,-94.070801
YEL,Elliot Lake Municipal Airport,CA,CA-ON,Elliot Lake,medium,46.351398468,-82.5614013672
YEM,Manitoulin East Municipal Airport,CA,CA-ON,Sheguiandah,medium,45.842435,-81.857595
YEN,Estevan Airport,CA,CA-SK,Estevan,medium,49.2103004456,-102.966003418
YEO,RNAS Yeovilton,GB,GB-ENG,Yeovil,medium,51.0093994140625,-2.638819932937622
YEQ,Yenkis(Yankisa) Airport,PG,PG-EPW,,small,-5.10972222222,143.917666667
YER,Fort Severn Airport,CA,CA-ON,Fort Severn,small,56.018902,-87.676102
YES,Yasuj Airport,IR,IR-17,Yasuj,medium,30.702238,51.542988
YET,Edson Airport,CA,CA-AB,Edson,medium,53.578899383499994,-116.464996338
YEU,Eureka Airport,CA,CA-NU,Eureka,small,79.9946975708,-85.814201355
YEV,Inuvik Mike Zubko Airport,CA,CA-NT,Inuvik,medium,68.30419921880001,-133.483001709
YEY,Amos/Magny Airport,CA,CA-QC,Amos,medium,48.563903,-78.249702
YFA,Fort Albany Airport,CA,CA-ON,Fort Albany,small,52.203451,-81.695194
YFB,Iqaluit Airport,CA,CA-NU,Iqaluit,medium,63.756402,-68.555801
YFC,Fredericton Airport,CA,CA-NB,Fredericton,medium,45.868900299072266,-66.53720092773438
YFE,Forestville Airport,CA,CA-QC,Forestville,medium,48.74610137939453,-69.09719848632812
YFG,Fontanges Airport,CA,CA-QC,Fontanges,small,54.553901672363,-71.173301696777
YFH,Fort Hope Airport,CA,CA-ON,Fort Hope,small,51.561901,-87.907799
YFI,Fort Mackay / Firebag,CA,CA-AB,Suncor Energy Site,small,57.275833,-110.976666
YFJ,Wekweètì Airport,CA,CA-NT,Wekweètì,small,64.190804,-114.077002
YFL,Fort Reliance Seaplane Base,CA,CA-NT,Fort Reliance,seaplane_base,62.7,-109.167
YFO,Flin Flon Airport,CA,CA-MB,Flin Flon,small,54.678101,-101.681999
YFR,Fort Resolution Airport,CA,CA-NT,Fort Resolution,medium,61.1808013916,-113.690002441
YFS,Fort Simpson Airport,CA,CA-NT,Fort Simpson,medium,61.76020050048828,-121.23699951171876
YFX,St. Lewis (Fox Harbour) Airport,CA,CA-NL,St. Lewis,small,52.372799,-55.673901
YGA,Yongchuan Da'an General Airport,CN,CN-50,Chongqing,small,29.356667,106.010441
YGB,Texada Gillies Bay Airport,CA,CA-BC,Texada,small,49.694341,-124.518099
YGE,Gorge Harbour Seaplane Base,CA,CA-BC,Gorge Harbour,seaplane_base,50.0994,-125.0235
YGG,Ganges Seaplane Base,CA,CA-BC,Salt Spring Island,seaplane_base,48.8545,-123.4969
YGH,Fort Good Hope Airport,CA,CA-NT,Fort Good Hope,small,66.240658,-128.647757
YGJ,Yonago Kitaro Airport / JASDF Miho Air Base,JP,JP-31,Yonago,medium,35.492199,133.235992
YGK,Kingston Norman Rogers Airport,CA,CA-ON,Kingston,medium,44.2253,-76.596901
YGL,La Grande Rivière Airport,CA,CA-QC,La Grande Rivière,medium,53.625301361083984,-77.7042007446289
YGM,Gimli Industrial Park Airport,CA,CA-MB,Gimli,medium,50.62810134887695,-97.04329681396484
YGN,Greenway Sound Seaplane Base,CA,CA-BC,Broughton Island,seaplane_base,50.839,-126.775
YGO,Gods Lake Narrows Airport,CA,CA-MB,Gods Lake Narrows,small,54.55768,-94.490061
YGP,Michel-Pouliot Gaspé Airport,CA,CA-QC,Gaspé,medium,48.774915,-64.481893
YGQ,Geraldton Greenstone Regional Airport,CA,CA-ON,Geraldton,medium,49.77830123901367,-86.93939971923828
YGR,Îles-de-la-Madeleine Airport,CA,CA-QC,Les Îles-de-la-Madeleine,medium,47.425242,-61.778612
YGT,Igloolik Airport,CA,CA-NU,Igloolik,small,69.3647,-81.816101
YGV,Havre-Saint-Pierre Airport,CA,CA-QC,Havre-Saint-Pierre,medium,50.281898,-63.611401
YGW,Kuujjuarapik Airport,CA,CA-QC,Kuujjuarapik,medium,55.28189849853515,-77.76529693603516
YGX,Gillam Airport,CA,CA-MB,Gillam,small,56.35712,-94.711504
YGZ,Grise Fiord Airport,CA,CA-NU,Grise Fiord,small,76.425823,-82.908583
YHA,Port Hope Simpson Airport,CA,CA-NL,Port Hope Simpson,small,52.528099060058594,-56.28609848022461
YHB,Hudson Bay Airport,CA,CA-SK,Hudson Bay,small,52.8166999817,-102.310997009
YHC,Hakai Passage Water Aerodrome,CA,CA-BC,Hecate Island,seaplane_base,51.669733,-128.08181
YHD,Dryden Regional Airport,CA,CA-ON,Dryden,medium,49.831699,-92.744202
YHE,Hope Airport / FVRD Regional Airpark,CA,CA-BC,Hope,small,49.368865,-121.49495
YHF,Hearst René Fontaine Municipal Airport,CA,CA-ON,Hearst,medium,49.71419906616211,-83.68609619140625
YHG,Charlottetown Airport,CA,CA-NL,Charlottetown,small,52.765774,-56.11237
YHH,Campbell River Seaplane Base,CA,CA-BC,Campbell River,seaplane_base,50.049999,-125.25
YHI,Ulukhaktok Holman Airport,CA,CA-NT,Ulukhaktok,small,70.762802,-117.806
YHK,Gjoa Haven Airport,CA,CA-NU,Gjoa Haven,small,68.635597,-95.849701
YHM,John C. Munro Hamilton International Airport,CA,CA-ON,Hamilton,medium,43.173599243199995,-79.93499755859999
YHN,Hornepayne Municipal Airport,CA,CA-ON,Hornepayne,medium,49.19309997558594,-84.75890350341797
YHO,Hopedale Airport,CA,CA-NL,Hopedale,small,55.448757,-60.228124
YHP,Poplar Hill Airport,CA,CA-ON,Poplar Hill,small,52.1133,-94.2556
YHR,Chevery Airport,CA,CA-QC,Chevery,small,50.468322,-59.637823
YHS,Sechelt-Gibsons Airport,CA,CA-BC,Sechelt,small,49.4606018066,-123.71900177
YHT,Haines Junction Airport,CA,CA-YT,Haines Junction,medium,60.7892,-137.546005
YHU,Montréal / Saint-Hubert Airport,CA,CA-QC,Montréal,medium,45.5175018311,-73.4169006348
YHY,Hay River / Merlyn Carter Airport,CA,CA-NT,Hay River,medium,60.8396987915,-115.782997131
YHZ,Halifax / Stanfield International Airport,CA,CA-NS,Halifax,large,44.8807983398,-63.5085983276
YIA,Yogyakarta International Airport,ID,ID-YO,Yogyakarta,medium,-7.905338,110.057264
YIB,Atikokan Municipal Airport,CA,CA-ON,Atikokan,medium,48.7738990784,-91.6386032104
YIC,Yichun Mingyueshan Airport,CN,CN-36,Yichun,medium,27.8025,114.3062
YIE,Arxan Yi'ershi Airport,CN,CN-15,Arxan,medium,47.3106,119.9117
YIF,St Augustin Airport,CA,CA-QC,St-Augustin,medium,51.2117,-58.658298
YIG,Big Bay Seaplane Base,CA,CA-BC,Stuart Island,seaplane_base,50.3923,-125.1372
YIH,Yichang Sanxia Airport,CN,CN-42,Yichang (Xiaoting),medium,30.554132,111.482563
YIK,Ivujivik Airport,CA,CA-QC,Ivujivik,small,62.417301,-77.925301
YIN,Yining Airport,CN,CN-65,Ili (Yining / Ghulja),small,43.955799,81.330299
YIO,Pond Inlet Airport,CA,CA-NU,Pond Inlet,small,72.689494,-77.968941
YIP,Willow Run Airport,US,US-MI,Detroit,medium,42.23789978,-83.53040314
YIV,Island Lake Airport,CA,CA-MB,Island Lake,medium,53.857200622558594,-94.65360260009766
YIW,Yiwu Airport,CN,CN-33,Yiwu,medium,29.3446998596,120.031997681
YJA,Jasper Airport,CA,CA-AB,Jasper,small,52.996418,-118.060233
YJF,Fort Liard Airport,CA,CA-NT,Fort Liard,medium,60.2358016968,-123.46900177
YJN,St Jean Airport,CA,CA-QC,St Jean,medium,45.29439926147461,-73.28109741210938
YJP,Jasper-Hinton Airport,CA,CA-AB,Hinton,small,53.319199,-117.752998
YJS,Samjiyŏn Airport,KP,KP-10,Samjiyŏn,small,41.907132,128.409834
YJT,Dymond Airport,CA,CA-NL,Stephenville,medium,48.544201,-58.549999
YKA,Kamloops John Moose Fulton Field Regional Airport,CA,CA-BC,Kamloops,medium,50.703038,-120.448641
YKC,Collins Bay Airport,CA,CA-SK,Collins Bay,small,58.236099243199995,-103.678001404
YKD,Kincardine Municipal Airport,CA,CA-ON,Kincardine,medium,44.201401,-81.606697
YKE,Knee Lake Airport,CA,CA-MB,Knee Lake,small,54.915298,-94.798103
YKF,Region of Waterloo International Airport,CA,CA-ON,Kitchener,medium,43.4608,-80.378601
YKG,Kangirsuk Airport,CA,CA-QC,Kangirsuk,small,60.027199,-69.999199
YKH,Yingkou Lanqi Airport,CN,CN-21,"Laobian, Yingkou",medium,40.542524,122.3586
YKJ,Key Lake Airport,CA,CA-SK,Key Lake,medium,57.256099700927734,-105.61799621582033
YKK,Kitkatla Seaplane Base,CA,CA-BC,Kitkatla,seaplane_base,53.7999992371,-130.432998657
YKL,Schefferville Airport,CA,CA-QC,Schefferville,medium,54.805301666259766,-66.8052978515625
YKM,Yakima Air Terminal McAllister Field,US,US-WA,Yakima,medium,46.56819916,-120.5439987
YKN,Chan Gurney Municipal Airport,US,US-SD,Yankton,medium,42.916698455811,-97.385902404785
YKO,Hakkari Yüksekova Airport,TR,TR-30,Hakkari,medium,37.5497,44.2381
YKQ,Waskaganish Airport,CA,CA-QC,Waskaganish,small,51.473301,-78.758301
YKS,Yakutsk Airport,RU,RU-SA,Yakutsk,medium,62.093299865722656,129.77099609375
YKT,Klemtu Water Aerodrome,CA,CA-BC,Klemtu,seaplane_base,52.6076345452,-128.521757126
YKU,Chisasibi Airport,CA,CA-QC,Chisasibi,small,53.80559921264648,-78.91690063476562
YKX,Kirkland Lake Airport,CA,CA-ON,Kirkland Lake,medium,48.21030044555664,-79.98139953613281
YKY,Kindersley Airport,CA,CA-SK,Kindersley,medium,51.5175018311,-109.180999756
YLB,Lac La Biche Airport,CA,CA-AB,Lac La Biche,small,54.7703018188,-112.031997681
YLC,Kimmirut Airport,CA,CA-NU,Kimmirut,small,62.848253,-69.877853
YLD,Chapleau Airport,CA,CA-ON,Chapleau,medium,47.81999969482422,-83.3467025756836
YLE,Whatì Airport,CA,CA-NT,Whatì,small,63.13169860839844,-117.24600219726562
YLG,Yalgoo Airport,AU,AU-WA,Yalgoo,small,-28.3553009033,116.683998108
YLH,Lansdowne House Airport,CA,CA-ON,Lansdowne House,small,52.195599,-87.934196
YLI,Ylivieska Airfield,FI,FI-14,,medium,64.054722,24.725278
YLJ,Meadow Lake Airport,CA,CA-SK,Meadow Lake,medium,54.125301361083984,-108.52300262451172
YLK,Barrie-Lake Simcoe Regional Airport,CA,CA-ON,Barrie,medium,44.485056,-79.554663
YLL,Lloydminster Airport,CA,CA-AB,Lloydminster,medium,53.309200286865234,-110.072998046875
YLP,Mingan Airport,CA,CA-QC,Longue-Pointe-de-Mingan,small,50.2869,-64.1528
YLQ,La Tuque Airport,CA,CA-QC,La Tuque,small,47.4096984863,-72.7889022827
YLR,Leaf Rapids Airport,CA,CA-MB,Leaf Rapids,medium,56.513301849365234,-99.98529815673828
YLS,Lebel-sur-Quevillon Airport,CA,CA-QC,Lebel-sur-Quévillon,small,49.0303001404,-77.0171966553
YLT,Alert Airport,CA,CA-NU,Alert,medium,82.517799,-62.280602
YLV,Yevlakh Airport,AZ,AZ-YE,Yevlakh,small,40.631901,47.141899
YLW,Kelowna International Airport,CA,CA-BC,Kelowna,medium,49.9561,-119.377998
YLX,Yulin Fumian Airport,CN,CN-45,Yùlín,medium,22.438056,110.120833
YLY,Langley Airport,CA,CA-BC,Langley,medium,49.1008,-122.630997
YMA,Mayo Airport,CA,CA-YT,Mayo,medium,63.61640167236328,-135.8679962158203
YMB,Merritt Airport,CA,CA-BC,Merritt,small,50.122504,-120.745368
YME,Matane Airport,CA,CA-QC,Matane,medium,48.85689926147461,-67.45330047607422
YMF,Montague Harbour Seaplane Base,CA,CA-BC,Galiano Island,seaplane_base,48.89225,-123.39215
YMG,Manitouwadge Airport,CA,CA-ON,Manitouwadge,medium,49.08390045166016,-85.86060333251953
YMH,Mary's Harbour Airport,CA,CA-NL,Mary's Harbour,small,52.302837,-55.847433
YMJ,Moose Jaw Air Vice Marshal C. M. McEwen Airport,CA,CA-SK,Moose Jaw,medium,50.330299377441406,-105.55899810791016
YMK,Mys Kamenny Airport,RU,RU-YAN,Mys Kamennyi,small,68.467676,73.596733
YML,Charlevoix Airport,CA,CA-QC,Charlevoix,medium,47.59749984741211,-70.2238998413086
YMM,Fort McMurray Airport,CA,CA-AB,Fort McMurray,medium,56.653301239,-111.222000122
YMN,Makkovik Airport,CA,CA-NL,Makkovik,small,55.077335,-59.187942
YMO,Moosonee Airport,CA,CA-ON,Moosonee,medium,51.29109954833984,-80.60780334472656
YMP,Port McNeill Airport,CA,CA-BC,Port McNeill,small,50.57348,-127.027702
YMS,Moises Benzaquen Rengifo Airport,PE,PE-LOR,Yurimaguas,medium,-5.893770217895508,-76.11820220947266
YMT,Chapais Airport,CA,CA-QC,Chibougamau,medium,49.77190017700195,-74.5280990600586
YMU,Mansons Landing Seaplane Base,CA,CA-BC,,seaplane_base,50.07137,-124.98362
YMV,Mary River Aerodrome,CA,CA-NU,Mary River,small,71.324167,-79.356944
YMW,Maniwaki Airport,CA,CA-QC,Messines,small,46.2728,-75.990601
YMX,Montreal International (Mirabel) Airport,CA,CA-QC,Montréal,medium,45.679501,-74.038696
YNA,Natashquan Airport,CA,CA-QC,Natashquan,medium,50.189998626708984,-61.78919982910156
YNB,Prince Abdul Mohsin bin Abdulaziz International Airport / Yanbu Airport,SA,SA-03,Yanbu,medium,24.144199,38.0634
YNC,Wemindji Airport,CA,CA-QC,Wemindji,small,53.010601,-78.8311
YND,Ottawa / Gatineau Airport,CA,CA-QC,Gatineau,medium,45.521702,-75.563599
YNE,Norway House Airport,CA,CA-MB,Norway House,small,53.958302,-97.8442
YNG,Youngstown Warren Regional Airport,US,US-OH,Youngstown/Warren,medium,41.26070023,-80.67910004
YNH,Hudson's Hope Airport,CA,CA-BC,Hudson's Hope,small,56.035142,-121.978326
YNJ,Yanji Chaoyangchuan Airport,CN,CN-22,Yanji,medium,42.8828010559,129.451004028
YNL,Points North Landing Airport,CA,CA-SK,Points North Landing,medium,58.27669906616211,-104.08200073242188
YNM,Matagami Airport,CA,CA-QC,Matagami,medium,49.76169967651367,-77.80280303955078
YNO,North Spirit Lake Airport,CA,CA-ON,North Spirit Lake,small,52.4900016784668,-92.97109985351562
YNP,Natuashish Airport,CA,CA-NL,Natuashish,small,55.913898,-61.184399
YNS,Nemiscau Airport,CA,CA-QC,Nemiscau,small,51.691101,-76.135597
YNT,Yantai Penglai International Airport,CN,CN-37,Yantai,large,37.659724,120.978124
YNX,Snap Lake Airport,CA,CA-NT,Snap Lake Mine,small,63.593601,-110.905998
YNY,Yangyang International Airport,KR,KR-42,Gonghang-ro,medium,38.061298,128.669006
YNZ,Yancheng Nanyang International Airport,CN,CN-32,Yancheng,medium,33.425833,120.203056
YOA,Ekati Airport,CA,CA-NT,Ekati,medium,64.6988983154,-110.614997864
YOC,Old Crow Airport,CA,CA-YT,Old Crow,small,67.570602,-139.839005
YOD,CFB Cold Lake,CA,CA-AB,Cold Lake,medium,54.404998779296875,-110.27899932861328
YOE,Donnelly Airport,CA,CA-AB,Donnelly,small,55.7094,-117.094002
YOG,Ogoki Post Airport,CA,CA-ON,Ogoki Post,small,51.6585998535,-85.9017028809
YOH,Oxford House Airport,CA,CA-MB,Oxford House,small,54.9333,-95.2789
YOI,Opinaca Aerodrome,CA,CA-QC,Éléonore Mine,small,52.221944,-76.611944
YOJ,High Level Airport,CA,CA-AB,High Level,medium,58.62139892578125,-117.16500091552734
YOL,Yola Airport,NG,NG-AD,Yola,medium,9.257550239562988,12.430399894714355
YON,Yongphulla Airport,BT,BT-41,Yongphulla,small,27.25627,91.514633
YOO,Oshawa Executive Airport,CA,CA-ON,Oshawa,medium,43.922798,-78.894997
YOP,Rainbow Lake Airport,CA,CA-AB,Rainbow Lake,medium,58.491402,-119.407997
YOS,Owen Sound / Billy Bishop Regional Airport,CA,CA-ON,Owen Sound,medium,44.5903015137,-80.8375015259
YOT,Yotvata Airfield,IL,IL-D,Yotvata,small,29.901111,35.0675
YOW,Ottawa Macdonald-Cartier International Airport,CA,CA-ON,Ottawa,large,45.322498,-75.669197
YPA,Prince Albert Glass Field,CA,CA-SK,Prince Albert,medium,53.2141990662,-105.672996521
YPB,Alberni Valley Regional Airport,CA,CA-BC,Port Alberni,small,49.321899,-124.931
YPC,Paulatuk (Nora Aliqatchialuk Ruben) Airport,CA,CA-NT,Paulatuk,small,69.360838,-124.07547
YPD,Parry Sound Area Municipal Airport,CA,CA-ON,Parry Sound,small,45.2575,-79.829697
YPE,Peace River Airport,CA,CA-AB,Peace River,medium,56.226898,-117.446999
YPG,Portage-la-Prairie / Southport Airport,CA,CA-MB,Portage la Prairie,medium,49.903099,-98.273817
YPH,Inukjuak Airport,CA,CA-QC,Inukjuak,small,58.471901,-78.076897
YPJ,Aupaluk Airport,CA,CA-QC,Aupaluk,small,59.2967,-69.599701
YPL,Pickle Lake Airport,CA,CA-ON,Pickle Lake,medium,51.4463996887207,-90.21420288085938
YPM,Pikangikum Airport,CA,CA-ON,Pikangikum,small,51.819698,-93.973297
YPN,Port-Menier Airport,CA,CA-QC,Port-Menier,medium,49.836399,-64.288597
YPO,Peawanuck Airport,CA,CA-ON,Peawanuck,small,54.987932,-85.442648
YPQ,Peterborough Municipal Airport,CA,CA-ON,Peterborough,medium,44.23,-78.363297
YPR,Prince Rupert Airport,CA,CA-BC,Prince Rupert,medium,54.2860984802,-130.445007324
YPS,Port Hawkesbury Airport,CA,CA-NS,Port Hawkesbury,medium,45.6567001343,-61.3680992126
YPT,Pender Harbour Seaplane Base,CA,CA-BC,Sunshine Coast,seaplane_base,49.623785,-124.024884
YPW,Powell River Airport,CA,CA-BC,Powell River,medium,49.83420181274414,-124.5
YPX,Puvirnituq Airport,CA,CA-QC,Puvirnituq,medium,60.050598,-77.286903
YPY,Fort Chipewyan Airport,CA,CA-AB,Fort Chipewyan,medium,58.7672004699707,-111.11699676513672
YPZ,Burns Lake Airport,CA,CA-BC,Burns Lake,medium,54.3764,-125.950996
YQA,Muskoka Airport,CA,CA-ON,Muskoka,medium,44.974757,-79.306526
YQB,Quebec Jean Lesage International Airport,CA,CA-QC,Quebec,large,46.7911,-71.393303
YQC,Quaqtaq Airport,CA,CA-QC,Quaqtaq,small,61.046398,-69.617798
YQD,The Pas Airport,CA,CA-MB,The Pas,medium,53.97140121459961,-101.09100341796876
YQF,Red Deer Regional Airport,CA,CA-AB,Springbrook,medium,52.182201,-113.893997
YQG,Windsor Airport,CA,CA-ON,Windsor,medium,42.27560043334961,-82.95559692382812
YQH,Watson Lake Airport,CA,CA-YT,Watson Lake,medium,60.116839,-128.821993
YQI,Yarmouth Airport,CA,CA-NS,Yarmouth,medium,43.826900482177734,-66.08809661865234
YQJ,April Point Seaplane Base,CA,CA-BC,Quadra Island,seaplane_base,50.065,-125.235
YQK,Kenora Airport,CA,CA-ON,Kenora,medium,49.788299560546875,-94.36309814453124
YQL,Lethbridge County Airport,CA,CA-AB,Lethbridge,medium,49.6302986145,-112.800003052
YQM,Greater Moncton Roméo LeBlanc International Airport,CA,CA-NB,Moncton,medium,46.112202,-64.678596
YQN,Nakina Airport,CA,CA-ON,Nakina,medium,50.18280029296875,-86.69640350341797
YQQ,Comox Valley Airport / CFB Comox,CA,CA-BC,Comox,medium,49.7108,-124.887001
YQR,Regina International Airport,CA,CA-SK,Regina,medium,50.43190002441406,-104.66600036621094
YQS,St Thomas Municipal Airport,CA,CA-ON,St Thomas,medium,42.77000045776367,-81.11080169677734
YQT,Thunder Bay Airport,CA,CA-ON,Thunder Bay,medium,48.37189865112305,-89.32389831542969
YQU,Grande Prairie Airport,CA,CA-AB,Grande Prairie,medium,55.1796989441,-118.885002136
YQV,Yorkton Municipal Airport,CA,CA-SK,Yorkton,medium,51.26470184326172,-102.46199798583984
YQW,North Battleford Airport,CA,CA-SK,North Battleford,medium,52.769409,-108.243742
YQX,Gander International Airport / CFB Gander,CA,CA-NL,Gander,medium,48.936258,-54.567719
YQY,Sydney / J.A. Douglas McCurdy Airport,CA,CA-NS,Sydney,medium,46.1614,-60.047798
YQZ,Quesnel Airport,CA,CA-BC,Quesnel,medium,53.026100158691406,-122.51000213623048
YRA,Rae Lakes Airport,CA,CA-NT,Gamètì,small,64.116096,-117.309998
YRB,Resolute Bay Airport,CA,CA-NU,Resolute Bay,medium,74.7169036865,-94.9693984985
YRC,Refuge Cove Seaplane Base,CA,CA-BC,Desolation Sound,seaplane_base,50.1234,-124.843
YRD,Dean River Airport,CA,CA-BC,Kimsquit Valley,small,52.82371,-126.964957
YRF,Cartwright Airport,CA,CA-NL,Cartwright,small,53.682501,-57.042303
YRG,Rigolet Airport,CA,CA-NL,Rigolet,small,54.1796989440918,-58.45750045776367
YRI,Rivière-du-Loup Airport,CA,CA-QC,Rivière-du-Loup,medium,47.764400482177734,-69.58470153808594
YRJ,Roberval Airport,CA,CA-QC,Roberval,medium,48.52000045776367,-72.2656021118164
YRL,Red Lake Airport,CA,CA-ON,Red Lake,medium,51.066898345947266,-93.79309844970705
YRM,Rocky Mountain House Airport,CA,CA-AB,Rocky Mountain House,small,52.4296989441,-114.903999329
YRN,Rivers Inlet Seaplane Base,CA,CA-BC,Rivers Inlet,seaplane_base,51.683985,-127.264044
YRO,Ottawa / Rockcliffe Airport,CA,CA-ON,Ottawa,medium,45.4603004456,-75.64610290530001
YRQ,Trois-Rivières Airport,CA,CA-QC,Trois-Rivières,medium,46.35279846191406,-72.67939758300781
YRR,Stuart Island Airstrip,CA,CA-BC,Big Bay,small,50.409447,-125.131617
YRS,Red Sucker Lake Airport,CA,CA-MB,Red Sucker Lake,small,54.167198,-93.557198
YRT,Rankin Inlet Airport,CA,CA-NU,Rankin Inlet,medium,62.8114013672,-92.1157989502
YRV,Revelstoke Airport,CA,CA-BC,Revelstoke,medium,50.962245,-118.184258
YSA,Sable Island Landing Strip,CA,CA-NS,Sable Island,small,43.930951,-59.996147
YSB,Sudbury Airport,CA,CA-ON,Sudbury,medium,46.625,-80.79889678955078
YSC,Sherbrooke Airport,CA,CA-QC,Sherbrooke,medium,45.438599,-71.691399
YSD,Canadian Forces Base Suffield Heliport,CA,CA-AB,Ralston,heliport,50.276359,-111.180189
YSE,Squamish Airport,CA,CA-BC,Squamish,small,49.7817001343,-123.162002563
YSF,Stony Rapids Airport,CA,CA-SK,Stony Rapids,medium,59.250301361083984,-105.84100341796876
YSG,Lutselk'e Airport,CA,CA-NT,Lutselk'e,small,62.417823,-110.682793
YSH,Smiths Falls-Montague (Russ Beach) Airport,CA,CA-ON,Smiths Falls,medium,44.945801,-75.940598
YSI,Parry Sound/Frying Pan Island-Sans Souci Seaplane Base,CA,CA-ON,Frying Pan Island,seaplane_base,45.173302,-80.137497
YSJ,Saint John Airport,CA,CA-NB,Saint John,medium,45.31610107421875,-65.89029693603516
YSK,Sanikiluaq Airport,CA,CA-NU,Sanikiluaq,small,56.536891,-79.250221
YSL,Saint-Léonard Airport,CA,CA-NB,Saint-Léonard,medium,47.157097,-67.836242
YSM,Fort Smith Airport,CA,CA-NT,Fort Smith,medium,60.020302,-111.961998
YSN,Shuswap Regional Airport,CA,CA-BC,Salmon Arm,medium,50.682802,-119.228996
YSO,Postville Airport,CA,CA-NL,Postville,small,54.9105,-59.78507
YSP,Marathon Airport,CA,CA-ON,Marathon,medium,48.75529861450195,-86.34439849853516
YSQ,Songyuan Chaganhu Airport,CN,CN-22,Qian Gorlos Mongol Autonomous County,medium,44.938114,124.550178
YST,St. Theresa Point Airport,CA,CA-MB,St. Theresa Point,small,53.845261,-94.851966
YSU,Summerside Airport,CA,CA-PE,Slemon Park,medium,46.440601,-63.833599
YSV,Saglek Airport,CA,CA-NL,Saglek,small,58.474312,-62.653999
YSX,Bella Bella/Shearwater Seaplane Base,CA,CA-BC,Bella Bella,seaplane_base,52.150002,-128.08299
YSY,Sachs Harbour (David Nasogaluak Jr. Saaryuaq) Airport,CA,CA-NT,Sachs Harbour,small,71.993896,-125.242996
YTA,Pembroke Airport,CA,CA-ON,Pembroke,medium,45.86439895629883,-77.25170135498047
YTB,Hartley Bay Seaplane Base,CA,CA-BC,Hartley Bay,seaplane_base,53.416698,-129.25
YTD,Thicket Portage Airport,CA,CA-MB,Thicket Portage,medium,55.31890106201172,-97.70780181884766
YTE,Cape Dorset Airport,CA,CA-NU,Kinngait,small,64.230003,-76.526703
YTF,Alma Airport,CA,CA-QC,Alma,medium,48.5089,-71.641899
YTG,Sullivan Bay Seaplane Base,CA,CA-BC,Sullivan Bay,seaplane_base,50.885359,-126.831069
YTH,Thompson Airport,CA,CA-MB,Thompson,medium,55.80110168457031,-97.86419677734376
YTL,Big Trout Lake Airport,CA,CA-ON,Big Trout Lake,small,53.817799,-89.896896
YTM,Mont-Tremblant International Airport,CA,CA-QC,La Macaza,medium,46.409401,-74.779999
YTP,Tofino Harbour Seaplane Base,CA,CA-BC,Tofino,seaplane_base,49.155,-125.91
YTQ,Tasiujaq Airport,CA,CA-QC,Tasiujaq,small,58.667801,-69.955803
YTR,CFB Trenton,CA,CA-ON,Trenton,medium,44.118900299072266,-77.5280990600586
YTS,Timmins/Victor M. Power,CA,CA-ON,Timmins,medium,48.5696983337,-81.376701355
YTT,Tisdale Airport,CA,CA-SK,Tisdale,small,52.836700439453,-104.06700134277
YTW,Yutian Wanfang Airport,CN,CN-65,Hotan (Yutian),small,36.8085,81.7827
YTY,Yangzhou Taizhou Airport,CN,CN-32,Yangzhou,medium,32.5634,119.7198
YTZ,Billy Bishop Toronto City Centre Airport,CA,CA-ON,Toronto,medium,43.627499,-79.396202
YUA,Yuanmou Air Base,CN,CN-53,Chuxiong (Yuanmou),medium,25.737499,101.882004
YUB,Tuktoyaktuk / James Gruben Airport,CA,CA-NT,Tuktoyaktuk,small,69.433296,-133.026001
YUD,Umiujaq Airport,CA,CA-QC,Umiujaq,small,56.536098,-76.518303
YUE,Yuendumu Airport,AU,AU-NT,,small,-22.2542,131.781998
YUL,Montreal / Pierre Elliott Trudeau International Airport,CA,CA-QC,Montréal,large,45.467837,-73.742294
YUM,Yuma International Airport / Marine Corps Air Station Yuma,US,US-AZ,Yuma,medium,32.650938,-114.609375
YUS,Yushu Batang Airport,CN,CN-63,Yushu (Batang),medium,32.836389,97.036389
YUT,Naujaat Airport,CA,CA-NU,Repulse Bay,small,66.521024,-86.225166
YUX,Hall Beach Airport,CA,CA-NU,Sanirajak,medium,68.7761,-81.2425
YUY,Rouyn Noranda Airport,CA,CA-QC,Rouyn-Noranda,medium,48.20610046386719,-78.83560180664062
YVB,Bonaventure Airport,CA,CA-QC,Bonaventure,medium,48.071098,-65.460297
YVC,La Ronge Airport,CA,CA-SK,La Ronge,medium,55.1514015198,-105.262001038
YVD,Yeva Airport,PG,PG-MPL,Yeva,small,-7.548,146.188
YVE,Vernon Airport,CA,CA-BC,Vernon,medium,50.24810028076172,-119.33100128173828
YVG,Vermilion Airport,CA,CA-AB,Vermilion,small,53.3558006287,-110.823997498
YVM,Qikiqtarjuaq Airport,CA,CA-NU,Qikiqtarjuaq,small,67.54656,-64.03141
YVO,Val-d'Or Airport,CA,CA-QC,Val-d'Or,medium,48.0532989502,-77.7827987671
YVP,Kuujjuaq Airport,CA,CA-QC,Kuujjuaq,medium,58.096099853515625,-68.4269027709961
YVQ,Norman Wells Airport,CA,CA-NT,Norman Wells,medium,65.28160095214844,-126.7979965209961
YVR,Vancouver International Airport,CA,CA-BC,Vancouver,large,49.193901062,-123.183998108
YVT,Buffalo Narrows Airport,CA,CA-SK,Buffalo Narrows,small,55.8418998718,-108.417999268
YVV,Wiarton Airport,CA,CA-ON,Wiarton,medium,44.7458,-81.107201
YVZ,Deer Lake Airport,CA,CA-ON,Deer Lake,small,52.655613,-94.061208
YWA,Petawawa Airport,CA,CA-ON,Petawawa,medium,45.95220184326172,-77.31919860839844
YWB,Kangiqsujuaq (Wakeham Bay) Airport,CA,CA-QC,Kangiqsujuaq,small,61.5886,-71.929398
YWG,Winnipeg / James Armstrong Richardson International Airport,CA,CA-MB,Winnipeg,large,49.909999847399995,-97.2398986816
YWH,Victoria Harbour Seaplane Base,CA,CA-BC,Victoria,seaplane_base,48.423782,-123.37198
YWJ,Déline Airport,CA,CA-NT,Déline,small,65.211098,-123.435997
YWK,Wabush Airport,CA,CA-NL,Wabush,medium,52.92190170288086,-66.8644027709961
YWL,Williams Lake Airport,CA,CA-BC,Williams Lake,medium,52.1831016541,-122.054000854
YWM,Williams Harbour Airport,CA,CA-NL,Williams Harbour,small,52.567377,-55.784883
YWP,Webequie Airport,CA,CA-ON,Webequie,small,52.959393,-87.374868
YWQ,Chute-Des-Passes/Lac Margane Seaplane Base,CA,CA-QC,Chutes-des-Passes,seaplane_base,49.9434,-71.138
YWR,White River Seaplane Base,CA,CA-ON,White River,seaplane_base,48.6269,-85.223297
YWS,Whistler/Green Lake Water Aerodrome,CA,CA-BC,Whistler,seaplane_base,50.1436004639,-122.948997498
YWY,Wrigley Airport,CA,CA-NT,Wrigley,medium,63.20940017700195,-123.43699645996094
YXC,Cranbrook/Canadian Rockies International Airport,CA,CA-BC,Cranbrook,medium,49.610801696777,-115.78199768066
YXE,Saskatoon John G. Diefenbaker International Airport,CA,CA-SK,Saskatoon,medium,52.170799255371094,-106.6999969482422
YXH,Medicine Hat Regional Airport,CA,CA-AB,Medicine Hat,medium,50.018902,-110.721001
YXJ,Fort St John / North Peace Regional Airport,CA,CA-BC,Fort Saint John,medium,56.238098,-120.739998
YXK,Rimouski Airport,CA,CA-QC,Rimouski,medium,48.477644,-68.496323
YXL,Sioux Lookout Airport,CA,CA-ON,Sioux Lookout,medium,50.11389923095703,-91.9052963256836
YXN,Whale Cove Airport,CA,CA-NU,Whale Cove,small,62.240002,-92.598099
YXP,Pangnirtung Airport,CA,CA-NU,Pangnirtung,small,66.144878,-65.713606
YXQ,Beaver Creek Airport,CA,CA-YT,Beaver Creek,medium,62.410301208496094,-140.86700439453125
YXR,Earlton (Timiskaming Regional) Airport,CA,CA-ON,Earlton,medium,47.6974006546,-79.8473453522
YXS,Prince George Airport,CA,CA-BC,Prince George,medium,53.884311,-122.666554
YXT,Northwest Regional Airport Terrace-Kitimat,CA,CA-BC,Terrace,medium,54.468498,-128.576009
YXU,London Airport,CA,CA-ON,London,medium,43.035599,-81.1539
YXX,Abbotsford International Airport,CA,CA-BC,Abbotsford,medium,49.025299,-122.361
YXY,Whitehorse / Erik Nielsen International Airport,CA,CA-YT,Whitehorse,medium,60.709599,-135.067001
YXZ,Wawa Airport,CA,CA-ON,Wawa,medium,47.96670150756836,-84.78669738769531
YYA,Yueyang Sanhe Airport,CN,CN-43,Yueyang (Yueyanglou),medium,29.311699,113.281574
YYB,North Bay Jack Garland Airport,CA,CA-ON,North Bay,medium,46.363602,-79.422798
YYC,Calgary International Airport,CA,CA-AB,Calgary,large,51.118822,-114.009933
YYD,Smithers Airport,CA,CA-BC,Smithers,medium,54.82469940185547,-127.18299865722656
YYE,Fort Nelson Airport,CA,CA-BC,Fort Nelson,medium,58.8363990784,-122.597000122
YYF,Penticton Airport,CA,CA-BC,Penticton,medium,49.46310043334961,-119.60199737548828
YYG,Charlottetown Airport,CA,CA-PE,Charlottetown,medium,46.290000915527344,-63.12110137939453
YYH,Taloyoak Airport,CA,CA-NU,Taloyoak,small,69.5467,-93.576698
YYJ,Victoria International Airport,CA,CA-BC,Victoria,medium,48.647201,-123.427792
YYL,Lynn Lake Airport,CA,CA-MB,Lynn Lake,medium,56.86389923095703,-101.07599639892578
YYM,Cowley Airport,CA,CA-AB,Cowley,small,49.636398315399994,-114.09400177
YYN,Swift Current Airport,CA,CA-SK,Swift Current,medium,50.291900634799994,-107.691001892
YYQ,Churchill Airport,CA,CA-MB,Churchill,medium,58.739200592041016,-94.06500244140624
YYR,Goose Bay Airport,CA,CA-NL,Goose Bay,medium,53.3191986084,-60.4258003235
YYT,St. John's International Airport,CA,CA-NL,St. John's,large,47.618599,-52.7519
YYU,Kapuskasing Airport,CA,CA-ON,Kapuskasing,medium,49.411587,-82.469645
YYW,Armstrong Airport,CA,CA-ON,Armstrong,medium,50.29029846191406,-88.90969848632812
YYY,Mont Joli Airport,CA,CA-QC,Mont-Joli,medium,48.60860061645508,-68.20809936523438
YYZ,Toronto Lester B. Pearson International Airport,CA,CA-ON,Toronto,large,43.6772,-79.6306
YZA,Cache Creek-Ashcroft Regional Airport,CA,CA-BC,Cache Creek,small,50.775258,-121.321314
YZE,Gore Bay Manitoulin Airport,CA,CA-ON,Gore Bay,medium,45.8853,-82.567802
YZF,Yellowknife International Airport,CA,CA-NT,Yellowknife,medium,62.462799,-114.440002
YZG,Salluit Airport,CA,CA-QC,Salluit,small,62.179401,-75.667198
YZH,Slave Lake Airport,CA,CA-AB,Slave Lake,medium,55.2930984497,-114.777000427
YZP,Sandspit Airport,CA,CA-BC,Sandspit,medium,53.25429916379999,-131.813995361
YZR,Chris Hadfield Airport,CA,CA-ON,Sarnia,medium,42.999401,-82.308899
YZS,Coral Harbour Airport,CA,CA-NU,Coral Harbour,medium,64.1932983398,-83.3593978882
YZT,Port Hardy Airport,CA,CA-BC,Port Hardy,medium,50.68059921264648,-127.36699676513672
YZU,Whitecourt Airport,CA,CA-AB,Whitecourt,medium,54.143902,-115.787003
YZV,Sept-Îles Airport,CA,CA-QC,Sept-Îles,medium,50.22330093383789,-66.2656021118164
YZW,Teslin Airport,CA,CA-YT,Teslin,medium,60.17279815673828,-132.7429962158203
YZX,CFB Greenwood,CA,CA-NS,Greenwood,medium,44.98440170288086,-64.91690063476562
YZY,Zhangye Ganzhou Airport,CN,CN-62,Zhangye (Ganzhou),small,38.801899,100.675003
YZZ,Trail Airport,CA,CA-BC,Trail,small,49.055599,-117.609001
ZAC,York Landing Airport,CA,CA-MB,York Landing,small,56.089401,-96.089203
ZAD,Zadar Airport,HR,HR-13,Zemunik Donji (Zadar),medium,44.094988,15.354879
ZAG,Zagreb Airport,HR,HR-21,Zagreb,large,45.742901,16.0688
ZAH,Zahedan International Airport,IR,IR-11,Zahedan,medium,29.47570037841797,60.90620040893555
ZAJ,Zaranj Airport,AF,AF-NIM,Zaranj,small,30.972222,61.865833
ZAL,Pichoy Airport,CL,CL-LR,Valdivia,medium,-39.6500015259,-73.0860977173
ZAM,Zamboanga International Airport,PH,PH-ZAS,Zamboanga City,medium,6.922420024871826,122.05999755859376
ZAO,Aérodrome de Cahors-Lalbenque,FR,FR-OCC,Cahors/Lalbenque,medium,44.351398,1.47528
ZAR,Zaria Airport,NG,NG-KD,Zaria,medium,11.1302,7.68581
ZAT,Zhaotong Airport,CN,CN-53,Zhaotong (Zhaoyang),small,27.327549,103.75617
ZAZ,Zaragoza Airport,ES,ES-AR,Zaragoza,medium,41.666199,-1.04155
ZBE,Zábřeh Dolní Benešov Airfield,CZ,CZ-MO,Dolní Benešov,small,49.928258,18.075557
ZBF,Bathurst Airport,CA,CA-NB,South Tetagouche,medium,47.6297,-65.738899
ZBL,Biloela Airport,AU,AU-QLD,Biloela,small,-24.320816,150.509627
ZBM,Bromont (Roland Désourdy) Airport,CA,CA-QC,Bromont,medium,45.290798,-72.741402
ZBO,Bowen Airport,AU,AU-QLD,Bowen,small,-20.017999,148.215245
ZBR,Chabahar Konarak International Airport,IR,IR-11,Konarak,medium,25.44319,60.382167
ZBY,Sayaboury Airport,LA,LA-XA,Sainyabuli,small,19.2436,101.7093
ZCL,Aeropuerto Internacional General Leobardo C. Ruiz,MX,MX-ZAC,Zacatecas,medium,22.8971,-102.686996
ZCO,La Araucanía Airport,CL,CL-AR,Temuco,medium,-38.9259,-72.6515
ZDM,Ramallah Heliport,PS,PS-RBH,Ramallah,heliport,31.91123,35.20756
ZDY,Delma Airport,AE,AE-AZ,Delma Island,small,24.51,52.3352
ZEC,Secunda Airport,ZA,ZA-MP,Secunda,medium,-26.52409935,29.170099258399997
ZEG,Senggo Airport,ID,ID-PS,Senggo-Papua Island,small,-5.6908,139.3502
ZEL,Bella Bella (Campbell Island) Airport,CA,CA-BC,Bella Bella,medium,52.185001,-128.156994
ZEM,Eastmain River Airport,CA,CA-QC,Eastmain River,small,52.226398,-78.522499
ZEN,Zenag Airport,PG,PG-MPL,Zenag,small,-6.9522222222200005,146.61625
ZER,Ziro Airport,IN,IN-AR,Ziro,medium,27.588301,93.828102
ZFA,Faro Airport,CA,CA-YT,Faro,medium,62.20750045776367,-133.37600708007812
ZFD,Fond-du-Lac Airport,CA,CA-SK,Fond-du-Lac,small,59.3344,-107.181999
ZFL,Zhaosu Tianma Airport,CN,CN-65,Zhaosu,small,43.088477,81.223013
ZFM,Fort Mcpherson Airport,CA,CA-NT,Fort Mcpherson,small,67.406993,-134.860182
ZFN,Tulita Airport,CA,CA-NT,Tulita,small,64.909496,-125.570297
ZFU,Unifly Heliport,BR,BR-SP,Arujá,heliport,-23.4086112976,-46.3305549622
ZFW,Fairview Airport,CA,CA-AB,Fairview,small,56.081401825,-118.434997559
ZGF,Grand Forks Airport,CA,CA-BC,Grand Forks,medium,49.015598,-118.431
ZGI,Gods River Airport,CA,CA-MB,Gods River,small,54.839699,-94.078598
ZGL,South Galway Airport,AU,AU-QLD,,small,-25.6833,142.108002
ZGM,Ngoma Airport,ZM,ZM-07,Ngoma,small,-15.9658,25.9333
ZGN,Zhongshan Ferry Port,CN,CN-44,Zhongshan,seaplane_base,22.519296,113.361307
ZGR,Little Grand Rapids Airport,CA,CA-MB,Little Grand Rapids,small,52.045417,-95.46617
ZGS,La Romaine Airport,CA,CA-QC,La Romaine,small,50.259553,-60.674357
ZGU,Gaua Island Airport,VU,VU-TOB,Gaua Island,medium,-14.218099594099998,167.587005615
ZHA,Zhanjiang Wuchuan Airport,CN,CN-44,Zhanjiang,medium,21.481667,110.590278
ZHM,Shamshernagar Airport,BD,BD-6,Shamshernagar,small,24.398333,91.916944
ZHP,High Prairie Airport,CA,CA-AB,High Prairie,small,55.3936004639,-116.474998474
ZHY,Zhongwei Shapotou Airport,CN,CN-64,Zhongwei (Shapotou),medium,37.573125,105.154454
ZIA,Zhukovsky International Airport,RU,RU-MOS,Moscow,large,55.553299,38.150002
ZIC,Victoria Airport,CL,CL-AR,Victoria,medium,-38.245602,-72.348602
ZIG,Ziguinchor Airport,SN,SN-ZG,Ziguinchor,medium,12.5556,-16.281799
ZIH,Aeropuerto Internacional de Zihuatanejo,MX,MX-GRO,Ixtapa,medium,17.601771,-101.460629
ZIS,Alzintan Airport,LY,LY-JG,Zintan,small,31.774878,12.25006
ZIX,Zhigansk Airport,RU,RU-SA,Zhigansk,medium,66.7965011597,123.361000061
ZIZ,Zamzama Heliport,PK,PK-SD,Zamzama Gas Field,heliport,26.710944444400003,67.66725
ZJG,Jenpeg Airport,CA,CA-MB,Jenpeg,medium,54.51890182495117,-98.0460968017578
ZJN,Swan River Airport,CA,CA-MB,Swan River,medium,52.120602,-101.236
ZKB,Kasaba Bay Airport,ZM,ZM-05,Kasaba Bay,small,-8.525,30.663
ZKE,Kashechewan Airport,CA,CA-ON,Kashechewan,small,52.282501,-81.677803
ZKG,Kegaska Airport,CA,CA-QC,Kegaska,small,50.195801,-61.2658
ZKL,Zigong Fengming Airport,CN,CN-51,Zigong (Gongjing),small,29.376484,104.625789
ZKP,Zyryanka Airport,RU,RU-SA,Zyryanka,medium,65.7485,150.8889
ZLO,Aeropuerto Internacional Playa de Oro,MX,MX-COL,Manzanillo,medium,19.1448,-104.558998
ZLR,Municipal de Linares Airport,CL,CL-ML,Linares,small,-35.861698,-71.548599
ZLT,La Tabatière Airport,CA,CA-QC,La Tabatière,small,50.8307991027832,-58.97560119628906
ZLX,Zalingei Airport,SD,SD-12,Zalingei,small,12.9437,23.5631
ZMD,Sena Madureira Airport,BR,BR-AC,Sena Madureira,small,-9.116,-68.6108
ZMH,South Cariboo Region / 108 Mile Airport,CA,CA-BC,108 Mile,small,51.736099243199995,-121.333000183
ZMM,Zamora Airport,MX,MX-MIC,,small,20.045,-102.276001
ZMT,Masset Airport,CA,CA-BC,Masset,medium,54.0275,-132.125
ZNA,Nanaimo Harbour Water Aerodrome,CA,CA-BC,Nanaimo,seaplane_base,49.169813,-123.933845
ZNC,Nyac Airport,US,US-AK,Nyac,small,60.9807014465,-159.994003296
ZND,Zinder Airport,NE,NE-7,Zinder,medium,13.779000282287598,8.983759880065918
ZNE,Newman Airport,AU,AU-WA,Newman,medium,-23.4178009033,119.803001404
ZNU,Namu Water Aerodrome,CA,CA-BC,Namu,seaplane_base,51.862825,-127.869357
ZNZ,Abeid Amani Karume International Airport,TZ,TZ-07,Zanzibar,large,-6.22202,39.224899
ZOF,Ocean Falls Seaplane Base,CA,CA-BC,Ocean Falls,seaplane_base,52.3666992188,-127.717002869
ZOS,Cañal Bajo Carlos - Hott Siebert Airport,CL,CL-LL,Osorno,medium,-40.611198,-73.060997
ZPB,Sachigo Lake Airport,CA,CA-ON,Sachigo Lake,small,53.890885,-92.195935
ZPC,Pucón Airport,CL,CL-AR,Pucon,small,-39.292801,-71.915901
ZPH,Zephyrhills Municipal Airport,US,US-FL,Zephyrhills,small,28.228201,-82.155899
ZPO,Pinehouse Lake Airport,CA,CA-SK,Pinehouse Lake,small,55.5280990601,-106.582000732
ZQN,Queenstown International Airport,NZ,NZ-OTA,Queenstown,medium,-45.021099,168.738998
ZQS,Queen Charlotte City Seaplane Base,CA,CA-BC,,seaplane_base,53.25282,-132.074214
ZQW,Zweibrücken Airport,DE,DE-RP,Zweibrücken,small,49.2094,7.40056
ZQZ,Zhangjiakou Ningyuan Airport,CN,CN-13,Zhangjiakou,medium,40.738602,114.93
ZRH,Zürich Airport,CH,CH-ZH,Zurich,large,47.458056,8.548056
ZRI,Stevanus Rumbewas Airport,ID,ID-PA,Serui,medium,-1.82842,136.062402
ZRJ,Round Lake (Weagamow Lake) Airport,CA,CA-ON,Round Lake,small,52.9436,-91.312798
ZRM,Mararena Sarmi Airport,ID,ID-PA,Sarmi,small,-1.873077,138.753275
ZRZ,Zaraza Airport,VE,VE-J,Zaraza,small,9.350306,-65.280655
ZSA,San Salvador Airport,BS,BS-SS,San Salvador,medium,24.063299,-74.524002
ZSE,Pierrefonds Airport,RE,RE-SR,Saint-Pierre,medium,-21.319362,55.422506
ZSJ,Sandy Lake Airport,CA,CA-ON,Sandy Lake,medium,53.06420135498047,-93.34439849853516
ZSP,St. Paul Airport,CA,CA-AB,St. Paul,small,53.9933013916,-111.379997253
ZSS,Sassandra Airport,CI,CI-BS,Sassandra,small,4.928888,-6.133156
ZST,Stewart Airport,CA,CA-BC,Stewart,medium,55.935410448,-129.982434511
ZSW,Prince Rupert/Seal Cove Seaplane Base,CA,CA-BC,Prince Rupert,seaplane_base,54.333302,-130.283005
ZTA,Tureia Airport,PF,PF-U-A,Tureia,small,-20.784262,-138.56796
ZTB,Tête-à-la-Baleine Airport,CA,CA-QC,Tête-à-la-Baleine,small,50.67440032958984,-59.38359832763672
ZTH,Zakynthos International Airport Dionysios Solomos,GR,GR-F,Zakynthos,medium,37.7509,20.8843
ZTM,Shamattawa Airport,CA,CA-MB,Shamattawa,small,55.86356,-92.081137
ZTR,Zhytomyr Airport,UA,UA-18,,small,50.270556,28.738611
ZTS,Tahsis Seaplane Base,CA,CA-BC,Tahsis,seaplane_base,49.916698455799995,-126.666999817
ZTU,Zaqatala International Airport,AZ,AZ-ZAQ,Zaqatala,medium,41.557823,46.669464
ZUC,Ignace Municipal Airport,CA,CA-ON,Ignace,medium,49.428204,-91.720418
ZUD,Pupelde Airport,CL,CL-LL,Ancud,small,-41.904251,-73.796571
ZUH,Zhuhai Jinwan Airport,CN,CN-44,Zhuhai (Jinwan),medium,22.006399,113.375999
ZUL,Zilfi Airport,SA,SA-01,Zilfi,small,26.350000381469727,44.83300018310547
ZUM,Churchill Falls Airport,CA,CA-NL,Churchill Falls,small,53.5619010925293,-64.10639953613281
ZVA,Miandrivazo Airport,MG,MG-U,Miandrivazo,medium,-19.562799,45.450802
ZVG,Springvale Airport,AU,AU-WA,Springvale,small,-17.7869,127.669998
ZVK,Savannakhet Airport,LA,LA-SV,,medium,16.55660057067871,104.76000213623048
ZWA,Andapa Airport,MG,MG-D,,medium,-14.651700019836426,49.620601654052734
ZWL,Wollaston Lake Airport,CA,CA-SK,Wollaston Lake,small,58.106899,-103.171997
ZXT,Zabrat Airport,AZ,AZ-BA,Baku,medium,40.4955422161,49.9768066406
ZYI,Zunyi Xinzhou Airport,CN,CN-52,Zunyi,medium,27.810723,107.247189
ZYL,Osmany International Airport,BD,BD-6,Sylhet,medium,24.963832,91.864843
ZZE,Zangilan International Airport,AZ,AZ-ZAN,Zangilan,small,39.11443,46.74392
ZZO,Zonalnoye Airport,RU,RU-SAK,Tymovskoye,small,50.6692008972,142.761001587
ZZU,Mzuzu Airport,MW,MW-MZ,Mzuzu,medium,-11.4447,34.011799
ZZV,Zanesville Municipal Airport,US,US-OH,Zanesville,medium,39.9444007874,-81.89209747310001
