iata_code_from,iata_code_to
AAA,FAC
AAA,MKP
AAA,PPT
AAE,IST
AAE,LYS
AAE,MRS
AAE,CDG
AAE,ORY
AAE,ALG
AAE,ORN
AAE,ELU
AAE,JED
AAE,MED
AAK,TRW
AAL,ALC
AAL,AMS
AAL,AYT
AAL,BCN
AAL,GRO
AAL,BLL
AAL,FNC
AAL,CPH
AAL,STN
AAL,AGP
AAL,NAP
AAL,NCE
AAL,OSL
AAL,PMI
AAL,TFS
AAL,RNN
AAL,GZP
AAL,FAE
AAL,SCR
AAM,JNB
AAN,CAI
AAN,AMM
AAN,CCJ
AAN,ISB
AAN,KHT
AAN,TUK
AAP,BEJ
AAP,CGK
AAP,DPS
AAP,SUB
AAP,TRK
AAP,UPG
AAP,YIA
AAR,ALC
AAR,CFU
AAR,FAO
AAR,GDN
AAR,HRG
AAR,CPH
AAR,STN
AAR,AGP
AAR,OSL
AAR,PMI
AAR,RIX
AAR,ARN
AAR,ZAD
AAR,BMA
AAR,SCR
AAT,AKU
AAT,CAN
AAT,CGQ
AAT,KCA
AAT,KRL
AAT,KRY
AAT,PVG
AAT,URC
AAT,WUH
AAT,XIY
AAT,YIN
AAT,TCG
AAT,LHW
AAT,TLQ
AAT,PKX
AAT,TFU
AAX,CNF
AAX,GRU
AAX,POJ
AAX,UBA
AAY,ADE
AAY,JED
AAY,SCT
AAZ,GUA
ABA,DME
ABA,SVO
ABA,LED
ABA,AER
ABA,KJA
ABA,NSK
ABA,OMS
ABA,OVB
ABA,KCY
ABB,ABV
ABB,LOS
ABD,IFN
ABD,MHD
ABD,SYZ
ABD,THR
ABE,ATL
ABE,BNA
ABE,CLT
ABE,DEN
ABE,FLL
ABE,MCO
ABE,MLB
ABE,MYR
ABE,ORD
ABE,PGD
ABE,PIE
ABE,SFB
ABE,SRQ
ABF,TRW
ABI,DFW
ABJ,BRU
ABJ,CAI
ABJ,CMN
ABJ,IST
ABJ,CDG
ABJ,ORY
ABJ,TUN
ABJ,ALG
ABJ,ABV
ABJ,ACC
ABJ,ADD
ABJ,BJL
ABJ,BKO
ABJ,BOY
ABJ,BYK
ABJ,BZV
ABJ,CKY
ABJ,COO
ABJ,DOH
ABJ,FIH
ABJ,HGO
ABJ,JFK
ABJ,KEO
ABJ,LBV
ABJ,LFW
ABJ,LOS
ABJ,MJC
ABJ,NBO
ABJ,NIM
ABJ,NKC
ABJ,NSI
ABJ,OUA
ABJ,OXB
ABJ,PNR
ABJ,ROB
ABJ,SPY
ABJ,DSS
ABK,JIJ
ABL,OTZ
ABL,SHG
ABM,CNS
ABM,HID
ABQ,ATL
ABQ,AUS
ABQ,BUR
ABQ,BWI
ABQ,CNM
ABQ,DAL
ABQ,DEN
ABQ,DFW
ABQ,HOU
ABQ,IAH
ABQ,JFK
ABQ,LAS
ABQ,LAX
ABQ,LGB
ABQ,LRU
ABQ,MCI
ABQ,MCO
ABQ,MDW
ABQ,MSP
ABQ,OAK
ABQ,ORD
ABQ,PDX
ABQ,PHX
ABQ,SAN
ABQ,SAT
ABQ,SEA
ABQ,SFO
ABQ,SVC
ABQ,SLC
ABR,MSP
ABS,CAI
ABS,ASW
ABT,DMM
ABT,JED
ABT,RUH
ABU,KOE
ABV,CAI
ABV,CMN
ABV,FRA
ABV,IST
ABV,LHR
ABV,CDG
ABV,ABJ
ABV,ACC
ABV,ADD
ABV,AKR
ABV,BNI
ABV,CBQ
ABV,DLA
ABV,DOH
ABV,ENU
ABV,IBA
ABV,ILR
ABV,JED
ABV,JOS
ABV,KAN
ABV,KGL
ABV,LFW
ABV,LOS
ABV,MDI
ABV,MIU
ABV,NDJ
ABV,NSI
ABV,PHC
ABV,QOW
ABV,YOL
ABV,DKA
ABV,GMO
ABV,QRW
ABV,QUO
ABV,SKO
ABV,ABB
ABV,BCU
ABX,BNE
ABX,MEL
ABX,SYD
ABY,ATL
ABZ,ALC
ABZ,AMS
ABZ,BHD
ABZ,BGO
ABZ,BHX
ABZ,BRS
ABZ,DUB
ABZ,MME
ABZ,EBJ
ABZ,FAO
ABZ,GDN
ABZ,GVA
ABZ,HUY
ABZ,CPH
ABZ,LGW
ABZ,LHR
ABZ,LTN
ABZ,AGP
ABZ,MAN
ABZ,NWI
ABZ,RIX
ABZ,SVG
ABZ,KOI
ABZ,LSI
ABZ,WIC
ACA,DFW
ACA,GDL
ACA,IAH
ACA,MEX
ACA,TIJ
ACA,YUL
ACA,NLU
ACC,AMS
ACC,BRU
ACC,CAI
ACC,CMN
ACC,IST
ACC,LIS
ACC,LGW
ACC,LHR
ACC,CDG
ACC,FCO
ACC,BEY
ACC,ABJ
ACC,ABV
ACC,ADD
ACC,COO
ACC,DOH
ACC,DXB
ACC,FNA
ACC,IAD
ACC,JFK
ACC,JNB
ACC,KGL
ACC,KMS
ACC,LFW
ACC,LOS
ACC,NBO
ACC,NYI
ACC,OUA
ACC,ROB
ACC,TKD
ACC,TML
ACC,TMS
ACC,DSS
ACC,WZA
ACE,ALC
ACE,AMS
ACE,BCN
ACE,BSL
ACE,BFS
ACE,BIO
ACE,BHX
ACE,BUD
ACE,BLQ
ACE,BOD
ACE,BOH
ACE,BTS
ACE,BRE
ACE,BES
ACE,BRS
ACE,BRU
ACE,CRL
ACE,CGN
ACE,ORK
ACE,DUB
ACE,DUS
ACE,EDI
ACE,EIN
ACE,FAO
ACE,FRA
ACE,FUE
ACE,FNC
ACE,GVA
ACE,GLA
ACE,PIK
ACE,HAM
ACE,HAJ
ACE,NOC
ACE,CPH
ACE,SPC
ACE,LPA
ACE,LBA
ACE,LEJ
ACE,LPL
ACE,LGW
ACE,LTN
ACE,STN
ACE,LUX
ACE,LYS
ACE,MAD
ACE,AGP
ACE,MAN
ACE,RAK
ACE,MRS
ACE,BGY
ACE,MXP
ACE,MUC
ACE,NTE
ACE,NCL
ACE,NRN
ACE,EMA
ACE,NUE
ACE,OSL
ACE,OVD
ACE,CDG
ACE,ORY
ACE,PRG
ACE,LIL
ACE,RTM
ACE,SCQ
ACE,SVQ
ACE,SNN
ACE,STR
ACE,TFN
ACE,TFS
ACE,TLS
ACE,TRN
ACE,VLC
ACE,VLL
ACE,TSF
ACE,VGO
ACE,VIE
ACE,ZAG
ACE,ZRH
ACE,FMM
ACE,SXB
ACE,BER
ACE,GLN
ACF,AKU
ACF,CGO
ACF,KCA
ACF,KHG
ACF,KRL
ACF,URC
ACF,YIN
ACF,TLQ
ACF,SHF
ACF,RQA
ACF,TWC
ACF,TFU
ACF,YTW
ACH,VIE
ACI,GCI
ACI,SOU
ACK,BOS
ACK,CLT
ACK,DCA
ACK,EWB
ACK,EWR
ACK,HPN
ACK,HYA
ACK,JFK
ACK,LGA
ACK,MVY
ACK,ORD
ACK,TEB
ACK,PHL
ACP,THR
ACT,DFW
ACV,BUR
ACV,DEN
ACV,LAX
ACV,SFO
ACX,CAN
ACX,CKG
ACX,CTU
ACX,FOC
ACX,HAK
ACX,HGH
ACX,JHG
ACX,JJN
ACX,KMG
ACX,KWE
ACX,LLB
ACX,NGB
ACX,PVG
ACX,SWA
ACX,SZX
ACX,WNZ
ACX,WUH
ACX,XIY
ACX,ZUH
ACX,ZYI
ACX,BFJ
ACX,WMT
ACX,PKX
ACX,TFU
ACX,TEN
ACY,FLL
ACY,MCO
ACY,MYR
ACY,PBI
ACY,RSW
ACY,TPA
ACZ,THR
ADA,ESB
ADA,AYT
ADA,BJV
ADA,BRU
ADA,CGN
ADA,DUS
ADA,FRA
ADA,HAM
ADA,HAJ
ADA,IST
ADA,SAW
ADA,ADB
ADA,STN
ADA,DME
ADA,SVO
ADA,MUC
ADA,STR
ADA,BEY
ADA,BER
ADA,DOH
ADA,TZX
ADA,VAN
ADA,ECN
ADB,AMS
ADB,ESB
ADB,AYT
ADB,ATH
ADB,BCN
ADB,BSL
ADB,BEG
ADB,BHX
ADB,BUD
ADB,BRE
ADB,BRS
ADB,BRU
ADB,OTP
ADB,CGN
ADB,DTM
ADB,DUB
ADB,DUS
ADB,EDI
ADB,EIN
ADB,FRA
ADB,GVA
ADB,GLA
ADB,HAM
ADB,HAJ
ADB,IST
ADB,SAW
ADB,CPH
ADB,LBA
ADB,LIS
ADB,LPL
ADB,LGW
ADB,LHR
ADB,LTN
ADB,STN
ADB,LUX
ADB,MAD
ADB,MAN
ADB,MXP
ADB,SVO
ADB,VKO
ADB,MUC
ADB,NCL
ADB,EMA
ADB,NUE
ADB,OSL
ADB,CDG
ADB,ORY
ADB,PRG
ADB,PRN
ADB,FCO
ADB,RTM
ADB,SCN
ADB,SKP
ADB,SOF
ADB,ARN
ADB,STR
ADB,TBS
ADB,TIA
ADB,VCE
ADB,WAW
ADB,VIE
ADB,ZRH
ADB,TIV
ADB,SJJ
ADB,BEY
ADB,ADA
ADB,ASR
ADB,KYA
ADB,TGD
ADB,AOE
ADB,AUH
ADB,GYD
ADB,BER
ADB,DIY
ADB,DXB
ADB,ERZ
ADB,EZS
ADB,GNY
ADB,GZT
ADB,IKA
ADB,JED
ADB,KSY
ADB,MLX
ADB,MQM
ADB,SZF
ADB,TZX
ADB,VAN
ADB,ECN
ADB,SKD
ADB,OGU
ADB,RZV
ADD,ATH
ADD,BRU
ADD,CAI
ADD,FRA
ADD,GVA
ADD,IST
ADD,LGW
ADD,LHR
ADD,MXP
ADD,DME
ADD,CDG
ADD,FCO
ADD,ARN
ADD,VIE
ADD,TLV
ADD,BEY
ADD,AMM
ADD,ABJ
ADD,ABV
ADD,ACC
ADD,ADE
ADD,AMH
ADD,ASM
ADD,ASO
ADD,ATL
ADD,AWA
ADD,AXU
ADD,BAH
ADD,BCO
ADD,BEW
ADD,BGF
ADD,BJM
ADD,BJR
ADD,BKK
ADD,BKO
ADD,BLR
ADD,BLZ
ADD,BOM
ADD,BSA
ADD,BUQ
ADD,BZV
ADD,CAN
ADD,COO
ADD,CPT
ADD,DAR
ADD,DEL
ADD,DEM
ADD,DIR
ADD,DLA
ADD,DMM
ADD,DOH
ADD,DSE
ADD,DXB
ADD,EBB
ADD,ENU
ADD,FBM
ADD,FIH
ADD,GBE
ADD,GDQ
ADD,GMB
ADD,GOB
ADD,GOM
ADD,GRU
ADD,HAH
ADD,HGA
ADD,HKG
ADD,HRE
ADD,IAD
ADD,ICN
ADD,JED
ADD,JIB
ADD,JIJ
ADD,JIM
ADD,JNB
ADD,JRO
ADD,JUB
ADD,KAN
ADD,KGL
ADD,KHI
ADD,KRT
ADD,KWI
ADD,LAD
ADD,LBV
ADD,LFW
ADD,LLI
ADD,LLW
ADD,LOS
ADD,LUN
ADD,MAA
ADD,MBA
ADD,MCT
ADD,MED
ADD,MGQ
ADD,MPM
ADD,MQX
ADD,MUB
ADD,NBO
ADD,NDJ
ADD,NIM
ADD,NSI
ADD,ORD
ADD,OUA
ADD,PEK
ADD,PNR
ADD,PVG
ADD,RUH
ADD,SEZ
ADD,SSG
ADD,TNR
ADD,VFA
ADD,WDH
ADD,YYZ
ADD,ZNZ
ADD,NLA
ADD,NOS
ADD,PZU
ADD,SHC
ADD,SIN
ADD,SZE
ADD,GGR
ADD,TFU
ADD,NEK
ADE,CAI
ADE,AMM
ADE,AAY
ADE,ADD
ADE,BOM
ADE,GXF
ADE,JED
ADE,JIB
ADE,MED
ADE,RUH
ADE,RIY
ADE,SCT
ADF,ESB
ADF,IST
ADF,SAW
ADK,ANC
ADL,ASP
ADL,BHQ
ADL,BNE
ADL,CBR
ADL,CED
ADL,CNS
ADL,CPD
ADL,DOH
ADL,DPS
ADL,DRW
ADL,DXB
ADL,HBA
ADL,KGC
ADL,KUL
ADL,LST
ADL,MCY
ADL,MEL
ADL,MGB
ADL,NAN
ADL,NTL
ADL,PER
ADL,PPP
ADL,SYD
ADL,TSV
ADL,OLP
ADL,PLO
ADL,SIN
ADL,WYA
ADL,AKL
ADL,OOL
ADQ,AKK
ADQ,ALZ
ADQ,ANC
ADQ,AOS
ADQ,KKB
ADQ,KLN
ADQ,KOY
ADQ,KOZ
ADQ,KPR
ADQ,KPY
ADQ,KWP
ADQ,KYK
ADQ,KZB
ADQ,OLH
ADQ,ORI
ADU,MHD
ADU,THR
ADZ,BAQ
ADZ,BOG
ADZ,CLO
ADZ,CTG
ADZ,MDE
ADZ,PTY
ADZ,PVA
AEA,TRW
AEB,CKG
AEB,CSX
AEB,NNG
AEB,SZX
AEB,TFU
AEM,NEI
AEP,AFA
AEP,ASU
AEP,BHI
AEP,BOG
AEP,BPS
AEP,BRC
AEP,BSB
AEP,CNQ
AEP,COR
AEP,CPC
AEP,CRD
AEP,CTC
AEP,CWB
AEP,EQS
AEP,FLN
AEP,FMA
AEP,FTE
AEP,GIG
AEP,GRU
AEP,IGR
AEP,IRJ
AEP,JUJ
AEP,LIM
AEP,LUQ
AEP,MDQ
AEP,MDZ
AEP,MVD
AEP,NQN
AEP,PDP
AEP,PMY
AEP,POA
AEP,PRA
AEP,PSS
AEP,REC
AEP,REL
AEP,RES
AEP,RGA
AEP,RGL
AEP,ROS
AEP,RSA
AEP,SCL
AEP,SDE
AEP,SSA
AEP,TUC
AEP,UAQ
AEP,USH
AEP,VDM
AEP,VVI
AEP,SFN
AEP,SLA
AEP,RHD
AEP,RLO
AEP,RCU
AER,AYT
AER,BEG
AER,DLM
AER,IST
AER,MSQ
AER,DME
AER,SVO
AER,VKO
AER,SSH
AER,LED
AER,TBS
AER,TLV
AER,EVN
AER,MMK
AER,KZN
AER,GOJ
AER,KUF
AER,ABA
AER,ALA
AER,ASF
AER,GYD
AER,BAX
AER,BUS
AER,CEE
AER,CEK
AER,CSY
AER,DWC
AER,DXB
AER,DYU
AER,FRU
AER,HMA
AER,IAR
AER,IGT
AER,IJK
AER,IKT
AER,IWA
AER,KEJ
AER,KJA
AER,KLF
AER,KRO
AER,KVX
AER,MCX
AER,MQF
AER,NBC
AER,NJC
AER,NOJ
AER,NOZ
AER,NSK
AER,NUX
AER,NYM
AER,OGZ
AER,OMS
AER,OSS
AER,OVB
AER,PEE
AER,PES
AER,PEZ
AER,PKV
AER,REN
AER,SCO
AER,SCW
AER,SGC
AER,STW
AER,SVX
AER,TAS
AER,TJM
AER,TOF
AER,UCT
AER,UFA
AER,NMA
AER,SKD
AER,SKX
AER,SLY
AER,ULV
AER,ZIA
AES,ALC
AES,AMS
AES,BGO
AES,GDN
AES,CPH
AES,OSL
AES,TRD
AET,BTT
AET,FAI
AET,HUS
AEU,BND
AEX,ATL
AEX,DFW
AEY,ALC
AEY,FAO
AEY,LGW
AEY,TFS
AEY,ZRH
AEY,GRY
AEY,RKV
AEY,THO
AEY,VPN
AFA,AEP
AFL,CGB
AGA,BSL
AGA,BHX
AGA,BOD
AGA,BOH
AGA,BRS
AGA,BRU
AGA,CRL
AGA,CMN
AGA,CGN
AGA,DUB
AGA,DUS
AGA,EDI
AGA,FEZ
AGA,FRA
AGA,HHN
AGA,GVA
AGA,GLA
AGA,HAM
AGA,HAJ
AGA,HEL
AGA,FKB
AGA,CPH
AGA,KRK
AGA,LPA
AGA,LBA
AGA,LEJ
AGA,LIS
AGA,LGW
AGA,LTN
AGA,STN
AGA,LUX
AGA,LYS
AGA,MAD
AGA,MAN
AGA,RAK
AGA,MRS
AGA,BGY
AGA,MUC
AGA,NTE
AGA,NCE
AGA,NRN
AGA,OSL
AGA,OUD
AGA,BVA
AGA,CDG
AGA,ORY
AGA,PGF
AGA,OPO
AGA,PRG
AGA,RIX
AGA,LIL
AGA,ARN
AGA,STR
AGA,TNG
AGA,TFS
AGA,TLS
AGA,VLC
AGA,VIE
AGA,WRO
AGA,ZRH
AGA,SXB
AGA,RBA
AGA,BER
AGA,EUN
AGA,VIL
AGH,ARN
AGH,BMA
AGH,VBY
AGM,KUS
AGM,IOQ
AGM,KUZ
AGM,SGG
AGM,TQI
AGN,JNU
AGN,TKE
AGP,AAL
AGP,AAR
AGP,ABZ
AGP,ALC
AGP,AMS
AGP,ANR
AGP,ACE
AGP,ATH
AGP,BCN
AGP,BRI
AGP,BSL
AGP,BFS
AGP,BEG
AGP,BGO
AGP,BIO
AGP,BLL
AGP,BHX
AGP,BUD
AGP,BLQ
AGP,BOD
AGP,BOH
AGP,BRE
AGP,BES
AGP,BRS
AGP,BRU
AGP,CRL
AGP,OTP
AGP,CAI
AGP,CWL
AGP,CMN
AGP,CGN
AGP,ORK
AGP,DOL
AGP,DTM
AGP,DUB
AGP,DUS
AGP,EDI
AGP,EIN
AGP,EXT
AGP,FAO
AGP,FEZ
AGP,FRA
AGP,HHN
AGP,FUE
AGP,FNC
AGP,GDN
AGP,GVA
AGP,GLA
AGP,PIK
AGP,GOT
AGP,HAM
AGP,HAJ
AGP,HAU
AGP,HEL
AGP,IBZ
AGP,IST
AGP,XRY
AGP,FKB
AGP,KTW
AGP,KUN
AGP,NOC
AGP,CPH
AGP,KRK
AGP,LCG
AGP,LPA
AGP,LBA
AGP,LIS
AGP,LPL
AGP,LCJ
AGP,LCY
AGP,LGW
AGP,LHR
AGP,LTN
AGP,STN
AGP,LGG
AGP,LUX
AGP,LXR
AGP,LYS
AGP,MAD
AGP,MAH
AGP,MAN
AGP,RAK
AGP,MRS
AGP,BGY
AGP,MXP
AGP,MUC
AGP,NDR
AGP,NTE
AGP,NAP
AGP,NCL
AGP,NQY
AGP,NCE
AGP,NRN
AGP,EMA
AGP,NUE
AGP,OST
AGP,OSL
AGP,TRF
AGP,OVD
AGP,PAD
AGP,PMI
AGP,BVA
AGP,CDG
AGP,ORY
AGP,PSA
AGP,OPO
AGP,POZ
AGP,PRG
AGP,KEF
AGP,RIX
AGP,LIL
AGP,FCO
AGP,RTM
AGP,EAS
AGP,SDR
AGP,SCQ
AGP,SNN
AGP,SOF
AGP,SOU
AGP,SVG
AGP,ARN
AGP,NYO
AGP,VST
AGP,STR
AGP,TLL
AGP,TMP
AGP,TNG
AGP,TFN
AGP,TFS
AGP,TLS
AGP,TRD
AGP,TRN
AGP,VLC
AGP,TSF
AGP,VNO
AGP,VIT
AGP,WAW
AGP,VIE
AGP,WRO
AGP,ZAG
AGP,ZRH
AGP,CLJ
AGP,SEN
AGP,FMM
AGP,SXB
AGP,TLV
AGP,VXO
AGP,OSR
AGP,LEN
AGP,RBA
AGP,TTU
AGP,AUH
AGP,BAH
AGP,BER
AGP,DOH
AGP,EWR
AGP,JCU
AGP,KWI
AGP,MLN
AGP,RUH
AGP,WMI
AGP,YUL
AGR,AMD
AGR,BLR
AGR,BOM
AGR,JAI
AGR,LKO
AGS,ATL
AGS,CLT
AGS,DCA
AGS,DFW
AGT,ASU
AGU,CUN
AGU,DFW
AGU,IAH
AGU,LAX
AGU,MDW
AGU,MEX
AGU,MTY
AGU,PVR
AGU,TIJ
AGX,BLR
AGX,COK
AHB,CAI
AHB,DMM
AHB,DXB
AHB,JED
AHB,MED
AHB,RUH
AHB,SHJ
AHB,TIF
AHB,TUU
AHB,HMB
AHB,SHW
AHE,AXR
AHE,PPT
AHE,XMH
AHJ,LXA
AHJ,TFU
AHO,BCN
AHO,BRI
AHO,BLL
AHO,BUD
AHO,BLQ
AHO,BOD
AHO,BTS
AHO,CRL
AHO,OTP
AHO,CTA
AHO,ORK
AHO,DUB
AHO,HHN
AHO,HAM
AHO,KTW
AHO,STN
AHO,MAD
AHO,BGY
AHO,LIN
AHO,MXP
AHO,NAP
AHO,PMO
AHO,PSR
AHO,PSA
AHO,FCO
AHO,TRN
AHO,VCE
AHO,VRN
AHO,FMM
AHU,AMS
AHU,BRU
AHU,CMN
AHU,EIN
AHU,RTM
AHU,TNG
AHU,TTU
AIA,DEN
AIC,KWA
AIC,MAJ
AIM,MJB
AIN,ATK
AIN,BRW
AIP,HDO
AIR,CGB
AIR,JIA
AIS,TBF
AIT,RAR
AJA,BSL
AJA,BIQ
AJA,BOD
AJA,BES
AJA,CRL
AJA,CLY
AJA,GVA
AJA,LUX
AJA,LYS
AJA,MRS
AJA,MPL
AJA,NTE
AJA,NCE
AJA,OSL
AJA,CDG
AJA,ORY
AJA,PUF
AJA,LIL
AJA,FCO
AJA,TLN
AJA,TLS
AJA,SXB
AJA,CFR
AJA,CFE
AJA,BVE
AJA,DCM
AJF,CAI
AJF,DXB
AJF,JED
AJF,RUH
AJF,SHJ
AJI,ESB
AJI,IST
AJI,SAW
AJL,CCU
AJL,DEL
AJL,GAU
AJL,IMF
AJL,SHL
AJN,HAH
AJN,NWA
AJR,MUC
AJR,ARN
AJR,HMV
AJR,VHM
AJU,BSB
AJU,CGH
AJU,CNF
AJU,CPV
AJU,GIG
AJU,GRU
AJU,REC
AJU,SSA
AJU,VCP
AJY,NIM
AJY,ZND
AKA,CAN
AKA,CZX
AKA,HGH
AKA,PVG
AKA,SZX
AKA,WUH
AKA,LHW
AKA,PKX
AKI,BET
AKJ,HND
AKJ,ICN
AKJ,ITM
AKJ,NGO
AKJ,NRT
AKJ,TPE
AKK,ADQ
AKL,ADL
AKL,APW
AKL,BHE
AKL,BNE
AKL,CAN
AKL,CHC
AKL,CHT
AKL,CNS
AKL,DFW
AKL,DOH
AKL,DPS
AKL,DUD
AKL,DXB
AKL,GIS
AKL,HAK
AKL,HBA
AKL,HGH
AKL,HKG
AKL,HNL
AKL,IAH
AKL,ICN
AKL,IUE
AKL,IVC
AKL,JFK
AKL,KKE
AKL,KUL
AKL,LAX
AKL,MCY
AKL,MEL
AKL,NAN
AKL,NLK
AKL,NOU
AKL,NPE
AKL,NPL
AKL,NRT
AKL,NSN
AKL,PEK
AKL,PER
AKL,PMR
AKL,PPQ
AKL,PPT
AKL,PVG
AKL,RAR
AKL,ROT
AKL,SCL
AKL,SFO
AKL,SYD
AKL,SZX
AKL,TBU
AKL,TPE
AKL,TRG
AKL,TUO
AKL,VLI
AKL,WAG
AKL,WHK
AKL,WLG
AKL,WRE
AKL,YVR
AKL,ZQN
AKL,SIN
AKL,OOL
AKL,TFU
AKN,ANC
AKP,FAI
AKR,ABV
AKR,LOS
AKS,HIR
AKU,AAT
AKU,BPL
AKU,CGO
AKU,CKG
AKU,HGH
AKU,INC
AKU,KCA
AKU,KHG
AKU,KRL
AKU,KRY
AKU,PEK
AKU,URC
AKU,XIY
AKU,YIN
AKU,LHW
AKU,TLQ
AKU,FYN
AKU,QSZ
AKU,TWC
AKU,TFU
AKU,ZFL
AKU,ACF
AKV,YIK
AKV,YPX
AKX,AYT
AKX,IST
AKX,ALA
AKX,CIT
AKX,GUW
AKX,SCO
AKX,HSA
AKX,NQZ
AKY,MDL
AKY,RGN
AKY,SNW
AKY,VBA
ALA,ESB
ALA,AYT
ALA,BJV
ALA,FRA
ALA,HER
ALA,IST
ALA,SAW
ALA,MXP
ALA,SVO
ALA,VKO
ALA,SSH
ALA,LED
ALA,TBS
ALA,TGD
ALA,KZN
ALA,KUF
ALA,AER
ALA,AKX
ALA,AUH
ALA,GYD
ALA,BKK
ALA,BOM
ALA,BUS
ALA,CIT
ALA,DEL
ALA,DMB
ALA,DOH
ALA,DXB
ALA,DYU
ALA,DZN
ALA,FRU
ALA,GUW
ALA,HGH
ALA,HKT
ALA,ICN
ALA,IKT
ALA,JED
ALA,KGF
ALA,KJA
ALA,KOV
ALA,KSN
ALA,KUL
ALA,KUT
ALA,KWI
ALA,KZO
ALA,MCT
ALA,MED
ALA,MRV
ALA,NCU
ALA,OVB
ALA,PEK
ALA,PLX
ALA,PPK
ALA,PWQ
ALA,SCO
ALA,SHJ
ALA,SVX
ALA,TAS
ALA,UFA
ALA,UKK
ALA,URA
ALA,URC
ALA,XIY
ALA,UZR
ALA,ZIA
ALA,PKX
ALA,USJ
ALA,UBN
ALA,HSA
ALA,NQZ
ALB,ATL
ALB,BNA
ALB,BWI
ALB,CLT
ALB,DCA
ALB,DEN
ALB,DFW
ALB,DTW
ALB,EWR
ALB,FLL
ALB,IAD
ALB,LAS
ALB,LGA
ALB,MCO
ALB,MDW
ALB,MYR
ALB,ORD
ALB,PGD
ALB,PIE
ALB,RDU
ALB,SFB
ALB,TPA
ALB,PHL
ALB,MIA
ALC,AAL
ALC,AAR
ALC,ABZ
ALC,AEY
ALC,AMS
ALC,ANR
ALC,ACE
ALC,BCN
ALC,BRI
ALC,BSL
ALC,BHD
ALC,BFS
ALC,BGO
ALC,BIO
ALC,BLL
ALC,BHX
ALC,BUD
ALC,BLQ
ALC,BOD
ALC,BOH
ALC,BRE
ALC,BRS
ALC,BRU
ALC,CRL
ALC,OTP
ALC,CWL
ALC,CGN
ALC,ORK
ALC,DTM
ALC,DUB
ALC,MME
ALC,DUS
ALC,EDI
ALC,EIN
ALC,EXT
ALC,FEZ
ALC,FRA
ALC,HHN
ALC,GDN
ALC,GVA
ALC,GLA
ALC,PIK
ALC,GOT
ALC,HAM
ALC,HAU
ALC,HEL
ALC,IBZ
ALC,FKB
ALC,KTW
ALC,KUN
ALC,KIR
ALC,KLU
ALC,NOC
ALC,CPH
ALC,KRK
ALC,KRS
ALC,LPA
ALC,LBA
ALC,LIS
ALC,LPL
ALC,LCJ
ALC,LGW
ALC,LTN
ALC,STN
ALC,LGG
ALC,LUX
ALC,LYS
ALC,MST
ALC,MAD
ALC,MAH
ALC,AGP
ALC,MAN
ALC,RAK
ALC,MRS
ALC,BGY
ALC,MXP
ALC,MUC
ALC,FMO
ALC,NTE
ALC,NCL
ALC,NQY
ALC,NCE
ALC,NRN
ALC,NWI
ALC,EMA
ALC,NUE
ALC,OST
ALC,OSL
ALC,TRF
ALC,OVD
ALC,PAD
ALC,PMI
ALC,BVA
ALC,CDG
ALC,ORY
ALC,OPO
ALC,POZ
ALC,PRG
ALC,KEF
ALC,RIX
ALC,LIL
ALC,FCO
ALC,RTM
ALC,RZE
ALC,SDR
ALC,SCQ
ALC,SVQ
ALC,SNN
ALC,SOF
ALC,SOU
ALC,SVG
ALC,ARN
ALC,NYO
ALC,VST
ALC,STR
ALC,TFN
ALC,TLS
ALC,TRD
ALC,TRN
ALC,TSF
ALC,VIT
ALC,WAW
ALC,VIE
ALC,WRO
ALC,ZAG
ALC,ZRH
ALC,CLJ
ALC,SEN
ALC,FMM
ALC,VXO
ALC,ALG
ALC,AES
ALC,TTU
ALC,ORN
ALC,BER
ALC,PED
ALC,WMI
ALC,RMU
ALF,FRA
ALF,OSL
ALF,TOS
ALF,BJF
ALF,HFT
ALF,VDS
ALG,ALC
ALG,AYT
ALG,BCN
ALG,BSL
ALG,BOD
ALG,BRU
ALG,CAI
ALG,CMN
ALG,FRA
ALG,GVA
ALG,IST
ALG,LIS
ALG,LGW
ALG,LHR
ALG,LYS
ALG,MAD
ALG,MRS
ALG,MXP
ALG,MPL
ALG,SVO
ALG,NTE
ALG,NCE
ALG,PMI
ALG,CDG
ALG,ORY
ALG,LIL
ALG,FCO
ALG,TLS
ALG,TUN
ALG,VIE
ALG,ETZ
ALG,SXB
ALG,BEY
ALG,AMM
ALG,ORN
ALG,AAE
ALG,ABJ
ALG,AZR
ALG,BJA
ALG,BKO
ALG,BLJ
ALG,BMW
ALG,BSK
ALG,CBH
ALG,CZL
ALG,DJG
ALG,DLA
ALG,DOH
ALG,DXB
ALG,ELG
ALG,ELU
ALG,GHA
ALG,GJL
ALG,HME
ALG,IAM
ALG,INZ
ALG,JED
ALG,JNB
ALG,LOO
ALG,MED
ALG,NIM
ALG,NKC
ALG,OUA
ALG,PEK
ALG,QSF
ALG,TMR
ALG,YUL
ALG,MZW
ALG,OGX
ALG,TEE
ALG,TGR
ALG,TID
ALG,TLM
ALG,TMX
ALG,TIN
ALG,EBH
ALG,VVZ
ALG,DSS
ALH,PER
ALO,ORD
ALP,EBL
ALQ,POA
ALS,DEN
ALW,SEA
ALZ,ADQ
ALZ,KMY
AMA,AUS
AMA,DAL
AMA,DEN
AMA,DFW
AMA,HOU
AMA,IAH
AMA,LAS
AMD,LGW
AMD,AGR
AMD,ATQ
AMD,AUH
AMD,BBI
AMD,BHJ
AMD,BHO
AMD,BKK
AMD,BLR
AMD,BOM
AMD,CCU
AMD,COK
AMD,DED
AMD,DEL
AMD,DIU
AMD,DMK
AMD,DOH
AMD,DXB
AMD,GOI
AMD,GWL
AMD,HAN
AMD,HYD
AMD,IDR
AMD,ISK
AMD,IXB
AMD,IXC
AMD,IXG
AMD,IXJ
AMD,IXR
AMD,IXU
AMD,JAI
AMD,JDH
AMD,JED
AMD,JSA
AMD,KUL
AMD,KWI
AMD,LKO
AMD,MAA
AMD,MED
AMD,NAG
AMD,NDC
AMD,NJF
AMD,PAT
AMD,PNQ
AMD,RPR
AMD,SGN
AMD,SHJ
AMD,SXR
AMD,UDR
AMD,VNS
AMD,SIN
AMD,GOX
AMD,HSR
AMD,AYJ
AMH,ADD
AMH,BCO
AMM,AMS
AMM,ESB
AMM,AYT
AMM,ATH
AMM,BCN
AMM,BUD
AMM,BLQ
AMM,BRU
AMM,CRL
AMM,OTP
AMM,CAI
AMM,DLM
AMM,DUS
AMM,FRA
AMM,GVA
AMM,HRG
AMM,IST
AMM,SAW
AMM,KRK
AMM,LCA
AMM,LHR
AMM,LTN
AMM,STN
AMM,LYS
AMM,MAD
AMM,MAN
AMM,MRS
AMM,BGY
AMM,MXP
AMM,DME
AMM,PFO
AMM,BVA
AMM,CDG
AMM,ORY
AMM,PSA
AMM,POZ
AMM,PRG
AMM,CIA
AMM,FCO
AMM,SSH
AMM,ARN
AMM,TBS
AMM,TUN
AMM,TSF
AMM,VIE
AMM,ZRH
AMM,FMM
AMM,BEY
AMM,ALG
AMM,EBL
AMM,AQJ
AMM,HBE
AMM,AAN
AMM,ADD
AMM,ADE
AMM,ATZ
AMM,AUH
AMM,BAH
AMM,BEN
AMM,BER
AMM,BGW
AMM,BKK
AMM,BSR
AMM,DMM
AMM,DOH
AMM,DTW
AMM,DXB
AMM,IAD
AMM,ISU
AMM,JED
AMM,JFK
AMM,KWI
AMM,MCT
AMM,MED
AMM,MJI
AMM,ORD
AMM,RUH
AMM,SAH
AMM,SHJ
AMM,TZX
AMM,YUL
AMM,ULH
AMQ,CGK
AMQ,DOB
AMQ,LUV
AMQ,MDC
AMQ,SUB
AMQ,UPG
AMQ,SOQ
AMQ,TTE
AMQ,SXK
AMQ,NRE
AMQ,SQN
AMQ,JIO
AMQ,NAM
AMS,AAL
AMS,ABZ
AMS,AHU
AMS,ALC
AMS,ESB
AMS,AYT
AMS,ACE
AMS,ATH
AMS,BCN
AMS,GRO
AMS,BRI
AMS,BSL
AMS,BHD
AMS,BFS
AMS,BEG
AMS,BGO
AMS,BIO
AMS,BLL
AMS,BHX
AMS,BJV
AMS,BUD
AMS,BLQ
AMS,BOD
AMS,BRE
AMS,BRS
AMS,BRU
AMS,OTP
AMS,BOJ
AMS,CAG
AMS,CAI
AMS,CWL
AMS,CMN
AMS,CTA
AMS,CHQ
AMS,CFU
AMS,ORK
AMS,DLM
AMS,DUB
AMS,DBV
AMS,MME
AMS,DUS
AMS,EDI
AMS,FAO
AMS,FEZ
AMS,FLR
AMS,FRA
AMS,FUE
AMS,FNC
AMS,GDN
AMS,GVA
AMS,GOA
AMS,GLA
AMS,GOT
AMS,GRX
AMS,HAM
AMS,HAJ
AMS,HEL
AMS,HER
AMS,HUY
AMS,HRG
AMS,IBZ
AMS,INN
AMS,INV
AMS,IST
AMS,SAW
AMS,ADB
AMS,KTT
AMS,CPH
AMS,KGS
AMS,KRK
AMS,KRS
AMS,SPC
AMS,LCA
AMS,LPA
AMS,LBA
AMS,MJT
AMS,LIS
AMS,LPL
AMS,LJU
AMS,LCY
AMS,LGW
AMS,LHR
AMS,LTN
AMS,STN
AMS,LUX
AMS,LYS
AMS,MAD
AMS,MAH
AMS,AGP
AMS,MLA
AMS,MAN
AMS,RAK
AMS,RMF
AMS,MRS
AMS,BGY
AMS,LIN
AMS,MXP
AMS,MPL
AMS,MUC
AMS,JMK
AMS,NDR
AMS,NTE
AMS,NAP
AMS,NCL
AMS,NCE
AMS,NWI
AMS,NUE
AMS,OLB
AMS,OSL
AMS,OVD
AMS,PFO
AMS,PMO
AMS,PMI
AMS,CDG
AMS,PSA
AMS,OPO
AMS,POZ
AMS,PRG
AMS,PVK
AMS,PUY
AMS,RNS
AMS,KEF
AMS,RHO
AMS,RIX
AMS,FCO
AMS,RVN
AMS,SZG
AMS,SMI
AMS,SCQ
AMS,JTR
AMS,SVQ
AMS,SSH
AMS,SOF
AMS,SOU
AMS,SPU
AMS,SVG
AMS,ARN
AMS,STR
AMS,TLL
AMS,TNG
AMS,TBS
AMS,TFS
AMS,SKG
AMS,TIA
AMS,TLS
AMS,TOS
AMS,TRD
AMS,TRN
AMS,VLC
AMS,VCE
AMS,VRN
AMS,VNO
AMS,WAW
AMS,VIE
AMS,WRO
AMS,ZAG
AMS,ZTH
AMS,ZRH
AMS,SEN
AMS,RMO
AMS,AOK
AMS,EFL
AMS,SXB
AMS,KLX
AMS,TLV
AMS,BEY
AMS,OHD
AMS,ASR
AMS,KYA
AMS,PLQ
AMS,AMM
AMS,EBL
AMS,LPI
AMS,AES
AMS,TTU
AMS,IVL
AMS,ACC
AMS,ATL
AMS,AUA
AMS,AUH
AMS,AUS
AMS,BER
AMS,BJL
AMS,BKK
AMS,BLR
AMS,BOG
AMS,BOM
AMS,BON
AMS,BOS
AMS,BVC
AMS,CAN
AMS,CGK
AMS,CPT
AMS,CTG
AMS,CUN
AMS,CUR
AMS,DAR
AMS,DEL
AMS,DFW
AMS,DMM
AMS,DOH
AMS,DTW
AMS,DWC
AMS,DXB
AMS,EBB
AMS,EWR
AMS,EZE
AMS,GIG
AMS,GRU
AMS,GUW
AMS,GYE
AMS,HKG
AMS,IAD
AMS,IAH
AMS,ICN
AMS,JED
AMS,JFK
AMS,JNB
AMS,JRO
AMS,KAJ
AMS,KGL
AMS,KIX
AMS,KUL
AMS,KWI
AMS,LAS
AMS,LAX
AMS,LIM
AMS,LIR
AMS,LOS
AMS,MBA
AMS,MBJ
AMS,MCO
AMS,MEX
AMS,MSP
AMS,NBO
AMS,NRT
AMS,ORD
AMS,PBM
AMS,PDL
AMS,PDX
AMS,PEK
AMS,POS
AMS,PTY
AMS,PUJ
AMS,PVG
AMS,RUH
AMS,SEA
AMS,SFO
AMS,SXM
AMS,TPA
AMS,TPE
AMS,UIO
AMS,VXE
AMS,XMN
AMS,YEG
AMS,YUL
AMS,YVR
AMS,YYC
AMS,YYZ
AMS,ZNZ
AMS,SID
AMS,SIN
AMS,SJO
AMS,SLC
AMS,DSS
AMS,PKX
AMS,PHL
AMS,MIA
AMS,SCR
ANA,ASV
ANA,WIL
ANC,FRA
ANC,ADK
ANC,ADQ
ANC,AKN
ANC,ATL
ANC,BET
ANC,BRW
ANC,CDB
ANC,CDV
ANC,DEN
ANC,DFW
ANC,DLG
ANC,DTW
ANC,DUT
ANC,ENA
ANC,EWR
ANC,FAI
ANC,HNL
ANC,HOM
ANC,IAD
ANC,IAH
ANC,JFK
ANC,JNU
ANC,KOA
ANC,KSM
ANC,LAS
ANC,LAX
ANC,MSP
ANC,OGG
ANC,OME
ANC,ORD
ANC,OTZ
ANC,PAE
ANC,PDX
ANC,PHX
ANC,SAN
ANC,SCC
ANC,SDP
ANC,SEA
ANC,SFO
ANC,SNP
ANC,UNK
ANC,VDZ
ANC,YVR
ANC,SLC
ANF,CCP
ANF,CLO
ANF,LIM
ANF,LSC
ANF,SCL
ANI,ANV
ANI,BET
ANI,CHU
ANI,CKD
ANI,HCR
ANI,KGX
ANI,KLG
ANI,RDV
ANI,RSH
ANI,SRV
ANI,SHX
ANI,SLQ
ANR,ALC
ANR,AYT
ANR,HER
ANR,IBZ
ANR,INN
ANR,LPA
ANR,AGP
ANR,NDR
ANR,OUD
ANR,PMI
ANR,SPU
ANR,TNG
ANR,TFS
ANR,TLV
ANR,RMU
ANU,FRA
ANU,LGW
ANU,LHR
ANU,ATL
ANU,AUA
ANU,AXA
ANU,BGI
ANU,CLT
ANU,DOM
ANU,EIS
ANU,EWR
ANU,JFK
ANU,KIN
ANU,MNI
ANU,PLS
ANU,POS
ANU,PUJ
ANU,SBH
ANU,SDQ
ANU,SXM
ANU,YUL
ANU,YYZ
ANU,SKB
ANU,SLU
ANU,MIA
ANV,ANI
ANX,BOO
ANX,EVE
ANX,OSL
ANX,TOS
AOE,AYT
AOE,BRU
AOE,ADB
AOE,OST
AOG,PVG
AOG,TFU
AOI,ATH
AOI,BCN
AOI,CRL
AOI,CAG
AOI,CTA
AOI,HAM
AOI,KRK
AOI,LGW
AOI,STN
AOI,MUC
AOI,NRN
AOI,OLB
AOI,PMO
AOI,ORY
AOI,TIA
AOJ,CTS
AOJ,HND
AOJ,ICN
AOJ,ITM
AOJ,NKM
AOJ,UKB
AOK,AMS
AOK,ATH
AOK,BLQ
AOK,GRZ
AOK,HER
AOK,KGS
AOK,BGY
AOK,MXP
AOK,MUC
AOK,JMK
AOK,NAP
AOK,PRG
AOK,RHO
AOK,FCO
AOK,SZG
AOK,VCE
AOK,VRN
AOK,VIE
AOK,KSJ
AOO,PHL
AOQ,JUV
AOR,JHB
AOR,KUL
AOR,SZB
AOS,ADQ
AOS,KZB
APK,PPT
APK,RGI
APL,BEW
APL,JNB
APL,LLW
APL,MPM
APL,NBO
APL,POL
APL,TET
APL,UEL
APL,VXC
APN,DTW
APO,BOG
APO,EOH
APO,UIB
APW,BNE
APW,HNL
APW,NAN
APW,AKL
AQA,VCP
AQG,CAN
AQG,HAK
AQG,KMG
AQG,KWE
AQG,NGB
AQG,PEK
AQG,SZX
AQG,TAO
AQG,TSN
AQG,WNZ
AQG,XIY
AQG,XMN
AQG,TFU
AQI,CAI
AQI,DXB
AQI,JED
AQI,RUH
AQJ,CRL
AQJ,CAI
AQJ,CGN
AQJ,GVA
AQJ,IST
AQJ,SOF
AQJ,AMM
AQJ,AUH
AQP,CUZ
AQP,LIM
ARC,VEE
ARD,KOE
ARH,AYT
ARH,MSQ
ARH,SVO
ARH,LED
ARH,MMK
ARH,CEE
ARH,KSZ
ARH,NNM
ARH,SVX
ARI,LSC
ARI,SCL
ARK,DAR
ARK,JRO
ARK,LKY
ARK,ZNZ
ARK,SEU
ARK,GTZ
ARM,BNE
ARM,CFS
ARM,SYD
ARN,AAR
ARN,AGA
ARN,ALC
ARN,AMS
ARN,ESB
ARN,AYT
ARN,ATH
ARN,BCN
ARN,BRI
ARN,BIA
ARN,BEG
ARN,BGO
ARN,BIQ
ARN,BLL
ARN,BHX
ARN,BUD
ARN,BLQ
ARN,BDS
ARN,BRU
ARN,CRL
ARN,OTP
ARN,BOJ
ARN,CAI
ARN,CTA
ARN,CHQ
ARN,CGN
ARN,CFU
ARN,DUB
ARN,DBV
ARN,DUS
ARN,EDI
ARN,FAO
ARN,FLR
ARN,FRA
ARN,FNC
ARN,GDN
ARN,GVA
ARN,GOT
ARN,HAM
ARN,HAJ
ARN,HEL
ARN,HER
ARN,HRG
ARN,IBZ
ARN,INN
ARN,IST
ARN,SAW
ARN,ADB
ARN,FKB
ARN,KUN
ARN,KRN
ARN,CPH
ARN,KRK
ARN,LCA
ARN,LPA
ARN,LIS
ARN,LPL
ARN,LGW
ARN,LHR
ARN,STN
ARN,LLA
ARN,LUX
ARN,LYS
ARN,MAD
ARN,AGP
ARN,MMX
ARN,MLA
ARN,MAN
ARN,RAK
ARN,MRS
ARN,BGY
ARN,LIN
ARN,MXP
ARN,MUC
ARN,NAP
ARN,NCE
ARN,OLB
ARN,OSL
ARN,OSD
ARN,PMO
ARN,PMI
ARN,BVA
ARN,CDG
ARN,ORY
ARN,PSA
ARN,OPO
ARN,POZ
ARN,PRG
ARN,PRN
ARN,PUY
ARN,KEF
ARN,RHO
ARN,RIX
ARN,RJK
ARN,FCO
ARN,SZG
ARN,JTR
ARN,SVQ
ARN,SPU
ARN,STR
ARN,TLL
ARN,TFS
ARN,SKG
ARN,TIA
ARN,TOS
ARN,TRD
ARN,TUN
ARN,TRN
ARN,TKU
ARN,UME
ARN,VAA
ARN,VLC
ARN,TSF
ARN,VCE
ARN,VNO
ARN,WAW
ARN,VIE
ARN,WRO
ARN,ZAD
ARN,ZAG
ARN,ZRH
ARN,TIV
ARN,SJJ
ARN,KLX
ARN,BEY
ARN,KYA
ARN,AMM
ARN,BZR
ARN,AJR
ARN,KLR
ARN,RNB
ARN,SFT
ARN,SDL
ARN,VBY
ARN,AGH
ARN,OER
ARN,INI
ARN,GZP
ARN,ADD
ARN,BER
ARN,BKK
ARN,BNX
ARN,DOH
ARN,DWC
ARN,DXB
ARN,EVG
ARN,EWR
ARN,GEV
ARN,HAD
ARN,HFS
ARN,HMV
ARN,JFK
ARN,KRF
ARN,LYC
ARN,MHQ
ARN,MXX
ARN,PEK
ARN,VHM
ARN,WMI
ARN,YUL
ARN,YYZ
ARN,MIA
ART,PHL
ARU,BPS
ARU,CGH
ARU,MCZ
ARU,VCP
ARX,FOR
ASB,FRA
ASB,IST
ASB,LGW
ASB,MXP
ASB,DME
ASB,KZN
ASB,AUH
ASB,BKK
ASB,CRZ
ASB,DEL
ASB,DXB
ASB,JED
ASB,KRW
ASB,KUL
ASB,MED
ASB,MYP
ASB,PEK
ASB,SGN
ASB,TAZ
ASB,URC
ASB,KEA
ASE,ATL
ASE,AUS
ASE,DEN
ASE,DFW
ASE,IAH
ASE,LAX
ASE,ORD
ASE,PHX
ASE,SFO
ASF,AYT
ASF,SVO
ASF,GOJ
ASF,AER
ASF,GYD
ASF,MRV
ASF,SCO
ASF,TOF
ASF,UFA
ASJ,FUK
ASJ,HND
ASJ,ITM
ASJ,KIX
ASJ,KKX
ASJ,KOJ
ASJ,NRT
ASJ,OKA
ASJ,TKN
ASJ,RNJ
ASM,CAI
ASM,IST
ASM,ADD
ASM,DXB
ASM,JED
ASM,PZU
ASO,ADD
ASP,ADL
ASP,BNE
ASP,DRW
ASP,MEL
ASP,PER
ASP,SYD
ASP,TCA
ASR,AMS
ASR,AYT
ASR,BSL
ASR,BRU
ASR,CGN
ASR,DUS
ASR,FRA
ASR,GVA
ASR,IST
ASR,SAW
ASR,ADB
ASR,LGG
ASR,MUC
ASR,RTM
ASR,STR
ASR,VIE
ASR,BER
ASR,IKA
ASR,TBZ
ASR,ECN
ASU,MAD
ASU,AEP
ASU,AGT
ASU,BOG
ASU,COR
ASU,GRU
ASU,LIM
ASU,MVD
ASU,PDP
ASU,PTY
ASU,ROS
ASU,SCL
ASU,VVI
ASV,MBA
ASV,MRE
ASV,MYD
ASV,WIL
ASV,UKA
ASV,VPG
ASV,WJR
ASV,MDR
ASV,KEU
ASV,HKR
ASV,KTJ
ASV,OLG
ASV,OLX
ASV,OSJ
ASV,ANA
ASW,CAI
ASW,ABS
ASW,JED
ATA,LIM
ATD,HIR
ATH,AMS
ATH,AOI
ATH,BCN
ATH,BRI
ATH,BSL
ATH,BEG
ATH,BIO
ATH,BHX
ATH,BUD
ATH,BLQ
ATH,BOD
ATH,BTS
ATH,BES
ATH,BRS
ATH,BRU
ATH,CRL
ATH,OTP
ATH,CAG
ATH,CAI
ATH,CTA
ATH,CHQ
ATH,JKH
ATH,CGN
ATH,CFU
ATH,DUB
ATH,DBV
ATH,DUS
ATH,EDI
ATH,EIN
ATH,FLR
ATH,FRA
ATH,GVA
ATH,GOT
ATH,HAM
ATH,HAJ
ATH,HEL
ATH,HER
ATH,IBZ
ATH,INN
ATH,IST
ATH,SAW
ATH,ADB
ATH,KTW
ATH,CPH
ATH,KGS
ATH,KRK
ATH,LCA
ATH,MJT
ATH,LIS
ATH,LJU
ATH,LGW
ATH,LHR
ATH,LTN
ATH,STN
ATH,LUX
ATH,LYS
ATH,MAD
ATH,AGP
ATH,MLA
ATH,MAN
ATH,RAK
ATH,MRS
ATH,BGY
ATH,MXP
ATH,MPL
ATH,MUC
ATH,JMK
ATH,NTE
ATH,NAP
ATH,NCL
ATH,NCE
ATH,NUE
ATH,OLB
ATH,OSL
ATH,PFO
ATH,PMO
ATH,PMI
ATH,CDG
ATH,ORY
ATH,PSA
ATH,OPO
ATH,PRG
ATH,KEF
ATH,RHO
ATH,RIX
ATH,LIL
ATH,FCO
ATH,SMI
ATH,JTR
ATH,SVQ
ATH,SKP
ATH,SOF
ATH,SPU
ATH,ARN
ATH,STR
ATH,TLL
ATH,TBS
ATH,SKG
ATH,TIA
ATH,TLS
ATH,TUN
ATH,VLC
ATH,VCE
ATH,VRN
ATH,VNO
ATH,WAW
ATH,VIE
ATH,WRO
ATH,ZAG
ATH,ZTH
ATH,ZRH
ATH,KVA
ATH,SJJ
ATH,RMO
ATH,AOK
ATH,EFL
ATH,SXB
ATH,JSI
ATH,KLX
ATH,TLV
ATH,BEY
ATH,AXD
ATH,AMM
ATH,TGD
ATH,EVN
ATH,HBE
ATH,SKU
ATH,KIT
ATH,INI
ATH,ADD
ATH,ATL
ATH,AUH
ATH,BAH
ATH,BEN
ATH,BER
ATH,BOS
ATH,DOH
ATH,DXB
ATH,EWR
ATH,IAD
ATH,ICN
ATH,IOA
ATH,JED
ATH,JFK
ATH,JIK
ATH,JKL
ATH,JNX
ATH,JSH
ATH,JSY
ATH,JTY
ATH,KUT
ATH,KWI
ATH,LRS
ATH,LXS
ATH,MLO
ATH,ORD
ATH,PAS
ATH,PEK
ATH,PVG
ATH,RUH
ATH,SHJ
ATH,WMI
ATH,YUL
ATH,YYZ
ATH,SIN
ATH,PHL
ATK,AIN
ATK,BRW
ATL,AMS
ATL,ATH
ATL,BCN
ATL,DUB
ATL,EDI
ATL,FRA
ATL,IST
ATL,CPH
ATL,LHR
ATL,MAD
ATL,MAN
ATL,MXP
ATL,MUC
ATL,NCE
ATL,CDG
ATL,FCO
ATL,STR
ATL,VCE
ATL,ZRH
ATL,ABE
ATL,ABQ
ATL,ABY
ATL,ADD
ATL,AEX
ATL,AGS
ATL,ALB
ATL,ANC
ATL,ANU
ATL,ASE
ATL,ATW
ATL,AUA
ATL,AUS
ATL,AVL
ATL,BDA
ATL,BDL
ATL,BGI
ATL,BHM
ATL,BJX
ATL,BMI
ATL,BNA
ATL,BOG
ATL,BOI
ATL,BON
ATL,BOS
ATL,BQK
ATL,BTR
ATL,BTV
ATL,BUR
ATL,BWI
ATL,BZE
ATL,BZN
ATL,CAE
ATL,CHA
ATL,CHO
ATL,CHS
ATL,CID
ATL,CLE
ATL,CLT
ATL,CMH
ATL,COS
ATL,CPT
ATL,CRW
ATL,CSG
ATL,CTG
ATL,CUN
ATL,CUR
ATL,CVG
ATL,CZM
ATL,DAB
ATL,DAL
ATL,DAY
ATL,DCA
ATL,DEN
ATL,DFW
ATL,DHN
ATL,DOH
ATL,DSM
ATL,DTW
ATL,ECP
ATL,EGE
ATL,ELH
ATL,ELP
ATL,EVV
ATL,EWR
ATL,EYW
ATL,EZE
ATL,FAT
ATL,FAY
ATL,FLL
ATL,FSD
ATL,FWA
ATL,GCM
ATL,GDL
ATL,GEG
ATL,GGT
ATL,GIG
ATL,GNV
ATL,GPT
ATL,GRB
ATL,GRR
ATL,GRU
ATL,GSO
ATL,GSP
ATL,GTR
ATL,GUA
ATL,HDN
ATL,HHH
ATL,HND
ATL,HNL
ATL,HOU
ATL,HPN
ATL,HSV
ATL,HVN
ATL,IAD
ATL,IAH
ATL,ICN
ATL,ICT
ATL,ILM
ATL,IND
ATL,ISP
ATL,JAC
ATL,JAN
ATL,JAX
ATL,JFK
ATL,JNB
ATL,KIN
ATL,LAS
ATL,LAX
ATL,LEX
ATL,LFT
ATL,LGA
ATL,LIM
ATL,LIR
ATL,LIT
ATL,LOS
ATL,MBJ
ATL,MCI
ATL,MCO
ATL,MDT
ATL,MDW
ATL,MEM
ATL,MEX
ATL,MGM
ATL,MHH
ATL,MID
ATL,MKE
ATL,MKL
ATL,MLB
ATL,MLI
ATL,MLU
ATL,MOB
ATL,MSN
ATL,MSP
ATL,MSY
ATL,MTJ
ATL,MTY
ATL,MYR
ATL,NAS
ATL,OAJ
ATL,OAK
ATL,OGG
ATL,OKC
ATL,OMA
ATL,ONT
ATL,ORD
ATL,ORF
ATL,PBI
ATL,PDX
ATL,PHX
ATL,PIT
ATL,PLS
ATL,PNS
ATL,POP
ATL,PSP
ATL,PTY
ATL,PUJ
ATL,PVD
ATL,PVR
ATL,PWM
ATL,QRO
ATL,RDU
ATL,RIC
ATL,RNO
ATL,ROA
ATL,ROC
ATL,RSW
ATL,RTB
ATL,SAL
ATL,SAN
ATL,SAP
ATL,SAT
ATL,SAV
ATL,SBA
ATL,SBN
ATL,SCL
ATL,SDF
ATL,SDQ
ATL,SEA
ATL,SFO
ATL,SGF
ATL,SRQ
ATL,STL
ATL,STT
ATL,STX
ATL,SXM
ATL,SYR
ATL,TLH
ATL,TPA
ATL,TRI
ATL,TTN
ATL,TUL
ATL,TUS
ATL,TVC
ATL,TYS
ATL,UIO
ATL,UVF
ATL,VLD
ATL,VPS
ATL,XNA
ATL,YEG
ATL,YUL
ATL,YVR
ATL,YWG
ATL,YYC
ATL,YYZ
ATL,SJC
ATL,SJD
ATL,SJO
ATL,SJU
ATL,SKB
ATL,SLC
ATL,SMF
ATL,SNA
ATL,SHV
ATL,PHL
ATL,MIA
ATL,BUF
ATL,TQO
ATM,BEL
ATQ,BHX
ATQ,LGW
ATQ,MXP
ATQ,FCO
ATQ,AMD
ATQ,BLR
ATQ,BOM
ATQ,CCU
ATQ,DEL
ATQ,DOH
ATQ,DXB
ATQ,HYD
ATQ,KUL
ATQ,KUU
ATQ,LKO
ATQ,PNQ
ATQ,SCO
ATQ,SHJ
ATQ,SXR
ATQ,SIN
ATQ,SLV
ATT,BET
ATW,ATL
ATW,AZA
ATW,BNA
ATW,CLT
ATW,DEN
ATW,DFW
ATW,DTW
ATW,EWR
ATW,FLL
ATW,LAS
ATW,MSP
ATW,ORD
ATW,PDX
ATW,PGD
ATW,PIE
ATW,SAV
ATW,SFB
ATW,SRQ
ATY,DEN
ATY,ORD
ATZ,CAI
ATZ,AMM
ATZ,JED
ATZ,KWI
ATZ,MED
ATZ,RUH
AUA,AMS
AUA,ANU
AUA,ATL
AUA,BOG
AUA,BON
AUA,BOS
AUA,BWI
AUA,CLO
AUA,CLT
AUA,CUR
AUA,DFW
AUA,EWR
AUA,FLL
AUA,IAD
AUA,IAH
AUA,JFK
AUA,LGA
AUA,LIM
AUA,MCO
AUA,MDE
AUA,MSP
AUA,ORD
AUA,PBM
AUA,PLS
AUA,PTY
AUA,PUJ
AUA,SDQ
AUA,YYZ
AUA,JBQ
AUA,PHL
AUA,MIA
AUC,BGA
AUC,BOG
AUC,CUC
AUG,BOS
AUH,AMS
AUH,ESB
AUH,AYT
AUH,ATH
AUH,BCN
AUH,BEG
AUH,BUD
AUH,BRU
AUH,OTP
AUH,CAI
AUH,CMN
AUH,DUB
AUH,DUS
AUH,FRA
AUH,GVA
AUH,IST
AUH,SAW
AUH,ADB
AUH,KTW
AUH,CPH
AUH,KRK
AUH,LCA
AUH,LIS
AUH,LHR
AUH,MAD
AUH,AGP
AUH,MAN
AUH,MXP
AUH,DME
AUH,SVO
AUH,MUC
AUH,JMK
AUH,NCE
AUH,CDG
AUH,FCO
AUH,JTR
AUH,SOF
AUH,LED
AUH,TBS
AUH,TIA
AUH,VIE
AUH,ZRH
AUH,SJJ
AUH,TLV
AUH,BEY
AUH,DAM
AUH,AMM
AUH,EVN
AUH,EBL
AUH,AQJ
AUH,HBE
AUH,ALA
AUH,AMD
AUH,ASB
AUH,BAH
AUH,GYD
AUH,BGW
AUH,BKK
AUH,BLR
AUH,BOM
AUH,BOS
AUH,CCJ
AUH,CCU
AUH,CGK
AUH,CGP
AUH,CMB
AUH,COK
AUH,DAC
AUH,DEL
AUH,DMM
AUH,DOH
AUH,DPS
AUH,ELQ
AUH,FRU
AUH,HAK
AUH,HKT
AUH,HYD
AUH,IAD
AUH,ICN
AUH,IKA
AUH,ISB
AUH,IXC
AUH,IXE
AUH,JAI
AUH,JED
AUH,JFK
AUH,JNB
AUH,KBL
AUH,KHI
AUH,KIX
AUH,KTM
AUH,KUL
AUH,KUT
AUH,KWI
AUH,LHE
AUH,LKO
AUH,LYP
AUH,MAA
AUH,MCT
AUH,MED
AUH,MEL
AUH,MLE
AUH,MNL
AUH,MUX
AUH,NRT
AUH,ORD
AUH,PEW
AUH,PVG
AUH,RUH
AUH,SEZ
AUH,SYD
AUH,TAS
AUH,TRV
AUH,TRZ
AUH,TZX
AUH,YYZ
AUH,ZYL
AUH,HMB
AUH,PZU
AUH,SIN
AUH,SKD
AUH,SKT
AUH,SLL
AUH,PKX
AUH,CNN
AUH,HSA
AUH,SPX
AUH,NQZ
AUK,KSM
AUL,KBT
AUL,MAJ
AUQ,PPT
AUQ,NHV
AUR,ORY
AUS,AMS
AUS,FRA
AUS,LHR
AUS,ABQ
AUS,AMA
AUS,ASE
AUS,ATL
AUS,AVL
AUS,BNA
AUS,BOS
AUS,BUR
AUS,BWI
AUS,BZN
AUS,CHS
AUS,CLE
AUS,CLT
AUS,CMH
AUS,CUN
AUS,CVG
AUS,CZM
AUS,DAL
AUS,DCA
AUS,DEN
AUS,DFW
AUS,DSM
AUS,DTW
AUS,ECP
AUS,ELP
AUS,EUG
AUS,EWR
AUS,FLL
AUS,FSD
AUS,GNV
AUS,GRR
AUS,HNL
AUS,HOU
AUS,HRL
AUS,IAD
AUS,IAH
AUS,IND
AUS,JFK
AUS,LAS
AUS,LAX
AUS,LBB
AUS,LEX
AUS,LGB
AUS,MAF
AUS,MCI
AUS,MCO
AUS,MDW
AUS,MEX
AUS,MFE
AUS,MSN
AUS,MSP
AUS,MSY
AUS,MTY
AUS,OAK
AUS,OKC
AUS,OMA
AUS,ONT
AUS,ORD
AUS,PDX
AUS,PHX
AUS,PIT
AUS,PNS
AUS,PSP
AUS,PTY
AUS,PVR
AUS,PVU
AUS,RDU
AUS,RNO
AUS,SAN
AUS,SDF
AUS,SEA
AUS,SFB
AUS,SFO
AUS,SRQ
AUS,STL
AUS,TPA
AUS,TUL
AUS,TYS
AUS,VPS
AUS,XNA
AUS,YUL
AUS,YVR
AUS,YYC
AUS,YYZ
AUS,SJC
AUS,SJD
AUS,SJU
AUS,SLC
AUS,SMF
AUS,SNA
AUS,PHL
AUS,MIA
AUU,CNS
AUU,IRG
AUX,BSB
AUY,TAH
AVA,LJG
AVA,LLB
AVA,NKG
AVA,XIY
AVA,PKX
AVL,ATL
AVL,AUS
AVL,BOS
AVL,BWI
AVL,CLT
AVL,DCA
AVL,DEN
AVL,DFW
AVL,EWR
AVL,EYW
AVL,FLL
AVL,HOU
AVL,LAS
AVL,LGA
AVL,MCO
AVL,MDW
AVL,MSP
AVL,ORD
AVL,PBI
AVL,PGD
AVL,PHX
AVL,PIE
AVL,SFB
AVL,SRQ
AVL,VPS
AVL,PHL
AVL,MIA
AVP,CLT
AVP,EWR
AVP,IAD
AVP,MCO
AVP,MYR
AVP,ORD
AVP,RSW
AVV,BNE
AVV,SYD
AVV,OOL
AWA,ADD
AWD,FTA
AWD,TAH
AWZ,DXB
AWZ,MHD
AWZ,SRY
AWZ,SYZ
AWZ,THR
AXA,ANU
AXA,NEV
AXA,SBH
AXA,SDQ
AXA,STT
AXA,SXM
AXA,SJU
AXA,SKB
AXA,MIA
AXD,ATH
AXD,HER
AXD,JSH
AXF,HET
AXJ,FUK
AXJ,KMJ
AXM,BOG
AXM,EOH
AXM,FLL
AXM,MDE
AXM,PTY
AXP,CRI
AXP,NAS
AXR,AHE
AXR,PPT
AXR,RGI
AXT,CTS
AXT,HND
AXT,ITM
AXT,NGO
AXT,TPE
AXT,OKD
AXU,ADD
AYJ,AMD
AYJ,BLR
AYJ,BOM
AYJ,CCU
AYJ,DEL
AYJ,MAA
AYP,CUZ
AYP,LIM
AYQ,BNE
AYQ,CNS
AYQ,MEL
AYQ,SYD
AYT,AAL
AYT,AMS
AYT,ESB
AYT,ANR
AYT,BSL
AYT,BFS
AYT,BGO
AYT,BLL
AYT,BHX
AYT,BJV
AYT,BUD
AYT,BOH
AYT,BTS
AYT,BRE
AYT,BRS
AYT,BRQ
AYT,BRU
AYT,BBU
AYT,OTP
AYT,CAI
AYT,CGN
AYT,DLM
AYT,DTM
AYT,DRS
AYT,DUB
AYT,DUS
AYT,EDI
AYT,EIN
AYT,ERF
AYT,FRA
AYT,FDH
AYT,GVA
AYT,GLA
AYT,GOT
AYT,GRZ
AYT,HAM
AYT,HAJ
AYT,HEL
AYT,HER
AYT,HRG
AYT,IST
AYT,SAW
AYT,ADB
AYT,KGD
AYT,FKB
AYT,CPH
AYT,KRK
AYT,LBA
AYT,LEJ
AYT,LPL
AYT,LGW
AYT,LTN
AYT,STN
AYT,LUX
AYT,LYS
AYT,MST
AYT,MAN
AYT,MRS
AYT,MXP
AYT,DME
AYT,SVO
AYT,VKO
AYT,MUC
AYT,FMO
AYT,NTE
AYT,NCL
AYT,NRN
AYT,EMA
AYT,NUE
AYT,OST
AYT,OSL
AYT,PAD
AYT,CDG
AYT,ORY
AYT,PRG
AYT,PRN
AYT,RHO
AYT,RTM
AYT,SCN
AYT,SSH
AYT,SKP
AYT,SOF
AYT,LED
AYT,SVG
AYT,ARN
AYT,STR
AYT,TLL
AYT,TBS
AYT,TIA
AYT,WAW
AYT,VIE
AYT,ZRH
AYT,SJJ
AYT,CLJ
AYT,RMO
AYT,BEY
AYT,OSR
AYT,ADA
AYT,ASR
AYT,ALG
AYT,AMM
AYT,EVN
AYT,EBL
AYT,KZN
AYT,GOJ
AYT,KUF
AYT,AER
AYT,NRK
AYT,AKX
AYT,ALA
AYT,AOE
AYT,ARH
AYT,ASF
AYT,AUH
AYT,GYD
AYT,BAX
AYT,BER
AYT,BGW
AYT,CEK
AYT,CIT
AYT,CRA
AYT,DEB
AYT,DIY
AYT,DOH
AYT,DXB
AYT,ERZ
AYT,FRU
AYT,GRV
AYT,GUW
AYT,GZT
AYT,IKT
AYT,JED
AYT,KGF
AYT,KJA
AYT,KSN
AYT,KWI
AYT,KZO
AYT,MCX
AYT,MRV
AYT,NBC
AYT,OGZ
AYT,OMS
AYT,OVB
AYT,PEE
AYT,REN
AYT,RUH
AYT,SCO
AYT,SCW
AYT,SGC
AYT,SVX
AYT,SZF
AYT,TJM
AYT,TZX
AYT,UFA
AYT,URA
AYT,VAN
AYT,VOG
AYT,ECN
AYT,GSV
AYT,SPX
AYT,NQZ
AZA,ATW
AZA,BIL
AZA,BIS
AZA,BLI
AZA,BOI
AZA,BZN
AZA,CID
AZA,CVG
AZA,DSM
AZA,EUG
AZA,FAR
AZA,FCA
AZA,FNT
AZA,FSD
AZA,FWA
AZA,GEG
AZA,GFK
AZA,GRI
AZA,GRR
AZA,GTF
AZA,HOU
AZA,ICT
AZA,IDA
AZA,LAS
AZA,MLI
AZA,MOT
AZA,MSO
AZA,MSP
AZA,OMA
AZA,PDX
AZA,PIA
AZA,PSC
AZA,PVU
AZA,RAP
AZA,RFD
AZA,SBN
AZA,SGF
AZA,STC
AZA,TVC
AZA,XNA
AZD,MHD
AZD,THR
AZO,DTW
AZO,ORD
AZR,ALG
AZR,ORN
AZR,BMW
AZR,CZL
AZR,GHA
AZR,INZ
AZR,TMR
AZR,OGX
AZR,TIN
AZS,YQB
AZS,YUL
AZS,YYZ
BAG,CEB
BAH,ATH
BAH,BJV
BAH,CAI
BAH,CMN
BAH,FRA
BAH,IST
BAH,SAW
BAH,LCA
BAH,LHR
BAH,AGP
BAH,MAN
BAH,MXP
BAH,DME
BAH,MUC
BAH,JMK
BAH,CDG
BAH,RHO
BAH,FCO
BAH,SSH
BAH,TBS
BAH,AMM
BAH,HBE
BAH,ADD
BAH,AUH
BAH,GYD
BAH,BGW
BAH,BKK
BAH,BLR
BAH,BOM
BAH,CAN
BAH,CCJ
BAH,COK
BAH,DAC
BAH,DEL
BAH,DMM
BAH,DOH
BAH,DXB
BAH,ELQ
BAH,GOI
BAH,HYD
BAH,ISB
BAH,IXE
BAH,JED
BAH,KHI
BAH,KWI
BAH,LHE
BAH,LYP
BAH,MAA
BAH,MCT
BAH,MED
BAH,MLE
BAH,MNL
BAH,MUX
BAH,NJF
BAH,PEW
BAH,PVG
BAH,RUH
BAH,SHJ
BAH,TRV
BAH,TZX
BAH,SIN
BAH,SKT
BAH,SLL
BAH,CNN
BAL,ESB
BAL,IST
BAL,SAW
BAQ,ADZ
BAQ,BLB
BAQ,BOG
BAQ,CLO
BAQ,CUR
BAQ,FLL
BAQ,MDE
BAQ,MTR
BAQ,PTY
BAQ,VUP
BAQ,MIA
BAR,CAN
BAR,HAK
BAR,HFE
BAR,KHN
BAR,NKG
BAR,PEK
BAR,PVG
BAR,SYX
BAR,TYN
BAR,WUH
BAR,JMJ
BAR,TFU
BAS,GZO
BAV,CGO
BAV,CIF
BAV,CKG
BAV,CSX
BAV,ERL
BAV,HGH
BAV,HLD
BAV,HLH
BAV,KMG
BAV,KWE
BAV,NGB
BAV,NKG
BAV,PEK
BAV,PVG
BAV,SHE
BAV,SZX
BAV,TAO
BAV,TSN
BAV,TYN
BAV,WUH
BAV,XIL
BAV,XIY
BAV,SJW
BAV,TGO
BAV,LHW
BAV,LFQ
BAV,TFU
BAX,AYT
BAX,DME
BAX,SVO
BAX,LED
BAX,KZN
BAX,AER
BAX,IKT
BAX,KJA
BAX,OVB
BAX,SGC
BAX,SVX
BAY,OTP
BAY,BVA
BAZ,MAO
BBA,PMC
BBA,SCL
BBA,ZCO
BBG,TRW
BBI,AMD
BBI,BKK
BBI,BLR
BBI,BOM
BBI,CCU
BBI,DEL
BBI,DXB
BBI,GAU
BBI,HYD
BBI,IXD
BBI,IXR
BBI,IXW
BBI,KUL
BBI,MAA
BBI,PAT
BBI,PNQ
BBI,RPR
BBI,RRK
BBI,VNS
BBI,SIN
BBI,JRG
BBI,PYB
BBI,UKE
BBK,FRW
BBK,GBE
BBK,JNB
BBK,MUB
BBN,BKM
BBN,LBP
BBN,LGL
BBN,MUR
BBN,MYY
BBN,ODN
BBU,AYT
BBU,SSH
BBU,NBE
BCD,CEB
BCD,CGY
BCD,DVO
BCD,MNL
BCI,BNE
BCI,LRE
BCM,BCN
BCM,BLQ
BCM,BRU
BCM,DTM
BCM,DUB
BCM,LPL
BCM,LTN
BCM,MAD
BCM,BGY
BCM,MXP
BCM,BVA
BCM,FCO
BCM,TRN
BCN,AAL
BCN,AHO
BCN,ALC
BCN,LEI
BCN,AMS
BCN,AOI
BCN,ACE
BCN,ATH
BCN,BRI
BCN,BSL
BCN,BIA
BCN,BFS
BCN,BEG
BCN,BGO
BCN,BIO
BCN,BLL
BCN,BHX
BCN,BUD
BCN,BLQ
BCN,BOD
BCN,BES
BCN,BRS
BCN,BRU
BCN,CRL
BCN,OTP
BCN,CAG
BCN,CAI
BCN,CMN
BCN,CTA
BCN,CGN
BCN,CFU
BCN,ORK
BCN,DUB
BCN,DBV
BCN,DUS
BCN,EDI
BCN,EIN
BCN,FAO
BCN,FEZ
BCN,FLR
BCN,FRA
BCN,HHN
BCN,FUE
BCN,FNC
BCN,GDN
BCN,GVA
BCN,GOA
BCN,GLA
BCN,PIK
BCN,GOT
BCN,GRX
BCN,HAM
BCN,HAJ
BCN,HEL
BCN,HER
BCN,IBZ
BCN,IST
BCN,SAW
BCN,ADB
BCN,XRY
BCN,KTW
BCN,CPH
BCN,KRK
BCN,LCG
BCN,SPC
BCN,LCA
BCN,LPA
BCN,LBA
BCN,LIS
BCN,LPL
BCN,LCY
BCN,LGW
BCN,LHR
BCN,LTN
BCN,STN
BCN,LUX
BCN,LXR
BCN,LYS
BCN,MAD
BCN,MAH
BCN,AGP
BCN,MLA
BCN,MAN
BCN,RAK
BCN,MRS
BCN,BGY
BCN,LIN
BCN,MXP
BCN,MUC
BCN,JMK
BCN,NDR
BCN,NTE
BCN,NAP
BCN,NCL
BCN,NCE
BCN,EMA
BCN,NUE
BCN,OLB
BCN,OSL
BCN,TRF
BCN,OUD
BCN,OVD
BCN,PMO
BCN,PMI
BCN,BVA
BCN,CDG
BCN,ORY
BCN,PEG
BCN,PSA
BCN,PIS
BCN,OPO
BCN,PRG
BCN,REG
BCN,KEF
BCN,RIX
BCN,LIL
BCN,FCO
BCN,RTM
BCN,RVN
BCN,EAS
BCN,SDR
BCN,SCQ
BCN,JTR
BCN,SVQ
BCN,SOF
BCN,SPU
BCN,SVG
BCN,ARN
BCN,STR
BCN,TLL
BCN,TNG
BCN,TFN
BCN,TFS
BCN,SKG
BCN,TSR
BCN,TIA
BCN,TRS
BCN,TUN
BCN,TRN
BCN,VLC
BCN,VLL
BCN,VCE
BCN,VRN
BCN,VGO
BCN,VNO
BCN,WAW
BCN,VIE
BCN,WRO
BCN,ZAD
BCN,ZAG
BCN,ZRH
BCN,CLJ
BCN,RMO
BCN,OZZ
BCN,SXB
BCN,TLV
BCN,BEY
BCN,BCM
BCN,LEN
BCN,ALG
BCN,AMM
BCN,SBZ
BCN,IAS
BCN,EVN
BCN,RBA
BCN,BJZ
BCN,TTU
BCN,ORN
BCN,ATL
BCN,AUH
BCN,GYD
BCN,BER
BCN,BJL
BCN,BOG
BCN,BOS
BCN,CIY
BCN,CUN
BCN,DFW
BCN,DOH
BCN,DXB
BCN,EWR
BCN,EZE
BCN,FAE
BCN,GRU
BCN,HKG
BCN,IAD
BCN,ICN
BCN,JED
BCN,JFK
BCN,KUT
BCN,KWI
BCN,LAX
BCN,MEX
BCN,MLN
BCN,ORD
BCN,PDL
BCN,PEK
BCN,PUJ
BCN,RUH
BCN,SCL
BCN,SFO
BCN,SZX
BCN,WMI
BCN,XPL
BCN,YUL
BCN,YYC
BCN,YYZ
BCN,SID
BCN,SIN
BCN,DSS
BCN,RMU
BCN,PHL
BCN,MIA
BCN,GHV
BCO,ADD
BCO,AMH
BCU,ABV
BDA,LHR
BDA,ATL
BDA,BOS
BDA,BWI
BDA,CLT
BDA,DCA
BDA,EWR
BDA,FLL
BDA,HPN
BDA,JFK
BDA,MCO
BDA,PDL
BDA,YHZ
BDA,YYZ
BDA,PHL
BDA,MIA
BDB,BNE
BDD,HID
BDD,KUG
BDD,XMY
BDD,SBR
BDH,SYZ
BDJ,BPN
BDJ,BTW
BDJ,CGK
BDJ,DPS
BDJ,KBU
BDJ,SRG
BDJ,SUB
BDJ,UPG
BDJ,YIA
BDJ,HMS
BDL,DUB
BDL,ATL
BDL,BNA
BDL,BWI
BDL,CHS
BDL,CLT
BDL,CMH
BDL,CVG
BDL,DCA
BDL,DEN
BDL,DFW
BDL,DTW
BDL,EWN
BDL,FLL
BDL,GSP
BDL,IAD
BDL,IAH
BDL,JAX
BDL,LAS
BDL,LAX
BDL,LGA
BDL,MCO
BDL,MDW
BDL,MSP
BDL,MYR
BDL,ORD
BDL,ORF
BDL,PBI
BDL,PHX
BDL,PIT
BDL,RDU
BDL,RIC
BDL,RSW
BDL,SAV
BDL,SRQ
BDL,TPA
BDL,VRB
BDL,YYZ
BDL,SJU
BDL,PHL
BDL,MIA
BDO,HLP
BDO,CJN
BDP,KTM
BDQ,BLR
BDQ,BOM
BDQ,DEL
BDQ,HYD
BDQ,MAA
BDQ,PNQ
BDQ,GOX
BDS,BSL
BDS,BLQ
BDS,BRU
BDS,CRL
BDS,CAG
BDS,CGN
BDS,DUB
BDS,DUS
BDS,EIN
BDS,GDN
BDS,GVA
BDS,GOA
BDS,SUF
BDS,LGW
BDS,LHR
BDS,STN
BDS,LUX
BDS,MAD
BDS,MAN
BDS,BGY
BDS,LIN
BDS,MXP
BDS,MUC
BDS,NTE
BDS,PMO
BDS,BVA
BDS,ORY
BDS,PEG
BDS,PSA
BDS,PRG
BDS,KEF
BDS,FCO
BDS,RTM
BDS,ARN
BDS,STR
BDS,TIA
BDS,TRS
BDS,TRN
BDS,VCE
BDS,VRN
BDS,WRO
BDS,ZRH
BDS,FMM
BDS,BZO
BDU,OSL
BEB,GLA
BEF,MGA
BEF,RNI
BEG,AMS
BEG,ESB
BEG,ATH
BEG,BCN
BEG,BRI
BEG,BSL
BEG,BUD
BEG,BLQ
BEG,BRU
BEG,OTP
BEG,CTA
BEG,CHQ
BEG,CFU
BEG,DTM
BEG,DBV
BEG,DUS
BEG,EIN
BEG,FRA
BEG,GVA
BEG,GOT
BEG,HAM
BEG,HAJ
BEG,HER
BEG,HRG
BEG,IST
BEG,SAW
BEG,ADB
BEG,FKB
BEG,CPH
BEG,KRK
BEG,LCA
BEG,LIS
BEG,LJU
BEG,LHR
BEG,LTN
BEG,LUX
BEG,LYS
BEG,MAD
BEG,AGP
BEG,MMX
BEG,MLA
BEG,BGY
BEG,MXP
BEG,SVO
BEG,MUC
BEG,NAP
BEG,NCE
BEG,NUE
BEG,OSL
BEG,PMO
BEG,PMI
BEG,BVA
BEG,CDG
BEG,OPO
BEG,PRG
BEG,PUY
BEG,RHO
BEG,RIX
BEG,RJK
BEG,CIA
BEG,FCO
BEG,SZG
BEG,SKP
BEG,SOF
BEG,SPU
BEG,LED
BEG,ARN
BEG,NYO
BEG,STR
BEG,SKG
BEG,TIA
BEG,VLC
BEG,VAR
BEG,VCE
BEG,WAW
BEG,VIE
BEG,ZAD
BEG,ZAG
BEG,ZRH
BEG,TIV
BEG,SJJ
BEG,FMM
BEG,TLV
BEG,OHD
BEG,TGD
BEG,KZN
BEG,AER
BEG,INI
BEG,AUH
BEG,BER
BEG,BNX
BEG,DOH
BEG,DXB
BEG,JFK
BEG,OMO
BEG,ORD
BEG,PEK
BEG,TSN
BEJ,BPN
BEJ,CGK
BEJ,SUB
BEJ,AAP
BEK,BLR
BEK,BOM
BEL,LIS
BEL,ATM
BEL,BSB
BEL,BVB
BEL,CAY
BEL,CKS
BEL,CNF
BEL,FLL
BEL,FOR
BEL,GIG
BEL,GRU
BEL,MAB
BEL,MAO
BEL,MCP
BEL,MEU
BEL,NAT
BEL,PBM
BEL,REC
BEL,STM
BEL,THE
BEL,VCP
BEL,SLZ
BEL,TUR
BEL,PTQ
BEL,BVS
BEL,JPE
BEL,OPP
BEM,GRO
BEM,BGY
BEN,ATH
BEN,CAI
BEN,IST
BEN,TUN
BEN,AMM
BEN,HBE
BEN,DXB
BEN,MJI
BEN,MRA
BEN,SEB
BER,AGA
BER,ALC
BER,AMS
BER,ESB
BER,AYT
BER,ACE
BER,ATH
BER,BCN
BER,BRI
BER,BSL
BER,BIA
BER,BEG
BER,BGO
BER,BHX
BER,BJV
BER,BUD
BER,BLQ
BER,BOD
BER,BRS
BER,BRU
BER,OTP
BER,BOJ
BER,CAI
BER,CMN
BER,CTA
BER,CHQ
BER,CGN
BER,CFU
BER,DLM
BER,DJE
BER,DUB
BER,DBV
BER,DUS
BER,EDI
BER,FAO
BER,FRA
BER,FUE
BER,FNC
BER,GVA
BER,GLA
BER,GOT
BER,GRZ
BER,HEL
BER,HER
BER,HRG
BER,IBZ
BER,INN
BER,IST
BER,SAW
BER,ADB
BER,KUN
BER,CPH
BER,KGS
BER,KRK
BER,SPC
BER,LCA
BER,LPA
BER,LBA
BER,LIS
BER,LCY
BER,LGW
BER,LHR
BER,LTN
BER,STN
BER,LUX
BER,LYS
BER,MAD
BER,AGP
BER,MLA
BER,MAN
BER,RAK
BER,RMF
BER,MRS
BER,BGY
BER,LIN
BER,MXP
BER,MIR
BER,MUC
BER,NTE
BER,NAP
BER,NCL
BER,NCE
BER,EMA
BER,OLB
BER,OSL
BER,PFO
BER,PMO
BER,PMI
BER,CDG
BER,ORY
BER,PSA
BER,OPO
BER,PVK
BER,PRN
BER,PUY
BER,REG
BER,KEF
BER,RHO
BER,RIX
BER,RJK
BER,FCO
BER,RVN
BER,SCN
BER,SZG
BER,SSH
BER,SKP
BER,SOF
BER,SPU
BER,ARN
BER,STR
BER,TLL
BER,TBS
BER,TFS
BER,SKG
BER,TIA
BER,TLS
BER,TRS
BER,TOS
BER,TRD
BER,TUN
BER,VLC
BER,VAR
BER,TSF
BER,VCE
BER,VRN
BER,VNO
BER,WAW
BER,VIE
BER,ZAD
BER,ZAG
BER,ZTH
BER,ZRH
BER,TIV
BER,RMO
BER,SXB
BER,TLV
BER,BEY
BER,ADA
BER,ASR
BER,AMM
BER,TGD
BER,IAS
BER,EVN
BER,EBL
BER,BZO
BER,GYD
BER,DIY
BER,DOH
BER,DWC
BER,DXB
BER,EWR
BER,GZT
BER,JED
BER,JFK
BER,KUT
BER,PEK
BER,QSR
BER,SZF
BER,CDT
BER,MIA
BES,AJA
BES,ACE
BES,ATH
BES,BCN
BES,BIA
BES,BOD
BES,DUB
BES,FAO
BES,HER
BES,KIR
BES,LYS
BES,MAH
BES,AGP
BES,RAK
BES,MRS
BES,MPL
BES,NCE
BES,OLB
BES,PMO
BES,PMI
BES,CDG
BES,PUF
BES,OPO
BES,FCO
BES,TFS
BES,TLN
BES,TLS
BES,SXB
BES,FSC
BES,OUI
BES,BIC
BET,AKI
BET,ANC
BET,ANI
BET,ATT
BET,CYF
BET,EEK
BET,GNU
BET,HPB
BET,KKH
BET,KKI
BET,KLG
BET,KPN
BET,KSM
BET,KUK
BET,KWK
BET,KWN
BET,KWT
BET,MLL
BET,MOU
BET,NME
BET,NUP
BET,OOK
BET,PKA
BET,PQS
BET,PTU
BET,RSH
BET,SCM
BET,TLT
BET,TNK
BET,VAK
BET,WNA
BET,WTL
BET,WWT
BEU,BQL
BEU,BVI
BEW,ADD
BEW,APL
BEW,BLZ
BEW,JNB
BEW,MPM
BEW,POL
BEW,TET
BEW,UEL
BEW,VJB
BEY,AMS
BEY,ESB
BEY,AYT
BEY,ATH
BEY,BCN
BEY,BRE
BEY,BRU
BEY,OTP
BEY,CAI
BEY,DLM
BEY,DUS
BEY,FRA
BEY,GVA
BEY,HAM
BEY,IST
BEY,SAW
BEY,ADB
BEY,CPH
BEY,LCA
BEY,LHR
BEY,LYS
BEY,MAD
BEY,MRS
BEY,MXP
BEY,NCE
BEY,CDG
BEY,ORY
BEY,FCO
BEY,ARN
BEY,WAW
BEY,ZRH
BEY,ADA
BEY,ALG
BEY,AMM
BEY,EVN
BEY,EBL
BEY,ACC
BEY,ADD
BEY,AUH
BEY,BER
BEY,BGW
BEY,BSR
BEY,DMM
BEY,DOH
BEY,DXB
BEY,IKA
BEY,ISU
BEY,JED
BEY,KWI
BEY,LOS
BEY,MCT
BEY,MED
BEY,NJF
BEY,RUH
BEY,SHJ
BEZ,TRW
BFD,IAD
BFD,PIT
BFF,DEN
BFI,ESD
BFI,FRD
BFJ,CAN
BFJ,HAK
BFJ,HGH
BFJ,JHG
BFJ,LJG
BFJ,NGB
BFJ,PVG
BFJ,XIY
BFJ,ACX
BFJ,PKX
BFL,DEN
BFL,DFW
BFL,PHX
BFL,SFO
BFM,MCO
BFN,CPT
BFN,DUR
BFN,GRJ
BFN,JNB
BFS,ALC
BFS,AMS
BFS,AYT
BFS,ACE
BFS,BCN
BFS,GRO
BFS,REU
BFS,BHX
BFS,BJV
BFS,BUD
BFS,BOD
BFS,BRS
BFS,CFU
BFS,DLM
BFS,DBV
BFS,EDI
BFS,FAO
BFS,FUE
BFS,FNC
BFS,GDN
BFS,GVA
BFS,GLA
BFS,HER
BFS,HRG
BFS,IBZ
BFS,IOM
BFS,JER
BFS,KUN
BFS,KRK
BFS,LCA
BFS,LPA
BFS,LBA
BFS,LPL
BFS,LGW
BFS,LTN
BFS,STN
BFS,LYS
BFS,MAH
BFS,AGP
BFS,MLA
BFS,MAN
BFS,BGY
BFS,NCL
BFS,NCE
BFS,EMA
BFS,PFO
BFS,PMI
BFS,BVA
BFS,CDG
BFS,OPO
BFS,PRG
BFS,KEF
BFS,RHO
BFS,SZG
BFS,SOU
BFS,TFS
BFS,TRN
BFS,VLC
BFS,VRN
BFS,ZTH
BFS,NBE
BFV,DMK
BFX,DLA
BFX,NSI
BGA,AUC
BGA,BOG
BGA,CTG
BGA,CUC
BGA,EOH
BGA,EYP
BGA,MDE
BGA,PTY
BGA,RVE
BGC,CAT
BGC,VRL
BGC,VSE
BGF,CMN
BGF,CDG
BGF,ADD
BGF,DLA
BGF,EBB
BGF,JED
BGF,NBO
BGF,NSI
BGG,ESB
BGG,IST
BGG,SAW
BGI,DUS
BGI,FRA
BGI,LHR
BGI,MAN
BGI,ANU
BGI,ATL
BGI,BOS
BGI,CCS
BGI,CLT
BGI,DOM
BGI,EWR
BGI,GCM
BGI,GEO
BGI,GND
BGI,IAD
BGI,JFK
BGI,KIN
BGI,OGL
BGI,POS
BGI,PTY
BGI,SVD
BGI,SXM
BGI,TAB
BGI,UVF
BGI,YUL
BGI,YYZ
BGI,SJU
BGI,SKB
BGI,SLU
BGI,PHL
BGI,MIA
BGM,DTW
BGM,MCO
BGN,YKS
BGO,ABZ
BGO,ALC
BGO,AMS
BGO,AYT
BGO,BCN
BGO,BLL
BGO,BHX
BGO,BOO
BGO,BRS
BGO,BRU
BGO,CHQ
BGO,DUB
BGO,DBV
BGO,DUS
BGO,EDI
BGO,FLR
BGO,FRA
BGO,GDN
BGO,GOT
BGO,HAM
BGO,EVE
BGO,HAU
BGO,HEL
BGO,CPH
BGO,KRK
BGO,KRS
BGO,LPA
BGO,LBA
BGO,LGW
BGO,LHR
BGO,STN
BGO,MAD
BGO,AGP
BGO,MAN
BGO,BGY
BGO,MXP
BGO,MUC
BGO,NCL
BGO,NCE
BGO,OSL
BGO,TRF
BGO,PMI
BGO,CDG
BGO,ORY
BGO,KEF
BGO,RIX
BGO,FCO
BGO,SPU
BGO,SVG
BGO,ARN
BGO,TFS
BGO,TOS
BGO,TRD
BGO,ZRH
BGO,TLV
BGO,AES
BGO,KSU
BGO,LKN
BGO,MOL
BGO,HOV
BGO,SOG
BGO,LSI
BGO,BER
BGO,FAE
BGO,FRO
BGR,CLT
BGR,DCA
BGR,EWR
BGR,JFK
BGR,LGA
BGR,MCO
BGR,ORD
BGR,PGD
BGR,PIE
BGR,RSW
BGR,SFB
BGR,TPA
BGR,PHL
BGS,KCY
BGW,ESB
BGW,AYT
BGW,CAI
BGW,IST
BGW,SAW
BGW,CPH
BGW,BEY
BGW,DAM
BGW,AMM
BGW,EVN
BGW,EBL
BGW,AUH
BGW,BAH
BGW,GYD
BGW,BSR
BGW,CAN
BGW,DEL
BGW,DOH
BGW,DXB
BGW,IKA
BGW,ISB
BGW,ISU
BGW,JED
BGW,KER
BGW,KHI
BGW,KUL
BGW,MCT
BGW,MED
BGW,MHD
BGW,NJF
BGW,SHJ
BGW,SZF
BGW,TZX
BGW,SLL
BGX,POA
BGY,AGA
BGY,AHO
BGY,ALC
BGY,AMS
BGY,ACE
BGY,ATH
BGY,BCN
BGY,BRI
BGY,BFS
BGY,BEG
BGY,BGO
BGY,BIQ
BGY,BLL
BGY,BHX
BGY,BUD
BGY,BOD
BGY,BTS
BGY,BDS
BGY,BRS
BGY,BRQ
BGY,CRL
BGY,OTP
BGY,CAG
BGY,CAI
BGY,CMN
BGY,CTA
BGY,CHQ
BGY,CGN
BGY,CFU
BGY,ORK
BGY,DUB
BGY,DBV
BGY,DUS
BGY,EDI
BGY,EIN
BGY,FAO
BGY,FEZ
BGY,HHN
BGY,FUE
BGY,GDN
BGY,GOT
BGY,HAM
BGY,HAJ
BGY,HEL
BGY,HER
BGY,IBZ
BGY,SAW
BGY,FKB
BGY,KTW
BGY,KUN
BGY,NOC
BGY,CPH
BGY,KGS
BGY,KRK
BGY,SUF
BGY,LMP
BGY,LPA
BGY,LIS
BGY,LPL
BGY,LCJ
BGY,LGW
BGY,STN
BGY,LDE
BGY,LUX
BGY,MAD
BGY,MAH
BGY,AGP
BGY,MLA
BGY,MAN
BGY,RAK
BGY,MRS
BGY,NTE
BGY,NAP
BGY,NCL
BGY,NRN
BGY,EMA
BGY,OLB
BGY,OSL
BGY,TRF
BGY,OVD
BGY,PFO
BGY,PMO
BGY,PMI
BGY,PNL
BGY,BVA
BGY,CDG
BGY,PEG
BGY,PSR
BGY,OPO
BGY,POZ
BGY,PRG
BGY,PVK
BGY,RHO
BGY,RIX
BGY,FCO
BGY,RTM
BGY,RVN
BGY,SDR
BGY,SCQ
BGY,JTR
BGY,SVQ
BGY,SOF
BGY,SVG
BGY,ARN
BGY,TLL
BGY,TNG
BGY,TBS
BGY,TFS
BGY,SKG
BGY,TSR
BGY,TIA
BGY,TLS
BGY,TPS
BGY,TOS
BGY,VLC
BGY,VNO
BGY,VIT
BGY,WAW
BGY,VIE
BGY,WRO
BGY,ZAD
BGY,ZAG
BGY,ZTH
BGY,ZAZ
BGY,SJJ
BGY,CLJ
BGY,RMO
BGY,AOK
BGY,CRV
BGY,EFL
BGY,JSI
BGY,KLX
BGY,TLV
BGY,BCM
BGY,AMM
BGY,IAS
BGY,HBE
BGY,LPP
BGY,BER
BGY,BVC
BGY,CIY
BGY,CRA
BGY,DXB
BGY,SCO
BGY,SHJ
BGY,WMI
BGY,SID
BGY,LUZ
BGY,CDT
BGY,BEM
BHB,BOS
BHD,ABZ
BHD,ALC
BHD,AMS
BHD,BHX
BHD,BRS
BHD,CWL
BHD,EDI
BHD,EXT
BHD,FRA
BHD,GLA
BHD,INV
BHD,IOM
BHD,LBA
BHD,LPL
BHD,LCY
BHD,LGW
BHD,LHR
BHD,LTN
BHD,MAN
BHD,NCL
BHD,NQY
BHD,EMA
BHD,PMI
BHD,SOU
BHE,CHC
BHE,PPQ
BHE,WLG
BHE,AKL
BHH,DMM
BHH,JED
BHH,RUH
BHI,AEP
BHI,EZE
BHI,MDQ
BHI,REL
BHJ,AMD
BHJ,BOM
BHK,IST
BHK,SVO
BHK,VKO
BHK,LED
BHK,MCX
BHK,SVX
BHK,TAS
BHK,UGC
BHM,ATL
BHM,BNA
BHM,BWI
BHM,CLT
BHM,DAL
BHM,DCA
BHM,DEN
BHM,DFW
BHM,DTW
BHM,HOU
BHM,IAH
BHM,LAS
BHM,LGA
BHM,MCI
BHM,MCO
BHM,MDW
BHM,MKE
BHM,MSN
BHM,OKC
BHM,ORD
BHM,PHX
BHM,TPA
BHM,PHL
BHM,MIA
BHO,AMD
BHO,BLR
BHO,BOM
BHO,DEL
BHO,HYD
BHO,IXD
BHO,JAI
BHO,LKO
BHO,RPR
BHO,UDR
BHP,KTM
BHQ,ADL
BHQ,DBO
BHQ,SYD
BHR,KTM
BHU,BOM
BHU,PNQ
BHX,ABZ
BHX,AGA
BHX,ALC
BHX,LEI
BHX,AMS
BHX,AYT
BHX,ACE
BHX,ATH
BHX,BCN
BHX,GRO
BHX,REU
BHX,BHD
BHX,BFS
BHX,BGO
BHX,BJV
BHX,BUD
BHX,BOD
BHX,BRU
BHX,OTP
BHX,BOJ
BHX,BZG
BHX,CTA
BHX,CMF
BHX,CHQ
BHX,LDY
BHX,CGN
BHX,CFU
BHX,ORK
BHX,DLM
BHX,DTM
BHX,DUB
BHX,DBV
BHX,DUS
BHX,EDI
BHX,FAO
BHX,FRA
BHX,HHN
BHX,FUE
BHX,FNC
BHX,GDN
BHX,GVA
BHX,GLA
BHX,GNB
BHX,GCI
BHX,HER
BHX,HRG
BHX,IBZ
BHX,INN
BHX,IOM
BHX,IST
BHX,SAW
BHX,ADB
BHX,JER
BHX,NOC
BHX,CPH
BHX,KGS
BHX,KRK
BHX,LCA
BHX,LPA
BHX,MJT
BHX,LIS
BHX,LCJ
BHX,LYS
BHX,MAD
BHX,MAH
BHX,AGP
BHX,MLA
BHX,RAK
BHX,BGY
BHX,MXP
BHX,MUC
BHX,NAP
BHX,NCE
BHX,OLB
BHX,PFO
BHX,PMI
BHX,BVA
BHX,CDG
BHX,PGF
BHX,PSA
BHX,OPO
BHX,POZ
BHX,PRG
BHX,PVK
BHX,PUY
BHX,KEF
BHX,RHO
BHX,FCO
BHX,SZG
BHX,SDR
BHX,JTR
BHX,SVQ
BHX,SNN
BHX,SSH
BHX,SOF
BHX,SPU
BHX,ARN
BHX,TFS
BHX,SKG
BHX,TIA
BHX,TLS
BHX,TRN
BHX,VLC
BHX,TSF
BHX,VCE
BHX,VRN
BHX,VIE
BHX,ZAD
BHX,ZTH
BHX,ZRH
BHX,TIV
BHX,EFL
BHX,JSI
BHX,KLX
BHX,PDV
BHX,NBE
BHX,ATQ
BHX,BER
BHX,BVC
BHX,CRA
BHX,CUN
BHX,DEL
BHX,DOH
BHX,DXB
BHX,JED
BHX,WMI
BHX,SID
BHX,RMU
BHY,CAN
BHY,CGO
BHY,CKG
BHY,CSX
BHY,CTU
BHY,HFE
BHY,HGH
BHY,KHN
BHY,KWL
BHY,NKG
BHY,PEK
BHY,PVG
BHY,SZX
BHY,WUH
BHY,XIY
BHY,YIH
BHY,SJW
BHY,PKX
BHY,TFU
BIA,BCN
BIA,BSL
BIA,BOD
BIA,BES
BIA,CRL
BIA,DUS
BIA,FRA
BIA,GVA
BIA,CPH
BIA,LIS
BIA,LGW
BIA,LUX
BIA,LYS
BIA,MRS
BIA,MPL
BIA,MUC
BIA,NTE
BIA,NCE
BIA,NUE
BIA,OUD
BIA,CDG
BIA,ORY
BIA,LIL
BIA,FCO
BIA,RTM
BIA,ARN
BIA,STR
BIA,TLN
BIA,TLS
BIA,SXB
BIA,CFR
BIA,BER
BIA,DLE
BIC,BES
BIC,RNS
BIH,DEN
BIH,SFO
BIK,DJJ
BIK,UPG
BIL,AZA
BIL,DEN
BIL,DFW
BIL,GDV
BIL,GGW
BIL,HVR
BIL,LAS
BIL,LAX
BIL,MSP
BIL,OLF
BIL,ORD
BIL,PDX
BIL,PHX
BIL,SDY
BIL,SEA
BIL,SLC
BIM,FLL
BIM,NAS
BIO,ALC
BIO,LEI
BIO,AMS
BIO,ACE
BIO,ATH
BIO,BCN
BIO,BRI
BIO,BRS
BIO,BRU
BIO,CAG
BIO,CAI
BIO,DUB
BIO,DUS
BIO,EIN
BIO,FAO
BIO,FLR
BIO,FRA
BIO,FUE
BIO,FNC
BIO,GVA
BIO,GRX
BIO,HAM
BIO,IBZ
BIO,IST
BIO,XRY
BIO,CPH
BIO,SPC
BIO,LPA
BIO,LIS
BIO,LGW
BIO,LXR
BIO,LYS
BIO,MAD
BIO,MAH
BIO,AGP
BIO,MLA
BIO,MAN
BIO,RAK
BIO,MXP
BIO,MUC
BIO,NAP
BIO,OLB
BIO,OSL
BIO,PMI
BIO,CDG
BIO,ORY
BIO,OPO
BIO,PRG
BIO,FCO
BIO,SCQ
BIO,JTR
BIO,SVQ
BIO,STR
BIO,TNG
BIO,TFN
BIO,TFS
BIO,VLC
BIO,VCE
BIO,VGO
BIO,WAW
BIO,VIE
BIO,ZRH
BIO,TTU
BIO,PDL
BIO,CDT
BIO,RMU
BIQ,AJA
BIQ,BSL
BIQ,CRL
BIQ,DUB
BIQ,EDI
BIQ,FRA
BIQ,GVA
BIQ,CPH
BIQ,LGW
BIQ,STN
BIQ,LUX
BIQ,LYS
BIQ,MRS
BIQ,BGY
BIQ,MUC
BIQ,NCE
BIQ,CDG
BIQ,ORY
BIQ,ARN
BIQ,ZRH
BIQ,SXB
BIR,KTM
BIS,AZA
BIS,DEN
BIS,DFW
BIS,LAS
BIS,MSP
BIS,PIE
BIS,SFB
BIU,RKV
BJA,LYS
BJA,MRS
BJA,CDG
BJA,ORY
BJA,LIL
BJA,ALG
BJA,QSF
BJB,THR
BJC,BUR
BJC,DAL
BJC,LAS
BJC,SCF
BJF,ALF
BJF,BVG
BJF,VDS
BJF,VAW
BJI,MSP
BJL,AMS
BJL,BCN
BJL,BRU
BJL,CMN
BJL,IST
BJL,LIS
BJL,TFS
BJL,ABJ
BJL,CKY
BJL,FNA
BJL,LOS
BJL,NKC
BJL,SID
BJL,DSS
BJM,BRU
BJM,ADD
BJM,DAR
BJM,EBB
BJM,GOM
BJM,KGL
BJM,NBO
BJM,TKQ
BJR,ADD
BJR,LLI
BJU,KEP
BJV,AMS
BJV,ESB
BJV,AYT
BJV,BFS
BJV,BHX
BJV,BRS
BJV,CGN
BJV,DLM
BJV,DUB
BJV,DUS
BJV,EDI
BJV,FRA
BJV,GLA
BJV,HAJ
BJV,IST
BJV,SAW
BJV,LBA
BJV,LPL
BJV,LGW
BJV,LHR
BJV,LTN
BJV,STN
BJV,MAN
BJV,SVO
BJV,VKO
BJV,MUC
BJV,NCL
BJV,EMA
BJV,OSL
BJV,ORY
BJV,PRN
BJV,SKP
BJV,LED
BJV,STR
BJV,ZRH
BJV,SJJ
BJV,ADA
BJV,KZN
BJV,ALA
BJV,BAH
BJV,GYD
BJV,BER
BJV,DOH
BJV,DXB
BJV,KWI
BJV,RUH
BJW,KOE
BJW,LBJ
BJX,ATL
BJX,CJS
BJX,CUN
BJX,DFW
BJX,FAT
BJX,HMO
BJX,IAH
BJX,LAX
BJX,MDW
BJX,MEX
BJX,MID
BJX,MTY
BJX,MXL
BJX,MZT
BJX,OAK
BJX,ORD
BJX,PVR
BJX,SAT
BJX,TGZ
BJX,TIJ
BJX,SJC
BJX,SJD
BJX,SMF
BJZ,BCN
BJZ,LPA
BJZ,MAD
BJZ,PMI
BKA,KJA
BKA,KCY
BKB,DEL
BKC,DRG
BKC,OTZ
BKG,MSP
BKI,BTU
BKI,BWN
BKI,CAN
BKI,CGK
BKI,FOC
BKI,HGH
BKI,HKG
BKI,ICN
BKI,JHB
BKI,KBR
BKI,KCH
BKI,KUL
BKI,LBU
BKI,LDU
BKI,LMN
BKI,LWY
BKI,MDC
BKI,MNL
BKI,MYY
BKI,MZV
BKI,NRT
BKI,PEN
BKI,PUS
BKI,PVG
BKI,SBW
BKI,SDK
BKI,SZX
BKI,TPE
BKI,TWU
BKI,WUH
BKI,SIN
BKI,PKX
BKK,AMS
BKK,BRU
BKK,FRA
BKK,HEL
BKK,IST
BKK,CPH
BKK,LGW
BKK,LHR
BKK,MAD
BKK,MXP
BKK,SVO
BKK,MUC
BKK,OSL
BKK,CDG
BKK,ARN
BKK,VIE
BKK,ZRH
BKK,TLV
BKK,AMM
BKK,ADD
BKK,ALA
BKK,AMD
BKK,ASB
BKK,AUH
BKK,BAH
BKK,BBI
BKK,BLR
BKK,BOM
BKK,BWN
BKK,CAN
BKK,CCU
BKK,CEB
BKK,CEI
BKK,CGK
BKK,CGO
BKK,CKG
BKK,CMB
BKK,CNX
BKK,COK
BKK,CRK
BKK,CSX
BKK,CTS
BKK,DAC
BKK,DAD
BKK,DEL
BKK,DOH
BKK,DPS
BKK,DXB
BKK,FOC
BKK,FUK
BKK,GAY
BKK,HAK
BKK,HAN
BKK,HDY
BKK,HFE
BKK,HGH
BKK,HKG
BKK,HKT
BKK,HND
BKK,HYD
BKK,ICN
BKK,IKT
BKK,ISB
BKK,IXB
BKK,JED
BKK,JJN
BKK,KBV
BKK,KHH
BKK,KHI
BKK,KHV
BKK,KIX
BKK,KJA
BKK,KKC
BKK,KMG
BKK,KTM
BKK,KUL
BKK,KWE
BKK,KWI
BKK,LHE
BKK,LJG
BKK,LPQ
BKK,LPT
BKK,LYA
BKK,MAA
BKK,MCT
BKK,MDL
BKK,MED
BKK,MEL
BKK,MFM
BKK,MLE
BKK,MNL
BKK,NBO
BKK,NGB
BKK,NGO
BKK,NKG
BKK,NNG
BKK,NRT
BKK,OVB
BKK,PBH
BKK,PEK
BKK,PEN
BKK,PER
BKK,PNH
BKK,PUS
BKK,PVG
BKK,RGN
BKK,RUH
BKK,RUN
BKK,SGN
BKK,SHE
BKK,SHJ
BKK,SVX
BKK,SWA
BKK,SYD
BKK,SZX
BKK,TAE
BKK,TAO
BKK,TAS
BKK,TDX
BKK,THS
BKK,TNA
BKK,TPE
BKK,TYN
BKK,UBP
BKK,URT
BKK,USM
BKK,VTE
BKK,VVO
BKK,WNZ
BKK,WUH
BKK,XIY
BKK,XMN
BKK,YVR
BKK,PQC
BKK,SIN
BKK,UTH
BKK,YCU
BKK,LHW
BKK,PKX
BKK,UBN
BKK,TFU
BKK,SAI
BKM,BBN
BKM,LWY
BKO,CMN
BKO,IST
BKO,CDG
BKO,ORY
BKO,TUN
BKO,ALG
BKO,ABJ
BKO,ADD
BKO,CKY
BKO,COO
BKO,GAQ
BKO,KYS
BKO,LBV
BKO,LFW
BKO,NIM
BKO,NKC
BKO,OUA
BKO,TOM
BKO,DSS
BKQ,BNE
BKQ,LRE
BKS,CGK
BKW,CLT
BKW,PKB
BKZ,MWZ
BLA,CCS
BLA,PMV
BLA,PTY
BLA,VLN
BLB,BAQ
BLB,BOG
BLB,CLO
BLB,CTG
BLB,DAV
BLB,HAV
BLB,MDE
BLB,UIO
BLB,SJO
BLD,GCW
BLI,AZA
BLI,DEN
BLI,LAS
BLI,LAX
BLI,OAK
BLI,PSP
BLI,SAN
BLI,SEA
BLJ,LYS
BLJ,MRS
BLJ,CDG
BLJ,ORY
BLJ,ALG
BLL,AAL
BLL,AHO
BLL,ALC
BLL,AMS
BLL,AYT
BLL,BCN
BLL,BRI
BLL,BGO
BLL,BUD
BLL,BLQ
BLL,CRL
BLL,OTP
BLL,DUB
BLL,EDI
BLL,FRA
BLL,GDN
BLL,GOT
BLL,HEL
BLL,HER
BLL,IST
BLL,KRK
BLL,LPA
BLL,LCY
BLL,LHR
BLL,STN
BLL,MAD
BLL,AGP
BLL,MLA
BLL,MAN
BLL,BGY
BLL,MUC
BLL,OSL
BLL,PMI
BLL,CDG
BLL,PSA
BLL,OPO
BLL,POZ
BLL,KEF
BLL,RIX
BLL,FCO
BLL,SVQ
BLL,ARN
BLL,TLL
BLL,TPS
BLL,VLC
BLL,TSF
BLL,VNO
BLL,WAW
BLL,VIE
BLL,WRO
BLL,ZRH
BLL,GRQ
BLL,IAS
BLL,RNN
BLL,GZP
BLL,FAE
BLL,SFJ
BLQ,AHO
BLQ,ALC
BLQ,AMS
BLQ,ACE
BLQ,ATH
BLQ,BCN
BLQ,BRI
BLQ,BEG
BLQ,BLL
BLQ,BUD
BLQ,BDS
BLQ,BRU
BLQ,CRL
BLQ,OTP
BLQ,CAG
BLQ,CMN
BLQ,CTA
BLQ,CHQ
BLQ,CGN
BLQ,CFU
BLQ,DJE
BLQ,DUB
BLQ,DUS
BLQ,EDI
BLQ,EIN
BLQ,FEZ
BLQ,FRA
BLQ,FUE
BLQ,HAM
BLQ,HEL
BLQ,HER
BLQ,IBZ
BLQ,IST
BLQ,SAW
BLQ,CPH
BLQ,KGS
BLQ,KRK
BLQ,SUF
BLQ,LMP
BLQ,LPA
BLQ,LIS
BLQ,LGW
BLQ,LHR
BLQ,LTN
BLQ,STN
BLQ,LUX
BLQ,LYS
BLQ,MAD
BLQ,MAH
BLQ,AGP
BLQ,MLA
BLQ,MAN
BLQ,RAK
BLQ,RMF
BLQ,MUH
BLQ,MRS
BLQ,MXP
BLQ,MIR
BLQ,MUC
BLQ,JMK
BLQ,NAP
BLQ,OLB
BLQ,OSL
BLQ,PMO
BLQ,PMI
BLQ,PNL
BLQ,BVA
BLQ,CDG
BLQ,ORY
BLQ,OPO
BLQ,PRG
BLQ,PVK
BLQ,REG
BLQ,KEF
BLQ,RHO
BLQ,FCO
BLQ,SDR
BLQ,SCQ
BLQ,SVQ
BLQ,SSH
BLQ,SKP
BLQ,SOF
BLQ,ARN
BLQ,TFS
BLQ,SKG
BLQ,TSR
BLQ,TIA
BLQ,TLS
BLQ,TPS
BLQ,TUN
BLQ,VLC
BLQ,WAW
BLQ,VIE
BLQ,WRO
BLQ,ZAD
BLQ,ZAZ
BLQ,ZRH
BLQ,CLJ
BLQ,RMO
BLQ,AOK
BLQ,CRV
BLQ,TLV
BLQ,BCM
BLQ,AMM
BLQ,IAS
BLQ,BER
BLQ,CIY
BLQ,CRA
BLQ,DXB
BLQ,WMI
BLQ,GHV
BLR,AMS
BLR,FRA
BLR,LHR
BLR,MUC
BLR,CDG
BLR,ADD
BLR,AGR
BLR,AGX
BLR,AMD
BLR,ATQ
BLR,AUH
BLR,BAH
BLR,BBI
BLR,BDQ
BLR,BHO
BLR,BKK
BLR,BOM
BLR,CCJ
BLR,CCU
BLR,CDP
BLR,CJB
BLR,CMB
BLR,COK
BLR,DED
BLR,DEL
BLR,DMK
BLR,DOH
BLR,DPS
BLR,DXB
BLR,GAU
BLR,GOI
BLR,GOP
BLR,GWL
BLR,HBX
BLR,HKG
BLR,HKT
BLR,HYD
BLR,IDR
BLR,IXA
BLR,IXB
BLR,IXC
BLR,IXD
BLR,IXE
BLR,IXG
BLR,IXM
BLR,IXR
BLR,IXU
BLR,IXZ
BLR,JAI
BLR,JDH
BLR,JED
BLR,JGA
BLR,KLH
BLR,KNU
BLR,KTM
BLR,KUL
BLR,KWI
BLR,LKO
BLR,MAA
BLR,MCT
BLR,MLE
BLR,NAG
BLR,NDC
BLR,NRT
BLR,PAT
BLR,PBH
BLR,PNQ
BLR,RPR
BLR,SFO
BLR,SHJ
BLR,STV
BLR,SXR
BLR,SXV
BLR,SYD
BLR,TIR
BLR,TRV
BLR,TRZ
BLR,UDR
BLR,VNS
BLR,VTZ
BLR,RJA
BLR,SIN
BLR,TCR
BLR,VGA
BLR,RDP
BLR,DDD
BLR,VDY
BLR,SAG
BLR,BEK
BLR,JRG
BLR,CNN
BLR,GBI
BLR,DBR
BLR,SDW
BLR,DGH
BLR,GOX
BLR,RQY
BLR,HSR
BLR,AYJ
BLV,JAX
BLV,LAS
BLV,MYR
BLV,PGD
BLV,PIE
BLV,SAV
BLV,SFB
BLV,SRQ
BLV,TYS
BLV,VPS
BLZ,ADD
BLZ,BEW
BLZ,DAR
BLZ,JNB
BLZ,LLW
BMA,AAR
BMA,GOT
BMA,HEL
BMA,MMX
BMA,OSD
BMA,UME
BMA,VXO
BMA,KLR
BMA,RNB
BMA,VBY
BMA,AGH
BMA,SGD
BMA,HAD
BMA,THN
BME,DRB
BME,FIZ
BME,KNX
BME,MEL
BME,PER
BME,PHE
BME,SYD
BME,SIN
BMI,ATL
BMI,DEN
BMI,DFW
BMI,ORD
BMI,PIE
BMI,SFB
BMO,MDL
BMO,MYT
BMU,DPS
BMU,LOP
BMU,UPG
BMV,HAN
BMV,HPH
BMV,SGN
BMV,VII
BMW,ALG
BMW,AZR
BMW,TMR
BMY,KOC
BNA,LHR
BNA,ABE
BNA,ALB
BNA,ATL
BNA,ATW
BNA,AUS
BNA,BDL
BNA,BHM
BNA,BOS
BNA,BUR
BNA,BWI
BNA,BZN
BNA,CAK
BNA,CGI
BNA,CHS
BNA,CID
BNA,CLE
BNA,CLT
BNA,CMH
BNA,CUN
BNA,CVG
BNA,DAL
BNA,DCA
BNA,DEN
BNA,DFW
BNA,DSM
BNA,DTW
BNA,ECP
BNA,EWR
BNA,FAR
BNA,FLL
BNA,FNT
BNA,FSD
BNA,GRR
BNA,GSP
BNA,HDN
BNA,HOU
BNA,HVN
BNA,IAD
BNA,IAH
BNA,JAX
BNA,JBR
BNA,JFK
BNA,LAS
BNA,LAX
BNA,LGA
BNA,LGB
BNA,MCI
BNA,MCO
BNA,MDT
BNA,MDW
BNA,MKE
BNA,MSP
BNA,MSY
BNA,MYR
BNA,OAK
BNA,OKC
BNA,OMA
BNA,ONT
BNA,ORD
BNA,ORF
BNA,PDX
BNA,PGD
BNA,PHX
BNA,PIA
BNA,PIE
BNA,PIT
BNA,PNS
BNA,PVD
BNA,PVU
BNA,PWM
BNA,RDU
BNA,RFD
BNA,RIC
BNA,RSW
BNA,SAN
BNA,SAT
BNA,SAV
BNA,SEA
BNA,SFB
BNA,SFO
BNA,SRQ
BNA,STL
BNA,SYR
BNA,TBN
BNA,TPA
BNA,TUP
BNA,VPS
BNA,XNA
BNA,YEG
BNA,YUL
BNA,YVR
BNA,YWG
BNA,YYC
BNA,YYZ
BNA,SJC
BNA,SJU
BNA,SLC
BNA,SMF
BNA,PHL
BNA,MIA
BNA,BUF
BND,DXB
BND,KIH
BND,MHD
BND,SYZ
BND,TBZ
BND,THR
BND,AEU
BND,RAS
BNE,ABX
BNE,ADL
BNE,APW
BNE,ARM
BNE,ASP
BNE,AVV
BNE,AYQ
BNE,BCI
BNE,BDB
BNE,BKQ
BNE,CAN
BNE,CBR
BNE,CFS
BNE,CHC
BNE,CNS
BNE,CTL
BNE,DBO
BNE,DFW
BNE,DOH
BNE,DPS
BNE,DRW
BNE,DXB
BNE,EMD
BNE,GLT
BNE,HBA
BNE,HIR
BNE,HKG
BNE,HTI
BNE,HVB
BNE,ICN
BNE,INU
BNE,ISA
BNE,IVR
BNE,KIX
BNE,LAX
BNE,LRE
BNE,LST
BNE,MEL
BNE,MKY
BNE,MNL
BNE,MOV
BNE,MUA
BNE,NAN
BNE,NLK
BNE,NOU
BNE,NRT
BNE,NTL
BNE,PER
BNE,POM
BNE,PPP
BNE,PQQ
BNE,PVG
BNE,ROK
BNE,ROR
BNE,SFO
BNE,SGN
BNE,SYD
BNE,TMW
BNE,TPE
BNE,TSV
BNE,VLI
BNE,WEI
BNE,WGA
BNE,WLG
BNE,WOL
BNE,YVR
BNE,ZQN
BNE,OAG
BNE,RMA
BNE,SIN
BNE,SON
BNE,ZBL
BNE,WLE
BNE,WTB
BNE,AKL
BNI,ABV
BNI,LOS
BNK,MEL
BNK,NTL
BNK,SYD
BNN,BOO
BNN,OSL
BNN,TRD
BNN,MQN
BNN,RVK
BNN,SSJ
BNS,CCS
BNX,BSL
BNX,BEG
BNX,CRL
BNX,DTM
BNX,GOT
BNX,HRG
BNX,FKB
BNX,ARN
BNX,VIE
BNX,FMM
BNY,HIR
BNY,RNL
BOB,HUH
BOB,MAU
BOB,MOZ
BOB,PPT
BOB,RFP
BOB,RGI
BOC,PAC
BOC,SJO
BOD,AGA
BOD,AJA
BOD,AHO
BOD,ALC
BOD,AMS
BOD,ACE
BOD,ATH
BOD,BCN
BOD,BRI
BOD,BSL
BOD,BIA
BOD,BFS
BOD,BHX
BOD,BES
BOD,BRS
BOD,CRL
BOD,OTP
BOD,CLY
BOD,CMN
BOD,CTA
BOD,CFU
BOD,ORK
BOD,DJE
BOD,DUB
BOD,DBV
BOD,DUS
BOD,EDI
BOD,FAO
BOD,FEZ
BOD,FLR
BOD,FRA
BOD,FUE
BOD,FNC
BOD,GVA
BOD,GLA
BOD,HAM
BOD,HER
BOD,IBZ
BOD,IST
BOD,CPH
BOD,KRK
BOD,LIS
BOD,LGW
BOD,LTN
BOD,STN
BOD,LUX
BOD,LYS
BOD,MAD
BOD,MAH
BOD,AGP
BOD,MLA
BOD,MAN
BOD,RAK
BOD,MRS
BOD,BGY
BOD,MXP
BOD,MUC
BOD,NAP
BOD,NCE
BOD,OLB
BOD,OSL
BOD,PFO
BOD,PMO
BOD,PMI
BOD,CDG
BOD,PSA
BOD,OPO
BOD,PRG
BOD,RHO
BOD,LIL
BOD,FCO
BOD,JTR
BOD,SVQ
BOD,SPU
BOD,STR
BOD,TNG
BOD,TFS
BOD,TLN
BOD,TPS
BOD,TUN
BOD,VLC
BOD,VCE
BOD,VRN
BOD,ZAD
BOD,ZRH
BOD,SXB
BOD,FSC
BOD,ESU
BOD,ALG
BOD,ORN
BOD,BER
BOD,PTP
BOD,YUL
BOD,DSS
BOG,AMS
BOG,BCN
BOG,FRA
BOG,IST
BOG,LHR
BOG,MAD
BOG,CDG
BOG,ZRH
BOG,ADZ
BOG,AEP
BOG,APO
BOG,ASU
BOG,ATL
BOG,AUA
BOG,AUC
BOG,AXM
BOG,BAQ
BOG,BGA
BOG,BLB
BOG,BOS
BOG,BUN
BOG,CCS
BOG,CLO
BOG,CNF
BOG,CTG
BOG,CUC
BOG,CUN
BOG,CUR
BOG,CUZ
BOG,DFW
BOG,EJA
BOG,EOH
BOG,EWR
BOG,EYP
BOG,EZE
BOG,FLA
BOG,FLL
BOG,GDL
BOG,GIG
BOG,GRU
BOG,GUA
BOG,GYE
BOG,HAV
BOG,IAD
BOG,IAH
BOG,IBE
BOG,IPI
BOG,JFK
BOG,LET
BOG,LIM
BOG,LMC
BOG,LPB
BOG,MAO
BOG,MCO
BOG,MDE
BOG,MEX
BOG,MTR
BOG,MTY
BOG,MVD
BOG,MVP
BOG,MZL
BOG,NVA
BOG,PCR
BOG,PDA
BOG,PEI
BOG,PPN
BOG,PSO
BOG,PTY
BOG,PUJ
BOG,PUU
BOG,RCH
BOG,RVE
BOG,SAL
BOG,SCL
BOG,SDQ
BOG,TME
BOG,UIB
BOG,UIO
BOG,VGZ
BOG,VLN
BOG,VUP
BOG,VVI
BOG,XPL
BOG,YUL
BOG,YYZ
BOG,SJE
BOG,SJO
BOG,SJU
BOG,SMR
BOG,SVI
BOG,TCO
BOG,VVC
BOG,PTX
BOG,MIA
BOG,HAY
BOG,NLU
BOH,AGA
BOH,ALC
BOH,AYT
BOH,ACE
BOH,GRO
BOH,EGC
BOH,BUD
BOH,CCF
BOH,CFU
BOH,DLM
BOH,EDI
BOH,FAO
BOH,FUE
BOH,FNC
BOH,GVA
BOH,HER
BOH,IBZ
BOH,KRK
BOH,LPA
BOH,MAH
BOH,AGP
BOH,MLA
BOH,NTE
BOH,PMI
BOH,RHO
BOH,TFS
BOH,VCE
BOH,WRO
BOH,ZAD
BOH,ZTH
BOH,RMU
BOI,ATL
BOI,AZA
BOI,BUR
BOI,DAL
BOI,DEN
BOI,DFW
BOI,GEG
BOI,IAH
BOI,LAS
BOI,LAX
BOI,LGB
BOI,MSP
BOI,OAK
BOI,ORD
BOI,PDX
BOI,PHX
BOI,PSP
BOI,PUW
BOI,SAN
BOI,SEA
BOI,SFO
BOI,STS
BOI,SJC
BOI,SLC
BOI,SMF
BOI,SNA
BOJ,AMS
BOJ,BHX
BOJ,BUD
BOJ,BTS
BOJ,BRS
BOJ,BRQ
BOJ,BRU
BOJ,CGN
BOJ,DUB
BOJ,DUS
BOJ,EDI
BOJ,FRA
BOJ,GDN
BOJ,GLA
BOJ,HAM
BOJ,HAJ
BOJ,HEL
BOJ,KTW
BOJ,KUN
BOJ,CPH
BOJ,KSC
BOJ,KRK
BOJ,LBA
BOJ,LPL
BOJ,LGW
BOJ,LTN
BOJ,STN
BOJ,LUX
BOJ,MAN
BOJ,NCL
BOJ,EMA
BOJ,OSL
BOJ,POZ
BOJ,PRG
BOJ,RIX
BOJ,SZG
BOJ,SOF
BOJ,ARN
BOJ,STR
BOJ,TLL
BOJ,VAR
BOJ,WAW
BOJ,VIE
BOJ,TLV
BOJ,OSR
BOJ,BER
BOJ,DEB
BOJ,DWC
BOJ,DXB
BOJ,KWI
BOJ,WMI
BOJ,LUZ
BOM,AMS
BOM,CAI
BOM,FRA
BOM,IST
BOM,LHR
BOM,MUC
BOM,CDG
BOM,WAW
BOM,ZRH
BOM,TLV
BOM,ADD
BOM,ADE
BOM,AGR
BOM,ALA
BOM,AMD
BOM,ATQ
BOM,AUH
BOM,BAH
BOM,GYD
BOM,BBI
BOM,BDQ
BOM,BHJ
BOM,BHO
BOM,BHU
BOM,BKK
BOM,BLR
BOM,CCJ
BOM,CCU
BOM,CGK
BOM,CJB
BOM,CMB
BOM,COK
BOM,DAC
BOM,DAR
BOM,DED
BOM,DEL
BOM,DIU
BOM,DMK
BOM,DMM
BOM,DOH
BOM,DXB
BOM,EBB
BOM,EWR
BOM,GAU
BOM,GOI
BOM,GOP
BOM,GWL
BOM,HAN
BOM,HKG
BOM,HKT
BOM,HYD
BOM,IDR
BOM,IKA
BOM,IXB
BOM,IXC
BOM,IXD
BOM,IXE
BOM,IXG
BOM,IXJ
BOM,IXL
BOM,IXM
BOM,IXR
BOM,IXU
BOM,IXY
BOM,IXZ
BOM,JAI
BOM,JDH
BOM,JED
BOM,JFK
BOM,JGA
BOM,JLR
BOM,JSA
BOM,KLH
BOM,KNU
BOM,KTM
BOM,KUL
BOM,KWI
BOM,LKO
BOM,LOS
BOM,MAA
BOM,MCT
BOM,MED
BOM,MEL
BOM,MLE
BOM,MRU
BOM,NAG
BOM,NBO
BOM,NJF
BOM,NRT
BOM,PAT
BOM,PBH
BOM,PNQ
BOM,RKT
BOM,RPR
BOM,RUH
BOM,SAH
BOM,SEZ
BOM,SFO
BOM,SGN
BOM,SHJ
BOM,SXR
BOM,TAS
BOM,TIR
BOM,TRV
BOM,TRZ
BOM,UDR
BOM,VNS
BOM,VTZ
BOM,SIN
BOM,VGA
BOM,RDP
BOM,BEK
BOM,CNN
BOM,DBR
BOM,GOX
BOM,HSR
BOM,AYJ
BON,AMS
BON,ATL
BON,AUA
BON,CUR
BON,EWR
BON,IAH
BON,JFK
BON,SDQ
BON,YYZ
BON,MIA
BOO,BGO
BOO,EVE
BOO,HEL
BOO,OSL
BOO,TOS
BOO,TRD
BOO,ANX
BOO,BNN
BOO,LKN
BOO,MQN
BOO,MJF
BOO,SSJ
BOO,SKN
BOO,SVJ
BOO,RET
BOS,AMS
BOS,ATH
BOS,BCN
BOS,DUB
BOS,EDI
BOS,FRA
BOS,FNC
BOS,IST
BOS,CPH
BOS,LIS
BOS,LGW
BOS,LHR
BOS,MAD
BOS,MUC
BOS,CDG
BOS,OPO
BOS,KEF
BOS,FCO
BOS,SNN
BOS,VIE
BOS,ZRH
BOS,TLV
BOS,TER
BOS,ACK
BOS,ATL
BOS,AUA
BOS,AUG
BOS,AUH
BOS,AUS
BOS,AVL
BOS,BDA
BOS,BGI
BOS,BHB
BOS,BNA
BOS,BOG
BOS,BWI
BOS,BZN
BOS,CHS
BOS,CLE
BOS,CLT
BOS,CMH
BOS,CUN
BOS,CVG
BOS,DAL
BOS,DCA
BOS,DEN
BOS,DFW
BOS,DOH
BOS,DTW
BOS,DXB
BOS,ECP
BOS,EWR
BOS,EYW
BOS,FLL
BOS,GCM
BOS,GND
BOS,GRR
BOS,GRU
BOS,HHH
BOS,HKG
BOS,HNL
BOS,HYA
BOS,IAD
BOS,IAH
BOS,ICN
BOS,ILM
BOS,IND
BOS,JAX
BOS,JFK
BOS,LAS
BOS,LAX
BOS,LEB
BOS,LGA
BOS,LIR
BOS,MBJ
BOS,MCI
BOS,MCO
BOS,MDT
BOS,MDW
BOS,MEM
BOS,MEX
BOS,MKE
BOS,MSN
BOS,MSP
BOS,MSS
BOS,MSY
BOS,MVY
BOS,MYR
BOS,NAS
BOS,NRT
BOS,ORD
BOS,ORF
BOS,PBI
BOS,PDL
BOS,PDX
BOS,PEK
BOS,PHX
BOS,PIT
BOS,PLS
BOS,POP
BOS,PTY
BOS,PUJ
BOS,PVC
BOS,RDU
BOS,RIC
BOS,RKD
BOS,ROC
BOS,RSW
BOS,RUT
BOS,SAL
BOS,SAN
BOS,SAT
BOS,SAV
BOS,SDF
BOS,SDQ
BOS,SEA
BOS,SFO
BOS,SRQ
BOS,STI
BOS,STL
BOS,STT
BOS,SXM
BOS,SYR
BOS,TPA
BOS,TVC
BOS,TYS
BOS,UVF
BOS,VPS
BOS,YHZ
BOS,YOW
BOS,YTZ
BOS,YUL
BOS,YVR
BOS,YYC
BOS,YYZ
BOS,SJC
BOS,SJU
BOS,SLC
BOS,SMF
BOS,SLK
BOS,PHL
BOS,MIA
BOS,BUF
BOY,ABJ
BOY,OUA
BPA,CEB
BPE,DSN
BPE,HFE
BPE,HGH
BPE,HRB
BPE,PVG
BPE,SJW
BPG,CGB
BPL,AKU
BPL,CTU
BPL,KCA
BPL,KRL
BPL,KRY
BPL,PVG
BPL,URC
BPL,WUH
BPL,XIY
BPL,TLQ
BPN,BDJ
BPN,BEJ
BPN,BTH
BPN,CGK
BPN,DPS
BPN,HLP
BPN,KUL
BPN,MDC
BPN,PNK
BPN,SOC
BPN,SRG
BPN,SUB
BPN,TRK
BPN,UPG
BPN,PLW
BPN,SIN
BPN,PKY
BPN,TJS
BPN,KJT
BPN,GHS
BPN,YIA
BPN,LNU
BPN,TRT
BPN,DHX
BPS,AEP
BPS,ARU
BPS,BSB
BPS,CGB
BPS,CGH
BPS,CGR
BPS,CNF
BPS,CWB
BPS,EZE
BPS,GIG
BPS,GRU
BPS,GYN
BPS,JOI
BPS,LDB
BPS,MOC
BPS,PPB
BPS,RAO
BPS,SSA
BPS,UDI
BPS,VCP
BPS,VIX
BPS,JTC
BPS,SJP
BPT,DFW
BPX,CKG
BPX,CTU
BPX,LXA
BPX,XIY
BQB,MEL
BQB,SYD
BQJ,YKS
BQK,ATL
BQL,BEU
BQL,ISA
BQN,EWR
BQN,FLL
BQN,JFK
BQN,MCO
BQS,DME
BQS,SVO
BQS,HKT
BQS,HRB
BQS,HTA
BQS,IKT
BQS,KHV
BQS,KJA
BQS,OVB
BQS,SVX
BQS,TYD
BQS,UUS
BQS,VVO
BQS,YKS
BQS,EYA
BQT,SVO
BQW,HCQ
BRA,BSB
BRA,CNF
BRB,PHB
BRB,SLZ
BRC,AEP
BRC,COR
BRC,EZE
BRC,FLN
BRC,FTE
BRC,GRU
BRC,MDQ
BRC,MDZ
BRC,MVD
BRC,POA
BRC,ROS
BRC,SCL
BRC,VCP
BRC,VDM
BRD,MSP
BRE,ALC
BRE,AMS
BRE,AYT
BRE,ACE
BRE,FRA
BRE,FUE
BRE,HER
BRE,IST
BRE,ADB
BRE,STN
BRE,AGP
BRE,MIR
BRE,MUC
BRE,PMI
BRE,RHO
BRE,SKP
BRE,STR
BRE,VAR
BRE,VIE
BRE,ZAD
BRE,ZRH
BRE,BEY
BRI,AHO
BRI,ALC
BRI,AMS
BRI,ATH
BRI,BCN
BRI,GRO
BRI,BSL
BRI,BEG
BRI,BIO
BRI,BLL
BRI,BUD
BRI,BLQ
BRI,BOD
BRI,BRU
BRI,CRL
BRI,OTP
BRI,CAG
BRI,CTA
BRI,CHQ
BRI,CGN
BRI,CFU
BRI,DUB
BRI,DBV
BRI,DUS
BRI,EDI
BRI,FLR
BRI,FRA
BRI,HHN
BRI,GVA
BRI,GOA
BRI,HAM
BRI,HAJ
BRI,HER
BRI,IBZ
BRI,IST
BRI,FKB
BRI,KTW
BRI,KUN
BRI,CPH
BRI,KGS
BRI,KRK
BRI,LGW
BRI,STN
BRI,LUX
BRI,LYS
BRI,MST
BRI,MAD
BRI,AGP
BRI,MLA
BRI,MRS
BRI,BGY
BRI,LIN
BRI,MXP
BRI,MUC
BRI,JMK
BRI,NCE
BRI,NRN
BRI,NUE
BRI,OLB
BRI,OSL
BRI,PMO
BRI,BVA
BRI,CDG
BRI,ORY
BRI,PSA
BRI,OPO
BRI,POZ
BRI,PRG
BRI,PVK
BRI,RHO
BRI,FCO
BRI,JTR
BRI,SVQ
BRI,SSH
BRI,SOF
BRI,SPU
BRI,ARN
BRI,STR
BRI,TSR
BRI,TIA
BRI,TLS
BRI,TRS
BRI,TRN
BRI,VLC
BRI,VCE
BRI,VRN
BRI,WAW
BRI,VIE
BRI,WRO
BRI,ZTH
BRI,ZRH
BRI,CLJ
BRI,JSI
BRI,TLV
BRI,BER
BRI,CIY
BRI,DWC
BRI,OMO
BRI,WMI
BRK,DBO
BRL,ORD
BRL,STL
BRM,CCS
BRM,PMV
BRM,PTY
BRM,SDQ
BRM,PZO
BRN,BWK
BRN,DJE
BRN,HER
BRN,KGS
BRN,LCA
BRN,PMI
BRN,RHO
BRO,BUR
BRO,DFW
BRO,IAH
BRO,MCO
BRQ,AYT
BRQ,BOJ
BRQ,CFU
BRQ,FUE
BRQ,HER
BRQ,HRG
BRQ,KGS
BRQ,SUF
BRQ,STN
BRQ,RMF
BRQ,BGY
BRQ,PMI
BRQ,RHO
BRQ,TFS
BRQ,VAR
BRQ,ZTH
BRQ,TIV
BRR,GLA
BRS,ABZ
BRS,AGA
BRS,ALC
BRS,LEI
BRS,AMS
BRS,AYT
BRS,ACE
BRS,ATH
BRS,BCN
BRS,GRO
BRS,REU
BRS,BSL
BRS,BHD
BRS,BFS
BRS,BGO
BRS,EGC
BRS,BIO
BRS,BJV
BRS,BUD
BRS,BOD
BRS,OTP
BRS,BOJ
BRS,BZG
BRS,CTA
BRS,CMF
BRS,CHQ
BRS,CGN
BRS,CFU
BRS,ORK
BRS,DLM
BRS,DUB
BRS,DBV
BRS,EDI
BRS,EXT
BRS,FAO
BRS,HHN
BRS,FUE
BRS,FNC
BRS,GDN
BRS,GVA
BRS,GIB
BRS,GLA
BRS,GNB
BRS,GCI
BRS,HER
BRS,HRG
BRS,IBZ
BRS,INN
BRS,INV
BRS,IOM
BRS,ADB
BRS,JER
BRS,KUN
BRS,NOC
BRS,CPH
BRS,KGS
BRS,KRK
BRS,LRH
BRS,LCA
BRS,LPA
BRS,LIG
BRS,LIS
BRS,LYS
BRS,MAD
BRS,MAH
BRS,AGP
BRS,MLA
BRS,RAK
BRS,MRS
BRS,BGY
BRS,MXP
BRS,NTE
BRS,NAP
BRS,NCL
BRS,NCE
BRS,OLB
BRS,PFO
BRS,PMI
BRS,CDG
BRS,ORY
BRS,PSA
BRS,OPO
BRS,POZ
BRS,PRG
BRS,PVK
BRS,PUY
BRS,KEF
BRS,RHO
BRS,FCO
BRS,RVN
BRS,RZE
BRS,SZG
BRS,JTR
BRS,SSH
BRS,SOF
BRS,SPU
BRS,TFS
BRS,SKG
BRS,TIA
BRS,TLS
BRS,TRN
BRS,VLC
BRS,VCE
BRS,VRN
BRS,VIE
BRS,WRO
BRS,ZTH
BRS,ZRH
BRS,TIV
BRS,EFL
BRS,JSI
BRS,KLX
BRS,BZR
BRS,NBE
BRS,BER
BRS,BVC
BRS,SID
BRS,RMU
BRU,AGA
BRU,AHU
BRU,ALC
BRU,LEI
BRU,AMS
BRU,ESB
BRU,AYT
BRU,GPA
BRU,ACE
BRU,ATH
BRU,BCN
BRU,GRO
BRU,REU
BRU,BRI
BRU,BSL
BRU,BEG
BRU,BGO
BRU,BIO
BRU,BHX
BRU,BUD
BRU,BLQ
BRU,BDS
BRU,OTP
BRU,BOJ
BRU,CAI
BRU,CMN
BRU,CTA
BRU,CHQ
BRU,CFU
BRU,DLM
BRU,DJE
BRU,DUB
BRU,DBV
BRU,EDI
BRU,FAO
BRU,FEZ
BRU,FLR
BRU,FRA
BRU,FUE
BRU,FNC
BRU,GVA
BRU,GOT
BRU,HAM
BRU,HEL
BRU,HER
BRU,HRG
BRU,IBZ
BRU,INN
BRU,IST
BRU,SAW
BRU,ADB
BRU,XRY
BRU,KTT
BRU,CPH
BRU,KGS
BRU,KRK
BRU,SUF
BRU,LCA
BRU,LPA
BRU,MJT
BRU,LIS
BRU,LJU
BRU,LHR
BRU,LXR
BRU,LYS
BRU,MAD
BRU,MAH
BRU,AGP
BRU,MLA
BRU,MAN
BRU,RAK
BRU,RMF
BRU,MRS
BRU,LIN
BRU,MXP
BRU,MIR
BRU,MUC
BRU,JMK
BRU,NDR
BRU,NAP
BRU,NCE
BRU,OLB
BRU,OSL
BRU,OUD
BRU,PFO
BRU,PMO
BRU,PMI
BRU,CDG
BRU,PSA
BRU,OPO
BRU,PRG
BRU,PRN
BRU,KEF
BRU,RHO
BRU,RIX
BRU,FCO
BRU,RTM
BRU,SZG
BRU,SMI
BRU,JTR
BRU,SVQ
BRU,SSH
BRU,SOF
BRU,SPU
BRU,ARN
BRU,TLL
BRU,TNG
BRU,TFS
BRU,SKG
BRU,TIA
BRU,TLS
BRU,TUN
BRU,VLC
BRU,VAR
BRU,VCE
BRU,VNO
BRU,WAW
BRU,VIE
BRU,ZAD
BRU,ZAG
BRU,ZTH
BRU,ZRH
BRU,TIV
BRU,RMO
BRU,SXB
BRU,TLV
BRU,BEY
BRU,BCM
BRU,ADA
BRU,ASR
BRU,ALG
BRU,AMM
BRU,EVN
BRU,RBA
BRU,KAO
BRU,TTU
BRU,NBE
BRU,ORN
BRU,ABJ
BRU,ACC
BRU,ADD
BRU,AOE
BRU,AUH
BRU,BER
BRU,BJL
BRU,BJM
BRU,BKK
BRU,BVC
BRU,CKY
BRU,COO
BRU,CUN
BRU,CUR
BRU,DLA
BRU,DOH
BRU,DXB
BRU,EBB
BRU,EWR
BRU,FIH
BRU,FNA
BRU,IAD
BRU,JED
BRU,JFK
BRU,JNB
BRU,KGL
BRU,LAD
BRU,MBJ
BRU,MRU
BRU,NBO
BRU,NRT
BRU,NSI
BRU,ORD
BRU,OUA
BRU,PDL
BRU,PEK
BRU,PUJ
BRU,PVG
BRU,ROB
BRU,SZX
BRU,YUL
BRU,YYZ
BRU,SID
BRU,SIN
BRU,DSS
BRW,AIN
BRW,ANC
BRW,ATK
BRW,NUI
BRW,PIZ
BSA,ADD
BSA,DXB
BSA,JED
BSA,MGQ
BSA,GGR
BSB,LIS
BSB,AEP
BSB,AJU
BSB,AUX
BSB,BEL
BSB,BPS
BSB,BRA
BSB,BVB
BSB,CGB
BSB,CGH
BSB,CGR
BSB,CNF
BSB,CWB
BSB,FLN
BSB,FOR
BSB,GIG
BSB,GRU
BSB,GYN
BSB,IMP
BSB,JDO
BSB,JPA
BSB,LIM
BSB,MAB
BSB,MAO
BSB,MCO
BSB,MCP
BSB,MCZ
BSB,NAT
BSB,OPS
BSB,POA
BSB,PTY
BSB,PVH
BSB,RAO
BSB,RBR
BSB,REC
BSB,SCL
BSB,SDU
BSB,SSA
BSB,STM
BSB,THE
BSB,VCP
BSB,VIX
BSB,SLZ
BSB,PMW
BSB,MIA
BSC,EOH
BSD,CSX
BSD,KMG
BSD,NKG
BSD,TFU
BSG,DLA
BSG,LBV
BSG,SSG
BSG,GEM
BSK,LYS
BSK,CDG
BSK,ORY
BSK,ALG
BSL,AGA
BSL,AJA
BSL,ALC
BSL,AMS
BSL,ESB
BSL,AYT
BSL,ACE
BSL,ATH
BSL,BCN
BSL,BRI
BSL,BIA
BSL,BEG
BSL,BIQ
BSL,BUD
BSL,BOD
BSL,BDS
BSL,BRS
BSL,BRU
BSL,OTP
BSL,CAG
BSL,CLY
BSL,CMN
BSL,CTA
BSL,CHQ
BSL,CFU
BSL,DJE
BSL,DUB
BSL,DBV
BSL,EDI
BSL,FAO
BSL,FRA
BSL,FUE
BSL,FNC
BSL,HAM
BSL,HER
BSL,HRG
BSL,IBZ
BSL,IST
BSL,SAW
BSL,ADB
BSL,CPH
BSL,KGS
BSL,KRK
BSL,SUF
BSL,LCA
BSL,LPA
BSL,LIS
BSL,LGW
BSL,LHR
BSL,STN
BSL,MAD
BSL,MAH
BSL,AGP
BSL,MLA
BSL,MAN
BSL,RAK
BSL,MIR
BSL,MPL
BSL,MUC
BSL,NTE
BSL,NAP
BSL,NCE
BSL,OLB
BSL,OSL
BSL,PMO
BSL,PMI
BSL,CDG
BSL,OPO
BSL,PRG
BSL,PRN
BSL,PUY
BSL,RHO
BSL,RJK
BSL,FCO
BSL,SCQ
BSL,SKP
BSL,SOF
BSL,SPU
BSL,TFS
BSL,SKG
BSL,TIA
BSL,TLS
BSL,TUN
BSL,VLC
BSL,VCE
BSL,WAW
BSL,VIE
BSL,ZAD
BSL,ZAG
BSL,CLJ
BSL,FSC
BSL,TLV
BSL,ASR
BSL,ALG
BSL,IAS
BSL,RBA
BSL,INI
BSL,NBE
BSL,ORN
BSL,BER
BSL,BNX
BSL,CZL
BSL,DXB
BSL,FAE
BSL,GZT
BSL,QSR
BSL,YUL
BSL,TZL
BSO,CRK
BSO,MNL
BSR,CAI
BSR,IST
BSR,SAW
BSR,BEY
BSR,DAM
BSR,AMM
BSR,EBL
BSR,BGW
BSR,DEL
BSR,DOH
BSR,DXB
BSR,ISU
BSR,JED
BSR,MED
BSR,MHD
BSR,PEK
BSR,SHJ
BTC,CMB
BTC,TRR
BTC,GIU
BTH,BPN
BTH,CGK
BTH,DJB
BTH,JED
BTH,KUL
BTH,MED
BTH,NTX
BTH,PDG
BTH,PKU
BTH,PLM
BTH,PNK
BTH,SRG
BTH,SUB
BTH,TKG
BTH,PGK
BTH,KNO
BTH,DTB
BTH,LMU
BTH,YIA
BTH,SIQ
BTI,FAI
BTI,SCC
BTJ,CGK
BTJ,KTC
BTJ,KUL
BTJ,PEN
BTJ,KNO
BTJ,LKI
BTJ,TPK
BTJ,GYO
BTK,DME
BTK,IKT
BTK,KJA
BTK,OVB
BTM,SLC
BTR,ATL
BTR,CLT
BTR,DCA
BTR,DFW
BTR,IAH
BTR,LAS
BTR,OKC
BTS,AHO
BTS,AYT
BTS,ACE
BTS,ATH
BTS,CRL
BTS,BOJ
BTS,CTA
BTS,CFU
BTS,DLM
BTS,DUB
BTS,EDI
BTS,EIN
BTS,HER
BTS,HRG
BTS,SAW
BTS,KUN
BTS,LCA
BTS,LBA
BTS,LTN
BTS,STN
BTS,MLA
BTS,MAN
BTS,RMF
BTS,BGY
BTS,PFO
BTS,PMI
BTS,RHO
BTS,CIA
BTS,SKP
BTS,SOF
BTS,SKG
BTS,TPS
BTS,ZTH
BTS,TGD
BTT,AET
BTT,FAI
BTU,BKI
BTU,KCH
BTU,KUL
BTU,MKM
BTU,MYY
BTU,SBW
BTV,ATL
BTV,CLT
BTV,DCA
BTV,DEN
BTV,DFW
BTV,DTW
BTV,EWR
BTV,IAD
BTV,JFK
BTV,LGA
BTV,MCO
BTV,MSP
BTV,ORD
BTV,RDU
BTV,TPA
BTV,PHL
BTW,BDJ
BUA,KIE
BUA,POM
BUA,RAB
BUC,DMD
BUC,ONG
BUD,AHO
BUD,ALC
BUD,AMS
BUD,AYT
BUD,ACE
BUD,ATH
BUD,BCN
BUD,BRI
BUD,BSL
BUD,BFS
BUD,BEG
BUD,BLL
BUD,BHX
BUD,BLQ
BUD,BOH
BUD,BRS
BUD,BRU
BUD,CRL
BUD,OTP
BUD,BOJ
BUD,CAG
BUD,CAI
BUD,CTA
BUD,CHQ
BUD,CGN
BUD,CFU
BUD,DTM
BUD,DUB
BUD,DUS
BUD,EDI
BUD,EIN
BUD,FAO
BUD,FRA
BUD,HHN
BUD,FNC
BUD,GVA
BUD,GLA
BUD,GOT
BUD,HAM
BUD,HEL
BUD,HER
BUD,HRG
BUD,IST
BUD,SAW
BUD,ADB
BUD,CPH
BUD,LCA
BUD,LPA
BUD,LBA
BUD,LIS
BUD,LPL
BUD,LGW
BUD,LHR
BUD,LTN
BUD,STN
BUD,LUX
BUD,LYS
BUD,MAD
BUD,AGP
BUD,MLA
BUD,MAN
BUD,MRS
BUD,BGY
BUD,MXP
BUD,MUC
BUD,JMK
BUD,NAP
BUD,NCL
BUD,NCE
BUD,EMA
BUD,NUE
BUD,OSL
BUD,PFO
BUD,PMO
BUD,PMI
BUD,BVA
BUD,CDG
BUD,ORY
BUD,PSA
BUD,OPO
BUD,PRG
BUD,PVK
BUD,KEF
BUD,RHO
BUD,RIX
BUD,RMI
BUD,CIA
BUD,FCO
BUD,JTR
BUD,SVQ
BUD,SNN
BUD,SSH
BUD,SKP
BUD,SOF
BUD,ARN
BUD,STR
BUD,TFS
BUD,SKG
BUD,TIA
BUD,TGM
BUD,TLS
BUD,TRS
BUD,VLC
BUD,TSF
BUD,WAW
BUD,VIE
BUD,ZAD
BUD,ZTH
BUD,ZRH
BUD,CLJ
BUD,RMO
BUD,JSI
BUD,TLV
BUD,AMM
BUD,TGD
BUD,EVN
BUD,AUH
BUD,GYD
BUD,BER
BUD,CAN
BUD,CKG
BUD,DOH
BUD,DXB
BUD,ICN
BUD,JED
BUD,KUT
BUD,NGB
BUD,PEK
BUD,PVG
BUD,RUH
BUD,TAS
BUD,WMI
BUD,XIY
BUD,SPX
BUD,GHV
BUF,ATL
BUF,BNA
BUF,BOS
BUF,BWI
BUF,CLT
BUF,DAL
BUF,DCA
BUF,DEN
BUF,DFW
BUF,DTW
BUF,EWR
BUF,FLL
BUF,IAD
BUF,JFK
BUF,LAS
BUF,LAX
BUF,LGA
BUF,MCO
BUF,MDW
BUF,MSP
BUF,ORD
BUF,PHX
BUF,RDU
BUF,RSW
BUF,SRQ
BUF,TPA
BUF,PHL
BUF,MIA
BUN,BOG
BUP,DEL
BUQ,ADD
BUQ,HRE
BUQ,JNB
BUQ,VFA
BUQ,NLA
BUR,ABQ
BUR,ACV
BUR,ATL
BUR,AUS
BUR,BJC
BUR,BNA
BUR,BOI
BUR,BRO
BUR,BZN
BUR,CCR
BUR,COS
BUR,DAL
BUR,DEN
BUR,DFW
BUR,EUG
BUR,FCA
BUR,HOU
BUR,JFK
BUR,LAS
BUR,MCI
BUR,MDW
BUR,MFR
BUR,MSY
BUR,OAK
BUR,PDX
BUR,PHX
BUR,PSC
BUR,RDD
BUR,RDM
BUR,RNO
BUR,SAT
BUR,SCF
BUR,SEA
BUR,SFO
BUR,STL
BUR,STS
BUR,SJC
BUR,SLC
BUR,SMF
BUR,SLE
BUS,IST
BUS,SAW
BUS,MSQ
BUS,DME
BUS,RIX
BUS,LED
BUS,TLV
BUS,EVN
BUS,KUF
BUS,AER
BUS,ALA
BUS,GYD
BUS,DXB
BUS,JED
BUS,KWI
BUS,RUH
BUS,SVX
BUS,TAS
BUS,NQZ
BUT,PBH
BUT,YON
BUU,CGK
BUW,UPG
BUZ,THR
BVA,AGA
BVA,ALC
BVA,BCN
BVA,GRO
BVA,BRI
BVA,BFS
BVA,BEG
BVA,BHX
BVA,BUD
BVA,BLQ
BVA,BDS
BVA,OTP
BVA,CAG
BVA,CTA
BVA,ORK
BVA,DUB
BVA,DBV
BVA,EDI
BVA,FAO
BVA,FEZ
BVA,FNC
BVA,GDN
BVA,HEL
BVA,IBZ
BVA,CPH
BVA,KRK
BVA,LCA
BVA,LBA
BVA,LIS
BVA,MAD
BVA,AGP
BVA,MLA
BVA,MAN
BVA,RAK
BVA,BGY
BVA,MXP
BVA,NDR
BVA,NAP
BVA,NCE
BVA,OLB
BVA,OUD
BVA,PFO
BVA,PMO
BVA,PMI
BVA,PSA
BVA,OPO
BVA,POZ
BVA,PRG
BVA,RIX
BVA,FCO
BVA,RVN
BVA,SDR
BVA,SVQ
BVA,SKP
BVA,SOF
BVA,ARN
BVA,TNG
BVA,TFS
BVA,SKG
BVA,TSR
BVA,TIA
BVA,TRS
BVA,TRN
BVA,VLC
BVA,TSF
BVA,VNO
BVA,VIE
BVA,WRO
BVA,ZAD
BVA,ZAG
BVA,ZAZ
BVA,CLJ
BVA,RMO
BVA,FSC
BVA,BCM
BVA,AMM
BVA,IAS
BVA,BZR
BVA,BAY
BVA,RBA
BVA,KUT
BVA,WMI
BVB,BEL
BVB,BSB
BVB,MAO
BVB,VCP
BVC,AMS
BVC,BHX
BVC,BRS
BVC,BRU
BVC,DUS
BVC,FRA
BVC,HAJ
BVC,LIS
BVC,LGW
BVC,LUX
BVC,MAN
BVC,BGY
BVC,MXP
BVC,MUC
BVC,ORY
BVC,FCO
BVC,STR
BVC,TFS
BVC,VRN
BVC,ZRH
BVC,RAI
BVC,SID
BVE,AJA
BVE,STN
BVE,NCE
BVE,ORY
BVE,OPO
BVE,SVQ
BVG,TOS
BVG,BJF
BVG,HFT
BVG,VDS
BVH,CGB
BVI,BEU
BVI,CTL
BVI,WNR
BVS,BEL
BWA,KTM
BWA,KUL
BWE,KLF
BWI,FRA
BWI,LHR
BWI,KEF
BWI,ABQ
BWI,ALB
BWI,ATL
BWI,AUA
BWI,AUS
BWI,AVL
BWI,BDA
BWI,BDL
BWI,BHM
BWI,BNA
BWI,BOS
BWI,BZE
BWI,CHS
BWI,CLE
BWI,CLT
BWI,CMH
BWI,COS
BWI,CUN
BWI,CVG
BWI,DAL
BWI,DEN
BWI,DFW
BWI,DTW
BWI,ECP
BWI,FLL
BWI,GCM
BWI,GRR
BWI,GSP
BWI,HOU
BWI,HVN
BWI,IAH
BWI,ILM
BWI,IND
BWI,ISP
BWI,JAN
BWI,JAX
BWI,JFK
BWI,LAS
BWI,LAX
BWI,LGA
BWI,LIR
BWI,MBJ
BWI,MCI
BWI,MCN
BWI,MCO
BWI,MDW
BWI,MEM
BWI,MHT
BWI,MKE
BWI,MSP
BWI,MSY
BWI,MYR
BWI,NAS
BWI,OAK
BWI,ORD
BWI,ORF
BWI,PBI
BWI,PDX
BWI,PHX
BWI,PIT
BWI,PLS
BWI,PTY
BWI,PUJ
BWI,PVD
BWI,PWM
BWI,RDU
BWI,RIC
BWI,ROC
BWI,RSW
BWI,SAN
BWI,SAT
BWI,SAV
BWI,SDF
BWI,SEA
BWI,SFO
BWI,SRQ
BWI,STL
BWI,SYR
BWI,TPA
BWI,VPS
BWI,SJC
BWI,SJD
BWI,SJO
BWI,SJU
BWI,SLC
BWI,SMF
BWI,MIA
BWI,BUF
BWK,BRN
BWK,LUX
BWK,VRN
BWK,ZAG
BWK,BZO
BWN,BKI
BWN,BKK
BWN,CGK
BWN,DXB
BWN,HGH
BWN,HKG
BWN,ICN
BWN,JED
BWN,KCH
BWN,KUL
BWN,MEL
BWN,MNL
BWN,NNG
BWN,NRT
BWN,SGN
BWN,SUB
BWN,TPE
BWN,SIN
BWN,PKX
BWT,KNS
BWT,LST
BWT,MEL
BWW,SUB
BWX,CGK
BWX,SUB
BXB,SOQ
BXG,SYD
BXR,THR
BXU,CEB
BXU,MNL
BYC,CBB
BYK,ABJ
BYK,HGO
BYN,UBN
BYO,CGH
BYO,CMG
BYO,VCP
BYR,RKE
BZA,MGA
BZE,ATL
BZE,BWI
BZE,CLT
BZE,CUK
BZE,CUN
BZE,CYC
BZE,DEN
BZE,DFW
BZE,DGA
BZE,EWR
BZE,GUA
BZE,HOU
BZE,IAH
BZE,INB
BZE,JFK
BZE,LAX
BZE,MSP
BZE,ORD
BZE,PLJ
BZE,PTY
BZE,RTB
BZE,SAP
BZE,SEA
BZE,SPR
BZE,YYC
BZE,YYZ
BZE,PND
BZE,MIA
BZG,BHX
BZG,BRS
BZG,DUB
BZG,KRK
BZG,LTN
BZG,STN
BZG,WAW
BZL,DAC
BZN,ATL
BZN,AUS
BZN,AZA
BZN,BNA
BZN,BOS
BZN,BUR
BZN,CLT
BZN,DAL
BZN,DEN
BZN,DFW
BZN,EWR
BZN,IAD
BZN,IAH
BZN,JFK
BZN,LAS
BZN,LAX
BZN,MDW
BZN,MSP
BZN,ORD
BZN,PDX
BZN,SAN
BZN,SEA
BZN,SFO
BZN,SLC
BZN,SNA
BZO,BWK
BZO,BDS
BZO,CAG
BZO,CTA
BZO,CFU
BZO,DUS
BZO,HAM
BZO,IBZ
BZO,SUF
BZO,LGW
BZO,OLB
BZO,STR
BZO,BER
BZO,KSF
BZR,BRS
BZR,CRL
BZR,EDI
BZR,LTN
BZR,STN
BZR,MAN
BZR,NRN
BZR,BVA
BZR,SNN
BZR,ARN
BZV,CMN
BZV,CDG
BZV,ABJ
BZV,ADD
BZV,COO
BZV,DLA
BZV,FIH
BZV,KGL
BZV,LBV
BZV,PNR
BZX,CAN
BZX,CTU
BZX,HAK
BZX,KMG
BZX,LJG
BZX,NGB
BZX,NKG
BZX,NNG
BZX,PVG
BZX,SZX
BZX,TAO
BZX,TNA
BZX,XIY
BZX,YIW
BZX,PKX
CAB,LAD
CAC,CWB
CAC,GRU
CAC,MCZ
CAC,VCP
CAE,ATL
CAE,CLT
CAE,DCA
CAE,DFW
CAE,IAD
CAE,LGA
CAE,OKC
CAE,ORD
CAE,PHL
CAE,MIA
CAG,AMS
CAG,AOI
CAG,ATH
CAG,BCN
CAG,BRI
CAG,BSL
CAG,BIO
CAG,BUD
CAG,BLQ
CAG,BDS
CAG,CRL
CAG,CCF
CAG,CTA
CAG,DUB
CAG,DUS
CAG,FLR
CAG,FRA
CAG,HHN
CAG,GVA
CAG,GOA
CAG,GOT
CAG,HAM
CAG,FKB
CAG,KRK
CAG,LGW
CAG,STN
CAG,LUX
CAG,LYS
CAG,MAD
CAG,MLA
CAG,MRS
CAG,BGY
CAG,LIN
CAG,MXP
CAG,MUC
CAG,NTE
CAG,NAP
CAG,NRN
CAG,NUE
CAG,PMO
CAG,PMI
CAG,BVA
CAG,CDG
CAG,ORY
CAG,PMF
CAG,PEG
CAG,PSA
CAG,OPO
CAG,POZ
CAG,PRG
CAG,RMI
CAG,CIA
CAG,FCO
CAG,SVQ
CAG,STR
CAG,TRS
CAG,TRN
CAG,VLC
CAG,VCE
CAG,VRN
CAG,VIE
CAG,ZRH
CAG,CUF
CAG,BZO
CAG,QSR
CAH,SGN
CAI,AMS
CAI,AYT
CAI,ATH
CAI,BCN
CAI,BIO
CAI,BUD
CAI,BRU
CAI,OTP
CAI,CMN
CAI,CGN
CAI,DUB
CAI,DUS
CAI,FRA
CAI,GVA
CAI,HRG
CAI,IST
CAI,SAW
CAI,CPH
CAI,LCA
CAI,LIS
CAI,LHR
CAI,LXR
CAI,LYS
CAI,MAD
CAI,AGP
CAI,MAN
CAI,RMF
CAI,BGY
CAI,MXP
CAI,DME
CAI,SVO
CAI,MUC
CAI,CDG
CAI,ORY
CAI,PRG
CAI,FCO
CAI,SSH
CAI,ARN
CAI,TNG
CAI,TUN
CAI,VLC
CAI,VRN
CAI,WAW
CAI,VIE
CAI,ZRH
CAI,TLV
CAI,BEY
CAI,ALG
CAI,AMM
CAI,EVN
CAI,EBL
CAI,AQJ
CAI,HBE
CAI,AAN
CAI,ABJ
CAI,ABS
CAI,ABV
CAI,ACC
CAI,ADD
CAI,ADE
CAI,AHB
CAI,AJF
CAI,AQI
CAI,ASM
CAI,ASW
CAI,ATZ
CAI,AUH
CAI,BAH
CAI,BEN
CAI,BER
CAI,BGW
CAI,BOM
CAI,BSR
CAI,CAN
CAI,CGK
CAI,DAC
CAI,DAR
CAI,DEL
CAI,DLA
CAI,DMM
CAI,DOH
CAI,DXB
CAI,EAM
CAI,EBB
CAI,ELQ
CAI,EWR
CAI,FIH
CAI,FJR
CAI,GXF
CAI,HAH
CAI,HAS
CAI,HGH
CAI,IAD
CAI,ISU
CAI,JED
CAI,JFK
CAI,JIB
CAI,JNB
CAI,JUB
CAI,KAN
CAI,KGL
CAI,KWI
CAI,LOS
CAI,MCT
CAI,MED
CAI,MJI
CAI,MRA
CAI,NBO
CAI,NDJ
CAI,NRT
CAI,OUA
CAI,PEK
CAI,PVG
CAI,RKT
CAI,RUH
CAI,SHJ
CAI,SZX
CAI,TIF
CAI,TUU
CAI,YNB
CAI,YYZ
CAI,HMB
CAI,PZU
CAI,GIZ
CAI,DBB
CAI,TFU
CAJ,CCS
CAK,BNA
CAK,CHS
CAK,CLT
CAK,DCA
CAK,FLL
CAK,LAS
CAK,LAX
CAK,MCO
CAK,MYR
CAK,ORD
CAK,ORF
CAK,PGD
CAK,PIE
CAK,RDU
CAK,RSW
CAK,SAV
CAK,SFB
CAK,SRQ
CAK,TPA
CAL,GLA
CAN,AMS
CAN,BUD
CAN,CAI
CAN,FRA
CAN,IST
CAN,LGW
CAN,LHR
CAN,SVO
CAN,CDG
CAN,FCO
CAN,AAT
CAN,ADD
CAN,AKA
CAN,AQG
CAN,BAH
CAN,BGW
CAN,BHY
CAN,BKI
CAN,BKK
CAN,BNE
CAN,CEB
CAN,CGD
CAN,CGK
CAN,CGO
CAN,CGQ
CAN,CHC
CAN,CKG
CAN,CMB
CAN,CNX
CAN,CSX
CAN,CTU
CAN,CXR
CAN,CZX
CAN,DAC
CAN,DAR
CAN,DIG
CAN,DLC
CAN,DLU
CAN,DMK
CAN,DOH
CAN,DPS
CAN,DXB
CAN,DYG
CAN,ENH
CAN,ENY
CAN,FOC
CAN,FUG
CAN,GYS
CAN,HAK
CAN,HAN
CAN,HDG
CAN,HET
CAN,HFE
CAN,HGH
CAN,HIA
CAN,HKG
CAN,HKT
CAN,HLD
CAN,HND
CAN,HRB
CAN,HYN
CAN,HZG
CAN,ICN
CAN,IKA
CAN,INC
CAN,ISB
CAN,JDZ
CAN,JED
CAN,JFK
CAN,JGN
CAN,JGS
CAN,JHB
CAN,JHG
CAN,JIQ
CAN,JJN
CAN,JNG
CAN,JUZ
CAN,KHG
CAN,KHN
CAN,KIX
CAN,KMG
CAN,KOW
CAN,KTM
CAN,KUL
CAN,KWE
CAN,KWI
CAN,LAX
CAN,LCX
CAN,LHE
CAN,LJG
CAN,LUM
CAN,LYA
CAN,LYG
CAN,LYI
CAN,LZO
CAN,LZY
CAN,MDC
CAN,MEL
CAN,MIG
CAN,MNL
CAN,MXZ
CAN,NAO
CAN,NBO
CAN,NGB
CAN,NKG
CAN,NNG
CAN,NNY
CAN,NRT
CAN,PEK
CAN,PEN
CAN,PER
CAN,PNH
CAN,POM
CAN,PVG
CAN,RGN
CAN,RUH
CAN,SFO
CAN,SGN
CAN,SHA
CAN,SHE
CAN,SWA
CAN,SYD
CAN,SYX
CAN,TAO
CAN,TCZ
CAN,TNA
CAN,TPE
CAN,TSN
CAN,TWU
CAN,TYN
CAN,URC
CAN,VTE
CAN,WEH
CAN,WNH
CAN,WNZ
CAN,WUH
CAN,WUX
CAN,WXN
CAN,XFN
CAN,XIC
CAN,XIY
CAN,XMN
CAN,XNN
CAN,XUZ
CAN,YBP
CAN,YIH
CAN,YIW
CAN,YNT
CAN,YNZ
CAN,YTY
CAN,YYZ
CAN,ZAT
CAN,ZHA
CAN,ZHY
CAN,ZNZ
CAN,ZYI
CAN,ACX
CAN,DOY
CAN,NTG
CAN,PKZ
CAN,SIN
CAN,SJW
CAN,TXN
CAN,UYN
CAN,WUS
CAN,YCU
CAN,LHW
CAN,PZI
CAN,YIC
CAN,JUH
CAN,BFJ
CAN,HCJ
CAN,TLQ
CAN,RIZ
CAN,LFQ
CAN,WDS
CAN,WUT
CAN,SQJ
CAN,YKH
CAN,BAR
CAN,SQD
CAN,WMT
CAN,YSQ
CAN,BZX
CAN,TWC
CAN,PKX
CAN,AKL
CAN,WSK
CAN,UBN
CAN,YLX
CAN,SHS
CAN,TFU
CAN,CQW
CAN,HZA
CAN,WHA
CAN,DZH
CAN,DXJ
CAN,SAI
CAN,HQQ
CAN,LZG
CAP,CYA
CAP,FLL
CAP,NAS
CAP,PAP
CAP,PLS
CAP,MIA
CAT,BGC
CAT,PRM
CAT,VSE
CAU,REC
CAW,VCP
CAY,CDG
CAY,ORY
CAY,BEL
CAY,FDF
CAZ,SYD
CBB,MAD
CBB,BYC
CBB,CIJ
CBB,GRU
CBB,LPB
CBB,ORU
CBB,RBQ
CBB,RIB
CBB,SRE
CBB,TDD
CBB,TJA
CBB,VVI
CBG,GOT
CBH,ALG
CBH,ORN
CBH,CZL
CBH,TIN
CBL,CCS
CBO,CEB
CBO,MNL
CBO,TWT
CBQ,ABV
CBQ,LOS
CBR,ADL
CBR,BNE
CBR,CNS
CBR,DPS
CBR,HBA
CBR,MEL
CBR,NAN
CBR,NTL
CBR,PER
CBR,SYD
CBR,OOL
CBT,LAD
CCC,LGW
CCC,SVO
CCC,EZE
CCC,HAV
CCC,SNU
CCC,YHZ
CCC,YOW
CCC,YQB
CCC,YUL
CCC,YYZ
CCF,BOH
CCF,CRL
CCF,CAG
CCF,ORK
CCF,DUB
CCF,STN
CCF,MAN
CCF,EMA
CCF,OPO
CCF,TNG
CCJ,AAN
CCJ,AUH
CCJ,BAH
CCJ,BLR
CCJ,BOM
CCJ,COK
CCJ,DEL
CCJ,DMM
CCJ,DOH
CCJ,DXB
CCJ,HYD
CCJ,JED
CCJ,KUL
CCJ,KWI
CCJ,MAA
CCJ,MCT
CCJ,RKT
CCJ,RUH
CCJ,SHJ
CCJ,SLL
CCK,LEA
CCK,PER
CCK,XCH
CCP,ANF
CCP,CJC
CCP,IQQ
CCP,LSC
CCP,PMC
CCP,SCL
CCR,BUR
CCR,SNA
CCS,FNC
CCS,IST
CCS,LIS
CCS,MAD
CCS,VKO
CCS,TFN
CCS,BGI
CCS,BLA
CCS,BNS
CCS,BOG
CCS,BRM
CCS,CAJ
CCS,CBL
CCS,CUM
CCS,CUN
CCS,CUR
CCS,HAV
CCS,LFR
CCS,LIM
CCS,LRM
CCS,LRV
CCS,LSP
CCS,MAR
CCS,MDE
CCS,MUN
CCS,PBM
CCS,PMV
CCS,POS
CCS,PTY
CCS,PUJ
CCS,SCL
CCS,SDQ
CCS,STD
CCS,SVD
CCS,SVZ
CCS,UIO
CCS,VIG
CCS,VLV
CCS,VVI
CCS,PYH
CCS,PZO
CCS,NLU
CCU,AJL
CCU,AMD
CCU,ATQ
CCU,AUH
CCU,BBI
CCU,BKK
CCU,BLR
CCU,BOM
CCU,CGP
CCU,COH
CCU,COK
CCU,DAC
CCU,DED
CCU,DEL
CCU,DIB
CCU,DMK
CCU,DMU
CCU,DOH
CCU,DXB
CCU,GAU
CCU,GAY
CCU,GOI
CCU,GOP
CCU,HAN
CCU,HYD
CCU,IDR
CCU,IMF
CCU,IXA
CCU,IXB
CCU,IXC
CCU,IXI
CCU,IXJ
CCU,IXR
CCU,IXS
CCU,IXW
CCU,IXZ
CCU,JAI
CCU,JRH
CCU,KTM
CCU,KUL
CCU,LKO
CCU,MAA
CCU,NAG
CCU,PAT
CCU,PBH
CCU,PNQ
CCU,RGN
CCU,RPR
CCU,RRK
CCU,SGN
CCU,SHL
CCU,STV
CCU,SXR
CCU,TEZ
CCU,VNS
CCU,VTZ
CCU,SIN
CCU,PYG
CCU,JRG
CCU,DBR
CCU,DGH
CCU,GOX
CCU,HGI
CCU,AYJ
CCV,VLI
CCV,ULB
CCV,NUS
CDB,ANC
CDB,SDP
CDC,SLC
CDE,TAO
CDE,WUH
CDE,XIY
CDE,SJW
CDG,AGA
CDG,AJA
CDG,ALC
CDG,AMS
CDG,ESB
CDG,AYT
CDG,ACE
CDG,ATH
CDG,BCN
CDG,BRI
CDG,BSL
CDG,BIA
CDG,BFS
CDG,BEG
CDG,BGO
CDG,BIQ
CDG,BIO
CDG,BLL
CDG,BHX
CDG,BUD
CDG,BLQ
CDG,BOD
CDG,BES
CDG,BRS
CDG,BRU
CDG,OTP
CDG,CAG
CDG,CAI
CDG,CLY
CDG,CMN
CDG,CTA
CDG,CFU
CDG,ORK
CDG,DJE
CDG,DUB
CDG,DBV
CDG,DUS
CDG,EDI
CDG,FAO
CDG,FEZ
CDG,FLR
CDG,FRA
CDG,FNC
CDG,GVA
CDG,GLA
CDG,GOT
CDG,HAM
CDG,HAJ
CDG,EVE
CDG,HEL
CDG,HER
CDG,IBZ
CDG,IST
CDG,SAW
CDG,ADB
CDG,KRN
CDG,KTT
CDG,CPH
CDG,KRK
CDG,LCA
CDG,LPA
CDG,LBA
CDG,LIS
CDG,LPL
CDG,LJU
CDG,LGW
CDG,LHR
CDG,LTN
CDG,LDE
CDG,LUX
CDG,LXR
CDG,LYS
CDG,MAD
CDG,MAH
CDG,AGP
CDG,MLA
CDG,MAN
CDG,RAK
CDG,MRS
CDG,BGY
CDG,LIN
CDG,MXP
CDG,MIR
CDG,MPL
CDG,MUC
CDG,JMK
CDG,NTE
CDG,NAP
CDG,NCL
CDG,NCE
CDG,EMA
CDG,NUE
CDG,OLB
CDG,OSL
CDG,OUD
CDG,PMO
CDG,PMI
CDG,PUF
CDG,PSA
CDG,OPO
CDG,PRG
CDG,PUY
CDG,RNS
CDG,KEF
CDG,RHO
CDG,RIX
CDG,FCO
CDG,RVN
CDG,SCQ
CDG,JTR
CDG,SVQ
CDG,SNN
CDG,SOF
CDG,SOU
CDG,SPU
CDG,SVG
CDG,ARN
CDG,STR
CDG,TLL
CDG,TNG
CDG,TBS
CDG,TFS
CDG,SKG
CDG,TIA
CDG,TLS
CDG,TOS
CDG,TUN
CDG,TRN
CDG,VLC
CDG,VCE
CDG,VRN
CDG,VNO
CDG,WAW
CDG,VIE
CDG,ZAG
CDG,ZRH
CDG,SEN
CDG,RMO
CDG,FSC
CDG,KLX
CDG,TLV
CDG,BEY
CDG,CFE
CDG,ALG
CDG,AMM
CDG,TGD
CDG,EVN
CDG,RBA
CDG,ORN
CDG,AAE
CDG,ABJ
CDG,ABV
CDG,ACC
CDG,ADD
CDG,ATL
CDG,AUH
CDG,BAH
CDG,GYD
CDG,BER
CDG,BGF
CDG,BJA
CDG,BKK
CDG,BKO
CDG,BLJ
CDG,BLR
CDG,BOG
CDG,BOM
CDG,BOS
CDG,BSK
CDG,BZV
CDG,CAN
CDG,CAY
CDG,CKG
CDG,CKY
CDG,CLT
CDG,CMB
CDG,COO
CDG,CPT
CDG,CUN
CDG,CVG
CDG,CZL
CDG,DAR
CDG,DEL
CDG,DEN
CDG,DFW
CDG,DLA
CDG,DOH
CDG,DTW
CDG,DXB
CDG,DZA
CDG,ELU
CDG,EWR
CDG,EZE
CDG,FAE
CDG,FDF
CDG,FIH
CDG,FOR
CDG,FSP
CDG,GIG
CDG,GRU
CDG,HAN
CDG,HAV
CDG,HKG
CDG,HND
CDG,IAD
CDG,IAH
CDG,ICN
CDG,IKA
CDG,JED
CDG,JFK
CDG,JIB
CDG,JNB
CDG,KGL
CDG,KIX
CDG,KWI
CDG,LAD
CDG,LAX
CDG,LBV
CDG,LFW
CDG,LIM
CDG,LOS
CDG,MCT
CDG,MEX
CDG,MLE
CDG,MRU
CDG,MSP
CDG,NBO
CDG,NDJ
CDG,NIM
CDG,NKC
CDG,NRT
CDG,NSI
CDG,ORD
CDG,OUA
CDG,PDL
CDG,PEK
CDG,PER
CDG,PHX
CDG,PNR
CDG,PTP
CDG,PTY
CDG,PVG
CDG,QSF
CDG,RAI
CDG,RDU
CDG,RUH
CDG,RUN
CDG,SAN
CDG,SCL
CDG,SEA
CDG,SFO
CDG,SGN
CDG,SSA
CDG,SSG
CDG,SXM
CDG,SZX
CDG,TAS
CDG,TNR
CDG,TPE
CDG,VXE
CDG,XMN
CDG,YOW
CDG,YQB
CDG,YUL
CDG,YVR
CDG,YYC
CDG,YYZ
CDG,ZNZ
CDG,CFK
CDG,SIN
CDG,SJO
CDG,SLC
CDG,TLM
CDG,UGC
CDG,DSS
CDG,PHL
CDG,MIA
CDP,BLR
CDP,MAA
CDP,VTZ
CDP,VGA
CDR,DEN
CDT,BIO
CDT,CRL
CDT,OTP
CDT,STN
CDT,MAD
CDT,BGY
CDT,NRN
CDT,OVD
CDT,OPO
CDT,FCO
CDT,BER
CDV,ANC
CDV,YAK
CEB,BAG
CEB,BCD
CEB,BKK
CEB,BXU
CEB,CAN
CEB,CBO
CEB,CGM
CEB,CGY
CEB,CRK
CEB,CYP
CEB,DGT
CEB,DOH
CEB,DPL
CEB,DVO
CEB,DXB
CEB,ENI
CEB,GES
CEB,HKG
CEB,ICN
CEB,ILO
CEB,KIX
CEB,LAO
CEB,MNL
CEB,MPH
CEB,NRT
CEB,OZC
CEB,PAG
CEB,PPS
CEB,PUS
CEB,PVG
CEB,SUG
CEB,SZX
CEB,TAC
CEB,TAE
CEB,TPE
CEB,USU
CEB,WNP
CEB,ZAM
CEB,IAO
CEB,SIN
CEB,BPA
CEB,DRP
CEC,HHR
CEC,OAK
CED,ADL
CEE,KGD
CEE,MSQ
CEE,DME
CEE,SVO
CEE,LED
CEE,MMK
CEE,KZN
CEE,AER
CEE,ARH
CEE,KLF
CEE,MCX
CEE,MRV
CEE,SVX
CEE,VUS
CEI,BKK
CEI,DMK
CEI,HKT
CEK,AYT
CEK,MSQ
CEK,SVO
CEK,LED
CEK,EVN
CEK,KZN
CEK,KUF
CEK,AER
CEK,GYD
CEK,DYU
CEK,HMA
CEK,KJA
CEK,LBD
CEK,MCX
CEK,MRV
CEK,NJC
CEK,NNM
CEK,NSK
CEK,NUX
CEK,OSS
CEK,OVB
CEK,SGC
CEK,VOG
CEL,POA
CEN,GDL
CEN,MEX
CEN,MTY
CEN,TIJ
CEZ,DEN
CEZ,PHX
CFB,CNF
CFE,AJA
CFE,FEZ
CFE,CDG
CFE,OPO
CFG,CYO
CFG,YUL
CFK,MRS
CFK,CDG
CFN,DUB
CFN,GLA
CFR,AJA
CFR,BIA
CFR,CLY
CFR,KIR
CFR,LYS
CFR,MRS
CFR,MPL
CFR,NCE
CFR,SOU
CFR,TLS
CFR,FSC
CFS,ARM
CFS,BNE
CFS,MEL
CFS,SYD
CFU,AAR
CFU,AMS
CFU,GPA
CFU,ATH
CFU,BCN
CFU,BRI
CFU,BSL
CFU,BFS
CFU,BEG
CFU,BHX
CFU,BUD
CFU,BLQ
CFU,BOD
CFU,BOH
CFU,BTS
CFU,BRS
CFU,BRQ
CFU,BRU
CFU,CRL
CFU,OTP
CFU,CGN
CFU,DUB
CFU,MME
CFU,DUS
CFU,EDI
CFU,FRA
CFU,GDN
CFU,GVA
CFU,GLA
CFU,GRZ
CFU,HAM
CFU,HAJ
CFU,FKB
CFU,KTW
CFU,CPH
CFU,KRK
CFU,LCA
CFU,LBA
CFU,LEJ
CFU,LPL
CFU,LGW
CFU,LHR
CFU,LTN
CFU,STN
CFU,LBC
CFU,LUX
CFU,LYS
CFU,MAD
CFU,MLA
CFU,MAN
CFU,MRS
CFU,BGY
CFU,LIN
CFU,MXP
CFU,MUC
CFU,FMO
CFU,NTE
CFU,NAP
CFU,NCL
CFU,NRN
CFU,EMA
CFU,NUE
CFU,OSL
CFU,CDG
CFU,ORY
CFU,PSA
CFU,POZ
CFU,PRG
CFU,PVK
CFU,PRN
CFU,RIX
CFU,LIL
CFU,CIA
CFU,FCO
CFU,RTM
CFU,SZG
CFU,SNN
CFU,SOF
CFU,ARN
CFU,STR
CFU,SKG
CFU,TIA
CFU,TLS
CFU,TRN
CFU,TSF
CFU,VCE
CFU,VRN
CFU,VNO
CFU,WAW
CFU,VIE
CFU,WRO
CFU,ZAG
CFU,ZRH
CFU,CLJ
CFU,FMM
CFU,SXB
CFU,TLV
CFU,OSR
CFU,BZO
CFU,INI
CFU,BER
CFU,DEB
CFU,DXB
CFU,WMI
CFU,PEV
CGA,KLW
CGA,KTB
CGB,AFL
CGB,BPG
CGB,BPS
CGB,BSB
CGB,BVH
CGB,CGH
CGB,CGR
CGB,CNF
CGB,CWB
CGB,GRU
CGB,GYN
CGB,JPR
CGB,MCZ
CGB,OPS
CGB,PVH
CGB,VCP
CGB,OAL
CGB,SJP
CGB,SMT
CGB,AIR
CGB,JIA
CGD,CAN
CGD,CKG
CGD,HAK
CGD,HGH
CGD,KMG
CGD,KWE
CGD,SHA
CGD,SZX
CGD,XIY
CGD,ZUH
CGD,PKX
CGD,TFU
CGH,AJU
CGH,ARU
CGH,BPS
CGH,BSB
CGH,CGB
CGH,CGR
CGH,CLV
CGH,CNF
CGH,CWB
CGH,CXJ
CGH,FLN
CGH,FOR
CGH,GIG
CGH,GYN
CGH,IGU
CGH,IOS
CGH,IPN
CGH,IZA
CGH,JOI
CGH,JPA
CGH,LDB
CGH,MCZ
CGH,MGF
CGH,MOC
CGH,NAT
CGH,NVT
CGH,POA
CGH,PPB
CGH,RAO
CGH,REC
CGH,SDU
CGH,SSA
CGH,UBA
CGH,UDI
CGH,VIX
CGH,XAP
CGH,SJP
CGH,BYO
CGH,RRJ
CGH,UNA
CGH,QNS
CGI,BNA
CGK,AMS
CGK,CAI
CGK,IST
CGK,AMQ
CGK,AUH
CGK,BDJ
CGK,BEJ
CGK,BKI
CGK,BKK
CGK,BKS
CGK,BOM
CGK,BPN
CGK,BTH
CGK,BTJ
CGK,BWN
CGK,CAN
CGK,CMB
CGK,DJB
CGK,DJJ
CGK,DMK
CGK,DOH
CGK,DPS
CGK,DXB
CGK,FOC
CGK,GTO
CGK,HAN
CGK,HKG
CGK,HND
CGK,ICN
CGK,JED
CGK,JHB
CGK,KCH
CGK,KDI
CGK,KOE
CGK,KUL
CGK,LBJ
CGK,LOP
CGK,MCT
CGK,MDC
CGK,MED
CGK,MEL
CGK,MFM
CGK,MLG
CGK,MNL
CGK,NNG
CGK,NRT
CGK,PDG
CGK,PEK
CGK,PEN
CGK,PER
CGK,PKU
CGK,PLM
CGK,PNH
CGK,PNK
CGK,PVG
CGK,SGN
CGK,SOC
CGK,SRG
CGK,SUB
CGK,SYD
CGK,SYX
CGK,SZX
CGK,TAS
CGK,TJQ
CGK,TKG
CGK,TNJ
CGK,TPE
CGK,TRK
CGK,UPG
CGK,XMN
CGK,PGK
CGK,PKN
CGK,PLW
CGK,SIN
CGK,SMQ
CGK,SOQ
CGK,TTE
CGK,PKY
CGK,KNO
CGK,BWX
CGK,DTB
CGK,BUU
CGK,LLJ
CGK,YIA
CGK,AAP
CGK,TFU
CGK,DHX
CGM,CEB
CGN,AGA
CGN,ALC
CGN,ESB
CGN,AYT
CGN,ACE
CGN,ATH
CGN,BCN
CGN,BRI
CGN,BHX
CGN,BJV
CGN,BUD
CGN,BLQ
CGN,BDS
CGN,BRS
CGN,BOJ
CGN,CAI
CGN,CLY
CGN,CTA
CGN,CFU
CGN,DLM
CGN,DUB
CGN,DBV
CGN,EDI
CGN,FAO
CGN,FEZ
CGN,FUE
CGN,FNC
CGN,GLA
CGN,HAM
CGN,HER
CGN,HRG
CGN,IBZ
CGN,IST
CGN,SAW
CGN,ADB
CGN,KUN
CGN,NOC
CGN,CPH
CGN,KGS
CGN,SUF
CGN,LCA
CGN,LPA
CGN,LIS
CGN,LHR
CGN,STN
CGN,MAH
CGN,AGP
CGN,MLA
CGN,MAN
CGN,RAK
CGN,RMF
CGN,BGY
CGN,MXP
CGN,MIR
CGN,MUC
CGN,NDR
CGN,NAP
CGN,NCL
CGN,NCE
CGN,OLB
CGN,PFO
CGN,PMO
CGN,PMI
CGN,PSA
CGN,OPO
CGN,PRG
CGN,PUY
CGN,RHO
CGN,RIX
CGN,RJK
CGN,FCO
CGN,SCQ
CGN,JTR
CGN,SVQ
CGN,SKP
CGN,SOF
CGN,SPU
CGN,ARN
CGN,TNG
CGN,TFS
CGN,SKG
CGN,TIA
CGN,TUN
CGN,VLC
CGN,VAR
CGN,VCE
CGN,VRN
CGN,VIT
CGN,VIE
CGN,ZAD
CGN,ZAG
CGN,ZRH
CGN,KVA
CGN,SJJ
CGN,RMO
CGN,TLV
CGN,ADA
CGN,ASR
CGN,EVN
CGN,EBL
CGN,AQJ
CGN,INI
CGN,BER
CGN,DWC
CGN,DXB
CGN,EZS
CGN,GZT
CGN,IKA
CGN,JED
CGN,SZF
CGO,HEL
CGO,LGW
CGO,LUX
CGO,MXP
CGO,AKU
CGO,BAV
CGO,BHY
CGO,BKK
CGO,CAN
CGO,CGQ
CGO,CIF
CGO,CJU
CGO,CKG
CGO,CTU
CGO,DAT
CGO,DLC
CGO,DMK
CGO,DSN
CGO,ENY
CGO,FOC
CGO,GOQ
CGO,HAK
CGO,HET
CGO,HGH
CGO,HKG
CGO,HLD
CGO,HMI
CGO,HNY
CGO,HRB
CGO,HSN
CGO,HTN
CGO,HUZ
CGO,ICN
CGO,INC
CGO,JGN
CGO,JGS
CGO,JHG
CGO,JJN
CGO,JUZ
CGO,KCA
CGO,KHG
CGO,KHN
CGO,KMG
CGO,KOW
CGO,KRL
CGO,KRY
CGO,KUL
CGO,KWE
CGO,KWL
CGO,LJG
CGO,LUM
CGO,LXA
CGO,LZH
CGO,LZO
CGO,NGB
CGO,NNG
CGO,PEK
CGO,PNH
CGO,PVG
CGO,SHA
CGO,SHE
CGO,SWA
CGO,SYD
CGO,SYX
CGO,SZX
CGO,TAO
CGO,TCZ
CGO,TPE
CGO,TSN
CGO,URC
CGO,WNZ
CGO,WUA
CGO,XIL
CGO,XMN
CGO,XNN
CGO,YBP
CGO,YIN
CGO,YIW
CGO,YNJ
CGO,YNT
CGO,ZHA
CGO,ZUH
CGO,ZYI
CGO,DOY
CGO,RLK
CGO,SIN
CGO,TCG
CGO,TGO
CGO,TXN
CGO,UYN
CGO,LHW
CGO,JUH
CGO,LFQ
CGO,UCB
CGO,WMT
CGO,TFU
CGO,DZH
CGO,TEN
CGO,ACF
CGP,AUH
CGP,CCU
CGP,DAC
CGP,DOH
CGP,DXB
CGP,JED
CGP,MCT
CGP,MED
CGP,SHJ
CGQ,AAT
CGQ,CAN
CGQ,CGO
CGQ,CKG
CGQ,CSX
CGQ,CTU
CGQ,CZX
CGQ,DAT
CGQ,DSN
CGQ,FOC
CGQ,FUG
CGQ,HET
CGQ,HFE
CGQ,HGH
CGQ,HIA
CGQ,HKG
CGQ,HLD
CGQ,HLH
CGQ,ICN
CGQ,INC
CGQ,KHN
CGQ,KMG
CGQ,LYG
CGQ,LYI
CGQ,NBS
CGQ,NGB
CGQ,NKG
CGQ,NRT
CGQ,PEK
CGQ,PVG
CGQ,SHA
CGQ,SYX
CGQ,SZX
CGQ,TAO
CGQ,TNA
CGQ,TSN
CGQ,TYN
CGQ,URC
CGQ,WEF
CGQ,WEH
CGQ,WNZ
CGQ,WUH
CGQ,WUX
CGQ,XFN
CGQ,XIY
CGQ,XMN
CGQ,XUZ
CGQ,YIW
CGQ,YNJ
CGQ,YNT
CGQ,YNZ
CGQ,YTY
CGQ,DOY
CGQ,NTG
CGQ,SJW
CGQ,YCU
CGQ,LHW
CGQ,RIZ
CGQ,LFQ
CGQ,PKX
CGQ,TFU
CGQ,HZA
CGR,BPS
CGR,BSB
CGR,CGB
CGR,CGH
CGR,CWB
CGR,GRU
CGR,VCP
CGY,BCD
CGY,CEB
CGY,DVO
CGY,ILO
CGY,MNL
CHA,ATL
CHA,CLT
CHA,DCA
CHA,DFW
CHA,DTW
CHA,LAS
CHA,ORD
CHA,PIE
CHA,SFB
CHA,MIA
CHC,BHE
CHC,BNE
CHC,CAN
CHC,CHT
CHC,DUD
CHC,HKG
CHC,HKK
CHC,HLZ
CHC,IVC
CHC,MEL
CHC,NAN
CHC,NPE
CHC,NPL
CHC,NSN
CHC,PMR
CHC,ROT
CHC,SFO
CHC,SYD
CHC,TRG
CHC,WKA
CHC,WLG
CHC,ZQN
CHC,SIN
CHC,AKL
CHC,OOL
CHG,PVG
CHG,TSN
CHH,LIM
CHO,ATL
CHO,CLT
CHO,IAD
CHO,LGA
CHO,ORD
CHQ,AMS
CHQ,ATH
CHQ,BRI
CHQ,BSL
CHQ,BEG
CHQ,BGO
CHQ,BHX
CHQ,BUD
CHQ,BLQ
CHQ,BRS
CHQ,BRU
CHQ,CRL
CHQ,OTP
CHQ,DTM
CHQ,DUB
CHQ,DUS
CHQ,FRA
CHQ,HHN
CHQ,GDN
CHQ,GVA
CHQ,GLA
CHQ,HAM
CHQ,HEL
CHQ,HER
CHQ,CPH
CHQ,KRK
CHQ,LBA
CHQ,LGW
CHQ,LHR
CHQ,LTN
CHQ,STN
CHQ,LUX
CHQ,LYS
CHQ,MLA
CHQ,MAN
CHQ,MRS
CHQ,BGY
CHQ,MXP
CHQ,MUC
CHQ,NAP
CHQ,NCL
CHQ,NCE
CHQ,NRN
CHQ,EMA
CHQ,NUE
CHQ,OST
CHQ,OSL
CHQ,PFO
CHQ,ORY
CHQ,PSA
CHQ,POZ
CHQ,PRG
CHQ,PRN
CHQ,FCO
CHQ,SOF
CHQ,ARN
CHQ,STR
CHQ,SKG
CHQ,TSF
CHQ,WAW
CHQ,VIE
CHQ,WRO
CHQ,ZRH
CHQ,CLJ
CHQ,FMM
CHQ,TLV
CHQ,BER
CHQ,WMI
CHS,ATL
CHS,AUS
CHS,BDL
CHS,BNA
CHS,BOS
CHS,BWI
CHS,CAK
CHS,CLE
CHS,CLT
CHS,CMH
CHS,CVG
CHS,DAL
CHS,DCA
CHS,DEN
CHS,DFW
CHS,DTW
CHS,EWR
CHS,FLL
CHS,HOU
CHS,HPN
CHS,HVN
CHS,IAD
CHS,IAH
CHS,IND
CHS,ISP
CHS,JFK
CHS,LAS
CHS,LAX
CHS,LCK
CHS,LGA
CHS,MCO
CHS,MDW
CHS,MHT
CHS,MSP
CHS,MSY
CHS,ORD
CHS,ORF
CHS,PBI
CHS,PIT
CHS,PVD
CHS,PWM
CHS,RIC
CHS,RSW
CHS,SDF
CHS,SEA
CHS,STL
CHS,SWF
CHS,SYR
CHS,TPA
CHS,YYZ
CHS,PHL
CHS,MIA
CHT,CHC
CHT,WLG
CHT,AKL
CHU,ANI
CHX,PAC
CHY,GZO
CHY,HIR
CIA,BEG
CIA,BUD
CIA,BTS
CIA,CRL
CIA,OTP
CIA,CAG
CIA,CFU
CIA,ORK
CIA,EDI
CIA,FEZ
CIA,GDN
CIA,KRK
CIA,LPL
CIA,STN
CIA,LDE
CIA,MAN
CIA,RAK
CIA,EMA
CIA,OLB
CIA,PFO
CIA,OPO
CIA,POZ
CIA,PRG
CIA,RHO
CIA,RIX
CIA,SVQ
CIA,SKP
CIA,SOF
CIA,TLL
CIA,TNG
CIA,SKG
CIA,TSR
CIA,TIA
CIA,VNO
CIA,WRO
CIA,AMM
CIA,IAS
CIA,RBA
CIA,CRA
CIA,KUT
CIA,WMI
CID,ATL
CID,AZA
CID,BNA
CID,CLT
CID,DCA
CID,DEN
CID,DFW
CID,FLL
CID,LAS
CID,LAX
CID,MSP
CID,ORD
CID,PGD
CID,PHX
CID,PIE
CID,SFB
CID,SRQ
CID,MIA
CIF,BAV
CIF,CGO
CIF,DLC
CIF,DSN
CIF,ERL
CIF,HET
CIF,HGH
CIF,HLD
CIF,HLH
CIF,HRB
CIF,LYA
CIF,NKG
CIF,PVG
CIF,SZX
CIF,TAO
CIF,TNA
CIF,TSN
CIF,TYN
CIF,WUA
CIF,XIL
CIF,XIY
CIF,RLK
CIF,SJW
CIF,TGO
CIF,NZH
CIF,NZL
CIH,CKG
CIH,DLC
CIH,HAK
CIH,HGH
CIH,PEK
CIH,PVG
CIH,SZX
CIH,TSN
CIH,WUH
CIH,XIY
CIH,PKX
CIH,TFU
CIJ,CBB
CIJ,LPB
CIJ,TDD
CIJ,VVI
CIK,FYU
CIT,AYT
CIT,IST
CIT,SAW
CIT,SVO
CIT,VKO
CIT,AKX
CIT,ALA
CIT,DXB
CIT,DZN
CIT,GUW
CIT,JED
CIT,KOV
CIT,KSN
CIT,KUT
CIT,MED
CIT,PLX
CIT,SCO
CIT,UKK
CIT,URA
CIT,NQZ
CIU,DTW
CIU,MSP
CIX,LIM
CIX,PTY
CIX,TPP
CIY,BCN
CIY,BRI
CIY,BLQ
CIY,BGY
CIY,LIN
CIY,MXP
CIY,NAP
CIY,ORY
CIY,PSA
CIY,LIL
CIY,FCO
CIY,TIA
CIY,TRN
CIY,VRN
CIZ,LBR
CIZ,MAO
CIZ,IRZ
CJA,LIM
CJB,BLR
CJB,BOM
CJB,DEL
CJB,HYD
CJB,MAA
CJB,PNQ
CJB,SHJ
CJB,SIN
CJB,GOX
CJC,CCP
CJC,LSC
CJC,SCL
CJJ,CJU
CJJ,CRK
CJJ,CXR
CJJ,DAD
CJJ,DMK
CJJ,DSN
CJJ,DYG
CJJ,FUK
CJJ,KIX
CJJ,MNL
CJJ,NRT
CJJ,TPE
CJJ,TYN
CJJ,YNJ
CJJ,UBN
CJL,ISB
CJM,DMK
CJN,BDO
CJN,HLP
CJS,BJX
CJS,CUN
CJS,DGO
CJS,GDL
CJS,HMO
CJS,MEX
CJS,MTY
CJS,MZT
CJS,PVR
CJS,TIJ
CJS,TRC
CJS,NLU
CJU,CGO
CJU,CJJ
CJU,DLC
CJU,DSN
CJU,FOC
CJU,GMP
CJU,HGH
CJU,HIN
CJU,HKG
CJU,HRB
CJU,KHN
CJU,KIX
CJU,KPO
CJU,KUV
CJU,KWJ
CJU,NGB
CJU,NKG
CJU,NRT
CJU,PEK
CJU,PUS
CJU,PVG
CJU,SHE
CJU,SZX
CJU,TAE
CJU,TPE
CJU,WJU
CJU,WUX
CJU,XIY
CJU,MWX
CJU,RSU
CJU,SIN
CJU,USN
CJU,PKX
CJZ,REC
CKB,CLT
CKB,MYR
CKB,PIE
CKB,SFB
CKB,VPS
CKD,ANI
CKG,BUD
CKG,LHR
CKG,MAD
CKG,MXP
CKG,SVO
CKG,CDG
CKG,FCO
CKG,AEB
CKG,AKU
CKG,BAV
CKG,BHY
CKG,BKK
CKG,BPX
CKG,CAN
CKG,CGD
CKG,CGO
CKG,CGQ
CKG,CIH
CKG,CMB
CKG,CSX
CKG,CZX
CKG,DLC
CKG,DLU
CKG,DMK
CKG,DOH
CKG,DSN
CKG,DXB
CKG,DYG
CKG,ENY
CKG,FOC
CKG,FUG
CKG,HAK
CKG,HAN
CKG,HDG
CKG,HET
CKG,HFE
CKG,HGH
CKG,HIA
CKG,HKG
CKG,HKT
CKG,HNY
CKG,HRB
CKG,HSC
CKG,HTN
CKG,HUZ
CKG,HYN
CKG,ICN
CKG,INC
CKG,IQN
CKG,JGN
CKG,JGS
CKG,JHG
CKG,JIQ
CKG,JJN
CKG,JNG
CKG,JUZ
CKG,KHN
CKG,KIX
CKG,KMG
CKG,KOW
CKG,KRL
CKG,KTM
CKG,KUL
CKG,KWL
CKG,LJG
CKG,LLF
CKG,LUM
CKG,LXA
CKG,LYA
CKG,LYG
CKG,LZH
CKG,LZY
CKG,MFM
CKG,MXZ
CKG,NGB
CKG,NKG
CKG,NNG
CKG,PEK
CKG,PNH
CKG,PVG
CKG,RKZ
CKG,SEA
CKG,SGN
CKG,SHA
CKG,SHE
CKG,SWA
CKG,SYD
CKG,SYX
CKG,SZX
CKG,TAO
CKG,TCZ
CKG,TNA
CKG,TPE
CKG,TSA
CKG,TSN
CKG,TVS
CKG,TYN
CKG,URC
CKG,USM
CKG,VTE
CKG,WEF
CKG,WNH
CKG,WNZ
CKG,WUA
CKG,WUH
CKG,WUX
CKG,XFN
CKG,XIY
CKG,XMN
CKG,XNN
CKG,XUZ
CKG,YIW
CKG,YNT
CKG,YNZ
CKG,YTY
CKG,ZHA
CKG,ZUH
CKG,ACX
CKG,DOY
CKG,KGT
CKG,NTG
CKG,RLK
CKG,SIN
CKG,SJW
CKG,SYM
CKG,THQ
CKG,TXN
CKG,UYN
CKG,YCU
CKG,LHW
CKG,DCY
CKG,LLV
CKG,RIZ
CKG,LFQ
CKG,WDS
CKG,WUT
CKG,SQJ
CKG,WMT
CKG,LNL
CKG,XAI
CKG,PKX
CKG,SHS
CKG,HZA
CKG,WHA
CKG,HCZ
CKG,EHU
CKH,YKS
CKS,BEL
CKS,CNF
CKS,OIA
CKX,TKJ
CKY,BRU
CKY,CMN
CKY,CDG
CKY,TUN
CKY,ABJ
CKY,BJL
CKY,BKO
CKY,DXB
CKY,FNA
CKY,NKC
CKY,OUA
CKY,OXB
CKY,ROB
CKY,DSS
CKZ,ESB
CLD,LAS
CLD,MMH
CLD,SCF
CLE,DUB
CLE,ATL
CLE,AUS
CLE,BNA
CLE,BOS
CLE,BWI
CLE,CHS
CLE,CLT
CLE,CUN
CLE,DCA
CLE,DEN
CLE,DFW
CLE,DTW
CLE,EWR
CLE,FLL
CLE,IAD
CLE,IAH
CLE,JAX
CLE,JFK
CLE,LAS
CLE,LAX
CLE,LGA
CLE,MBJ
CLE,MCO
CLE,MDW
CLE,MSP
CLE,MSY
CLE,MYR
CLE,ORD
CLE,PHX
CLE,PIT
CLE,PNS
CLE,PUJ
CLE,RDU
CLE,RSW
CLE,SAV
CLE,SEA
CLE,SFO
CLE,SRQ
CLE,STL
CLE,TPA
CLE,YYZ
CLE,SJU
CLE,SLC
CLE,PHL
CLE,MIA
CLJ,ALC
CLJ,AYT
CLJ,BCN
CLJ,BRI
CLJ,BSL
CLJ,BUD
CLJ,BLQ
CLJ,CRL
CLJ,OTP
CLJ,CTA
CLJ,CHQ
CLJ,CFU
CLJ,DTM
CLJ,DUB
CLJ,EIN
CLJ,FRA
CLJ,HHN
CLJ,HER
CLJ,HRG
CLJ,IST
CLJ,LCA
CLJ,LBA
CLJ,LTN
CLJ,STN
CLJ,MAD
CLJ,AGP
CLJ,MMX
CLJ,BGY
CLJ,MUC
CLJ,NAP
CLJ,NCE
CLJ,NUE
CLJ,PMI
CLJ,BVA
CLJ,FCO
CLJ,VLC
CLJ,TSF
CLJ,WAW
CLJ,ZTH
CLJ,ZAZ
CLJ,ZRH
CLJ,FMM
CLJ,TLV
CLL,DFW
CLO,MAD
CLO,ADZ
CLO,ANF
CLO,AUA
CLO,BAQ
CLO,BLB
CLO,BOG
CLO,CTG
CLO,EOH
CLO,ESM
CLO,FLA
CLO,FLL
CLO,GPI
CLO,IPI
CLO,JFK
CLO,MDE
CLO,PSO
CLO,PTY
CLO,PUU
CLO,SCL
CLO,UIB
CLO,SMR
CLO,TCO
CLO,VVC
CLO,MIA
CLQ,TIJ
CLQ,NLU
CLT,DUB
CLT,FRA
CLT,LHR
CLT,MAD
CLT,MUC
CLT,CDG
CLT,FCO
CLT,ABE
CLT,ACK
CLT,AGS
CLT,ALB
CLT,ANU
CLT,ATL
CLT,ATW
CLT,AUA
CLT,AUS
CLT,AVL
CLT,AVP
CLT,BDA
CLT,BDL
CLT,BGI
CLT,BGR
CLT,BHM
CLT,BKW
CLT,BNA
CLT,BOS
CLT,BTR
CLT,BTV
CLT,BWI
CLT,BZE
CLT,BZN
CLT,CAE
CLT,CAK
CLT,CHA
CLT,CHO
CLT,CHS
CLT,CID
CLT,CKB
CLT,CLE
CLT,CMH
CLT,CRW
CLT,CUN
CLT,CUR
CLT,CVG
CLT,CZM
CLT,DAB
CLT,DAL
CLT,DAY
CLT,DCA
CLT,DEN
CLT,DFW
CLT,DSM
CLT,DTW
CLT,ECP
CLT,ELH
CLT,ERI
CLT,EVV
CLT,EWN
CLT,EWR
CLT,EYW
CLT,FAY
CLT,FLL
CLT,FLO
CLT,FPO
CLT,FWA
CLT,GCM
CLT,GDL
CLT,GEG
CLT,GGT
CLT,GND
CLT,GNV
CLT,GPT
CLT,GRR
CLT,GSO
CLT,GSP
CLT,HHH
CLT,HOU
CLT,HPN
CLT,HSV
CLT,HTS
CLT,IAD
CLT,IAH
CLT,ILM
CLT,IND
CLT,JAC
CLT,JAN
CLT,JAX
CLT,JFK
CLT,LAS
CLT,LAX
CLT,LEX
CLT,LFT
CLT,LGA
CLT,LIR
CLT,LIT
CLT,LWB
CLT,LYH
CLT,MBJ
CLT,MCI
CLT,MCO
CLT,MDT
CLT,MDW
CLT,MEM
CLT,MEX
CLT,MGM
CLT,MHH
CLT,MHT
CLT,MKE
CLT,MLB
CLT,MLI
CLT,MOB
CLT,MSL
CLT,MSN
CLT,MSP
CLT,MSY
CLT,MVY
CLT,MYR
CLT,NAS
CLT,OAJ
CLT,OKC
CLT,OMA
CLT,ONT
CLT,ORD
CLT,ORF
CLT,PAH
CLT,PBI
CLT,PDX
CLT,PGV
CLT,PHF
CLT,PHX
CLT,PIA
CLT,PIT
CLT,PLS
CLT,PNS
CLT,POP
CLT,PUJ
CLT,PVD
CLT,PWM
CLT,RAP
CLT,RDU
CLT,RIC
CLT,ROA
CLT,ROC
CLT,RSW
CLT,SAN
CLT,SAT
CLT,SAV
CLT,SBN
CLT,SBY
CLT,SDF
CLT,SEA
CLT,SFO
CLT,SGF
CLT,SHD
CLT,SRQ
CLT,STL
CLT,STT
CLT,STX
CLT,SVD
CLT,SXM
CLT,SYR
CLT,TLH
CLT,TPA
CLT,TRI
CLT,TTN
CLT,TUL
CLT,TVC
CLT,TYS
CLT,UVF
CLT,VPS
CLT,XNA
CLT,YQB
CLT,YUL
CLT,YVR
CLT,YYC
CLT,YYZ
CLT,SJD
CLT,SJO
CLT,SJU
CLT,SKB
CLT,SLC
CLT,SMF
CLT,SNA
CLT,SHV
CLT,PHL
CLT,MIA
CLT,BUF
CLT,TQO
CLV,CGH
CLV,CNF
CLV,VCP
CLY,AJA
CLY,BSL
CLY,BOD
CLY,CRL
CLY,CGN
CLY,GVA
CLY,LGW
CLY,LUX
CLY,LYS
CLY,MRS
CLY,MXP
CLY,NTE
CLY,NCE
CLY,CDG
CLY,ORY
CLY,LIL
CLY,SZG
CLY,TLS
CLY,VIE
CLY,SXB
CLY,CFR
CMA,XTG
CMA,SGO
CMB,FRA
CMB,IST
CMB,LHR
CMB,SVO
CMB,CDG
CMB,ZRH
CMB,TLV
CMB,AUH
CMB,BKK
CMB,BLR
CMB,BOM
CMB,BTC
CMB,CAN
CMB,CGK
CMB,CKG
CMB,COK
CMB,DAC
CMB,DEL
CMB,DMK
CMB,DMM
CMB,DOH
CMB,DXB
CMB,GAN
CMB,HKG
CMB,HYD
CMB,ICN
CMB,IXM
CMB,JED
CMB,KHI
CMB,KMG
CMB,KTM
CMB,KUL
CMB,KWI
CMB,LHE
CMB,MAA
CMB,MCT
CMB,MEL
CMB,MLE
CMB,NRT
CMB,PEK
CMB,PVG
CMB,RUH
CMB,SEZ
CMB,SHJ
CMB,SYD
CMB,TRR
CMB,TRV
CMB,TRZ
CMB,WRZ
CMB,SIN
CMB,GIU
CMB,KDW
CMB,DWO
CMB,TFU
CME,MEX
CMF,BHX
CMF,BRS
CMF,EDI
CMF,LBA
CMF,LCY
CMF,STN
CMF,MAN
CMF,SOU
CMG,VCP
CMG,BYO
CMH,ATL
CMH,AUS
CMH,BDL
CMH,BNA
CMH,BOS
CMH,BWI
CMH,CHS
CMH,CLT
CMH,CUN
CMH,DAL
CMH,DCA
CMH,DEN
CMH,DFW
CMH,DTW
CMH,EWR
CMH,FLL
CMH,HOU
CMH,IAD
CMH,IAH
CMH,JAX
CMH,JFK
CMH,LAS
CMH,LAX
CMH,LGA
CMH,MCI
CMH,MCO
CMH,MDW
CMH,MSP
CMH,MSY
CMH,MYR
CMH,ORD
CMH,ORF
CMH,PDX
CMH,PHX
CMH,PVD
CMH,RDU
CMH,RSW
CMH,SAN
CMH,SEA
CMH,SFO
CMH,SRQ
CMH,STL
CMH,TPA
CMH,YYZ
CMH,SLC
CMH,SNA
CMH,PHL
CMH,MIA
CMI,DFW
CMI,ORD
CMN,AGA
CMN,AHU
CMN,AMS
CMN,BCN
CMN,BSL
CMN,BLQ
CMN,BOD
CMN,BRU
CMN,CAI
CMN,CTA
CMN,DUS
CMN,FEZ
CMN,FRA
CMN,GVA
CMN,IST
CMN,SAW
CMN,LPA
CMN,LIS
CMN,LGW
CMN,LHR
CMN,LGG
CMN,LYS
CMN,MAD
CMN,AGP
CMN,MAN
CMN,RAK
CMN,MRS
CMN,BGY
CMN,MXP
CMN,MPL
CMN,DME
CMN,NDR
CMN,NTE
CMN,NAP
CMN,NCE
CMN,OUD
CMN,CDG
CMN,ORY
CMN,PSA
CMN,OPO
CMN,LIL
CMN,FCO
CMN,RTM
CMN,SVQ
CMN,TNG
CMN,TFS
CMN,TLS
CMN,TUN
CMN,TRN
CMN,VLC
CMN,VCE
CMN,ETZ
CMN,OZZ
CMN,SXB
CMN,TLV
CMN,CUF
CMN,ALG
CMN,HBE
CMN,RBA
CMN,TTU
CMN,ABJ
CMN,ABV
CMN,ACC
CMN,AUH
CMN,BAH
CMN,BER
CMN,BGF
CMN,BJL
CMN,BKO
CMN,BZV
CMN,CKY
CMN,COO
CMN,DLA
CMN,DOH
CMN,DXB
CMN,ERH
CMN,EUN
CMN,FIH
CMN,FNA
CMN,GLN
CMN,IAD
CMN,JED
CMN,JFK
CMN,KWI
CMN,LAD
CMN,LBV
CMN,LFW
CMN,LOS
CMN,MED
CMN,NIM
CMN,NKC
CMN,NSI
CMN,OUA
CMN,OXB
CMN,RAI
CMN,ROB
CMN,RUH
CMN,SSG
CMN,TTA
CMN,VIL
CMN,YUL
CMN,OZG
CMN,DSS
CMN,RMU
CMN,MIA
CMW,CUN
CMW,PBM
CMW,SCU
CMW,MIA
CMX,ORD
CNC,XMY
CNC,SYU
CND,IST
CND,LTN
CNF,LIS
CNF,AAX
CNF,AJU
CNF,BEL
CNF,BOG
CNF,BPS
CNF,BRA
CNF,BSB
CNF,CFB
CNF,CGB
CNF,CGH
CNF,CKS
CNF,CLV
CNF,CPV
CNF,CUR
CNF,CWB
CNF,EZE
CNF,FLL
CNF,FLN
CNF,FOR
CNF,GIG
CNF,GNM
CNF,GRU
CNF,GVR
CNF,GYN
CNF,IGU
CNF,IMP
CNF,IOS
CNF,IPN
CNF,IZA
CNF,JPA
CNF,LEC
CNF,MAB
CNF,MAO
CNF,MCO
CNF,MCZ
CNF,MOC
CNF,NAT
CNF,NVT
CNF,PHB
CNF,POA
CNF,POJ
CNF,PTY
CNF,PVH
CNF,RAO
CNF,RBR
CNF,REC
CNF,SCL
CNF,SDU
CNF,SSA
CNF,STM
CNF,THE
CNF,UBA
CNF,UDI
CNF,VCP
CNF,VIX
CNF,SJP
CNF,SLZ
CNF,VAG
CNF,VDC
CNF,PMW
CNF,DIQ
CNF,JJD
CNF,RRJ
CNF,UNA
CNF,TFL
CNF,PYT
CNF,JMA
CNF,LHN
CNF,IAL
CNJ,ISA
CNJ,TSV
CNM,ABQ
CNM,PHX
CNN,AUH
CNN,BAH
CNN,BLR
CNN,BOM
CNN,COK
CNN,DMM
CNN,DOH
CNN,DXB
CNN,HYD
CNN,IXE
CNN,JED
CNN,KWI
CNN,MAA
CNN,MCT
CNN,MED
CNN,RKT
CNN,RUH
CNN,SHJ
CNN,TRV
CNP,OBY
CNQ,AEP
CNQ,EZE
CNS,ABM
CNS,ADL
CNS,AUU
CNS,AYQ
CNS,BNE
CNS,CBR
CNS,CTN
CNS,CUQ
CNS,DPS
CNS,DRW
CNS,EDR
CNS,GOV
CNS,HID
CNS,HND
CNS,IRG
CNS,ISA
CNS,KID
CNS,KIX
CNS,KWM
CNS,MEL
CNS,NRT
CNS,NTL
CNS,PER
CNS,POM
CNS,PPP
CNS,SYD
CNS,TSV
CNS,WEI
CNS,NTN
CNS,ONG
CNS,SIN
CNS,AKL
CNS,OOL
CNX,BKK
CNX,CAN
CNX,DMK
CNX,HAN
CNX,HDY
CNX,HHQ
CNX,HKG
CNX,HKT
CNX,ICN
CNX,JHG
CNX,KBV
CNX,KIX
CNX,KKC
CNX,KMG
CNX,KUL
CNX,LPQ
CNX,PEK
CNX,PVG
CNX,RGN
CNX,TPE
CNX,UBP
CNX,URT
CNX,USM
CNX,UTP
CNX,SIN
CNX,UTH
CNX,TFU
CNY,PHX
COD,DEN
COH,CCU
COK,LGW
COK,AGX
COK,AMD
COK,AUH
COK,BAH
COK,BKK
COK,BLR
COK,BOM
COK,CCJ
COK,CCU
COK,CMB
COK,DEL
COK,DMK
COK,DMM
COK,DOH
COK,DXB
COK,GOI
COK,HYD
COK,JED
COK,KUL
COK,KWI
COK,MAA
COK,MCT
COK,MLE
COK,PNQ
COK,RUH
COK,SGN
COK,SHJ
COK,SXV
COK,TRV
COK,SIN
COK,SLL
COK,CNN
COL,TRE
COL,OBN
COO,BRU
COO,CMN
COO,IST
COO,CDG
COO,ORY
COO,ABJ
COO,ACC
COO,ADD
COO,BKO
COO,BZV
COO,DLA
COO,LBV
COO,LFW
COO,LOS
COO,NIM
COO,OUA
COO,DSS
COR,MAD
COR,AEP
COR,ASU
COR,BRC
COR,CPC
COR,CRD
COR,EZE
COR,FTE
COR,GIG
COR,GRU
COR,IGR
COR,JUJ
COR,LIM
COR,MDQ
COR,MDZ
COR,NQN
COR,PSS
COR,PTY
COR,PUJ
COR,REL
COR,RES
COR,SCL
COR,TUC
COR,UAQ
COR,USH
COR,SLA
COS,ATL
COS,BUR
COS,BWI
COS,DAL
COS,DEN
COS,DFW
COS,HOU
COS,IAH
COS,LAS
COS,LGB
COS,MDW
COS,MSP
COS,ORD
COS,PHX
COS,SAN
COS,SAT
COS,SLC
COU,DFW
COU,ORD
CPC,AEP
CPC,COR
CPC,EZE
CPC,ROS
CPD,ADL
CPE,MEX
CPH,AAL
CPH,AAR
CPH,ABZ
CPH,AGA
CPH,ALC
CPH,AMS
CPH,ESB
CPH,AYT
CPH,ACE
CPH,ATH
CPH,BCN
CPH,BRI
CPH,BSL
CPH,BIA
CPH,BEG
CPH,BGO
CPH,BIQ
CPH,BIO
CPH,BHX
CPH,BUD
CPH,BLQ
CPH,BOD
CPH,BRS
CPH,BRU
CPH,OTP
CPH,BOJ
CPH,CAI
CPH,CTA
CPH,CHQ
CPH,CGN
CPH,CFU
CPH,DLM
CPH,DUB
CPH,DBV
CPH,DUS
CPH,EDI
CPH,EIN
CPH,FAO
CPH,FLR
CPH,FRA
CPH,FNC
CPH,GDN
CPH,GVA
CPH,GOA
CPH,GOT
CPH,HAM
CPH,HAJ
CPH,HEL
CPH,HER
CPH,HRG
CPH,IBZ
CPH,IST
CPH,SAW
CPH,ADB
CPH,KTW
CPH,KUN
CPH,KRN
CPH,KGS
CPH,KRK
CPH,KRS
CPH,LCA
CPH,LPA
CPH,LBA
CPH,LIS
CPH,LJU
CPH,LGW
CPH,LHR
CPH,STN
CPH,LUX
CPH,LYS
CPH,MAD
CPH,AGP
CPH,MLA
CPH,MAN
CPH,RAK
CPH,MRS
CPH,BGY
CPH,MXP
CPH,MPL
CPH,MUC
CPH,NTE
CPH,NAP
CPH,NCL
CPH,NQY
CPH,NCE
CPH,NRN
CPH,OLB
CPH,OSL
CPH,TRF
CPH,OSD
CPH,PMO
CPH,PMI
CPH,BVA
CPH,CDG
CPH,ORY
CPH,PSA
CPH,OPO
CPH,POZ
CPH,PRG
CPH,PVK
CPH,PRN
CPH,PUY
CPH,KEF
CPH,RHO
CPH,RIX
CPH,FCO
CPH,RVN
CPH,SZG
CPH,JTR
CPH,SKP
CPH,SOF
CPH,SPU
CPH,SVG
CPH,ARN
CPH,STR
CPH,TLL
CPH,TMP
CPH,TFS
CPH,SKG
CPH,TIA
CPH,TLS
CPH,TOS
CPH,TRD
CPH,TUN
CPH,TRN
CPH,VLC
CPH,TSF
CPH,VCE
CPH,VRN
CPH,VNO
CPH,WAW
CPH,VIE
CPH,WRO
CPH,ZAD
CPH,ZAG
CPH,ZTH
CPH,ZRH
CPH,TIV
CPH,SJJ
CPH,JSI
CPH,KLX
CPH,BEY
CPH,KYA
CPH,PLQ
CPH,TGD
CPH,IAS
CPH,EBL
CPH,AES
CPH,RNN
CPH,GZP
CPH,SGD
CPH,ATL
CPH,AUH
CPH,BER
CPH,BGW
CPH,BKK
CPH,BOS
CPH,DEL
CPH,DOH
CPH,DWC
CPH,DXB
CPH,EWR
CPH,FAE
CPH,GOH
CPH,HND
CPH,IAD
CPH,JFK
CPH,KUT
CPH,LAX
CPH,ORD
CPH,PEK
CPH,PVG
CPH,SFJ
CPH,SFO
CPH,UAK
CPH,WMI
CPH,YUL
CPH,YYZ
CPH,SIN
CPH,PHL
CPH,MIA
CPH,SCR
CPH,SPX
CPO,SCL
CPR,DEN
CPR,SLC
CPT,AMS
CPT,FRA
CPT,IST
CPT,LGW
CPT,LHR
CPT,MUC
CPT,CDG
CPT,ZRH
CPT,ADD
CPT,ATL
CPT,BFN
CPT,DOH
CPT,DUR
CPT,DXB
CPT,ELS
CPT,EWR
CPT,GBE
CPT,GRJ
CPT,GRU
CPT,HDS
CPT,HLA
CPT,HRE
CPT,IAD
CPT,JNB
CPT,KIM
CPT,LAD
CPT,LUN
CPT,LVI
CPT,MPM
CPT,MQP
CPT,MRU
CPT,MUB
CPT,NBO
CPT,PLZ
CPT,UTN
CPT,VFA
CPT,WDH
CPT,WVB
CPT,SZK
CPT,PBZ
CPT,HLE
CPT,SHO
CPV,AJU
CPV,CNF
CPV,FOR
CPV,GIG
CPV,MCZ
CPV,PNZ
CPV,REC
CPV,SSA
CPX,VQS
CPX,SJU
CPX,NRR
CPX,SIG
CQD,THR
CQW,CAN
CQW,NKG
CQW,TNA
CQW,TFU
CRA,AYT
CRA,BHX
CRA,BLQ
CRA,CRL
CRA,LTN
CRA,BGY
CRA,CIA
CRD,AEP
CRD,COR
CRD,EZE
CRD,NQN
CRD,REL
CRD,RGL
CRI,AXP
CRI,NAS
CRK,BKK
CRK,BSO
CRK,CEB
CRK,CJJ
CRK,DOH
CRK,DXB
CRK,ENI
CRK,HKG
CRK,ICN
CRK,MPH
CRK,NRT
CRK,PUS
CRK,TAC
CRK,TPE
CRK,USU
CRK,SIN
CRL,AGA
CRL,AJA
CRL,AHO
CRL,ALC
CRL,LEI
CRL,AOI
CRL,ACE
CRL,ATH
CRL,BCN
CRL,GRO
CRL,REU
CRL,BRI
CRL,BIA
CRL,EGC
CRL,BIQ
CRL,BLL
CRL,BUD
CRL,BLQ
CRL,BOD
CRL,BTS
CRL,BDS
CRL,OTP
CRL,CAG
CRL,CLY
CRL,CCF
CRL,CTA
CRL,CHQ
CRL,CFU
CRL,ORK
CRL,DUB
CRL,DBV
CRL,EDI
CRL,FAO
CRL,FEZ
CRL,FUE
CRL,FNC
CRL,GOA
CRL,GLA
CRL,GOT
CRL,HEL
CRL,HER
CRL,IBZ
CRL,SAW
CRL,KUN
CRL,KRK
CRL,LRH
CRL,SUF
CRL,LPA
CRL,LIS
CRL,LCJ
CRL,LDE
CRL,MAD
CRL,MAH
CRL,AGP
CRL,MLA
CRL,MAN
CRL,RAK
CRL,MRS
CRL,BGY
CRL,NDR
CRL,NTE
CRL,NAP
CRL,NCE
CRL,FNI
CRL,OLB
CRL,OUD
CRL,OVD
CRL,PFO
CRL,PMO
CRL,PMI
CRL,PGF
CRL,PEG
CRL,PSR
CRL,PSA
CRL,OPO
CRL,POZ
CRL,PRG
CRL,PUY
CRL,RHO
CRL,RIX
CRL,RJK
CRL,RDZ
CRL,CIA
CRL,RVN
CRL,SDR
CRL,SCQ
CRL,SVQ
CRL,SKP
CRL,SOF
CRL,ARN
CRL,TNG
CRL,TFS
CRL,SKG
CRL,TSR
CRL,TIA
CRL,TLS
CRL,TPS
CRL,TRS
CRL,TRN
CRL,VLC
CRL,VAR
CRL,TSF
CRL,VRN
CRL,VIT
CRL,WAW
CRL,VIE
CRL,WRO
CRL,ZAD
CRL,ZAG
CRL,ZAZ
CRL,SJJ
CRL,CLJ
CRL,FSC
CRL,TLV
CRL,ESU
CRL,AMM
CRL,TGD
CRL,IAS
CRL,BZR
CRL,AQJ
CRL,RBA
CRL,TTU
CRL,BNX
CRL,CRA
CRL,KUT
CRL,PDL
CRL,WMI
CRL,CDT
CRM,MNL
CRP,DAL
CRP,DFW
CRP,HOU
CRP,IAH
CRV,BLQ
CRV,BGY
CRV,FCO
CRV,TRN
CRV,TSF
CRW,ATL
CRW,CLT
CRW,DCA
CRW,MCO
CRW,MYR
CRW,ORD
CRZ,ASB
CRZ,KRW
CRZ,TAZ
CSA,TRE
CSA,OBN
CSG,ATL
CSK,OXB
CSK,DSS
CSU,POA
CSX,LHR
CSX,AEB
CSX,BAV
CSX,BHY
CSX,BKK
CSX,BSD
CSX,CAN
CSX,CGQ
CSX,CKG
CSX,CTU
CSX,CZX
CSX,DAT
CSX,DLC
CSX,DLU
CSX,DMK
CSX,DSN
CSX,FOC
CSX,FUG
CSX,HAK
CSX,HET
CSX,HGH
CSX,HIA
CSX,HKT
CSX,HRB
CSX,HSN
CSX,HUZ
CSX,ICN
CSX,INC
CSX,JHG
CSX,JJN
CSX,JNG
CSX,KMG
CSX,KRL
CSX,KUL
CSX,KWE
CSX,LCX
CSX,LJG
CSX,LUM
CSX,LXA
CSX,LYG
CSX,LYI
CSX,LZO
CSX,MIG
CSX,MXZ
CSX,NAO
CSX,NBO
CSX,NGB
CSX,NKG
CSX,NNG
CSX,PEK
CSX,PVG
CSX,SGN
CSX,SHA
CSX,SHE
CSX,SWA
CSX,SYX
CSX,SZX
CSX,TAO
CSX,TCZ
CSX,TNA
CSX,TSN
CSX,TVS
CSX,TYN
CSX,URC
CSX,VTE
CSX,WEF
CSX,WNZ
CSX,WUX
CSX,WUZ
CSX,WXN
CSX,XIC
CSX,XIY
CSX,XMN
CSX,XNN
CSX,XUZ
CSX,YBP
CSX,YNT
CSX,YNZ
CSX,YTY
CSX,ZHA
CSX,ZUH
CSX,DQA
CSX,NTG
CSX,SIN
CSX,UYN
CSX,YCU
CSX,LHW
CSX,TLQ
CSX,RIZ
CSX,LFQ
CSX,WMT
CSX,PKX
CSX,YLX
CSX,TFU
CSX,HZA
CSX,WHA
CSX,SZH
CSY,SVO
CSY,AER
CSY,NJC
CTA,AHO
CTA,AMS
CTA,AOI
CTA,ATH
CTA,BCN
CTA,BRI
CTA,BSL
CTA,BEG
CTA,BHX
CTA,BUD
CTA,BLQ
CTA,BOD
CTA,BTS
CTA,BRS
CTA,BRU
CTA,CRL
CTA,OTP
CTA,CAG
CTA,CMN
CTA,CGN
CTA,DTM
CTA,DUB
CTA,DUS
CTA,EDI
CTA,EIN
CTA,FLR
CTA,FRA
CTA,HHN
CTA,GVA
CTA,GOA
CTA,HAM
CTA,HAJ
CTA,HER
CTA,IST
CTA,KTW
CTA,CPH
CTA,KRK
CTA,SUF
CTA,LMP
CTA,LBA
CTA,LGW
CTA,LTN
CTA,STN
CTA,LDE
CTA,LUX
CTA,LYS
CTA,MAD
CTA,MLA
CTA,MAN
CTA,MRS
CTA,BGY
CTA,LIN
CTA,MXP
CTA,MUC
CTA,NTE
CTA,NAP
CTA,NCE
CTA,OLB
CTA,OSL
CTA,PNL
CTA,BVA
CTA,CDG
CTA,ORY
CTA,PEG
CTA,PSR
CTA,PSA
CTA,PRG
CTA,RHO
CTA,RIX
CTA,FCO
CTA,SVQ
CTA,SSH
CTA,SOF
CTA,ARN
CTA,STR
CTA,TIA
CTA,TLS
CTA,TRS
CTA,TUN
CTA,TRN
CTA,VCE
CTA,VRN
CTA,WAW
CTA,VIE
CTA,ZRH
CTA,CLJ
CTA,FMM
CTA,TLV
CTA,IAS
CTA,BZO
CTA,BER
CTA,DXB
CTA,QSR
CTA,WMI
CTC,AEP
CTC,EZE
CTC,IRJ
CTD,PAC
CTG,AMS
CTG,MAD
CTG,MXP
CTG,ZRH
CTG,ADZ
CTG,ATL
CTG,BGA
CTG,BLB
CTG,BOG
CTG,CLO
CTG,CUC
CTG,FLL
CTG,JFK
CTG,LIM
CTG,MCO
CTG,MDE
CTG,PEI
CTG,PTY
CTG,PUJ
CTG,SDQ
CTG,YUL
CTG,YYZ
CTG,SJO
CTG,MIA
CTL,BNE
CTL,BVI
CTL,RMA
CTL,ULP
CTL,WTB
CTM,CUN
CTM,MEX
CTM,NLU
CTN,CNS
CTS,AOJ
CTS,AXT
CTS,BKK
CTS,DLC
CTS,FKS
CTS,FSZ
CTS,FUK
CTS,GAJ
CTS,HIJ
CTS,HKD
CTS,HKG
CTS,HNA
CTS,HND
CTS,ICN
CTS,ITM
CTS,IZO
CTS,KIJ
CTS,KIX
CTS,KMQ
CTS,KUH
CTS,KUL
CTS,MMB
CTS,MMJ
CTS,NGO
CTS,NRT
CTS,OKA
CTS,OKJ
CTS,PEK
CTS,PUS
CTS,PVG
CTS,SDJ
CTS,SHB
CTS,SZX
CTS,TOY
CTS,TPE
CTS,UKB
CTS,WKJ
CTS,IBR
CTS,SIN
CTS,TKS
CTS,RIS
CTU,BHY
CTU,BPL
CTU,BPX
CTU,CAN
CTU,CGO
CTU,CGQ
CTU,CSX
CTU,CZX
CTU,DLC
CTU,DLU
CTU,FOC
CTU,FUG
CTU,HAK
CTU,HDG
CTU,HET
CTU,HFE
CTU,HGH
CTU,HKG
CTU,HNY
CTU,HRB
CTU,INC
CTU,JHG
CTU,JNG
CTU,JZH
CTU,KHG
CTU,KHN
CTU,KMG
CTU,LJG
CTU,LUM
CTU,LXA
CTU,LYA
CTU,LYG
CTU,LYI
CTU,LZY
CTU,NGB
CTU,NKG
CTU,NNG
CTU,PEK
CTU,PVG
CTU,RKZ
CTU,SFO
CTU,SHA
CTU,SHE
CTU,SWA
CTU,SYX
CTU,SZX
CTU,TAO
CTU,TNA
CTU,TSN
CTU,TYN
CTU,URC
CTU,WNZ
CTU,WUH
CTU,WUX
CTU,XIC
CTU,XIY
CTU,XMN
CTU,XNN
CTU,YIH
CTU,YNT
CTU,YTY
CTU,ZAT
CTU,ZUH
CTU,ACX
CTU,KGT
CTU,NTG
CTU,SJW
CTU,LHW
CTU,DCY
CTU,PZI
CTU,SQJ
CTU,YSQ
CTU,BZX
CTU,YYA
CTU,PKX
CTU,WHA
CTU,DZH
CTU,DDR
CTU,LGZ
CUC,AUC
CUC,BGA
CUC,BOG
CUC,CTG
CUC,LIM
CUC,MDE
CUC,PTY
CUE,GYE
CUE,UIO
CUF,CAG
CUF,CMN
CUF,PMO
CUK,BZE
CUK,SPR
CUK,TZA
CUL,CUU
CUL,GDL
CUL,HMO
CUL,LAP
CUL,MEX
CUL,MTY
CUL,PHX
CUL,TIJ
CUL,SJD
CUL,NLU
CUM,CCS
CUM,VLN
CUN,AMS
CUN,BCN
CUN,BHX
CUN,BRU
CUN,DUB
CUN,FRA
CUN,GLA
CUN,IST
CUN,LIS
CUN,LGW
CUN,MAD
CUN,MAN
CUN,MXP
CUN,NCL
CUN,CDG
CUN,ORY
CUN,FCO
CUN,VRN
CUN,ZRH
CUN,AGU
CUN,ATL
CUN,AUS
CUN,BJX
CUN,BNA
CUN,BOG
CUN,BOS
CUN,BWI
CUN,BZE
CUN,CCS
CUN,CJS
CUN,CLE
CUN,CLT
CUN,CMH
CUN,CMW
CUN,CTM
CUN,CUU
CUN,CVG
CUN,CZM
CUN,DEN
CUN,DFW
CUN,DTW
CUN,EWR
CUN,EZE
CUN,FLL
CUN,FPO
CUN,GDL
CUN,GUA
CUN,HAV
CUN,HMO
CUN,HOG
CUN,HOU
CUN,HRL
CUN,IAD
CUN,IAH
CUN,IND
CUN,JFK
CUN,LAX
CUN,LIM
CUN,MBJ
CUN,MCI
CUN,MCO
CUN,MDE
CUN,MDW
CUN,MEX
CUN,MFE
CUN,MID
CUN,MKE
CUN,MLM
CUN,MSP
CUN,MSY
CUN,MTY
CUN,OAX
CUN,ORD
CUN,PBC
CUN,PDX
CUN,PHX
CUN,PIT
CUN,PTY
CUN,QRO
CUN,RDU
CUN,REX
CUN,SAL
CUN,SAN
CUN,SAT
CUN,SCL
CUN,SDQ
CUN,SEA
CUN,SFO
CUN,SNU
CUN,STL
CUN,TAM
CUN,TGZ
CUN,TIJ
CUN,TLC
CUN,TPA
CUN,TRC
CUN,VER
CUN,VSA
CUN,YEG
CUN,YHZ
CUN,YKF
CUN,YLW
CUN,YOW
CUN,YQB
CUN,YQM
CUN,YQR
CUN,YUL
CUN,YVR
CUN,YWG
CUN,YXE
CUN,YXU
CUN,YYC
CUN,YYJ
CUN,YYZ
CUN,SJO
CUN,SJU
CUN,SLC
CUN,SLP
CUN,PHL
CUN,MIA
CUN,NLU
CUQ,CNS
CUR,AMS
CUR,BRU
CUR,ATL
CUR,AUA
CUR,BAQ
CUR,BOG
CUR,BON
CUR,CCS
CUR,CLT
CUR,CNF
CUR,EWR
CUR,JFK
CUR,KIN
CUR,LSP
CUR,MDE
CUR,POS
CUR,PTY
CUR,PUJ
CUR,SDQ
CUR,SXM
CUR,YUL
CUR,YYZ
CUR,JBQ
CUR,MIA
CUU,CUL
CUU,CUN
CUU,DEN
CUU,DFW
CUU,GDL
CUU,HMO
CUU,MEX
CUU,MTY
CUU,MZT
CUU,TIJ
CUU,NLU
CUZ,AQP
CUZ,AYP
CUZ,BOG
CUZ,LIM
CUZ,LPB
CUZ,PEM
CUZ,SCL
CVG,LHR
CVG,CDG
CVG,ATL
CVG,AUS
CVG,AZA
CVG,BDL
CVG,BNA
CVG,BOS
CVG,BWI
CVG,CHS
CVG,CLT
CVG,CUN
CVG,DCA
CVG,DEN
CVG,DFW
CVG,DTW
CVG,EWR
CVG,EYW
CVG,FLL
CVG,IAD
CVG,IAH
CVG,JAX
CVG,JFK
CVG,LAS
CVG,LAX
CVG,LGA
CVG,MCO
CVG,MDW
CVG,MSP
CVG,MSY
CVG,MYR
CVG,ORD
CVG,ORF
CVG,PBI
CVG,PGD
CVG,PHX
CVG,PIE
CVG,PNS
CVG,PVD
CVG,PWM
CVG,RDU
CVG,RSW
CVG,SAN
CVG,SAV
CVG,SEA
CVG,SFB
CVG,SFO
CVG,SRQ
CVG,TPA
CVG,VPS
CVG,YYZ
CVG,SJD
CVG,SLC
CVG,PHL
CVG,MIA
CVN,DEN
CVN,DFW
CVQ,MJK
CVQ,PER
CVU,FLW
CVU,HOR
CVU,PDL
CWA,MCO
CWA,MSP
CWA,ORD
CWB,AEP
CWB,BPS
CWB,BSB
CWB,CAC
CWB,CGB
CWB,CGH
CWB,CGR
CWB,CNF
CWB,EZE
CWB,FLN
CWB,GIG
CWB,GRU
CWB,IGU
CWB,LDB
CWB,MCZ
CWB,MGF
CWB,MVD
CWB,NAT
CWB,POA
CWB,SCL
CWB,SSA
CWB,URG
CWB,VCP
CWB,PTO
CWB,TEC
CWB,GGJ
CWB,UVI
CWB,UMU
CWJ,KMG
CWL,ALC
CWL,AMS
CWL,BHD
CWL,DUB
CWL,DBV
CWL,EDI
CWL,FAO
CWL,AGP
CWL,KEF
CWL,TFS
CXB,DAC
CXB,SPD
CXB,ZYL
CXH,LKE
CXH,YGG
CXH,YHS
CXH,YQQ
CXH,YTP
CXH,YWH
CXH,YWS
CXH,ZNA
CXH,YAQ
CXH,WPL
CXI,HNL
CXI,NAN
CXI,TRW
CXJ,CGH
CXJ,GIG
CXJ,GRU
CXJ,VCP
CXR,CAN
CXR,CJJ
CXR,DMK
CXR,HAK
CXR,HAN
CXR,HPH
CXR,ICN
CXR,KMG
CXR,KUL
CXR,OVB
CXR,PUS
CXR,SGN
CXR,SVX
CXR,TAE
CXR,TAS
CXR,VII
CXR,THD
CXR,TFU
CXY,FLL
CXY,NAS
CYA,CAP
CYA,PAP
CYB,GCM
CYB,LYB
CYB,MIA
CYC,BZE
CYC,SPR
CYF,BET
CYI,KNH
CYI,MZG
CYO,CFG
CYO,YUL
CYP,CEB
CYP,MNL
CYS,DEN
CYX,YKS
CYZ,MNL
CZA,CZM
CZH,SPR
CZL,BSL
CZL,IST
CZL,LYS
CZL,MRS
CZL,NTE
CZL,NCE
CZL,CDG
CZL,ORY
CZL,LIL
CZL,TLS
CZL,TUN
CZL,ETZ
CZL,SXB
CZL,ALG
CZL,ORN
CZL,AZR
CZL,CBH
CZL,DJG
CZL,ELG
CZL,ELU
CZL,GHA
CZL,HME
CZL,JED
CZL,MED
CZL,TMR
CZL,OGX
CZL,TGR
CZL,TIN
CZM,ATL
CZM,AUS
CZM,CLT
CZM,CUN
CZM,DEN
CZM,DFW
CZM,HOU
CZM,IAH
CZM,MEX
CZM,MSP
CZM,MTY
CZM,ORD
CZM,YUL
CZM,YYZ
CZM,MIA
CZM,CZA
CZN,TKJ
CZR,HTA
CZR,IKT
CZR,KJA
CZR,KCY
CZS,RBR
CZU,EOH
CZX,AKA
CZX,CAN
CZX,CGQ
CZX,CKG
CZX,CSX
CZX,CTU
CZX,DLC
CZX,DMK
CZX,DYG
CZX,FOC
CZX,HAK
CZX,HET
CZX,HRB
CZX,INC
CZX,JHG
CZX,JJN
CZX,JNZ
CZX,KMG
CZX,KOW
CZX,KWE
CZX,MFM
CZX,NNG
CZX,PEK
CZX,SHE
CZX,SWA
CZX,SYX
CZX,SZX
CZX,TAO
CZX,TYN
CZX,VTE
CZX,WNZ
CZX,XIY
CZX,XMN
CZX,XNN
CZX,ZUH
CZX,TLQ
CZX,PKX
CZX,TFU
DAB,ATL
DAB,CLT
DAB,HVN
DAC,CAI
DAC,IST
DAC,FCO
DAC,AUH
DAC,BAH
DAC,BKK
DAC,BOM
DAC,BZL
DAC,CAN
DAC,CCU
DAC,CGP
DAC,CMB
DAC,CXB
DAC,DEL
DAC,DMK
DAC,DMM
DAC,DOH
DAC,DXB
DAC,HKG
DAC,JED
DAC,JSR
DAC,KMG
DAC,KTM
DAC,KUL
DAC,KWI
DAC,MAA
DAC,MCT
DAC,MED
DAC,MLE
DAC,NRT
DAC,PBH
DAC,RJH
DAC,RUH
DAC,SHJ
DAC,SPD
DAC,ZYL
DAC,SIN
DAC,PKX
DAD,BKK
DAD,CJJ
DAD,DLI
DAD,DMK
DAD,HAN
DAD,HKG
DAD,HPH
DAD,ICN
DAD,KHH
DAD,KUL
DAD,MFM
DAD,MNL
DAD,NRT
DAD,PNH
DAD,PUS
DAD,RMQ
DAD,SGN
DAD,TAE
DAD,TPE
DAD,VCA
DAD,VTE
DAD,SIN
DAD,SAI
DAL,ABQ
DAL,AMA
DAL,ATL
DAL,AUS
DAL,BHM
DAL,BJC
DAL,BNA
DAL,BOI
DAL,BOS
DAL,BUR
DAL,BWI
DAL,BZN
DAL,CHS
DAL,CLT
DAL,CMH
DAL,COS
DAL,CRP
DAL,DCA
DAL,DEN
DAL,DSI
DAL,ECP
DAL,ELP
DAL,FAT
DAL,FLL
DAL,GEG
DAL,GUC
DAL,HDN
DAL,HOU
DAL,HRL
DAL,IAH
DAL,IND
DAL,JAX
DAL,LAS
DAL,LAX
DAL,LBB
DAL,LGA
DAL,LGB
DAL,LIT
DAL,MAF
DAL,MCI
DAL,MCO
DAL,MDW
DAL,MEM
DAL,MKE
DAL,MSP
DAL,MSY
DAL,MTJ
DAL,MYR
DAL,OAK
DAL,OMA
DAL,ONT
DAL,OPF
DAL,ORD
DAL,ORF
DAL,PDX
DAL,PHX
DAL,PIT
DAL,PNS
DAL,PVD
DAL,RDU
DAL,RNO
DAL,RSW
DAL,SAN
DAL,SAT
DAL,SAV
DAL,SDF
DAL,SEA
DAL,SFO
DAL,SRQ
DAL,STL
DAL,TPA
DAL,TUL
DAL,TUS
DAL,VPS
DAL,SJC
DAL,SLC
DAL,SMF
DAL,SNA
DAL,PHL
DAL,MIA
DAL,BUF
DAM,EBL
DAM,AUH
DAM,BGW
DAM,BSR
DAM,DOH
DAM,DXB
DAM,ISB
DAM,KHI
DAM,LHE
DAM,NJF
DAM,SHJ
DAR,AMS
DAR,CAI
DAR,IST
DAR,CDG
DAR,ADD
DAR,ARK
DAR,BJM
DAR,BLZ
DAR,BOM
DAR,CAN
DAR,DOD
DAR,DOH
DAR,DXB
DAR,DZA
DAR,EBB
DAR,FBM
DAR,GOM
DAR,HAH
DAR,HRE
DAR,JED
DAR,JNB
DAR,JRO
DAR,KGL
DAR,LUN
DAR,MBI
DAR,MCT
DAR,MED
DAR,MWZ
DAR,MYW
DAR,NBO
DAR,POL
DAR,ZNZ
DAR,NLA
DAR,TKQ
DAR,SEU
DAR,TBO
DAR,SGX
DAR,IRI
DAR,MFA
DAR,KBH
DAR,NPY
DAR,GIT
DAT,CGO
DAT,CGQ
DAT,CSX
DAT,HKG
DAT,HRB
DAT,KMG
DAT,KWL
DAT,NKG
DAT,PVG
DAT,SHE
DAT,TAO
DAT,TYN
DAT,WNZ
DAT,WUH
DAT,LHW
DAT,TFU
DAU,POM
DAU,UNG
DAV,BLB
DAV,PTY
DAV,PAC
DAY,ATL
DAY,CLT
DAY,DCA
DAY,DEN
DAY,DFW
DAY,IAD
DAY,LGA
DAY,ORD
DAY,PGD
DAY,PIE
DAY,SFB
DAY,PHL
DBB,CAI
DBB,RUH
DBC,DLC
DBC,TSN
DBC,SJW
DBC,PKX
DBO,BHQ
DBO,BNE
DBO,BRK
DBO,MEL
DBO,SYD
DBO,OAG
DBO,WGE
DBR,BLR
DBR,BOM
DBR,CCU
DBR,DEL
DBR,HYD
DBV,AMS
DBV,ATH
DBV,BCN
DBV,BRI
DBV,BSL
DBV,BFS
DBV,BEG
DBV,BGO
DBV,BHX
DBV,BOD
DBV,BRS
DBV,BRU
DBV,CRL
DBV,CWL
DBV,CGN
DBV,ORK
DBV,DUB
DBV,DUS
DBV,EDI
DBV,FRA
DBV,GVA
DBV,GLA
DBV,GOT
DBV,HAM
DBV,HEL
DBV,IST
DBV,FKB
DBV,CPH
DBV,KRK
DBV,LBA
DBV,LGW
DBV,LHR
DBV,STN
DBV,LUX
DBV,LYS
DBV,MAD
DBV,MAN
DBV,MRS
DBV,BGY
DBV,MUC
DBV,NTE
DBV,NAP
DBV,NCL
DBV,NRN
DBV,EMA
DBV,OSL
DBV,TRF
DBV,BVA
DBV,CDG
DBV,ORY
DBV,POZ
DBV,PRG
DBV,PRN
DBV,RIX
DBV,LIL
DBV,FCO
DBV,RTM
DBV,SPU
DBV,SVG
DBV,ARN
DBV,STR
DBV,TLL
DBV,TIA
DBV,TLS
DBV,VCE
DBV,VNO
DBV,WAW
DBV,VIE
DBV,WRO
DBV,ZAG
DBV,ZRH
DBV,FMM
DBV,OSI
DBV,BER
DBV,DXB
DBV,EWR
DCA,ACK
DCA,AGS
DCA,ALB
DCA,ATL
DCA,AUS
DCA,AVL
DCA,BDA
DCA,BDL
DCA,BGR
DCA,BHM
DCA,BNA
DCA,BOS
DCA,BTR
DCA,BTV
DCA,CAE
DCA,CAK
DCA,CHA
DCA,CHS
DCA,CID
DCA,CLE
DCA,CLT
DCA,CMH
DCA,CRW
DCA,CVG
DCA,DAL
DCA,DAY
DCA,DEN
DCA,DFW
DCA,DSM
DCA,DTW
DCA,ECP
DCA,EWR
DCA,EYW
DCA,FLL
DCA,GRR
DCA,GSO
DCA,GSP
DCA,HHH
DCA,HOU
DCA,HPN
DCA,HSV
DCA,HYA
DCA,IAH
DCA,ICT
DCA,ILM
DCA,IND
DCA,JAN
DCA,JAX
DCA,JFK
DCA,LAN
DCA,LAS
DCA,LAX
DCA,LEX
DCA,LGA
DCA,LIT
DCA,MCI
DCA,MCO
DCA,MDW
DCA,MEM
DCA,MGM
DCA,MHT
DCA,MKE
DCA,MSN
DCA,MSP
DCA,MSY
DCA,MVY
DCA,MYR
DCA,NAS
DCA,OKC
DCA,OMA
DCA,ORD
DCA,ORF
DCA,PBI
DCA,PDX
DCA,PHX
DCA,PIT
DCA,PNS
DCA,PVD
DCA,PWM
DCA,RDU
DCA,ROC
DCA,RSW
DCA,SAV
DCA,SDF
DCA,SEA
DCA,SFO
DCA,SRQ
DCA,STL
DCA,SYR
DCA,TLH
DCA,TPA
DCA,TUL
DCA,TVC
DCA,TYS
DCA,VPS
DCA,XNA
DCA,YHZ
DCA,YOW
DCA,YUL
DCA,YYZ
DCA,SJU
DCA,SLC
DCA,PHL
DCA,MIA
DCA,BUF
DCM,AJA
DCM,ORY
DCY,CKG
DCY,CTU
DCY,TFU
DDC,DEN
DDC,LBL
DDD,BLR
DDD,MLE
DDG,PEK
DDG,PVG
DDG,YNT
DDG,YTY
DDR,CTU
DDR,LXA
DEB,AYT
DEB,BOJ
DEB,CFU
DEB,EIN
DEB,IST
DEB,LCA
DEB,LTN
DEB,MUC
DEB,FCO
DEB,TLV
DEC,JLN
DEC,ORD
DED,AMD
DED,BLR
DED,BOM
DED,CCU
DED,DEL
DED,HYD
DED,IXD
DED,JAI
DED,LKO
DED,PNQ
DEE,UUS
DEF,THR
DEL,AMS
DEL,BHX
DEL,CAI
DEL,FRA
DEL,HEL
DEL,IST
DEL,CPH
DEL,LHR
DEL,MXP
DEL,MSQ
DEL,SVO
DEL,MUC
DEL,CDG
DEL,FCO
DEL,TBS
DEL,WAW
DEL,VIE
DEL,ZRH
DEL,TLV
DEL,ADD
DEL,AJL
DEL,ALA
DEL,AMD
DEL,ASB
DEL,ATQ
DEL,AUH
DEL,BAH
DEL,GYD
DEL,BBI
DEL,BDQ
DEL,BGW
DEL,BHO
DEL,BKK
DEL,BLR
DEL,BOM
DEL,BSR
DEL,CCJ
DEL,CCU
DEL,CJB
DEL,CMB
DEL,COK
DEL,DAC
DEL,DED
DEL,DHM
DEL,DIB
DEL,DMM
DEL,DMU
DEL,DOH
DEL,DPS
DEL,DXB
DEL,DYU
DEL,EWR
DEL,FRU
DEL,GAU
DEL,GAY
DEL,GOI
DEL,GOP
DEL,GWL
DEL,HAN
DEL,HBX
DEL,HJR
DEL,HKG
DEL,HKT
DEL,HND
DEL,HYD
DEL,IAD
DEL,ICN
DEL,IDR
DEL,IKA
DEL,IMF
DEL,ISK
DEL,IXA
DEL,IXB
DEL,IXC
DEL,IXD
DEL,IXE
DEL,IXG
DEL,IXJ
DEL,IXL
DEL,IXM
DEL,IXR
DEL,IXU
DEL,IXY
DEL,IXZ
DEL,JAI
DEL,JDH
DEL,JED
DEL,JFK
DEL,JLR
DEL,JSA
DEL,KBL
DEL,KNU
DEL,KTM
DEL,KUL
DEL,KUU
DEL,KWI
DEL,LKO
DEL,MAA
DEL,MCT
DEL,MEL
DEL,MLE
DEL,MRU
DEL,NAG
DEL,NBO
DEL,NRT
DEL,ORD
DEL,PAT
DEL,PBH
DEL,PNH
DEL,PNQ
DEL,RGN
DEL,RPR
DEL,RUH
DEL,SFO
DEL,SGN
DEL,SHJ
DEL,SHL
DEL,STV
DEL,SXR
DEL,SYD
DEL,TAS
DEL,TRV
DEL,UDR
DEL,VNS
DEL,VTZ
DEL,YUL
DEL,YVR
DEL,YYZ
DEL,SIN
DEL,SLV
DEL,VGA
DEL,PGH
DEL,RDP
DEL,BUP
DEL,BKB
DEL,SAG
DEL,PYG
DEL,JRG
DEL,DBR
DEL,DGH
DEL,GOX
DEL,HGI
DEL,HSR
DEL,AYJ
DEM,ADD
DEN,DUB
DEN,FRA
DEN,IST
DEN,LHR
DEN,MUC
DEN,CDG
DEN,KEF
DEN,ZRH
DEN,ABE
DEN,ABQ
DEN,ACV
DEN,AIA
DEN,ALB
DEN,ALS
DEN,AMA
DEN,ANC
DEN,ASE
DEN,ATL
DEN,ATW
DEN,ATY
DEN,AUS
DEN,AVL
DEN,BDL
DEN,BFF
DEN,BFL
DEN,BHM
DEN,BIH
DEN,BIL
DEN,BIS
DEN,BLI
DEN,BMI
DEN,BNA
DEN,BOI
DEN,BOS
DEN,BTV
DEN,BUR
DEN,BWI
DEN,BZE
DEN,BZN
DEN,CDR
DEN,CEZ
DEN,CHS
DEN,CID
DEN,CLE
DEN,CLT
DEN,CMH
DEN,COD
DEN,COS
DEN,CPR
DEN,CUN
DEN,CUU
DEN,CVG
DEN,CVN
DEN,CYS
DEN,CZM
DEN,DAL
DEN,DAY
DEN,DCA
DEN,DDC
DEN,DFW
DEN,DIK
DEN,DRO
DEN,DSM
DEN,DTW
DEN,DVL
DEN,EAR
DEN,ECP
DEN,EGE
DEN,ELP
DEN,EUG
DEN,EWR
DEN,FAI
DEN,FAR
DEN,FAT
DEN,FCA
DEN,FLL
DEN,FSD
DEN,GCC
DEN,GCM
DEN,GDL
DEN,GEG
DEN,GJT
DEN,GRB
DEN,GRR
DEN,GSO
DEN,GSP
DEN,GTF
DEN,GUC
DEN,HDN
DEN,HLN
DEN,HNL
DEN,HOB
DEN,HOU
DEN,HSV
DEN,HYS
DEN,IAD
DEN,IAH
DEN,ICT
DEN,IDA
DEN,IND
DEN,JAC
DEN,JAX
DEN,JFK
DEN,JLN
DEN,JMS
DEN,KOA
DEN,LAR
DEN,LAS
DEN,LAX
DEN,LBB
DEN,LBF
DEN,LBL
DEN,LEX
DEN,LGA
DEN,LGB
DEN,LIH
DEN,LIR
DEN,LIT
DEN,LNK
DEN,LWS
DEN,MAF
DEN,MBJ
DEN,MCI
DEN,MCK
DEN,MCO
DEN,MDW
DEN,MEM
DEN,MEX
DEN,MFR
DEN,MKE
DEN,MLI
DEN,MOT
DEN,MRY
DEN,MSN
DEN,MSO
DEN,MSP
DEN,MSY
DEN,MTJ
DEN,MTY
DEN,MYR
DEN,NAS
DEN,NRT
DEN,OAK
DEN,OGG
DEN,OKC
DEN,OMA
DEN,ONT
DEN,ORD
DEN,ORF
DEN,OTH
DEN,PBI
DEN,PDX
DEN,PHX
DEN,PIA
DEN,PIR
DEN,PIT
DEN,PNS
DEN,PRC
DEN,PSC
DEN,PSP
DEN,PTY
DEN,PUB
DEN,PVD
DEN,PVR
DEN,PWM
DEN,RAP
DEN,RDM
DEN,RDU
DEN,RIC
DEN,RIW
DEN,RKS
DEN,RNO
DEN,RSW
DEN,RTB
DEN,SAF
DEN,SAN
DEN,SAT
DEN,SAV
DEN,SBA
DEN,SBP
DEN,SDF
DEN,SEA
DEN,SFO
DEN,SGF
DEN,SGU
DEN,SHR
DEN,SRQ
DEN,STL
DEN,SUN
DEN,SUX
DEN,SYR
DEN,TEX
DEN,TPA
DEN,TUL
DEN,TUS
DEN,TVC
DEN,TYS
DEN,WYS
DEN,XNA
DEN,YEG
DEN,YUL
DEN,YVR
DEN,YWG
DEN,YYC
DEN,YYZ
DEN,SJC
DEN,SJD
DEN,SJO
DEN,SJU
DEN,SLC
DEN,SMF
DEN,SNA
DEN,SLN
DEN,SHV
DEN,PHL
DEN,MIA
DEN,BUF
DEN,XWA
DEX,DJJ
DFW,AMS
DFW,BCN
DFW,DUB
DFW,FRA
DFW,HEL
DFW,IST
DFW,LHR
DFW,MAD
DFW,CDG
DFW,FCO
DFW,ABI
DFW,ABQ
DFW,ACA
DFW,ACT
DFW,AEX
DFW,AGS
DFW,AGU
DFW,ALB
DFW,AMA
DFW,ANC
DFW,ASE
DFW,ATL
DFW,ATW
DFW,AUA
DFW,AUS
DFW,AVL
DFW,BDL
DFW,BFL
DFW,BHM
DFW,BIL
DFW,BIS
DFW,BJX
DFW,BMI
DFW,BNA
DFW,BNE
DFW,BOG
DFW,BOI
DFW,BOS
DFW,BPT
DFW,BRO
DFW,BTR
DFW,BTV
DFW,BUR
DFW,BWI
DFW,BZE
DFW,BZN
DFW,CAE
DFW,CHA
DFW,CHS
DFW,CID
DFW,CLE
DFW,CLL
DFW,CLT
DFW,CMH
DFW,CMI
DFW,COS
DFW,COU
DFW,CRP
DFW,CUN
DFW,CUU
DFW,CVG
DFW,CVN
DFW,CZM
DFW,DAY
DFW,DCA
DFW,DEN
DFW,DGO
DFW,DOH
DFW,DRO
DFW,DSM
DFW,DTW
DFW,DXB
DFW,ECP
DFW,EGE
DFW,ELD
DFW,ELP
DFW,EUG
DFW,EVV
DFW,EWR
DFW,EYW
DFW,EZE
DFW,FAR
DFW,FAT
DFW,FCA
DFW,FLG
DFW,FLL
DFW,FSD
DFW,FSM
DFW,FWA
DFW,GCK
DFW,GCM
DFW,GDL
DFW,GEG
DFW,GGG
DFW,GIG
DFW,GJT
DFW,GLH
DFW,GNV
DFW,GPT
DFW,GRI
DFW,GRK
DFW,GRR
DFW,GRU
DFW,GSO
DFW,GSP
DFW,GUA
DFW,GUC
DFW,HDN
DFW,HND
DFW,HNL
DFW,HOT
DFW,HOU
DFW,HRL
DFW,HRO
DFW,HSV
DFW,HUX
DFW,IAD
DFW,IAH
DFW,ICN
DFW,ICT
DFW,IDA
DFW,ILM
DFW,IND
DFW,JAC
DFW,JAN
DFW,JAX
DFW,JFK
DFW,LAS
DFW,LAW
DFW,LAX
DFW,LBB
DFW,LCH
DFW,LEX
DFW,LFT
DFW,LGA
DFW,LIR
DFW,LIT
DFW,LRD
DFW,LTO
DFW,MAF
DFW,MBJ
DFW,MCI
DFW,MCO
DFW,MDT
DFW,MDW
DFW,MEL
DFW,MEM
DFW,MEX
DFW,MFE
DFW,MGM
DFW,MHK
DFW,MID
DFW,MKE
DFW,MLI
DFW,MLM
DFW,MLU
DFW,MOB
DFW,MRY
DFW,MSN
DFW,MSO
DFW,MSP
DFW,MSY
DFW,MTJ
DFW,MTY
DFW,MYR
DFW,MZT
DFW,NAS
DFW,NRT
DFW,OAX
DFW,OGG
DFW,OKC
DFW,OMA
DFW,ONT
DFW,ORD
DFW,ORF
DFW,PBI
DFW,PDX
DFW,PHX
DFW,PIA
DFW,PIT
DFW,PLS
DFW,PNS
DFW,PSP
DFW,PUJ
DFW,PVG
DFW,PVR
DFW,PVU
DFW,PWM
DFW,QRO
DFW,RAP
DFW,RDM
DFW,RDU
DFW,RIC
DFW,RNO
DFW,ROW
DFW,RSW
DFW,RTB
DFW,SAF
DFW,SAL
DFW,SAN
DFW,SAT
DFW,SAV
DFW,SBA
DFW,SBN
DFW,SBP
DFW,SCL
DFW,SDF
DFW,SEA
DFW,SFO
DFW,SGF
DFW,SGU
DFW,SPS
DFW,SRQ
DFW,STL
DFW,STS
DFW,STT
DFW,SWO
DFW,SYD
DFW,SYR
DFW,TBN
DFW,TLH
DFW,TPA
DFW,TRC
DFW,TRI
DFW,TUL
DFW,TUS
DFW,TVC
DFW,TXK
DFW,TYR
DFW,TYS
DFW,VER
DFW,VPS
DFW,XNA
DFW,XPL
DFW,YUL
DFW,YUM
DFW,YVR
DFW,YYC
DFW,YYZ
DFW,ZCL
DFW,ZIH
DFW,ZLO
DFW,SJC
DFW,SJD
DFW,SJO
DFW,SJU
DFW,SLC
DFW,SLP
DFW,SMF
DFW,SNA
DFW,SHV
DFW,SJT
DFW,PHL
DFW,MIA
DFW,BUF
DFW,AKL
DFW,TQO
DGA,BZE
DGA,INB
DGA,PLJ
DGA,TZA
DGE,SYD
DGH,BLR
DGH,CCU
DGH,DEL
DGH,IXR
DGH,PAT
DGO,CJS
DGO,DFW
DGO,GDL
DGO,HMO
DGO,MDW
DGO,MEX
DGO,MTY
DGO,PVR
DGO,TIJ
DGO,NLU
DGT,CEB
DGT,MNL
DHG,VVO
DHG,ETL
DHI,KTM
DHM,DEL
DHM,IXC
DHM,SLV
DHN,ATL
DHX,BPN
DHX,CGK
DIB,CCU
DIB,DEL
DIB,GAU
DIB,IMF
DIB,IXB
DIB,SHL
DIB,TEI
DIB,HGI
DIE,DZA
DIE,RUN
DIE,TNR
DIG,CAN
DIG,KMG
DIG,LXA
DIG,TFU
DIK,DEN
DIL,DPS
DIL,DRW
DIN,HAN
DIN,SGN
DIQ,CNF
DIQ,VCP
DIR,ADD
DIR,GDE
DIU,AMD
DIU,BOM
DIU,STV
DIY,ESB
DIY,AYT
DIY,DUS
DIY,FRA
DIY,HAJ
DIY,IST
DIY,SAW
DIY,ADB
DIY,STR
DIY,BER
DIY,TZX
DIY,YEI
DIY,ECN
DJB,BTH
DJB,CGK
DJB,SIQ
DJE,BSL
DJE,BRN
DJE,BLQ
DJE,BOD
DJE,BRU
DJE,DUS
DJE,FRA
DJE,GVA
DJE,HAJ
DJE,LEJ
DJE,LGG
DJE,LUX
DJE,LYS
DJE,MRS
DJE,MXP
DJE,MIR
DJE,MUC
DJE,NTE
DJE,NCE
DJE,CDG
DJE,ORY
DJE,LIL
DJE,FCO
DJE,TLS
DJE,TUN
DJE,VRN
DJE,VIE
DJE,ZRH
DJE,SXB
DJE,NBE
DJE,BER
DJG,ALG
DJG,ORN
DJG,CZL
DJG,ELU
DJG,TMR
DJG,OGX
DJG,VVZ
DJJ,BIK
DJJ,CGK
DJJ,MKQ
DJJ,MKW
DJJ,UPG
DJJ,NBX
DJJ,SOQ
DJJ,TIM
DJJ,WMX
DJJ,OKL
DJJ,DEX
DJJ,TMH
DJJ,ZRI
DJN,FAI
DJN,TKJ
DKA,ABV
DKR,XLS
DKS,NSK
DLA,BRU
DLA,CAI
DLA,CMN
DLA,IST
DLA,CDG
DLA,ALG
DLA,ABV
DLA,ADD
DLA,BFX
DLA,BGF
DLA,BSG
DLA,BZV
DLA,COO
DLA,GOU
DLA,KGL
DLA,LBV
DLA,LFW
DLA,LOS
DLA,MVR
DLA,NBO
DLA,NDJ
DLA,NSI
DLA,SSG
DLA,NGE
DLC,CAN
DLC,CGO
DLC,CIF
DLC,CIH
DLC,CJU
DLC,CKG
DLC,CSX
DLC,CTS
DLC,CTU
DLC,CZX
DLC,DSN
DLC,FOC
DLC,FUG
DLC,FUK
DLC,HAK
DLC,HDG
DLC,HET
DLC,HFE
DLC,HGH
DLC,HIA
DLC,HIJ
DLC,HKG
DLC,HLD
DLC,HND
DLC,HSN
DLC,ICN
DLC,INC
DLC,JMU
DLC,JNG
DLC,JUZ
DLC,JXA
DLC,KHN
DLC,KIX
DLC,KMG
DLC,LYG
DLC,MDG
DLC,NBS
DLC,NGB
DLC,NGO
DLC,NKG
DLC,NRT
DLC,PEK
DLC,PVG
DLC,SDJ
DLC,SHA
DLC,SYX
DLC,SZX
DLC,TAO
DLC,TNA
DLC,TNH
DLC,TOY
DLC,TSN
DLC,TVS
DLC,TYN
DLC,URC
DLC,VVO
DLC,WEF
DLC,WEH
DLC,WNZ
DLC,WUH
DLC,WUX
DLC,XIL
DLC,XIY
DLC,XMN
DLC,XUZ
DLC,YIH
DLC,YNJ
DLC,YNT
DLC,YNZ
DLC,YTY
DLC,DOY
DLC,DQA
DLC,LDS
DLC,NDG
DLC,NTG
DLC,SJW
DLC,TXN
DLC,UYN
DLC,YCU
DLC,NZH
DLC,LHW
DLC,JGD
DLC,YIC
DLC,RIZ
DLC,LFQ
DLC,WDS
DLC,SQD
DLC,DBC
DLC,JSJ
DLC,PKX
DLC,TFU
DLC,HZA
DLC,WHA
DLE,BIA
DLE,FEZ
DLE,RAK
DLE,OPO
DLG,ANC
DLH,MSP
DLH,ORD
DLI,DAD
DLI,HAN
DLI,HPH
DLI,ICN
DLI,SGN
DLI,VII
DLM,AMS
DLM,ESB
DLM,AYT
DLM,BFS
DLM,BHX
DLM,BJV
DLM,BOH
DLM,BTS
DLM,BRS
DLM,BRU
DLM,CGN
DLM,DUB
DLM,DUS
DLM,EDI
DLM,FRA
DLM,GLA
DLM,HAM
DLM,HAJ
DLM,IST
DLM,SAW
DLM,CPH
DLM,LBA
DLM,LPL
DLM,LGW
DLM,LHR
DLM,LTN
DLM,STN
DLM,MAN
DLM,SVO
DLM,VKO
DLM,MUC
DLM,NCL
DLM,EMA
DLM,NUE
DLM,LED
DLM,STR
DLM,VIE
DLM,ZRH
DLM,BEY
DLM,AMM
DLM,KZN
DLM,KUF
DLM,AER
DLM,GYD
DLM,BER
DLM,SVX
DLM,UFA
DLU,CAN
DLU,CKG
DLU,CSX
DLU,CTU
DLU,FOC
DLU,HGH
DLU,JHG
DLU,KHN
DLU,KMG
DLU,LZO
DLU,MIG
DLU,NKG
DLU,PEK
DLU,PVG
DLU,SHA
DLU,SZX
DLU,WUH
DLU,XIY
DLU,ZAT
DLU,WMT
DLU,PKX
DLU,TFU
DLY,IPA
DLY,VLI
DLZ,UBN
DMB,ALA
DMB,GUW
DMB,NQZ
DMD,BUC
DMD,ISA
DMD,ONG
DME,AYT
DME,CAI
DME,CMN
DME,IST
DME,KGD
DME,MSQ
DME,LED
DME,TLV
DME,ADA
DME,AMM
DME,EVN
DME,MMK
DME,KZN
DME,KUF
DME,AER
DME,ABA
DME,ADD
DME,ASB
DME,AUH
DME,BAH
DME,GYD
DME,BAX
DME,BQS
DME,BTK
DME,BUS
DME,CEE
DME,DWC
DME,DXB
DME,DYU
DME,FRU
DME,GRV
DME,HTA
DME,IJK
DME,IKT
DME,JED
DME,KJA
DME,KRO
DME,KSQ
DME,KWI
DME,KYZ
DME,LBD
DME,MCX
DME,MRV
DME,NCU
DME,NOJ
DME,NOZ
DME,NSK
DME,NUX
DME,NYM
DME,OGZ
DME,OMS
DME,OSS
DME,OVB
DME,PES
DME,PEZ
DME,SGC
DME,SHJ
DME,SVX
DME,TAS
DME,TOF
DME,UCT
DME,UFA
DME,UKK
DME,UUA
DME,UUD
DME,VOG
DME,YKS
DME,LLK
DME,NER
DME,NMA
DME,SKD
DME,SLY
DME,TJU
DME,UGC
DME,RGK
DME,GSV
DME,NVI
DME,RMZ
DME,GNJ
DMK,AMD
DMK,BFV
DMK,BLR
DMK,BOM
DMK,CAN
DMK,CCU
DMK,CEI
DMK,CGK
DMK,CGO
DMK,CJJ
DMK,CJM
DMK,CKG
DMK,CMB
DMK,CNX
DMK,COK
DMK,CSX
DMK,CXR
DMK,CZX
DMK,DAC
DMK,DAD
DMK,DPS
DMK,FUK
DMK,GAU
DMK,GAY
DMK,HAN
DMK,HDY
DMK,HFE
DMK,HGH
DMK,HKG
DMK,HKT
DMK,HYD
DMK,IKA
DMK,JAI
DMK,JHB
DMK,KBV
DMK,KHH
DMK,KHN
DMK,KKC
DMK,KMG
DMK,KOP
DMK,KTM
DMK,KUL
DMK,LKO
DMK,LOE
DMK,LPQ
DMK,MAA
DMK,MAQ
DMK,MDL
DMK,MFM
DMK,MLE
DMK,MNL
DMK,NGB
DMK,NKG
DMK,NNG
DMK,OKA
DMK,PEN
DMK,PNH
DMK,PVG
DMK,RGN
DMK,SGN
DMK,SWA
DMK,SZX
DMK,TNA
DMK,TPE
DMK,TRZ
DMK,TSN
DMK,TST
DMK,UBP
DMK,UNN
DMK,URT
DMK,USM
DMK,VTE
DMK,VTZ
DMK,WUH
DMK,XIY
DMK,YIH
DMK,NNT
DMK,NST
DMK,PHS
DMK,ROI
DMK,SIN
DMK,SNO
DMK,UTH
DMK,NAW
DMK,KNO
DMK,PKX
DMK,TFU
DMK,SAI
DMM,AMS
DMM,CAI
DMM,IST
DMM,SAW
DMM,FCO
DMM,TBS
DMM,BEY
DMM,AMM
DMM,HBE
DMM,ABT
DMM,ADD
DMM,AHB
DMM,AUH
DMM,BAH
DMM,GYD
DMM,BHH
DMM,BOM
DMM,CCJ
DMM,CMB
DMM,COK
DMM,DAC
DMM,DEL
DMM,DOH
DMM,DXB
DMM,EAM
DMM,ELQ
DMM,HAS
DMM,HYD
DMM,ISB
DMM,IXE
DMM,JED
DMM,KHI
DMM,KTM
DMM,KWI
DMM,LHE
DMM,LKO
DMM,MAA
DMM,MCT
DMM,MED
DMM,MNL
DMM,NJF
DMM,RUH
DMM,SHJ
DMM,TIF
DMM,TRV
DMM,TUU
DMM,TZX
DMM,YNB
DMM,HMB
DMM,PZU
DMM,SKT
DMM,SLL
DMM,ULH
DMM,GIZ
DMM,CNN
DMM,NUM
DMU,CCU
DMU,DEL
DMU,GAU
DMU,IMF
DND,LHR
DND,KOI
DND,LSI
DNH,HKG
DNH,JGN
DNH,KRL
DNH,PEK
DNH,PVG
DNH,SHA
DNH,XIY
DNH,XNN
DNH,LHW
DNH,TLQ
DNH,HTT
DNH,LNL
DNH,PKX
DNH,TFU
DNP,KTM
DNZ,IST
DNZ,SAW
DOB,AMQ
DOB,LUV
DOD,DAR
DOH,AMS
DOH,ESB
DOH,AYT
DOH,ATH
DOH,BCN
DOH,BEG
DOH,BHX
DOH,BJV
DOH,BUD
DOH,BRU
DOH,OTP
DOH,CAI
DOH,CMN
DOH,DUB
DOH,DUS
DOH,EDI
DOH,FRA
DOH,GVA
DOH,HAM
DOH,HEL
DOH,IST
DOH,SAW
DOH,CPH
DOH,LCA
DOH,LIS
DOH,LGW
DOH,LHR
DOH,LYS
DOH,MAD
DOH,AGP
DOH,MAN
DOH,MXP
DOH,SVO
DOH,MUC
DOH,JMK
DOH,NCE
DOH,OSL
DOH,CDG
DOH,PRG
DOH,FCO
DOH,SOF
DOH,ARN
DOH,TBS
DOH,TLS
DOH,TUN
DOH,VCE
DOH,WAW
DOH,VIE
DOH,ZAG
DOH,ZRH
DOH,SJJ
DOH,BEY
DOH,ADA
DOH,ALG
DOH,DAM
DOH,AMM
DOH,EVN
DOH,EBL
DOH,HBE
DOH,ABJ
DOH,ABV
DOH,ACC
DOH,ADD
DOH,ADL
DOH,ALA
DOH,AMD
DOH,ATL
DOH,ATQ
DOH,AUH
DOH,BAH
DOH,GYD
DOH,BER
DOH,BGW
DOH,BKK
DOH,BLR
DOH,BNE
DOH,BOM
DOH,BOS
DOH,BSR
DOH,CAN
DOH,CCJ
DOH,CCU
DOH,CEB
DOH,CGK
DOH,CGP
DOH,CKG
DOH,CMB
DOH,COK
DOH,CPT
DOH,CRK
DOH,DAC
DOH,DAR
DOH,DEL
DOH,DFW
DOH,DMM
DOH,DPS
DOH,DUR
DOH,DVO
DOH,DXB
DOH,EBB
DOH,ELQ
DOH,FIH
DOH,GOI
DOH,GRU
DOH,HAN
DOH,HGH
DOH,HKG
DOH,HKT
DOH,HND
DOH,HYD
DOH,IAD
DOH,IAH
DOH,ICN
DOH,IFN
DOH,IKA
DOH,ISB
DOH,ISU
DOH,IXE
DOH,JED
DOH,JFK
DOH,JIB
DOH,JNB
DOH,JRO
DOH,KGL
DOH,KHI
DOH,KIX
DOH,KTM
DOH,KUL
DOH,KWI
DOH,LAD
DOH,LAX
DOH,LHE
DOH,LOS
DOH,LRR
DOH,LUN
DOH,MAA
DOH,MCT
DOH,MED
DOH,MEL
DOH,MHD
DOH,MLE
DOH,MNL
DOH,MPM
DOH,MUX
DOH,NAG
DOH,NBO
DOH,NJF
DOH,NRT
DOH,ORD
DOH,PER
DOH,PEW
DOH,PVG
DOH,RGN
DOH,RUH
DOH,SEA
DOH,SEZ
DOH,SFO
DOH,SGN
DOH,SHJ
DOH,SYD
DOH,SYZ
DOH,TAS
DOH,TIF
DOH,TRV
DOH,TRZ
DOH,TUU
DOH,TZX
DOH,XMN
DOH,YNB
DOH,YUL
DOH,ZNZ
DOH,ZYL
DOH,PZU
DOH,SIN
DOH,SKT
DOH,SLL
DOH,ULH
DOH,PKX
DOH,PHL
DOH,MIA
DOH,AKL
DOH,CNN
DOH,NUM
DOH,TFU
DOH,GOX
DOL,HER
DOL,KGS
DOL,AGP
DOL,OLB
DOL,PMO
DOL,PMI
DOL,RHO
DOM,ANU
DOM,BGI
DOM,EIS
DOM,FDF
DOM,POS
DOM,STT
DOM,SXM
DOM,SJU
DOM,SLU
DOM,MIA
DOP,KEP
DOY,CAN
DOY,CGO
DOY,CGQ
DOY,CKG
DOY,DLC
DOY,HGH
DOY,HRB
DOY,PEK
DOY,PVG
DOY,SHA
DOY,SHE
DOY,SZX
DOY,WNZ
DOY,WUH
DOY,XIY
DOY,XMN
DOY,PKX
DOY,TFU
DPL,CEB
DPL,MNL
DPO,MEL
DPS,IST
DPS,ADL
DPS,AUH
DPS,BDJ
DPS,BKK
DPS,BLR
DPS,BMU
DPS,BNE
DPS,BPN
DPS,CAN
DPS,CBR
DPS,CGK
DPS,CNS
DPS,DEL
DPS,DIL
DPS,DMK
DPS,DOH
DPS,DRW
DPS,DXB
DPS,FOC
DPS,HAN
DPS,HGH
DPS,HKG
DPS,HLP
DPS,ICN
DPS,KOE
DPS,KUL
DPS,LBJ
DPS,LOP
DPS,MDC
DPS,MEL
DPS,MNL
DPS,NRT
DPS,PER
DPS,POM
DPS,PVG
DPS,SGN
DPS,SOC
DPS,SRG
DPS,SUB
DPS,SYD
DPS,SZX
DPS,TKG
DPS,TPE
DPS,UPG
DPS,WGP
DPS,XMN
DPS,SIN
DPS,SOQ
DPS,TMC
DPS,KJT
DPS,YIA
DPS,AKL
DPS,AAP
DPS,OOL
DPS,TQQ
DPT,YKS
DQA,CSX
DQA,DLC
DQA,PEK
DQA,PVG
DQA,TAO
DQA,TSN
DQA,WEH
DQA,XIY
DQA,YNT
DQA,PKX
DQM,MCT
DQM,MSH
DRB,BME
DRG,BKC
DRG,OME
DRG,OTZ
DRJ,ORG
DRK,XQP
DRK,SJO
DRO,DEN
DRO,DFW
DRO,IAH
DRO,PHX
DRP,CEB
DRP,MNL
DRS,AYT
DRS,DUS
DRS,FRA
DRS,HER
DRS,HRG
DRS,KGS
DRS,MIR
DRS,MUC
DRS,PMI
DRS,RHO
DRS,VAR
DRS,ZRH
DRV,HAQ
DRV,MLE
DRW,ADL
DRW,ASP
DRW,BNE
DRW,CNS
DRW,DIL
DRW,DPS
DRW,ELC
DRW,GOV
DRW,GTE
DRW,KNX
DRW,MCV
DRW,MEL
DRW,MGT
DRW,MNG
DRW,PER
DRW,SYD
DRW,TSV
DRW,SIN
DRW,KTR
DRW,GTS
DSE,ADD
DSI,DAL
DSI,HOU
DSM,ATL
DSM,AUS
DSM,AZA
DSM,BNA
DSM,CLT
DSM,DCA
DSM,DEN
DSM,DFW
DSM,DTW
DSM,EWR
DSM,FLL
DSM,HOU
DSM,IAH
DSM,LAS
DSM,LAX
DSM,LGA
DSM,MCO
DSM,MSP
DSM,ORD
DSM,PDX
DSM,PGD
DSM,PHX
DSM,PIE
DSM,SAN
DSM,SFB
DSM,SRQ
DSM,STL
DSM,VPS
DSM,SNA
DSM,MIA
DSN,CGO
DSN,CGQ
DSN,CIF
DSN,CJJ
DSN,CJU
DSN,CKG
DSN,CSX
DSN,DLC
DSN,ENY
DSN,FOC
DSN,HAK
DSN,HDG
DSN,HET
DSN,HFE
DSN,HGH
DSN,HRB
DSN,ICN
DSN,INC
DSN,JGS
DSN,JNG
DSN,KCA
DSN,KMG
DSN,KWL
DSN,LYG
DSN,NKG
DSN,PEK
DSN,PVG
DSN,TAO
DSN,TNA
DSN,TSN
DSN,TYN
DSN,WEH
DSN,WNZ
DSN,WUH
DSN,XIL
DSN,XIY
DSN,XNN
DSN,XUZ
DSN,YNT
DSN,ZUH
DSN,FUO
DSN,MWX
DSN,SJW
DSN,TGO
DSN,LHW
DSN,BPE
DSN,TLQ
DSN,PKX
DSN,SHS
DSN,TFU
DSS,AMS
DSS,BCN
DSS,BOD
DSS,BRU
DSS,CMN
DSS,IST
DSS,LPA
DSS,LIS
DSS,LUX
DSS,LYS
DSS,MAD
DSS,MRS
DSS,MXP
DSS,NTE
DSS,NCE
DSS,CDG
DSS,LIL
DSS,FCO
DSS,TLS
DSS,TUN
DSS,VRN
DSS,ALG
DSS,ABJ
DSS,ACC
DSS,BJL
DSS,BKO
DSS,CKY
DSS,COO
DSS,CSK
DSS,DXB
DSS,JED
DSS,JFK
DSS,LFW
DSS,LOS
DSS,NKC
DSS,OUA
DSS,OXB
DSS,RAI
DSS,SID
DTB,BTH
DTB,CGK
DTB,HLP
DTM,ALC
DTM,AYT
DTM,BEG
DTM,BHX
DTM,BUD
DTM,OTP
DTM,CTA
DTM,CHQ
DTM,GDN
DTM,SAW
DTM,ADB
DTM,KTW
DTM,KRK
DTM,STN
DTM,AGP
DTM,MUC
DTM,PMI
DTM,OPO
DTM,PRN
DTM,RHO
DTM,FCO
DTM,SKP
DTM,SOF
DTM,SPU
DTM,TBS
DTM,SKG
DTM,TSR
DTM,TIA
DTM,VAR
DTM,VNO
DTM,KVA
DTM,CLJ
DTM,OHD
DTM,BCM
DTM,TGD
DTM,SBZ
DTM,IAS
DTM,EVN
DTM,SCV
DTM,BNX
DTM,KUT
DTM,ONQ
DTM,TZL
DTM,GHV
DTU,HRB
DTW,AMS
DTW,FRA
DTW,IST
DTW,LHR
DTW,MUC
DTW,CDG
DTW,KEF
DTW,FCO
DTW,AMM
DTW,ALB
DTW,ANC
DTW,APN
DTW,ATL
DTW,ATW
DTW,AUS
DTW,AZO
DTW,BDL
DTW,BGM
DTW,BHM
DTW,BNA
DTW,BOS
DTW,BTV
DTW,BWI
DTW,CHA
DTW,CHS
DTW,CIU
DTW,CLE
DTW,CLT
DTW,CMH
DTW,CUN
DTW,CVG
DTW,DCA
DTW,DEN
DTW,DFW
DTW,DSM
DTW,ELM
DTW,ESC
DTW,EWR
DTW,FLL
DTW,FWA
DTW,GRB
DTW,GRR
DTW,GSO
DTW,GSP
DTW,HND
DTW,HNL
DTW,HPN
DTW,HSV
DTW,IAD
DTW,IAH
DTW,ICN
DTW,IMT
DTW,IND
DTW,JAX
DTW,JFK
DTW,LAN
DTW,LAS
DTW,LAX
DTW,LEX
DTW,LGA
DTW,MBJ
DTW,MBS
DTW,MCI
DTW,MCO
DTW,MDT
DTW,MDW
DTW,MEM
DTW,MEX
DTW,MKE
DTW,MQT
DTW,MSN
DTW,MSP
DTW,MSY
DTW,MTY
DTW,MYR
DTW,OAK
DTW,OMA
DTW,ORD
DTW,ORF
DTW,PBI
DTW,PDX
DTW,PHX
DTW,PIT
DTW,PLN
DTW,PLS
DTW,PUJ
DTW,PVD
DTW,PVG
DTW,PVR
DTW,PWM
DTW,QRO
DTW,RDU
DTW,RIC
DTW,ROC
DTW,RSW
DTW,SAN
DTW,SAT
DTW,SAV
DTW,SBN
DTW,SDF
DTW,SEA
DTW,SFO
DTW,SRQ
DTW,STL
DTW,SYR
DTW,TPA
DTW,TVC
DTW,TYS
DTW,YUL
DTW,YVR
DTW,YYC
DTW,YYZ
DTW,SJC
DTW,SJD
DTW,SJU
DTW,SLC
DTW,SMF
DTW,SNA
DTW,PHL
DTW,MIA
DTW,BUF
DUB,ABZ
DUB,AGA
DUB,AHO
DUB,ALC
DUB,AMS
DUB,ESB
DUB,AYT
DUB,ACE
DUB,ATH
DUB,BCN
DUB,GRO
DUB,REU
DUB,BRI
DUB,BSL
DUB,BGO
DUB,BIQ
DUB,BIO
DUB,BLL
DUB,BHX
DUB,BJV
DUB,BUD
DUB,BLQ
DUB,BOD
DUB,BTS
DUB,BES
DUB,BDS
DUB,BRS
DUB,BRU
DUB,CRL
DUB,OTP
DUB,BOJ
DUB,BZG
DUB,CAG
DUB,CAI
DUB,CCF
DUB,CWL
DUB,CTA
DUB,CHQ
DUB,CGN
DUB,CFU
DUB,DLM
DUB,CFN
DUB,DBV
DUB,DUS
DUB,EDI
DUB,EIN
DUB,EXT
DUB,FAO
DUB,FRA
DUB,HHN
DUB,FUE
DUB,FNC
DUB,GDN
DUB,GVA
DUB,GLA
DUB,GNB
DUB,HAM
DUB,HEL
DUB,HER
DUB,IBZ
DUB,IOM
DUB,IST
DUB,ADB
DUB,JER
DUB,KTW
DUB,KUN
DUB,KIR
DUB,CPH
DUB,KGS
DUB,KSC
DUB,KRK
DUB,LRH
DUB,LPA
DUB,LBA
DUB,LIS
DUB,LPL
DUB,LCJ
DUB,LCY
DUB,LGW
DUB,LHR
DUB,LTN
DUB,STN
DUB,LDE
DUB,LUX
DUB,LYS
DUB,MAD
DUB,MAH
DUB,AGP
DUB,MLA
DUB,MAN
DUB,RAK
DUB,MRS
DUB,BGY
DUB,LIN
DUB,MXP
DUB,MUC
DUB,NTE
DUB,NAP
DUB,NCL
DUB,NQY
DUB,NCE
DUB,FNI
DUB,EMA
DUB,OLB
DUB,OSL
DUB,PFO
DUB,PMO
DUB,PMI
DUB,BVA
DUB,CDG
DUB,ORY
DUB,PGF
DUB,PSA
DUB,OPO
DUB,POZ
DUB,PRG
DUB,RNS
DUB,KEF
DUB,RHO
DUB,RIX
DUB,RDZ
DUB,FCO
DUB,RVN
DUB,RZE
DUB,SZG
DUB,SDR
DUB,SCQ
DUB,JTR
DUB,SVQ
DUB,SOF
DUB,SOU
DUB,SPU
DUB,ARN
DUB,SZZ
DUB,TLL
DUB,TFS
DUB,SKG
DUB,TLS
DUB,TRS
DUB,TRN
DUB,VLC
DUB,VCE
DUB,VRN
DUB,VNO
DUB,WAW
DUB,VIE
DUB,WRO
DUB,ZAD
DUB,ZAG
DUB,ZTH
DUB,ZRH
DUB,CLJ
DUB,RMO
DUB,FMM
DUB,TLV
DUB,BCM
DUB,PLQ
DUB,IAS
DUB,ATL
DUB,AUH
DUB,BDL
DUB,BER
DUB,BOS
DUB,CLE
DUB,CLT
DUB,CUN
DUB,DEN
DUB,DFW
DUB,DOH
DUB,DXB
DUB,EWR
DUB,IAD
DUB,JFK
DUB,LAS
DUB,LAX
DUB,MCO
DUB,MSP
DUB,ORD
DUB,PEK
DUB,SEA
DUB,SFO
DUB,WMI
DUB,YHZ
DUB,YUL
DUB,YVR
DUB,YYC
DUB,YYZ
DUB,LUZ
DUB,RMU
DUB,PHL
DUB,MIA
DUD,CHC
DUD,WLG
DUD,AKL
DUE,LAD
DUJ,IAD
DUJ,PIT
DUR,BFN
DUR,CPT
DUR,DOH
DUR,DXB
DUR,ELS
DUR,GRJ
DUR,HLA
DUR,HRE
DUR,JNB
DUR,LUN
DUR,MPM
DUR,MQP
DUR,PLZ
DUR,SHO
DUS,AGA
DUS,ALC
DUS,AMS
DUS,ESB
DUS,AYT
DUS,GPA
DUS,ACE
DUS,ATH
DUS,BCN
DUS,BRI
DUS,BIA
DUS,BEG
DUS,BGO
DUS,BIO
DUS,BHX
DUS,BJV
DUS,BUD
DUS,BLQ
DUS,BOD
DUS,BDS
DUS,OTP
DUS,BOJ
DUS,CAG
DUS,CAI
DUS,CMN
DUS,CTA
DUS,CHQ
DUS,CFU
DUS,DLM
DUS,DJE
DUS,DRS
DUS,DUB
DUS,DBV
DUS,EDI
DUS,FAO
DUS,FEZ
DUS,FLR
DUS,FRA
DUS,FUE
DUS,FNC
DUS,GDN
DUS,GVA
DUS,GOA
DUS,GOT
DUS,GRZ
DUS,HAM
DUS,HAJ
DUS,HEL
DUS,HER
DUS,HRG
DUS,IBZ
DUS,IST
DUS,SAW
DUS,ADB
DUS,XRY
DUS,JER
DUS,KRN
DUS,KTT
DUS,CPH
DUS,KGS
DUS,KRK
DUS,SPC
DUS,SUF
DUS,LCA
DUS,LPA
DUS,LEJ
DUS,LNZ
DUS,LIS
DUS,LHR
DUS,LXR
DUS,LYS
DUS,MAD
DUS,MAH
DUS,AGP
DUS,MLA
DUS,MAN
DUS,RAK
DUS,RMF
DUS,MRS
DUS,BGY
DUS,LIN
DUS,MXP
DUS,MIR
DUS,MUC
DUS,JMK
DUS,NDR
DUS,NAP
DUS,NCL
DUS,NQY
DUS,NCE
DUS,NUE
DUS,OLB
DUS,OSL
DUS,OUD
DUS,PMO
DUS,PMI
DUS,CDG
DUS,OPO
DUS,PRG
DUS,PVK
DUS,PRN
DUS,PUY
DUS,KEF
DUS,RHO
DUS,RIX
DUS,RJK
DUS,FCO
DUS,RVN
DUS,SZG
DUS,SMI
DUS,JTR
DUS,SSH
DUS,SPU
DUS,ARN
DUS,TNG
DUS,TBS
DUS,TFS
DUS,SKG
DUS,TIA
DUS,TRS
DUS,TOS
DUS,TUN
DUS,VLC
DUS,VAR
DUS,VCE
DUS,WAW
DUS,VIE
DUS,GWT
DUS,ZAD
DUS,ZAG
DUS,ZTH
DUS,ZRH
DUS,TIV
DUS,KVA
DUS,RMO
DUS,KLX
DUS,VOL
DUS,TLV
DUS,BEY
DUS,ADA
DUS,ASR
DUS,KYA
DUS,AMM
DUS,EVN
DUS,EBL
DUS,BZO
DUS,KAO
DUS,IVL
DUS,AUH
DUS,BER
DUS,BGI
DUS,BVC
DUS,DIY
DUS,DOH
DUS,DXB
DUS,EDO
DUS,EZS
DUS,FDF
DUS,GZT
DUS,JFK
DUS,KAJ
DUS,LRM
DUS,MBJ
DUS,MLX
DUS,ONQ
DUS,SZF
DUS,TZX
DUS,SID
DUS,KZR
DUS,OGU
DUT,ANC
DVL,DEN
DVL,JMS
DVO,BCD
DVO,CEB
DVO,CGY
DVO,DOH
DVO,ILO
DVO,JJN
DVO,MNL
DVO,TAG
DVO,ZAM
DVO,IAO
DVO,SIN
DWC,AMS
DWC,BRI
DWC,BOJ
DWC,CGN
DWC,CPH
DWC,LUX
DWC,MXP
DWC,DME
DWC,SVO
DWC,MUC
DWC,OSL
DWC,PRG
DWC,FCO
DWC,LED
DWC,ARN
DWC,STR
DWC,ZRH
DWC,RMO
DWC,AER
DWC,BER
DWC,GRV
DWC,MJI
DWC,MLE
DWC,MRV
DWC,RUH
DWC,SGC
DWC,SVX
DWC,TJM
DWD,JED
DWD,RUH
DWO,CMB
DWO,NUF
DXB,AMS
DXB,ESB
DXB,AYT
DXB,ATH
DXB,BCN
DXB,BSL
DXB,BEG
DXB,BHX
DXB,BJV
DXB,BUD
DXB,BLQ
DXB,BRU
DXB,OTP
DXB,BOJ
DXB,CAI
DXB,CMN
DXB,CTA
DXB,CGN
DXB,CFU
DXB,DUB
DXB,DBV
DXB,DUS
DXB,EDI
DXB,FRA
DXB,GVA
DXB,GLA
DXB,HAM
DXB,HEL
DXB,IST
DXB,SAW
DXB,ADB
DXB,CPH
DXB,KRK
DXB,LCA
DXB,LIS
DXB,LJU
DXB,LGW
DXB,LHR
DXB,STN
DXB,LYS
DXB,MAD
DXB,MAN
DXB,MRS
DXB,BGY
DXB,MXP
DXB,MSQ
DXB,DME
DXB,SVO
DXB,VKO
DXB,MUC
DXB,JMK
DXB,NAP
DXB,NCL
DXB,NCE
DXB,OLB
DXB,OSL
DXB,CDG
DXB,PSA
DXB,POZ
DXB,PRG
DXB,RIX
DXB,FCO
DXB,SZG
DXB,JTR
DXB,SOF
DXB,LED
DXB,ARN
DXB,STR
DXB,TLL
DXB,TBS
DXB,TIA
DXB,TLS
DXB,TUN
DXB,VCE
DXB,VNO
DXB,WAW
DXB,VIE
DXB,ZAG
DXB,ZRH
DXB,TIV
DXB,SJJ
DXB,TLV
DXB,BEY
DXB,ALG
DXB,DAM
DXB,AMM
DXB,EVN
DXB,EBL
DXB,KZN
DXB,HBE
DXB,KUF
DXB,AER
DXB,ACC
DXB,ADD
DXB,ADL
DXB,AHB
DXB,AJF
DXB,ALA
DXB,AMD
DXB,AQI
DXB,ASB
DXB,ASM
DXB,ATQ
DXB,AWZ
DXB,BAH
DXB,GYD
DXB,BBI
DXB,BEN
DXB,BER
DXB,BGW
DXB,BKK
DXB,BLR
DXB,BND
DXB,BNE
DXB,BOM
DXB,BOS
DXB,BSA
DXB,BSR
DXB,BUS
DXB,BWN
DXB,CAN
DXB,CCJ
DXB,CCU
DXB,CEB
DXB,CGK
DXB,CGP
DXB,CIT
DXB,CKG
DXB,CKY
DXB,CMB
DXB,COK
DXB,CPT
DXB,CRK
DXB,DAC
DXB,DAR
DXB,DEL
DXB,DFW
DXB,DMM
DXB,DOH
DXB,DPS
DXB,DUR
DXB,DYU
DXB,EAM
DXB,EBB
DXB,ELQ
DXB,EWR
DXB,FRU
DXB,GIG
DXB,GOI
DXB,GRU
DXB,HAN
DXB,HAS
DXB,HGA
DXB,HGH
DXB,HKG
DXB,HKT
DXB,HND
DXB,HOF
DXB,HYD
DXB,IAD
DXB,IAH
DXB,ICN
DXB,IDR
DXB,IFN
DXB,IKA
DXB,INC
DXB,ISB
DXB,ISU
DXB,IXC
DXB,IXE
DXB,IXM
DXB,JAI
DXB,JED
DXB,JFK
DXB,JIB
DXB,JNB
DXB,JUB
DXB,KBL
DXB,KBV
DXB,KDH
DXB,KDU
DXB,KGL
DXB,KHI
DXB,KHT
DXB,KIX
DXB,KMG
DXB,KTM
DXB,KUL
DXB,KWI
DXB,LAD
DXB,LAX
DXB,LHE
DXB,LKO
DXB,LOS
DXB,LRR
DXB,LUN
DXB,LYP
DXB,MAA
DXB,MBA
DXB,MCO
DXB,MCT
DXB,MCX
DXB,MED
DXB,MEL
DXB,MGQ
DXB,MHD
DXB,MLE
DXB,MNL
DXB,MRU
DXB,MRV
DXB,MUX
DXB,NBO
DXB,NJF
DXB,NRT
DXB,ORD
DXB,OVB
DXB,PEK
DXB,PEN
DXB,PER
DXB,PEW
DXB,PNQ
DXB,PVG
DXB,RGN
DXB,RUH
DXB,SEA
DXB,SEZ
DXB,SFO
DXB,SGN
DXB,STV
DXB,SVX
DXB,SYD
DXB,SYZ
DXB,SZX
DXB,TAO
DXB,TAS
DXB,TIF
DXB,TPE
DXB,TRV
DXB,TRZ
DXB,TUU
DXB,TZX
DXB,UET
DXB,UFA
DXB,UTP
DXB,VOG
DXB,WUH
DXB,XIY
DXB,YNB
DXB,YUL
DXB,YVR
DXB,YYZ
DXB,ZBR
DXB,ZNZ
DXB,ZYL
DXB,PZU
DXB,SIN
DXB,SKD
DXB,SKT
DXB,SLL
DXB,ULH
DXB,GIZ
DXB,DSS
DXB,MIA
DXB,AKL
DXB,CNN
DXB,NUM
DXB,TFU
DXB,SPX
DXB,NQZ
DXB,RSI
DXJ,CAN
DXJ,KMG
DXJ,NGB
DXJ,PVG
DXJ,SHE
DXJ,PKX
DXJ,TFU
DYG,CAN
DYG,CJJ
DYG,CKG
DYG,CZX
DYG,FOC
DYG,HAK
DYG,HDG
DYG,HFE
DYG,HGH
DYG,HIA
DYG,HKG
DYG,HNY
DYG,ICN
DYG,KMG
DYG,KUL
DYG,NGB
DYG,NKG
DYG,NNG
DYG,PEK
DYG,PUS
DYG,PVG
DYG,SWA
DYG,TAE
DYG,TAO
DYG,TNA
DYG,TSN
DYG,WUX
DYG,XIY
DYG,XUZ
DYG,YNT
DYG,YTY
DYG,MWX
DYG,LHW
DYG,PKX
DYG,TFU
DYG,HCZ
DYR,SVO
DYR,KHV
DYR,PKC
DYU,IST
DYU,DME
DYU,VKO
DYU,MUC
DYU,LED
DYU,TBS
DYU,KZN
DYU,KUF
DYU,AER
DYU,ALA
DYU,CEK
DYU,DEL
DYU,DXB
DYU,IKA
DYU,KJA
DYU,KWI
DYU,LBD
DYU,MED
DYU,MHD
DYU,MRV
DYU,OVB
DYU,SVX
DYU,TAS
DYU,TZX
DYU,UFA
DYU,URC
DYU,ZIA
DYU,NQZ
DZA,CDG
DZA,DAR
DZA,DIE
DZA,HAH
DZA,MJN
DZA,NBO
DZA,RUN
DZA,NOS
DZH,CAN
DZH,CGO
DZH,CTU
DZH,HAK
DZH,HFE
DZH,HGH
DZH,HSN
DZH,INC
DZH,JJN
DZH,KHN
DZH,KMG
DZH,KWE
DZH,LJG
DZH,LXA
DZH,NKG
DZH,NNG
DZH,PEK
DZH,PVG
DZH,SWA
DZH,SYX
DZH,SZX
DZH,TAO
DZH,TYN
DZH,WEH
DZH,WUH
DZH,XIC
DZH,XMN
DZH,YBP
DZH,ZUH
DZH,SJW
DZH,TFU
DZN,ALA
DZN,CIT
DZN,NQZ
EAL,KWA
EAL,UJE
EAM,CAI
EAM,DMM
EAM,DXB
EAM,JED
EAM,RUH
EAR,DEN
EAS,BCN
EAS,EDI
EAS,LPA
EAS,LCY
EAS,MAD
EAS,MAH
EAS,AGP
EAS,PMI
EAS,SVQ
EAS,VLC
EAT,SEA
EAU,LAS
EAU,MCO
EAU,MSP
EAU,RSW
EBB,AMS
EBB,BRU
EBB,CAI
EBB,IST
EBB,ADD
EBB,BGF
EBB,BJM
EBB,BOM
EBB,DAR
EBB,DOH
EBB,DXB
EBB,FIH
EBB,JIN
EBB,JNB
EBB,JRO
EBB,JUB
EBB,KGL
EBB,KIS
EBB,KSE
EBB,LKY
EBB,LOS
EBB,MBA
EBB,MBQ
EBB,MGQ
EBB,MWZ
EBB,NBO
EBB,PAF
EBB,RUA
EBB,SHJ
EBB,ZNZ
EBB,SEU
EBB,KHX
EBB,GTZ
EBB,KXO
EBH,ALG
EBH,ORN
EBJ,ABZ
EBL,AMS
EBL,ESB
EBL,AYT
EBL,CAI
EBL,CGN
EBL,DUS
EBL,FRA
EBL,HAM
EBL,HAJ
EBL,IST
EBL,SAW
EBL,CPH
EBL,LGW
EBL,MUC
EBL,STR
EBL,VIE
EBL,BEY
EBL,DAM
EBL,AMM
EBL,EVN
EBL,PDV
EBL,ALP
EBL,AUH
EBL,GYD
EBL,BER
EBL,BGW
EBL,BSR
EBL,DOH
EBL,DXB
EBL,IKA
EBL,JED
EBL,MED
EBL,SHJ
EBL,TZX
EBO,MAJ
ECN,ESB
ECN,AYT
ECN,IST
ECN,SAW
ECN,ADB
ECN,ADA
ECN,ASR
ECN,DIY
ECN,GZT
ECP,ATL
ECP,AUS
ECP,BNA
ECP,BOS
ECP,BWI
ECP,CLT
ECP,DAL
ECP,DCA
ECP,DEN
ECP,DFW
ECP,HOU
ECP,IAH
ECP,IND
ECP,MCI
ECP,MDW
ECP,ORD
ECP,STL
ECP,PHL
EDA,KCC
EDA,KTN
EDA,NKI
EDI,AGA
EDI,ALC
EDI,AMS
EDI,AYT
EDI,ACE
EDI,ATH
EDI,BCN
EDI,REU
EDI,BRI
EDI,BSL
EDI,BHD
EDI,BFS
EDI,BGO
EDI,EGC
EDI,BIQ
EDI,BLL
EDI,BHX
EDI,BJV
EDI,BUD
EDI,BLQ
EDI,BOD
EDI,BOH
EDI,BTS
EDI,BRS
EDI,BRU
EDI,CRL
EDI,OTP
EDI,BOJ
EDI,CWL
EDI,CTA
EDI,CMF
EDI,CGN
EDI,CFU
EDI,ORK
EDI,DLM
EDI,DUB
EDI,DBV
EDI,DUS
EDI,EIN
EDI,EXT
EDI,FAO
EDI,FLR
EDI,FRA
EDI,FUE
EDI,FNC
EDI,GDN
EDI,GVA
EDI,GOT
EDI,GNB
EDI,HAM
EDI,HEL
EDI,HER
EDI,HRG
EDI,IBZ
EDI,INN
EDI,IOM
EDI,IST
EDI,SAW
EDI,ADB
EDI,JER
EDI,FKB
EDI,KUN
EDI,NOC
EDI,CPH
EDI,KGS
EDI,KRK
EDI,LCA
EDI,LPA
EDI,LIS
EDI,LCY
EDI,LGW
EDI,LHR
EDI,LTN
EDI,STN
EDI,LYS
EDI,MAD
EDI,MAH
EDI,AGP
EDI,MLA
EDI,RAK
EDI,MRS
EDI,BGY
EDI,MXP
EDI,MUC
EDI,NTE
EDI,NAP
EDI,NQY
EDI,NCE
EDI,NRN
EDI,NUE
EDI,OLB
EDI,OSL
EDI,PFO
EDI,PMO
EDI,PMI
EDI,BVA
EDI,CDG
EDI,ORY
EDI,PSA
EDI,PIS
EDI,OPO
EDI,POZ
EDI,PRG
EDI,PVK
EDI,KEF
EDI,RHO
EDI,RIX
EDI,CIA
EDI,FCO
EDI,RTM
EDI,RVN
EDI,SZG
EDI,EAS
EDI,SDR
EDI,JTR
EDI,SVQ
EDI,SNN
EDI,SOF
EDI,SOU
EDI,SPU
EDI,ARN
EDI,SYY
EDI,STR
EDI,TFS
EDI,SKG
EDI,TIA
EDI,TLS
EDI,TRN
EDI,VLC
EDI,VCE
EDI,VRN
EDI,VIE
EDI,WRO
EDI,ZAD
EDI,ZTH
EDI,ZRH
EDI,FMM
EDI,EFL
EDI,BZR
EDI,KOI
EDI,LSI
EDI,ATL
EDI,BER
EDI,BOS
EDI,DOH
EDI,DXB
EDI,EWR
EDI,FAE
EDI,IAD
EDI,JFK
EDI,MCO
EDI,ORD
EDI,PEK
EDI,WMI
EDI,YHZ
EDI,YYC
EDI,YYZ
EDL,KIS
EDL,LOK
EDL,MBA
EDL,NBO
EDL,WIL
EDN,NEI
EDO,ESB
EDO,DUS
EDO,IST
EDO,SAW
EDR,CNS
EDR,KWM
EEA,VCP
EEK,BET
EFL,AMS
EFL,ATH
EFL,BHX
EFL,BRS
EFL,OTP
EFL,EDI
EFL,GLA
EFL,LBA
EFL,LGW
EFL,LHR
EFL,STN
EFL,MAN
EFL,BGY
EFL,MXP
EFL,MUC
EFL,NAP
EFL,NCL
EFL,NCE
EFL,EMA
EFL,OSL
EFL,ORY
EFL,PSA
EFL,PRG
EFL,PVK
EFL,FCO
EFL,VCE
EFL,VIE
EFL,ZTH
EFL,TLV
EGC,BOH
EGC,BRS
EGC,CRL
EGC,EDI
EGC,LBA
EGC,LPL
EGC,LCY
EGC,STN
EGC,MAN
EGC,EMA
EGC,RTM
EGC,SOU
EGE,ATL
EGE,DEN
EGE,DFW
EGE,EWR
EGE,IAH
EGE,JFK
EGE,LAX
EGE,ORD
EGE,PHX
EGE,SFO
EGE,MIA
EGM,GZO
EGM,HIR
EGM,MUA
EGM,RBV
EGM,VAO
EGO,KGD
EGO,VKO
EGS,RKV
EHU,CKG
EHU,HAK
EHU,HET
EHU,JJN
EHU,KMG
EHU,PVG
EHU,SZX
EHU,TNA
EHU,TSN
EHU,WNZ
EHU,XMN
EHU,ZUH
EHU,PKX
EHU,TFU
EIN,AHU
EIN,ALC
EIN,AYT
EIN,ACE
EIN,ATH
EIN,BCN
EIN,GRO
EIN,REU
EIN,BEG
EIN,BIO
EIN,BUD
EIN,BLQ
EIN,BTS
EIN,BDS
EIN,OTP
EIN,CTA
EIN,DUB
EIN,EDI
EIN,FAO
EIN,FEZ
EIN,GDN
EIN,HER
EIN,HRG
EIN,IBZ
EIN,INN
EIN,SAW
EIN,ADB
EIN,KTW
EIN,CPH
EIN,KGS
EIN,KRK
EIN,LPA
EIN,LIS
EIN,STN
EIN,MAD
EIN,AGP
EIN,MLA
EIN,MAN
EIN,RAK
EIN,MRS
EIN,BGY
EIN,NDR
EIN,NAP
EIN,NCE
EIN,OSL
EIN,OUD
EIN,PFO
EIN,PMI
EIN,PSA
EIN,OPO
EIN,PRG
EIN,RHO
EIN,RJK
EIN,FCO
EIN,SZG
EIN,SVQ
EIN,SSH
EIN,SKP
EIN,SOF
EIN,TNG
EIN,TFS
EIN,SKG
EIN,TIA
EIN,VLC
EIN,VAR
EIN,TSF
EIN,VNO
EIN,WAW
EIN,VIE
EIN,WRO
EIN,ZAD
EIN,ZAG
EIN,ZTH
EIN,CLJ
EIN,IAS
EIN,DEB
EIN,WMI
EIN,SID
EIS,ANU
EIS,DOM
EIS,NEV
EIS,SDQ
EIS,STT
EIS,SXM
EIS,SJU
EIS,SKB
EIS,MIA
EJA,BOG
EJT,MAJ
EJT,MIJ
EKO,SLC
EKS,KHV
EKS,UUS
ELC,DRW
ELC,MNG
ELD,DFW
ELD,MEM
ELG,ALG
ELG,CZL
ELG,TMR
ELG,OGX
ELH,ATL
ELH,CLT
ELH,FLL
ELH,GHB
ELH,MCO
ELH,NAS
ELH,RSD
ELH,MIA
ELI,GLV
ELI,OME
ELM,DTW
ELM,PGD
ELM,PIE
ELM,SFB
ELP,ATL
ELP,AUS
ELP,DAL
ELP,DEN
ELP,DFW
ELP,HOU
ELP,IAH
ELP,LAS
ELP,LAX
ELP,LGB
ELP,MCO
ELP,MDW
ELP,ONT
ELP,ORD
ELP,PHX
ELP,SAN
ELP,SAT
ELP,SEA
ELQ,CAI
ELQ,AUH
ELQ,BAH
ELQ,DMM
ELQ,DOH
ELQ,DXB
ELQ,ISB
ELQ,JED
ELQ,KWI
ELQ,MUX
ELQ,RUH
ELQ,SHJ
ELQ,TZX
ELQ,HMB
ELS,CPT
ELS,DUR
ELS,JNB
ELU,CDG
ELU,ALG
ELU,ORN
ELU,AAE
ELU,CZL
ELU,DJG
ELU,JED
ELU,MED
ELU,TMR
ELU,VVZ
ELV,JNU
ELV,PEC
EMA,ALC
EMA,AYT
EMA,ACE
EMA,BCN
EMA,GRO
EMA,REU
EMA,BHD
EMA,BFS
EMA,EGC
EMA,BJV
EMA,BUD
EMA,BOJ
EMA,CCF
EMA,CHQ
EMA,CFU
EMA,DLM
EMA,DUB
EMA,DBV
EMA,FAO
EMA,FUE
EMA,FNC
EMA,GVA
EMA,HER
EMA,HRG
EMA,IBZ
EMA,ADB
EMA,JER
EMA,NOC
EMA,KGS
EMA,KRK
EMA,LCA
EMA,LPA
EMA,LIG
EMA,LCJ
EMA,MAH
EMA,AGP
EMA,MLA
EMA,BGY
EMA,NAP
EMA,PFO
EMA,PMI
EMA,CDG
EMA,PSA
EMA,PRG
EMA,KEF
EMA,RHO
EMA,RIX
EMA,CIA
EMA,RZE
EMA,JTR
EMA,TFS
EMA,VLC
EMA,TSF
EMA,VRN
EMA,VIE
EMA,WRO
EMA,ZTH
EMA,EFL
EMA,JSI
EMA,BER
EMA,SID
EMA,RMU
EMD,BNE
EMK,KSM
EMN,KFA
EMN,NKC
ENA,ANC
ENE,KOE
ENE,LBJ
ENH,CAN
ENH,HAK
ENH,HET
ENH,HGH
ENH,INC
ENH,KHN
ENH,KMG
ENH,KWE
ENH,NKG
ENH,PEK
ENH,PVG
ENH,SZX
ENH,TNA
ENH,TSN
ENH,WNZ
ENH,WUH
ENH,XIY
ENH,XNN
ENH,LHW
ENH,PKX
ENH,TFU
ENI,CEB
ENI,CRK
ENI,MNL
ENI,MPH
ENI,TAG
ENI,USU
ENU,ABV
ENU,ADD
ENU,LOS
ENY,CAN
ENY,CGO
ENY,CKG
ENY,DSN
ENY,HET
ENY,INC
ENY,KMG
ENY,KWE
ENY,NKG
ENY,PEK
ENY,PVG
ENY,SHE
ENY,SYX
ENY,SZX
ENY,TSN
ENY,TYN
ENY,XIY
ENY,ZYI
ENY,TFU
EOH,APO
EOH,AXM
EOH,BGA
EOH,BOG
EOH,BSC
EOH,CLO
EOH,CZU
EOH,IBE
EOH,MTR
EOH,MZL
EOH,NQU
EOH,NVA
EOH,PEI
EOH,UIB
EOH,VVC
EOH,TLU
EOH,RON
EPR,PER
EQS,AEP
EQS,EZE
ERC,ESB
ERC,IST
ERC,SAW
ERF,AYT
ERF,HER
ERF,PMI
ERF,VIE
ERG,IKT
ERH,CMN
ERH,RAK
ERH,RBA
ERI,CLT
ERL,BAV
ERL,CIF
ERL,HET
ERL,XIL
ERL,TGO
ERL,NZH
ERL,PKX
ERN,MAO
ERN,TBT
ERS,LUD
ERS,MPA
ERS,NDU
ERS,OND
ERS,OMD
ERZ,ESB
ERZ,AYT
ERZ,IST
ERZ,SAW
ERZ,ADB
ERZ,YEI
ESB,AMS
ESB,AYT
ESB,BSL
ESB,BEG
ESB,BJV
ESB,BRU
ESB,CGN
ESB,DLM
ESB,DUB
ESB,DUS
ESB,FRA
ESB,GVA
ESB,HAM
ESB,HAJ
ESB,IST
ESB,SAW
ESB,ADB
ESB,CPH
ESB,KRK
ESB,LIS
ESB,STN
ESB,VKO
ESB,MUC
ESB,CDG
ESB,ORY
ESB,ARN
ESB,STR
ESB,TBS
ESB,TIA
ESB,WAW
ESB,VIE
ESB,ZRH
ESB,BEY
ESB,ADA
ESB,AMM
ESB,TGD
ESB,EBL
ESB,GZP
ESB,ADF
ESB,AJI
ESB,ALA
ESB,AUH
ESB,GYD
ESB,BAL
ESB,BER
ESB,BGW
ESB,CKZ
ESB,DIY
ESB,DOH
ESB,DXB
ESB,EDO
ESB,ERC
ESB,ERZ
ESB,EZS
ESB,FRU
ESB,GNY
ESB,GZT
ESB,HTY
ESB,IKA
ESB,JED
ESB,KBL
ESB,KCM
ESB,KSY
ESB,MED
ESB,MLX
ESB,MQM
ESB,MSR
ESB,SXZ
ESB,SZF
ESB,TAS
ESB,TEQ
ESB,TZX
ESB,VAN
ESB,ECN
ESB,IGD
ESB,BGG
ESB,NKT
ESB,OGU
ESB,YKO
ESB,RZV
ESB,KIK
ESB,NQZ
ESC,DTW
ESC,MSP
ESD,BFI
ESD,FRD
ESL,SVO
ESL,ZIA
ESM,CLO
ESM,UIO
ESU,BOD
ESU,CRL
ESU,LPA
ESU,STN
ESU,MAD
ESU,MRS
ESU,NRN
ESU,ORY
ESU,TNG
ETL,DHG
ETM,TLV
ETR,UIO
ETZ,CMN
ETZ,TLS
ETZ,ALG
ETZ,ORN
ETZ,CZL
EUA,TBU
EUG,AUS
EUG,AZA
EUG,BUR
EUG,DEN
EUG,DFW
EUG,LAS
EUG,LAX
EUG,MSP
EUG,OAK
EUG,PHX
EUG,SAN
EUG,SEA
EUG,SFO
EUG,SJC
EUG,SLC
EUG,SMF
EUG,SNA
EUN,AGA
EUN,CMN
EUN,LPA
EUN,RBA
EUN,VIL
EUQ,MNL
EUX,SXM
EVE,BGO
EVE,BOO
EVE,FRA
EVE,OSL
EVE,PMI
EVE,CDG
EVE,TOS
EVE,TRD
EVE,ZRH
EVE,ANX
EVE,OLA
EVG,ARN
EVG,MXX
EVN,AYT
EVN,ATH
EVN,BCN
EVN,BUD
EVN,BRU
EVN,CAI
EVN,CGN
EVN,DTM
EVN,DUS
EVN,FRA
EVN,HRG
EVN,IST
EVN,SAW
EVN,LCA
EVN,LYS
EVN,MRS
EVN,MXP
EVN,MSQ
EVN,DME
EVN,SVO
EVN,VKO
EVN,NCE
EVN,CDG
EVN,ORY
EVN,RIX
EVN,FCO
EVN,SSH
EVN,SOF
EVN,LED
EVN,TBS
EVN,SKG
EVN,VCE
EVN,WAW
EVN,VIE
EVN,TIV
EVN,RMO
EVN,BEY
EVN,EBL
EVN,KZN
EVN,GOJ
EVN,KUF
EVN,AER
EVN,AUH
EVN,BER
EVN,BGW
EVN,BUS
EVN,CEK
EVN,DOH
EVN,DXB
EVN,IKA
EVN,KLF
EVN,MRV
EVN,OVB
EVN,PEE
EVN,SCO
EVN,SGC
EVN,SHJ
EVN,SVX
EVN,TJM
EVN,UFA
EVN,VOG
EVV,ATL
EVV,CLT
EVV,DFW
EVV,MCO
EVV,ORD
EVV,PIE
EVV,SFB
EVV,VPS
EWB,ACK
EWB,MVY
EWE,MKQ
EWE,TIM
EWN,BDL
EWN,CLT
EWN,MCO
EWR,AMS
EWR,ATH
EWR,BCN
EWR,BRU
EWR,CAI
EWR,DUB
EWR,DBV
EWR,EDI
EWR,FRA
EWR,GVA
EWR,IST
EWR,CPH
EWR,KRK
EWR,LIS
EWR,LHR
EWR,MAD
EWR,AGP
EWR,RAK
EWR,MXP
EWR,MUC
EWR,NAP
EWR,NCE
EWR,OSL
EWR,PMI
EWR,CDG
EWR,ORY
EWR,OPO
EWR,KEF
EWR,FCO
EWR,RZE
EWR,SNN
EWR,ARN
EWR,TFS
EWR,VCE
EWR,WAW
EWR,VIE
EWR,ZRH
EWR,TLV
EWR,ACK
EWR,ALB
EWR,ANC
EWR,ANU
EWR,ATL
EWR,ATW
EWR,AUA
EWR,AUS
EWR,AVL
EWR,AVP
EWR,BDA
EWR,BER
EWR,BGI
EWR,BGR
EWR,BNA
EWR,BOG
EWR,BOM
EWR,BON
EWR,BOS
EWR,BQN
EWR,BTV
EWR,BZE
EWR,BZN
EWR,CHS
EWR,CLE
EWR,CLT
EWR,CMH
EWR,CPT
EWR,CUN
EWR,CUR
EWR,CVG
EWR,DCA
EWR,DEL
EWR,DEN
EWR,DFW
EWR,DSM
EWR,DTW
EWR,DXB
EWR,EGE
EWR,EYW
EWR,FLL
EWR,GCM
EWR,GRR
EWR,GRU
EWR,GSO
EWR,GSP
EWR,GUA
EWR,HDN
EWR,HHH
EWR,HKG
EWR,HND
EWR,HNL
EWR,IAD
EWR,IAH
EWR,ICN
EWR,ILM
EWR,IND
EWR,ITH
EWR,JAC
EWR,JAX
EWR,JNB
EWR,LAS
EWR,LAX
EWR,LFW
EWR,LIM
EWR,LIR
EWR,MBJ
EWR,MCI
EWR,MCO
EWR,MDT
EWR,MEM
EWR,MEX
EWR,MHT
EWR,MKE
EWR,MSN
EWR,MSP
EWR,MSY
EWR,MTJ
EWR,MYR
EWR,NAS
EWR,NRT
EWR,OAK
EWR,OGG
EWR,ORD
EWR,ORF
EWR,PBI
EWR,PDL
EWR,PDX
EWR,PEK
EWR,PHX
EWR,PIT
EWR,PLS
EWR,POP
EWR,PQI
EWR,PTY
EWR,PUJ
EWR,PVD
EWR,PVG
EWR,PVR
EWR,PWM
EWR,RDU
EWR,RIC
EWR,RNO
EWR,ROC
EWR,RSW
EWR,SAL
EWR,SAN
EWR,SAP
EWR,SAT
EWR,SAV
EWR,SCE
EWR,SDF
EWR,SDQ
EWR,SEA
EWR,SFO
EWR,SRQ
EWR,STI
EWR,STL
EWR,STT
EWR,SXM
EWR,SYR
EWR,TPA
EWR,TVC
EWR,TYS
EWR,UVF
EWR,VPS
EWR,YHZ
EWR,YOW
EWR,YQB
EWR,YTZ
EWR,YUL
EWR,YVR
EWR,YYC
EWR,YYZ
EWR,SIN
EWR,SJD
EWR,SJO
EWR,SJU
EWR,SKB
EWR,SLC
EWR,SMF
EWR,SNA
EWR,PHL
EWR,MIA
EWR,BUF
EWR,TQO
EXT,ALC
EXT,BHD
EXT,BRS
EXT,DUB
EXT,EDI
EXT,FAO
EXT,GCI
EXT,JER
EXT,AGP
EXT,NCL
EXT,PMI
EXT,ISC
EYA,BQS
EYK,HMA
EYK,KJA
EYK,NYA
EYK,OVS
EYK,SGC
EYK,SVX
EYK,TJM
EYK,EZV
EYP,BGA
EYP,BOG
EYW,ATL
EYW,AVL
EYW,BOS
EYW,CLT
EYW,CVG
EYW,DCA
EYW,DFW
EYW,EWR
EYW,FLL
EYW,IAD
EYW,IND
EYW,LGA
EYW,MCO
EYW,ORD
EYW,PIE
EYW,PIT
EYW,SFB
EYW,TPA
EYW,PHL
EYW,MIA
EZE,AMS
EZE,BCN
EZE,FRA
EZE,MAD
EZE,CDG
EZE,FCO
EZE,ATL
EZE,BHI
EZE,BOG
EZE,BPS
EZE,BRC
EZE,CCC
EZE,CNF
EZE,CNQ
EZE,COR
EZE,CPC
EZE,CRD
EZE,CTC
EZE,CUN
EZE,CWB
EZE,DFW
EZE,EQS
EZE,FLN
EZE,FMA
EZE,FOR
EZE,FTE
EZE,GIG
EZE,GRU
EZE,HAV
EZE,IAH
EZE,IGR
EZE,IRJ
EZE,JFK
EZE,JPA
EZE,JUJ
EZE,LIM
EZE,MCZ
EZE,MDE
EZE,MDQ
EZE,MDZ
EZE,MEX
EZE,MVD
EZE,NAT
EZE,NQN
EZE,PMY
EZE,PSS
EZE,PTY
EZE,PUJ
EZE,REC
EZE,REL
EZE,RES
EZE,RGA
EZE,RGL
EZE,ROS
EZE,SCL
EZE,SDE
EZE,SDQ
EZE,TUC
EZE,UAQ
EZE,UIO
EZE,USH
EZE,VVI
EZE,SLA
EZE,MIA
EZS,ESB
EZS,CGN
EZS,DUS
EZS,FRA
EZS,HAJ
EZS,IST
EZS,SAW
EZS,ADB
EZS,STR
EZV,HMA
EZV,NYA
EZV,TJM
EZV,EYK
FAC,AAA
FAC,PPT
FAC,RRR
FAE,AAL
FAE,BCN
FAE,BSL
FAE,BGO
FAE,BLL
FAE,EDI
FAE,CPH
FAE,LPA
FAE,LGW
FAE,OSL
FAE,PMI
FAE,CDG
FAE,KEF
FAE,TFS
FAE,SWF
FAI,AET
FAI,AKP
FAI,ANC
FAI,BTI
FAI,BTT
FAI,DEN
FAI,DJN
FAI,FYU
FAI,GAL
FAI,HKB
FAI,HSL
FAI,HUS
FAI,KBC
FAI,LMA
FAI,MSP
FAI,ORD
FAI,RBY
FAI,SEA
FAI,TAL
FAI,VEE
FAO,AAR
FAO,ABZ
FAO,AEY
FAO,AMS
FAO,ACE
FAO,BCN
FAO,BSL
FAO,BFS
FAO,BIO
FAO,BHX
FAO,BUD
FAO,BOD
FAO,BOH
FAO,BES
FAO,BRS
FAO,BRU
FAO,CRL
FAO,OTP
FAO,CWL
FAO,CGN
FAO,ORK
FAO,DUB
FAO,MME
FAO,DUS
FAO,EDI
FAO,EIN
FAO,EXT
FAO,FRA
FAO,HHN
FAO,GVA
FAO,GLA
FAO,PIK
FAO,GOT
FAO,HAM
FAO,HAJ
FAO,HEL
FAO,FKB
FAO,KIR
FAO,NOC
FAO,CPH
FAO,KRK
FAO,LBA
FAO,LEJ
FAO,LIS
FAO,LPL
FAO,LCY
FAO,LGW
FAO,LHR
FAO,LTN
FAO,STN
FAO,LUX
FAO,LYS
FAO,MAD
FAO,AGP
FAO,MAN
FAO,RAK
FAO,MRS
FAO,BGY
FAO,MXP
FAO,MUC
FAO,NTE
FAO,NCL
FAO,NQY
FAO,NCE
FAO,NRN
FAO,NWI
FAO,EMA
FAO,NUE
FAO,OSL
FAO,BVA
FAO,CDG
FAO,ORY
FAO,OPO
FAO,LIL
FAO,FCO
FAO,RTM
FAO,SNN
FAO,SOU
FAO,ARN
FAO,STR
FAO,TLS
FAO,VIE
FAO,ZRH
FAO,SEN
FAO,FMM
FAO,SXB
FAO,BER
FAO,PDL
FAO,YYZ
FAR,AZA
FAR,BNA
FAR,DEN
FAR,DFW
FAR,LAS
FAR,MSP
FAR,ORD
FAR,PHX
FAR,PIE
FAR,SFB
FAT,ATL
FAT,BJX
FAT,DAL
FAT,DEN
FAT,DFW
FAT,GDL
FAT,LAS
FAT,LAX
FAT,MLM
FAT,ORD
FAT,PDX
FAT,PHX
FAT,SAN
FAT,SEA
FAT,SFO
FAT,SLC
FAV,PPT
FAV,RGI
FAY,ATL
FAY,CLT
FBM,ADD
FBM,DAR
FBM,FIH
FBM,FMI
FBM,JNB
FBM,KWZ
FBM,LLW
FBM,LUN
FBM,NBO
FBM,NLA
FCA,AZA
FCA,BUR
FCA,DEN
FCA,DFW
FCA,IAH
FCA,LAS
FCA,LAX
FCA,MSP
FCA,OAK
FCA,ORD
FCA,PDX
FCA,SAN
FCA,SEA
FCA,SFO
FCA,STS
FCA,SLC
FCO,AJA
FCO,AHO
FCO,ALC
FCO,AMS
FCO,ATH
FCO,BCN
FCO,BRI
FCO,BSL
FCO,BIA
FCO,BEG
FCO,BGO
FCO,BIO
FCO,BLL
FCO,BHX
FCO,BUD
FCO,BLQ
FCO,BOD
FCO,BES
FCO,BDS
FCO,BRS
FCO,BRU
FCO,OTP
FCO,CAG
FCO,CAI
FCO,CMN
FCO,CTA
FCO,CHQ
FCO,CGN
FCO,CFU
FCO,ORK
FCO,DJE
FCO,DTM
FCO,DUB
FCO,DBV
FCO,DUS
FCO,EDI
FCO,EIN
FCO,FAO
FCO,FLR
FCO,FRA
FCO,HHN
FCO,FUE
FCO,FNC
FCO,GDN
FCO,GVA
FCO,GOA
FCO,GLA
FCO,GOT
FCO,HAM
FCO,HAJ
FCO,HEL
FCO,HER
FCO,IBZ
FCO,IST
FCO,SAW
FCO,ADB
FCO,KTW
FCO,CPH
FCO,KGS
FCO,KRK
FCO,SUF
FCO,LMP
FCO,LCA
FCO,LPA
FCO,LBA
FCO,LIS
FCO,LCY
FCO,LGW
FCO,LHR
FCO,STN
FCO,LDE
FCO,LUX
FCO,LXR
FCO,LYS
FCO,MAD
FCO,MAH
FCO,AGP
FCO,MLA
FCO,MAN
FCO,RAK
FCO,RMF
FCO,MUH
FCO,MRS
FCO,BGY
FCO,LIN
FCO,MXP
FCO,MIR
FCO,MPL
FCO,MUC
FCO,JMK
FCO,NTE
FCO,NAP
FCO,NCL
FCO,NCE
FCO,NUE
FCO,OLB
FCO,OSL
FCO,OVD
FCO,PFO
FCO,PMO
FCO,PMI
FCO,PNL
FCO,BVA
FCO,CDG
FCO,ORY
FCO,OPO
FCO,PRG
FCO,PVK
FCO,REG
FCO,KEF
FCO,RHO
FCO,RIX
FCO,LIL
FCO,RTM
FCO,RZE
FCO,SDR
FCO,JTR
FCO,SVQ
FCO,SSH
FCO,SOF
FCO,SPU
FCO,ARN
FCO,STR
FCO,TFS
FCO,SKG
FCO,TIA
FCO,TLS
FCO,TPS
FCO,TRS
FCO,TUN
FCO,TRN
FCO,TKU
FCO,VLC
FCO,VCE
FCO,VRN
FCO,VNO
FCO,WAW
FCO,VIE
FCO,ZAG
FCO,ZTH
FCO,ZRH
FCO,CLJ
FCO,RMO
FCO,AOK
FCO,CRV
FCO,FMM
FCO,EFL
FCO,SXB
FCO,JSI
FCO,TLV
FCO,BEY
FCO,BCM
FCO,ALG
FCO,AMM
FCO,TGD
FCO,SBZ
FCO,IAS
FCO,EVN
FCO,SCV
FCO,ACC
FCO,ADD
FCO,ATL
FCO,ATQ
FCO,AUH
FCO,BAH
FCO,GYD
FCO,BER
FCO,BOS
FCO,BVC
FCO,CAN
FCO,CIY
FCO,CKG
FCO,CLT
FCO,CUN
FCO,DAC
FCO,DEB
FCO,DEL
FCO,DFW
FCO,DMM
FCO,DOH
FCO,DTW
FCO,DWC
FCO,DXB
FCO,EWR
FCO,EZE
FCO,GIG
FCO,GRU
FCO,HAV
FCO,HGH
FCO,HND
FCO,IAD
FCO,ICN
FCO,IKA
FCO,JED
FCO,JFK
FCO,KWI
FCO,LAX
FCO,LRM
FCO,MBA
FCO,MEX
FCO,MJI
FCO,MLE
FCO,MRU
FCO,OMO
FCO,ORD
FCO,PEK
FCO,PER
FCO,PTP
FCO,PVG
FCO,RUH
FCO,SFO
FCO,SZX
FCO,TAS
FCO,TPE
FCO,WNZ
FCO,YUL
FCO,YYC
FCO,YYZ
FCO,ZNZ
FCO,NOS
FCO,SID
FCO,SIN
FCO,SLL
FCO,UGC
FCO,RDO
FCO,CDT
FCO,DSS
FCO,PHL
FCO,MIA
FCO,TFU
FCO,SPX
FCO,GHV
FDE,OSL
FDF,DUS
FDF,FRA
FDF,NTE
FDF,CDG
FDF,ORY
FDF,CAY
FDF,DOM
FDF,PTP
FDF,SDQ
FDF,SXM
FDF,YUL
FDF,YYZ
FDF,MIA
FDH,AYT
FDH,HER
FDH,HRG
FDH,LGW
FDH,PMI
FDH,SKP
FDH,SGD
FEC,REC
FEG,IST
FEG,SVO
FEG,VKO
FEG,LED
FEG,KZN
FEG,IKT
FEG,KJA
FEG,OVB
FEG,SGC
FEG,SVX
FEG,TAS
FEG,UFA
FEG,ZIA
FEN,FOR
FEN,NAT
FEN,REC
FEZ,AGA
FEZ,ALC
FEZ,AMS
FEZ,BCN
FEZ,BLQ
FEZ,BOD
FEZ,BRU
FEZ,CRL
FEZ,CMN
FEZ,CGN
FEZ,DUS
FEZ,EIN
FEZ,HHN
FEZ,IST
FEZ,FKB
FEZ,STN
FEZ,LYS
FEZ,MAD
FEZ,AGP
FEZ,RAK
FEZ,MRS
FEZ,BGY
FEZ,MPL
FEZ,NTE
FEZ,NCE
FEZ,NRN
FEZ,FNI
FEZ,PMI
FEZ,BVA
FEZ,CDG
FEZ,ORY
FEZ,CIA
FEZ,RTM
FEZ,TLS
FEZ,VLC
FEZ,ZAZ
FEZ,SXB
FEZ,CFE
FEZ,DLE
FGU,RRR
FGU,FHZ
FHZ,PKP
FHZ,FGU
FIE,LWK
FIH,BRU
FIH,CAI
FIH,CMN
FIH,IST
FIH,CDG
FIH,ABJ
FIH,ADD
FIH,BZV
FIH,DOH
FIH,EBB
FIH,FBM
FIH,FKI
FIH,GMA
FIH,GOM
FIH,JNB
FIH,KGA
FIH,KND
FIH,LAD
FIH,LBV
FIH,LFW
FIH,MDK
FIH,MJM
FIH,NBO
FIH,PNR
FIZ,BME
FIZ,HCQ
FJR,CAI
FJR,MCT
FJR,SLL
FKB,AGA
FKB,ALC
FKB,AYT
FKB,GRO
FKB,BRI
FKB,BEG
FKB,CAG
FKB,CFU
FKB,DBV
FKB,EDI
FKB,FAO
FKB,FEZ
FKB,SUF
FKB,LPA
FKB,STN
FKB,AGP
FKB,BGY
FKB,PMO
FKB,PMI
FKB,OPO
FKB,SVQ
FKB,SKP
FKB,SOF
FKB,ARN
FKB,TNG
FKB,TFS
FKB,SKG
FKB,TSR
FKB,TIA
FKB,TPS
FKB,VLC
FKB,ZAD
FKB,ZAG
FKB,TLV
FKB,SBZ
FKB,BNX
FKI,FIH
FKI,GOM
FKQ,SOQ
FKS,CTS
FKS,ITM
FKS,TPE
FLA,BOG
FLA,CLO
FLA,LQM
FLG,DFW
FLG,LAX
FLG,PHX
FLL,TLV
FLL,ABE
FLL,ACY
FLL,ALB
FLL,ATL
FLL,ATW
FLL,AUA
FLL,AUS
FLL,AVL
FLL,AXM
FLL,BAQ
FLL,BDA
FLL,BDL
FLL,BEL
FLL,BIM
FLL,BNA
FLL,BOG
FLL,BOS
FLL,BQN
FLL,BWI
FLL,CAK
FLL,CAP
FLL,CHS
FLL,CID
FLL,CLE
FLL,CLO
FLL,CLT
FLL,CMH
FLL,CNF
FLL,CTG
FLL,CUN
FLL,CVG
FLL,DAL
FLL,DCA
FLL,DEN
FLL,DFW
FLL,DSM
FLL,DTW
FLL,ELH
FLL,EWR
FLL,EYW
FLL,FPO
FLL,FSD
FLL,GGT
FLL,GHB
FLL,GHC
FLL,GNV
FLL,GRR
FLL,GSP
FLL,GUA
FLL,GYE
FLL,HOU
FLL,HPN
FLL,HVN
FLL,IAD
FLL,IAH
FLL,ILG
FLL,ILM
FLL,IND
FLL,ISP
FLL,JAX
FLL,JFK
FLL,KIN
FLL,LAS
FLL,LAX
FLL,LCK
FLL,LEX
FLL,LGA
FLL,MAO
FLL,MBJ
FLL,MCI
FLL,MCO
FLL,MDE
FLL,MDT
FLL,MDW
FLL,MEM
FLL,MGA
FLL,MHH
FLL,MKE
FLL,MSP
FLL,MSY
FLL,MYR
FLL,NAS
FLL,ORD
FLL,ORF
FLL,ORH
FLL,PAP
FLL,PBG
FLL,PDX
FLL,PHX
FLL,PIT
FLL,PNS
FLL,POS
FLL,PTY
FLL,PUJ
FLL,PVD
FLL,RDU
FLL,REC
FLL,RIC
FLL,ROC
FLL,SAL
FLL,SAN
FLL,SAP
FLL,SAT
FLL,SDF
FLL,SDQ
FLL,SEA
FLL,SFO
FLL,STI
FLL,STL
FLL,STT
FLL,STX
FLL,SXM
FLL,SYR
FLL,TLH
FLL,TPA
FLL,TVC
FLL,TYS
FLL,VCP
FLL,XNA
FLL,XPL
FLL,YHZ
FLL,YKF
FLL,YOW
FLL,YQB
FLL,YUL
FLL,YVR
FLL,YWG
FLL,YYC
FLL,YYZ
FLL,NSB
FLL,SJO
FLL,SJU
FLL,SLC
FLL,USA
FLL,PHL
FLL,BUF
FLL,CXY
FLN,AEP
FLN,BRC
FLN,BSB
FLN,CGH
FLN,CNF
FLN,CWB
FLN,EZE
FLN,GEL
FLN,GIG
FLN,GRU
FLN,IGU
FLN,MVD
FLN,POA
FLN,PTY
FLN,RIA
FLN,SCL
FLN,URG
FLN,VCP
FLN,XAP
FLN,PET
FLO,CLT
FLR,AMS
FLR,ATH
FLR,BCN
FLR,BRI
FLR,BGO
FLR,BIO
FLR,BOD
FLR,BRU
FLR,CAG
FLR,CTA
FLR,DUS
FLR,EDI
FLR,FRA
FLR,HAM
FLR,CPH
FLR,LPA
FLR,LIS
FLR,LCY
FLR,LGW
FLR,LHR
FLR,STN
FLR,LUX
FLR,LYS
FLR,MAD
FLR,MRS
FLR,MUC
FLR,NTE
FLR,OLB
FLR,OSL
FLR,TRF
FLR,PMO
FLR,CDG
FLR,ORY
FLR,PRG
FLR,FCO
FLR,ARN
FLR,TLS
FLR,VIE
FLR,ZRH
FLS,LST
FLS,MEB
FLW,TER
FLW,CVU
FLW,HOR
FLW,PDL
FLZ,KNO
FMA,AEP
FMA,EZE
FMI,FBM
FMI,GOM
FMM,AHO
FMM,ALC
FMM,ACE
FMM,GRO
FMM,BEG
FMM,BDS
FMM,OTP
FMM,CTA
FMM,CHQ
FMM,CFU
FMM,DUB
FMM,DBV
FMM,EDI
FMM,FAO
FMM,GLA
FMM,KRK
FMM,SUF
FMM,LPA
FMM,STN
FMM,AGP
FMM,MLA
FMM,MAN
FMM,NAP
FMM,PFO
FMM,PMO
FMM,PMI
FMM,PSR
FMM,PSA
FMM,OPO
FMM,PRN
FMM,PUY
FMM,RHO
FMM,RIX
FMM,FCO
FMM,SCQ
FMM,SKP
FMM,SOF
FMM,TNG
FMM,TFS
FMM,SKG
FMM,TSR
FMM,TIA
FMM,VLC
FMM,VAR
FMM,ZAD
FMM,ZAG
FMM,SJJ
FMM,CLJ
FMM,TLV
FMM,OHD
FMM,AMM
FMM,TGD
FMM,SBZ
FMM,IAS
FMM,INI
FMM,SCV
FMM,BNX
FMM,KUT
FMM,TZL
FMO,ALC
FMO,AYT
FMO,CFU
FMO,FRA
FMO,HER
FMO,MUC
FMO,PMI
FMO,ZAD
FMT,MLE
FNA,BRU
FNA,CMN
FNA,ACC
FNA,BJL
FNA,CKY
FNA,LFW
FNA,LOS
FNA,OUA
FNA,ROB
FNC,AAL
FNC,AMS
FNC,ACE
FNC,BCN
FNC,BSL
FNC,BFS
FNC,BIO
FNC,BHX
FNC,BUD
FNC,BOD
FNC,BOH
FNC,BRS
FNC,BRU
FNC,CRL
FNC,CGN
FNC,DUB
FNC,DUS
FNC,EDI
FNC,FRA
FNC,FUE
FNC,GVA
FNC,GLA
FNC,HAM
FNC,HAJ
FNC,HEL
FNC,KTW
FNC,CPH
FNC,LPA
FNC,LBA
FNC,LEJ
FNC,LIS
FNC,LPL
FNC,LGW
FNC,LHR
FNC,STN
FNC,LUX
FNC,LYS
FNC,MAD
FNC,AGP
FNC,MAN
FNC,RAK
FNC,MUC
FNC,NTE
FNC,NCL
FNC,EMA
FNC,OSL
FNC,BVA
FNC,CDG
FNC,ORY
FNC,OPO
FNC,PRG
FNC,KEF
FNC,RIX
FNC,FCO
FNC,SCQ
FNC,SVQ
FNC,ARN
FNC,STR
FNC,TFN
FNC,TFS
FNC,VLC
FNC,VNO
FNC,WAW
FNC,VIE
FNC,ZRH
FNC,BER
FNC,BOS
FNC,CCS
FNC,JFK
FNC,PDL
FNC,PXO
FNC,YYZ
FND,MLE
FNI,CRL
FNI,DUB
FNI,FEZ
FNI,STN
FNI,RAK
FNI,OPO
FNJ,PEK
FNJ,SHE
FNJ,VVO
FNT,AZA
FNT,BNA
FNT,JAX
FNT,LAS
FNT,ORD
FNT,PGD
FNT,PIE
FNT,SFB
FNT,SRQ
FOA,LWK
FOC,BKI
FOC,BKK
FOC,CAN
FOC,CGK
FOC,CGO
FOC,CGQ
FOC,CJU
FOC,CKG
FOC,CSX
FOC,CTU
FOC,CZX
FOC,DLC
FOC,DLU
FOC,DPS
FOC,DSN
FOC,DYG
FOC,FUG
FOC,GYS
FOC,HAK
FOC,HIA
FOC,HKG
FOC,HNY
FOC,HSN
FOC,ICN
FOC,INC
FOC,JFK
FOC,JGS
FOC,JHG
FOC,JNG
FOC,KHH
FOC,KIX
FOC,KMG
FOC,KUL
FOC,KWE
FOC,KWL
FOC,LYA
FOC,LYG
FOC,LZH
FOC,MDC
FOC,MFM
FOC,NAO
FOC,NKG
FOC,NNG
FOC,NRT
FOC,PEK
FOC,PVG
FOC,SHA
FOC,SHE
FOC,SYX
FOC,SZX
FOC,TAO
FOC,TNA
FOC,TPE
FOC,TSA
FOC,TSN
FOC,TYN
FOC,URC
FOC,WEH
FOC,WUH
FOC,WUX
FOC,WUZ
FOC,XFN
FOC,XIY
FOC,XUZ
FOC,YBP
FOC,YIH
FOC,YNT
FOC,YNZ
FOC,YTY
FOC,ZAT
FOC,ZHA
FOC,ZUH
FOC,ACX
FOC,FUO
FOC,NTG
FOC,SIN
FOC,SJW
FOC,UYN
FOC,LHW
FOC,YIC
FOC,PKX
FOC,SHS
FOC,TFU
FOC,HZA
FOC,HCZ
FOC,TEN
FOD,MCW
FOD,ORD
FOG,LIN
FOG,MXP
FOG,TRN
FON,LIR
FON,TTQ
FON,SJO
FOR,LIS
FOR,CDG
FOR,BEL
FOR,BSB
FOR,CGH
FOR,CNF
FOR,CPV
FOR,EZE
FOR,FEN
FOR,GIG
FOR,GRU
FOR,JDO
FOR,MAO
FOR,MCO
FOR,MVF
FOR,NAT
FOR,RAO
FOR,REC
FOR,SSA
FOR,THE
FOR,UDI
FOR,VCP
FOR,SJP
FOR,SLZ
FOR,JJD
FOR,ARX
FOR,MIA
FOR,JSB
FOR,QIG
FOR,JSO
FOR,JCS
FPO,MXP
FPO,CLT
FPO,CUN
FPO,FLL
FPO,HOG
FPO,MCO
FPO,NAS
FPO,RDU
FPO,YUL
FPO,MIA
FRA,AGA
FRA,ALC
FRA,ALF
FRA,AMS
FRA,ESB
FRA,AYT
FRA,GPA
FRA,ACE
FRA,ATH
FRA,BCN
FRA,BRI
FRA,BSL
FRA,BIA
FRA,BHD
FRA,BEG
FRA,BGO
FRA,BIQ
FRA,BIO
FRA,BLL
FRA,BHX
FRA,BJV
FRA,BUD
FRA,BLQ
FRA,BOD
FRA,BRE
FRA,BRU
FRA,OTP
FRA,BOJ
FRA,CAG
FRA,CAI
FRA,CMN
FRA,CTA
FRA,CHQ
FRA,CFU
FRA,ORK
FRA,DLM
FRA,DJE
FRA,DRS
FRA,DUB
FRA,DBV
FRA,DUS
FRA,EDI
FRA,FAO
FRA,FLR
FRA,FUE
FRA,FNC
FRA,GDN
FRA,GVA
FRA,GOA
FRA,GLA
FRA,GOT
FRA,GRZ
FRA,HAM
FRA,HAJ
FRA,EVE
FRA,HEL
FRA,HER
FRA,HRG
FRA,IBZ
FRA,INN
FRA,IST
FRA,SAW
FRA,ADB
FRA,XRY
FRA,KTW
FRA,KTT
FRA,CPH
FRA,KGS
FRA,KRK
FRA,SPC
FRA,SUF
FRA,LCA
FRA,LPA
FRA,LEJ
FRA,LIS
FRA,LJU
FRA,LCY
FRA,LGW
FRA,LHR
FRA,LUX
FRA,LYS
FRA,MAD
FRA,MAH
FRA,AGP
FRA,MLA
FRA,MAN
FRA,RAK
FRA,RMF
FRA,MRS
FRA,LIN
FRA,MXP
FRA,MIR
FRA,MPL
FRA,MUC
FRA,FMO
FRA,JMK
FRA,NDR
FRA,NTE
FRA,NAP
FRA,NCL
FRA,NCE
FRA,NUE
FRA,OLB
FRA,OSL
FRA,OVD
FRA,PMO
FRA,PMI
FRA,CDG
FRA,PSA
FRA,OPO
FRA,POZ
FRA,PRG
FRA,PVK
FRA,PRN
FRA,PUY
FRA,RNS
FRA,KEF
FRA,RHO
FRA,RIX
FRA,RJK
FRA,FCO
FRA,RVN
FRA,SZG
FRA,SMI
FRA,SCQ
FRA,JTR
FRA,SVQ
FRA,SSH
FRA,SKP
FRA,SOF
FRA,SPU
FRA,SVG
FRA,ARN
FRA,STR
FRA,TLL
FRA,TFS
FRA,SKG
FRA,TSR
FRA,TIA
FRA,TLS
FRA,TRS
FRA,TOS
FRA,TUN
FRA,TRN
FRA,VLC
FRA,VAR
FRA,VCE
FRA,VRN
FRA,VNO
FRA,WAW
FRA,VIE
FRA,GWT
FRA,WRO
FRA,ZAD
FRA,ZAG
FRA,ZTH
FRA,ZRH
FRA,TIV
FRA,KVA
FRA,SJJ
FRA,CLJ
FRA,RMO
FRA,SXB
FRA,JSI
FRA,KLX
FRA,TLV
FRA,BEY
FRA,ADA
FRA,ASR
FRA,ALG
FRA,AMM
FRA,TGD
FRA,EVN
FRA,EBL
FRA,KLR
FRA,HDF
FRA,KAO
FRA,IVL
FRA,ABV
FRA,ADD
FRA,ALA
FRA,ANC
FRA,ANU
FRA,ASB
FRA,ATL
FRA,AUH
FRA,AUS
FRA,BAH
FRA,GYD
FRA,BER
FRA,BGI
FRA,BKK
FRA,BLR
FRA,BOG
FRA,BOM
FRA,BOS
FRA,BVC
FRA,BWI
FRA,CAN
FRA,CLT
FRA,CMB
FRA,CPT
FRA,CUN
FRA,DEL
FRA,DEN
FRA,DFW
FRA,DIY
FRA,DOH
FRA,DTW
FRA,DXB
FRA,EWR
FRA,EZE
FRA,EZS
FRA,FDF
FRA,GIG
FRA,GRU
FRA,GZT
FRA,HAN
FRA,HAV
FRA,HKG
FRA,HKT
FRA,HND
FRA,HOG
FRA,HYD
FRA,IAD
FRA,IAH
FRA,ICN
FRA,IKA
FRA,JED
FRA,JFK
FRA,JNB
FRA,KWI
FRA,LAD
FRA,LAS
FRA,LAX
FRA,LOS
FRA,LRM
FRA,MAA
FRA,MBA
FRA,MBJ
FRA,MCO
FRA,MCT
FRA,MEX
FRA,MLE
FRA,MLX
FRA,MRU
FRA,MSP
FRA,NBO
FRA,NRT
FRA,ORD
FRA,PDL
FRA,PDX
FRA,PEK
FRA,PHX
FRA,POP
FRA,PUJ
FRA,PVG
FRA,RDU
FRA,RSW
FRA,RUH
FRA,SAT
FRA,SDQ
FRA,SEA
FRA,SEZ
FRA,SFO
FRA,SGN
FRA,SHE
FRA,STL
FRA,SZF
FRA,SZX
FRA,TAB
FRA,TAS
FRA,TPA
FRA,TPE
FRA,TZX
FRA,URA
FRA,VRA
FRA,WDH
FRA,YEG
FRA,YHZ
FRA,YUL
FRA,YVR
FRA,YYC
FRA,YYZ
FRA,ZNZ
FRA,SID
FRA,SIN
FRA,SJD
FRA,SJO
FRA,PHL
FRA,MIA
FRA,UBN
FRA,TFU
FRA,NQZ
FRA,TQO
FRD,BFI
FRD,ESD
FRE,HIR
FRE,VAO
FRL,KTW
FRL,PMO
FRO,BGO
FRO,OSL
FRO,TRD
FRS,GUA
FRU,ESB
FRU,AYT
FRU,IST
FRU,SAW
FRU,DME
FRU,SVO
FRU,VKO
FRU,LED
FRU,ZAG
FRU,KZN
FRU,KUF
FRU,AER
FRU,ALA
FRU,AUH
FRU,DEL
FRU,DXB
FRU,ICN
FRU,ISB
FRU,JED
FRU,KJA
FRU,KWI
FRU,LHE
FRU,MCX
FRU,OSS
FRU,OVB
FRU,SGC
FRU,SHJ
FRU,SVX
FRU,TAS
FRU,URC
FRU,XIY
FRU,ZIA
FRU,PKX
FRU,TFU
FRU,NQZ
FRW,BBK
FRW,GBE
FSC,BSL
FSC,BOD
FSC,BES
FSC,CRL
FSC,GVA
FSC,LGW
FSC,LHR
FSC,LUX
FSC,LYS
FSC,MRS
FSC,MXP
FSC,NTE
FSC,NCE
FSC,BVA
FSC,CDG
FSC,ORY
FSC,RNS
FSC,LIL
FSC,TLN
FSC,TLS
FSC,ZRH
FSC,SXB
FSC,CFR
FSD,ATL
FSD,AUS
FSD,AZA
FSD,BNA
FSD,DEN
FSD,DFW
FSD,FLL
FSD,LAS
FSD,LAX
FSD,MSP
FSD,ORD
FSD,PGD
FSD,PHX
FSD,PIE
FSD,SFB
FSM,DFW
FSP,CDG
FSP,YGR
FSP,YHZ
FSP,YUL
FSP,YYT
FSZ,CTS
FSZ,FUK
FSZ,HGH
FSZ,ICN
FSZ,IZO
FSZ,KMJ
FSZ,KOJ
FSZ,OKA
FSZ,PVG
FSZ,OKD
FTA,AWD
FTA,TAH
FTE,AEP
FTE,BRC
FTE,COR
FTE,EZE
FTE,REL
FTE,ROS
FTE,USH
FTU,TNR
FUE,AMS
FUE,ACE
FUE,BCN
FUE,BSL
FUE,BFS
FUE,BIO
FUE,BHX
FUE,BLQ
FUE,BOD
FUE,BOH
FUE,BRE
FUE,BRS
FUE,BRQ
FUE,BRU
FUE,CRL
FUE,CGN
FUE,ORK
FUE,DUB
FUE,DUS
FUE,EDI
FUE,FRA
FUE,FNC
FUE,GLA
FUE,HAM
FUE,HAJ
FUE,HEL
FUE,KTW
FUE,KRK
FUE,SPC
FUE,LPA
FUE,LBA
FUE,LEJ
FUE,LPL
FUE,LGW
FUE,LTN
FUE,STN
FUE,LUX
FUE,LYS
FUE,MAD
FUE,AGP
FUE,MAN
FUE,MRS
FUE,BGY
FUE,MXP
FUE,MUC
FUE,NTE
FUE,NCL
FUE,NRN
FUE,EMA
FUE,NUE
FUE,OVD
FUE,ORY
FUE,PSA
FUE,PRG
FUE,KEF
FUE,LIL
FUE,FCO
FUE,RTM
FUE,SCQ
FUE,SVQ
FUE,SNN
FUE,STR
FUE,TFN
FUE,TFS
FUE,TLS
FUE,VRN
FUE,WAW
FUE,VIE
FUE,ZRH
FUE,BER
FUG,CAN
FUG,CGQ
FUG,CKG
FUG,CSX
FUG,CTU
FUG,DLC
FUG,FOC
FUG,HAK
FUG,HET
FUG,HSN
FUG,HUZ
FUG,INC
FUG,JJN
FUG,KMG
FUG,KWE
FUG,NNG
FUG,PEK
FUG,PVG
FUG,SHE
FUG,SWA
FUG,SYX
FUG,SZX
FUG,TAO
FUG,TSN
FUG,URC
FUG,WNZ
FUG,XMN
FUG,ZUH
FUG,FUO
FUG,LHW
FUJ,FUK
FUJ,NGS
FUK,ASJ
FUK,BKK
FUK,CJJ
FUK,CTS
FUK,DLC
FUK,DMK
FUK,FSZ
FUK,FUJ
FUK,GUM
FUK,HAN
FUK,HKG
FUK,HNA
FUK,HND
FUK,HNL
FUK,ICN
FUK,ISG
FUK,ITM
FUK,IZO
FUK,KCZ
FUK,KHH
FUK,KIJ
FUK,KIX
FUK,KMI
FUK,KMQ
FUK,KOJ
FUK,KUM
FUK,MMJ
FUK,MNL
FUK,MYJ
FUK,NGO
FUK,NKM
FUK,NRT
FUK,OKA
FUK,PUS
FUK,PVG
FUK,SDJ
FUK,SGN
FUK,SHI
FUK,TAE
FUK,TPE
FUK,IBR
FUK,SIN
FUK,TKS
FUK,TSJ
FUK,AXJ
FUN,NAN
FUN,SUV
FUO,DSN
FUO,FOC
FUO,FUG
FUO,HGH
FUO,HIA
FUO,HSN
FUO,HYN
FUO,PVG
FUO,SHA
FUO,TYN
FUO,WNZ
FUO,SJW
FUO,LHW
FUO,TLQ
FUO,PKX
FUO,TFU
FUO,WHA
FUT,WLS
FVM,KDM
FVM,KDO
FVM,MLE
FWA,ATL
FWA,AZA
FWA,CLT
FWA,DFW
FWA,DTW
FWA,LAS
FWA,MSP
FWA,MYR
FWA,ORD
FWA,PGD
FWA,PIE
FWA,SFB
FWA,SRQ
FYJ,HRB
FYJ,JMU
FYN,AKU
FYN,KJI
FYN,KRY
FYN,NLT
FYN,URC
FYN,YIN
FYN,TLQ
FYU,CIK
FYU,FAI
FYU,KBC
FYU,VEE
FZL,GYD
GAJ,CTS
GAJ,HND
GAJ,ITM
GAJ,NKM
GAL,FAI
GAL,HSL
GAL,KAL
GAL,KYU
GAL,NUL
GAL,RBY
GAM,OME
GAM,SVA
GAN,CMB
GAN,KDM
GAN,KDO
GAN,MLE
GAN,GKK
GAQ,BKO
GAU,AJL
GAU,BBI
GAU,BLR
GAU,BOM
GAU,CCU
GAU,DEL
GAU,DIB
GAU,DMK
GAU,DMU
GAU,HYD
GAU,IMF
GAU,IXA
GAU,IXB
GAU,IXI
GAU,IXS
GAU,IXT
GAU,JAI
GAU,KUL
GAU,LKO
GAU,MAA
GAU,PBH
GAU,PNQ
GAU,SHL
GAU,TEZ
GAU,SIN
GAX,POG
GAY,BKK
GAY,CCU
GAY,DEL
GAY,DMK
GAY,PBH
GBE,ADD
GBE,BBK
GBE,CPT
GBE,FRW
GBE,HRE
GBE,JNB
GBE,LUN
GBE,MUB
GBE,VFA
GBI,BLR
GBI,TIR
GBT,MHD
GBT,THR
GBT,PGU
GCC,DEN
GCH,THR
GCI,BHX
GCI,BRS
GCI,EXT
GCI,JER
GCI,LGW
GCI,MAN
GCI,SOU
GCI,ZRH
GCI,ACI
GCK,DFW
GCM,ATL
GCM,BGI
GCM,BOS
GCM,BWI
GCM,CLT
GCM,CYB
GCM,DEN
GCM,DFW
GCM,EWR
GCM,HAV
GCM,IAD
GCM,IAH
GCM,JFK
GCM,KIN
GCM,LAX
GCM,LCE
GCM,LYB
GCM,MCO
GCM,MSP
GCM,NAS
GCM,ORD
GCM,PTY
GCM,TPA
GCM,YYZ
GCM,PHL
GCM,MIA
GCN,PGA
GCW,BLD
GDB,HYD
GDE,DIR
GDE,JIJ
GDL,MAD
GDL,ACA
GDL,ATL
GDL,BOG
GDL,CEN
GDL,CJS
GDL,CLT
GDL,CUL
GDL,CUN
GDL,CUU
GDL,DEN
GDL,DFW
GDL,DGO
GDL,FAT
GDL,HMO
GDL,HUX
GDL,IAH
GDL,JFK
GDL,LAP
GDL,LAS
GDL,LAX
GDL,LMM
GDL,LTO
GDL,MCO
GDL,MDW
GDL,MEX
GDL,MID
GDL,MTY
GDL,MXL
GDL,OAK
GDL,OAX
GDL,ONT
GDL,ORD
GDL,PBC
GDL,PDX
GDL,PHX
GDL,PTY
GDL,PVR
GDL,PXM
GDL,REX
GDL,RNO
GDL,SAT
GDL,SEA
GDL,SFO
GDL,TAP
GDL,TGZ
GDL,TIJ
GDL,TLC
GDL,TRC
GDL,VER
GDL,VSA
GDL,YVR
GDL,YYZ
GDL,SJC
GDL,SJD
GDL,SLC
GDL,SMF
GDL,MIA
GDL,NLU
GDL,TQO
GDN,AAR
GDN,ABZ
GDN,ALC
GDN,AMS
GDN,BCN
GDN,BFS
GDN,BGO
GDN,BLL
GDN,BHX
GDN,BDS
GDN,BRS
GDN,BOJ
GDN,CHQ
GDN,CFU
GDN,ORK
GDN,DTM
GDN,DUB
GDN,DUS
GDN,EDI
GDN,EIN
GDN,FRA
GDN,GOT
GDN,HAM
GDN,HAU
GDN,HEL
GDN,HER
GDN,CPH
GDN,KRK
GDN,LCA
GDN,LBA
GDN,LPL
GDN,LTN
GDN,STN
GDN,AGP
GDN,MMX
GDN,MLA
GDN,MAN
GDN,BGY
GDN,MUC
GDN,NAP
GDN,NCL
GDN,OSL
GDN,TRF
GDN,PFO
GDN,BVA
GDN,PSA
GDN,PRG
GDN,KEF
GDN,RIX
GDN,CIA
GDN,FCO
GDN,RZE
GDN,JTR
GDN,SPU
GDN,SVG
GDN,ARN
GDN,TFS
GDN,TIA
GDN,TOS
GDN,TRD
GDN,TKU
GDN,VLC
GDN,TSF
GDN,VRN
GDN,WAW
GDN,WRO
GDN,ZAD
GDN,ZRH
GDN,VXO
GDN,TGD
GDN,AES
GDN,SFT
GDN,LUZ
GDQ,ADD
GDQ,LLI
GDT,PLS
GDT,XSC
GDT,SLX
GDV,BIL
GDX,SVO
GDX,IKT
GDX,KHV
GDX,KJA
GDX,OHO
GDX,OVB
GDX,PKC
GDX,PWE
GDX,KPW
GDX,SWV
GEA,ILP
GEA,KNQ
GEA,KOC
GEA,LIF
GEA,MEE
GEA,TGJ
GEA,UVE
GEG,ATL
GEG,AZA
GEG,BOI
GEG,CLT
GEG,DAL
GEG,DEN
GEG,DFW
GEG,LAS
GEG,LAX
GEG,MSP
GEG,OAK
GEG,ORD
GEG,PDX
GEG,PHX
GEG,SAN
GEG,SEA
GEG,SFO
GEG,SJC
GEG,SLC
GEG,SMF
GEG,SNA
GEL,FLN
GEL,GRU
GEL,POA
GEL,VCP
GEM,BSG
GEM,SSG
GEO,BGI
GEO,HAV
GEO,IAH
GEO,JFK
GEO,PBM
GEO,POS
GEO,PTY
GEO,SDQ
GEO,UVF
GEO,YYZ
GEO,MIA
GES,CEB
GES,ILO
GES,MNL
GET,KTA
GET,PER
GEV,ARN
GEV,KRF
GFF,SYD
GFF,NRA
GFK,AZA
GFK,LAS
GFK,MSP
GFK,SFB
GGG,DFW
GGJ,CWB
GGM,KTL
GGM,WIL
GGR,ADD
GGR,BSA
GGR,JED
GGR,MGQ
GGR,NBO
GGT,ATL
GGT,CLT
GGT,FLL
GGT,NAS
GGT,YYZ
GGT,RSD
GGT,MIA
GGW,BIL
GHA,ALG
GHA,ORN
GHA,AZR
GHA,CZL
GHA,JED
GHA,MED
GHA,TMR
GHA,VVZ
GHB,ELH
GHB,FLL
GHB,NAS
GHB,RSD
GHB,MIA
GHC,FLL
GHS,BPN
GHV,BCN
GHV,BUD
GHV,BLQ
GHV,DTM
GHV,IST
GHV,LTN
GHV,MXP
GHV,MUC
GHV,NUE
GHV,FCO
GHV,STR
GHV,SKG
GIB,BRS
GIB,LGW
GIB,LHR
GIB,MAN
GIC,HID
GIC,SBR
GIG,AMS
GIG,FRA
GIG,LIS
GIG,LHR
GIG,MAD
GIG,CDG
GIG,OPO
GIG,FCO
GIG,AEP
GIG,AJU
GIG,ATL
GIG,BEL
GIG,BOG
GIG,BPS
GIG,BSB
GIG,CGH
GIG,CNF
GIG,COR
GIG,CPV
GIG,CWB
GIG,CXJ
GIG,DFW
GIG,DXB
GIG,EZE
GIG,FLN
GIG,FOR
GIG,GRU
GIG,GYN
GIG,IAH
GIG,IGU
GIG,JFK
GIG,JPA
GIG,LIM
GIG,MAO
GIG,MCZ
GIG,MVD
GIG,NAT
GIG,NVT
GIG,POA
GIG,PTY
GIG,REC
GIG,ROS
GIG,SCL
GIG,SSA
GIG,VCP
GIG,VIX
GIG,SJK
GIG,SLZ
GIG,MIA
GIL,ISB
GIL,LHE
GIS,WLG
GIS,AKL
GIT,DAR
GIT,MWZ
GIU,BTC
GIU,CMB
GIU,TRR
GIZ,CAI
GIZ,DMM
GIZ,DXB
GIZ,JED
GIZ,RUH
GIZ,SHJ
GIZ,TIF
GJA,LCE
GJL,MRS
GJL,ALG
GJT,DEN
GJT,DFW
GJT,LAS
GJT,LAX
GJT,PHX
GJT,SFO
GJT,SNA
GKA,HGU
GKA,POM
GKK,GAN
GKK,KDM
GKK,MLE
GLA,AGA
GLA,ALC
GLA,AMS
GLA,AYT
GLA,ACE
GLA,BCN
GLA,GRO
GLA,REU
GLA,BHD
GLA,BFS
GLA,BHX
GLA,BJV
GLA,BUD
GLA,BOD
GLA,BRS
GLA,CRL
GLA,OTP
GLA,BOJ
GLA,CHQ
GLA,LDY
GLA,CGN
GLA,CFU
GLA,DLM
GLA,CFN
GLA,DUB
GLA,DBV
GLA,FAO
GLA,FRA
GLA,FUE
GLA,FNC
GLA,GVA
GLA,HER
GLA,HRG
GLA,IBZ
GLA,ADB
GLA,JER
GLA,KGS
GLA,KRK
GLA,LCA
GLA,LPA
GLA,LIS
GLA,LCY
GLA,LGW
GLA,LHR
GLA,LTN
GLA,STN
GLA,MAH
GLA,AGP
GLA,MLA
GLA,RAK
GLA,MRS
GLA,NAP
GLA,NQY
GLA,PFO
GLA,PMI
GLA,CDG
GLA,OPO
GLA,PRG
GLA,PUY
GLA,KEF
GLA,RHO
GLA,FCO
GLA,SOU
GLA,SPU
GLA,SYY
GLA,TFS
GLA,VRN
GLA,VIE
GLA,WRO
GLA,ZTH
GLA,FMM
GLA,EFL
GLA,NBE
GLA,KOI
GLA,LSI
GLA,BRR
GLA,BEB
GLA,ILY
GLA,TRE
GLA,BER
GLA,CAL
GLA,CUN
GLA,DXB
GLA,YYZ
GLA,SID
GLF,SJO
GLH,DFW
GLK,NBO
GLN,ACE
GLN,CMN
GLN,LPA
GLN,TTA
GLT,BNE
GLU,PBH
GLU,YON
GLV,ELI
GLV,WMO
GMA,FIH
GMB,ADD
GME,SVO
GME,VKO
GME,LED
GMO,ABV
GMP,CJU
GMP,HIN
GMP,HND
GMP,KHH
GMP,KIX
GMP,KPO
GMP,KWJ
GMP,PEK
GMP,PUS
GMP,SHA
GMP,TSA
GMP,RSU
GMP,USN
GMP,PKX
GMQ,XNN
GMR,HOI
GMR,PPT
GMZ,LPA
GMZ,TFN
GNB,BHX
GNB,BRS
GNB,DUB
GNB,EDI
GNB,LGW
GNB,LHR
GNB,LTN
GNB,STN
GNB,MAN
GNB,NCL
GNB,VNO
GNB,WAW
GND,BGI
GND,BOS
GND,CLT
GND,JFK
GND,POS
GND,SVD
GND,UVF
GND,YYZ
GND,MIA
GNJ,IST
GNJ,SAW
GNJ,DME
GNJ,SVO
GNJ,VKO
GNJ,NAJ
GNM,CNF
GNS,LSE
GNS,KNO
GNS,SIW
GNU,BET
GNV,ATL
GNV,AUS
GNV,CLT
GNV,DFW
GNV,FLL
GNV,MIA
GNY,ESB
GNY,IST
GNY,SAW
GNY,ADB
GOA,AMS
GOA,BCN
GOA,BRI
GOA,BDS
GOA,CRL
GOA,OTP
GOA,CAG
GOA,CTA
GOA,DUS
GOA,FRA
GOA,CPH
GOA,SUF
GOA,STN
GOA,MAN
GOA,MUC
GOA,NAP
GOA,OLB
GOA,PMO
GOA,ORY
GOA,FCO
GOA,TIA
GOB,ADD
GOH,CPH
GOH,KEF
GOH,JAV
GOH,JEG
GOH,JFR
GOH,JHS
GOH,JSU
GOH,KUS
GOH,SFJ
GOH,UAK
GOH,YFB
GOI,SVO
GOI,AMD
GOI,BAH
GOI,BLR
GOI,BOM
GOI,CCU
GOI,COK
GOI,DEL
GOI,DOH
GOI,DXB
GOI,HYD
GOI,IDR
GOI,IXC
GOI,LKO
GOI,MAA
GOI,PNQ
GOI,RPR
GOI,SHJ
GOI,STV
GOI,SVX
GOJ,AYT
GOJ,IST
GOJ,KGD
GOJ,MSQ
GOJ,SVO
GOJ,LED
GOJ,EVN
GOJ,KZN
GOJ,KUF
GOJ,AER
GOJ,ASF
GOJ,GYD
GOJ,MCX
GOJ,MRV
GOJ,NSK
GOJ,OVB
GOJ,PEE
GOJ,REN
GOJ,SVX
GOJ,TAS
GOJ,TJM
GOJ,TOF
GOJ,UFA
GOJ,VOG
GOJ,SKD
GOJ,GSV
GOM,ADD
GOM,BJM
GOM,DAR
GOM,FIH
GOM,FKI
GOM,FMI
GOM,KND
GOM,NBO
GOP,BLR
GOP,BOM
GOP,CCU
GOP,DEL
GOP,HYD
GOP,LKO
GOQ,CGO
GOQ,LXA
GOQ,XIY
GOQ,XNN
GOT,ALC
GOT,AMS
GOT,AYT
GOT,ATH
GOT,BCN
GOT,BEG
GOT,BGO
GOT,BLL
GOT,BUD
GOT,BRU
GOT,CRL
GOT,CAG
GOT,DBV
GOT,DUS
GOT,EDI
GOT,FAO
GOT,FRA
GOT,GDN
GOT,GVA
GOT,HAM
GOT,HEL
GOT,HRG
GOT,IST
GOT,KUN
GOT,CPH
GOT,KRK
GOT,LPA
GOT,LGW
GOT,LHR
GOT,STN
GOT,LLA
GOT,LYS
GOT,AGP
GOT,MAN
GOT,RAK
GOT,BGY
GOT,MUC
GOT,NCE
GOT,PMI
GOT,CDG
GOT,PSA
GOT,PRG
GOT,PRN
GOT,KEF
GOT,RIX
GOT,FCO
GOT,SKP
GOT,SPU
GOT,ARN
GOT,TFS
GOT,WAW
GOT,VIE
GOT,ZAD
GOT,ZAG
GOT,ZRH
GOT,SJJ
GOT,BMA
GOT,VBY
GOT,BER
GOT,BNX
GOT,CBG
GOT,WMI
GOU,DLA
GOV,CNS
GOV,DRW
GOV,GTE
GOX,LGW
GOX,SVO
GOX,AMD
GOX,BDQ
GOX,BLR
GOX,BOM
GOX,CCU
GOX,CJB
GOX,DEL
GOX,DOH
GOX,HYD
GOX,ISK
GOX,IXC
GOX,IXR
GOX,IXU
GOX,JAI
GOX,MAA
GOX,MCT
GOX,NAG
GOX,PAT
GOX,PNQ
GOX,SVX
GOX,VNS
GOX,RQY
GOX,HSR
GOY,KJA
GOY,KCY
GPA,BRU
GPA,CFU
GPA,DUS
GPA,FRA
GPA,HAJ
GPA,MXP
GPA,MUC
GPA,STR
GPA,VIE
GPA,ZTH
GPA,TLV
GPB,VCP
GPI,CLO
GPS,GYE
GPS,UIO
GPT,ATL
GPT,CLT
GPT,DFW
GPT,IAH
GPT,LAS
GPT,MSP
GPT,SFB
GPT,TPA
GRB,ATL
GRB,DEN
GRB,DTW
GRB,MSP
GRB,ORD
GRB,RSW
GRI,AZA
GRI,DFW
GRI,LAS
GRJ,BFN
GRJ,CPT
GRJ,DUR
GRJ,JNB
GRK,DFW
GRO,AAL
GRO,AMS
GRO,REU
GRO,BRI
GRO,BFS
GRO,BHX
GRO,BOH
GRO,BRS
GRO,BRU
GRO,CRL
GRO,ORK
GRO,DUB
GRO,EIN
GRO,HHN
GRO,GLA
GRO,HEL
GRO,FKB
GRO,NOC
GRO,KRK
GRO,LBA
GRO,STN
GRO,MST
GRO,MAN
GRO,RAK
GRO,NCL
GRO,NRN
GRO,EMA
GRO,NUE
GRO,PAD
GRO,BVA
GRO,PSR
GRO,PSA
GRO,POZ
GRO,RIX
GRO,RTM
GRO,SNN
GRO,WRO
GRO,ZAG
GRO,FMM
GRO,PED
GRO,BEM
GRQ,BLL
GRQ,HER
GRQ,KGS
GRQ,LPA
GRQ,MST
GRQ,PMI
GRR,ATL
GRR,AUS
GRR,AZA
GRR,BNA
GRR,BOS
GRR,BWI
GRR,CLT
GRR,DCA
GRR,DEN
GRR,DFW
GRR,DTW
GRR,EWR
GRR,FLL
GRR,IAH
GRR,LAS
GRR,LAX
GRR,LGA
GRR,MCO
GRR,MDW
GRR,MSP
GRR,ORD
GRR,PDX
GRR,PGD
GRR,PHX
GRR,PIE
GRR,RSW
GRR,SAV
GRR,SFB
GRR,SRQ
GRR,VPS
GRR,PHL
GRR,MIA
GRU,AMS
GRU,BCN
GRU,FRA
GRU,IST
GRU,LIS
GRU,LHR
GRU,MAD
GRU,MXP
GRU,CDG
GRU,OPO
GRU,FCO
GRU,ZRH
GRU,AAX
GRU,ADD
GRU,AEP
GRU,AJU
GRU,ASU
GRU,ATL
GRU,BEL
GRU,BOG
GRU,BOS
GRU,BPS
GRU,BRC
GRU,BSB
GRU,CAC
GRU,CBB
GRU,CGB
GRU,CGR
GRU,CNF
GRU,COR
GRU,CPT
GRU,CWB
GRU,CXJ
GRU,DFW
GRU,DOH
GRU,DXB
GRU,EWR
GRU,EZE
GRU,FLN
GRU,FOR
GRU,GEL
GRU,GIG
GRU,GYN
GRU,IAD
GRU,IAH
GRU,IGU
GRU,IMP
GRU,IOS
GRU,IZA
GRU,JDO
GRU,JFK
GRU,JNB
GRU,JOI
GRU,JPA
GRU,LAD
GRU,LAX
GRU,LDB
GRU,LIM
GRU,MAO
GRU,MCO
GRU,MCZ
GRU,MDZ
GRU,MEX
GRU,MGF
GRU,MOC
GRU,MVD
GRU,NAT
GRU,NVT
GRU,OPS
GRU,ORD
GRU,PDP
GRU,PFB
GRU,PNZ
GRU,POA
GRU,PPB
GRU,PTY
GRU,PUJ
GRU,PVH
GRU,RAO
GRU,REC
GRU,SCL
GRU,SDQ
GRU,SDU
GRU,SSA
GRU,THE
GRU,UDI
GRU,VIX
GRU,VVI
GRU,XAP
GRU,YUL
GRU,YYZ
GRU,RVD
GRU,SJP
GRU,SLA
GRU,SLZ
GRU,VDC
GRU,PMW
GRU,JJG
GRU,JJD
GRU,PHL
GRU,MIA
GRU,PET
GRU,QNS
GRV,AYT
GRV,IST
GRV,DME
GRV,SVO
GRV,VKO
GRV,LED
GRV,KZN
GRV,GYD
GRV,DWC
GRV,SCO
GRV,SGC
GRV,TAS
GRV,UFA
GRW,TER
GRW,PDL
GRX,AMS
GRX,BCN
GRX,BIO
GRX,LPA
GRX,LGW
GRX,MAD
GRX,OVD
GRX,PMI
GRX,ORY
GRX,SDR
GRX,TFN
GRX,MLN
GRY,AEY
GRZ,AYT
GRZ,CFU
GRZ,DUS
GRZ,FRA
GRZ,HAM
GRZ,HER
GRZ,HRG
GRZ,KGS
GRZ,LCA
GRZ,LPA
GRZ,MUC
GRZ,PMI
GRZ,RHO
GRZ,TFS
GRZ,VIE
GRZ,ZRH
GRZ,AOK
GRZ,SGD
GRZ,BER
GSM,SRY
GSM,THR
GSO,ATL
GSO,CLT
GSO,DCA
GSO,DEN
GSO,DFW
GSO,DTW
GSO,EWR
GSO,IAD
GSO,LGA
GSO,ORD
GSO,PIE
GSO,SFB
GSO,PHL
GSO,MIA
GSP,ATL
GSP,BDL
GSP,BNA
GSP,BWI
GSP,CLT
GSP,DCA
GSP,DEN
GSP,DFW
GSP,DTW
GSP,EWR
GSP,FLL
GSP,HOU
GSP,HVN
GSP,IAD
GSP,IAH
GSP,LAX
GSP,LGA
GSP,MCO
GSP,MHT
GSP,ORD
GSP,PIE
GSP,PVD
GSP,ROC
GSP,SFB
GSP,TPA
GSP,PHL
GSP,MIA
GST,JNU
GSV,AYT
GSV,KGD
GSV,DME
GSV,SVO
GSV,GOJ
GSV,GYD
GSV,MCX
GSV,MRV
GSV,OVB
GSV,SVX
GSV,UFA
GTE,DRW
GTE,GOV
GTF,AZA
GTF,DEN
GTF,LAS
GTF,MSP
GTF,ORD
GTF,SEA
GTF,SLC
GTO,CGK
GTO,UPG
GTR,ATL
GTS,DRW
GTZ,ARK
GTZ,EBB
GTZ,JRO
GTZ,KGL
GTZ,LKY
GTZ,MWZ
GTZ,SEU
GUA,MAD
GUA,AAZ
GUA,ATL
GUA,BOG
GUA,BZE
GUA,CUN
GUA,DFW
GUA,EWR
GUA,FLL
GUA,FRS
GUA,IAD
GUA,IAH
GUA,JFK
GUA,LAX
GUA,MCO
GUA,MEX
GUA,MGA
GUA,MID
GUA,ORD
GUA,PTY
GUA,RER
GUA,RTB
GUA,SAL
GUA,SAP
GUA,SDQ
GUA,TGZ
GUA,XPL
GUA,SJO
GUA,PBR
GUA,MIA
GUC,DAL
GUC,DEN
GUC,DFW
GUC,IAH
GUM,FUK
GUM,HND
GUM,HNL
GUM,ICN
GUM,KIX
GUM,MNL
GUM,NGO
GUM,NRT
GUM,PNI
GUM,PUS
GUM,ROP
GUM,ROR
GUM,SPN
GUM,TKK
GUM,YAP
GUP,PHX
GUR,MIS
GUR,POM
GUW,AMS
GUW,AYT
GUW,IST
GUW,SVO
GUW,SSH
GUW,AKX
GUW,ALA
GUW,CIT
GUW,DMB
GUW,KUT
GUW,SCO
GUW,URA
GUW,NQZ
GVA,ABZ
GVA,AGA
GVA,AJA
GVA,ALC
GVA,AMS
GVA,ESB
GVA,AYT
GVA,ACE
GVA,ATH
GVA,BCN
GVA,BRI
GVA,BIA
GVA,BFS
GVA,BEG
GVA,BIQ
GVA,BIO
GVA,BHX
GVA,BUD
GVA,BOD
GVA,BOH
GVA,BDS
GVA,BRS
GVA,BRU
GVA,OTP
GVA,CAG
GVA,CAI
GVA,CLY
GVA,CMN
GVA,CTA
GVA,CHQ
GVA,CFU
GVA,DJE
GVA,DUB
GVA,DBV
GVA,DUS
GVA,EDI
GVA,FAO
GVA,FRA
GVA,FNC
GVA,GLA
GVA,GOT
GVA,HAM
GVA,HEL
GVA,HER
GVA,HRG
GVA,IBZ
GVA,IST
GVA,SAW
GVA,ADB
GVA,CPH
GVA,KGS
GVA,LCG
GVA,LRH
GVA,SUF
GVA,LCA
GVA,LPA
GVA,LBA
GVA,LIS
GVA,LPL
GVA,LCY
GVA,LGW
GVA,LHR
GVA,LTN
GVA,STN
GVA,LUX
GVA,MAD
GVA,MAH
GVA,AGP
GVA,MLA
GVA,MAN
GVA,RAK
GVA,MXP
GVA,MUC
GVA,JMK
GVA,NTE
GVA,NAP
GVA,NCL
GVA,NCE
GVA,EMA
GVA,OLB
GVA,OSL
GVA,PMO
GVA,PMI
GVA,CDG
GVA,ORY
GVA,OPO
GVA,PRG
GVA,PRN
GVA,KEF
GVA,RHO
GVA,RIX
GVA,LIL
GVA,FCO
GVA,RTM
GVA,SCQ
GVA,JTR
GVA,SVQ
GVA,SSH
GVA,SKP
GVA,SOF
GVA,SOU
GVA,SPU
GVA,ARN
GVA,TLL
GVA,TFS
GVA,SKG
GVA,TIA
GVA,TLS
GVA,TUN
GVA,VLC
GVA,VCE
GVA,WAW
GVA,VIE
GVA,ZTH
GVA,ZRH
GVA,TIV
GVA,SEN
GVA,FSC
GVA,KLX
GVA,TLV
GVA,BEY
GVA,ASR
GVA,ALG
GVA,AMM
GVA,AQJ
GVA,RBA
GVA,NBE
GVA,ADD
GVA,AUH
GVA,BER
GVA,DOH
GVA,DXB
GVA,EWR
GVA,IAD
GVA,JED
GVA,JFK
GVA,KWI
GVA,MRU
GVA,PEK
GVA,QSR
GVA,RUH
GVA,YUL
GVN,UUS
GVR,CNF
GWD,KHI
GWL,AMD
GWL,BLR
GWL,BOM
GWL,DEL
GWL,HYD
GWL,IDR
GWT,DUS
GWT,FRA
GWT,HAM
GWT,LUX
GWT,MUC
GWT,STR
GWT,ZRH
GXF,CAI
GXF,ADE
GXF,JED
GXF,NBO
GXH,TFU
GYA,TDD
GYD,ESB
GYD,AYT
GYD,BCN
GYD,BJV
GYD,BUD
GYD,OTP
GYD,DLM
GYD,FRA
GYD,IST
GYD,SAW
GYD,ADB
GYD,LGW
GYD,LHR
GYD,MXP
GYD,MSQ
GYD,DME
GYD,SVO
GYD,VKO
GYD,CDG
GYD,PRG
GYD,RIX
GYD,FCO
GYD,SSH
GYD,SOF
GYD,LED
GYD,TBS
GYD,WAW
GYD,VIE
GYD,TIV
GYD,RMO
GYD,TLV
GYD,EBL
GYD,KZN
GYD,GOJ
GYD,KUF
GYD,AER
GYD,ALA
GYD,ASF
GYD,AUH
GYD,BAH
GYD,BER
GYD,BGW
GYD,BOM
GYD,BUS
GYD,CEK
GYD,DEL
GYD,DMM
GYD,DOH
GYD,DXB
GYD,GRV
GYD,IKA
GYD,JED
GYD,KJA
GYD,KWI
GYD,MCT
GYD,MCX
GYD,MRV
GYD,NBC
GYD,NJC
GYD,OGZ
GYD,OMS
GYD,OVB
GYD,PEE
GYD,PEK
GYD,RUH
GYD,SCO
GYD,SGC
GYD,SHJ
GYD,SVX
GYD,TAS
GYD,TJM
GYD,TZX
GYD,UFA
GYD,URC
GYD,VOG
GYD,NAJ
GYD,KOO
GYD,ZIA
GYD,GSV
GYD,NQZ
GYD,FZL
GYE,AMS
GYE,MAD
GYE,BOG
GYE,CUE
GYE,FLL
GYE,GPS
GYE,JFK
GYE,LIM
GYE,PTY
GYE,SAL
GYE,SCL
GYE,SCY
GYE,SDQ
GYE,UIO
GYE,MIA
GYN,BPS
GYN,BSB
GYN,CGB
GYN,CGH
GYN,CNF
GYN,GIG
GYN,GRU
GYN,JPA
GYN,MCZ
GYN,NAT
GYN,REC
GYN,SSA
GYN,VCP
GYN,PMW
GYO,BTJ
GYO,KNO
GYS,CAN
GYS,FOC
GYS,HAK
GYS,HFE
GYS,HGH
GYS,INC
GYS,KMG
GYS,LJG
GYS,LXA
GYS,NKG
GYS,NNG
GYS,PEK
GYS,PVG
GYS,SZX
GYS,TNA
GYS,URC
GYS,XIC
GYU,INC
GYU,WUH
GYU,XIY
GYU,TFU
GZG,TFU
GZO,BAS
GZO,CHY
GZO,EGM
GZO,HIR
GZO,MUA
GZP,AAL
GZP,ESB
GZP,BLL
GZP,HEL
GZP,IST
GZP,SAW
GZP,CPH
GZP,OSL
GZP,ARN
GZP,IKA
GZT,ESB
GZT,AYT
GZT,BSL
GZT,CGN
GZT,DUS
GZT,FRA
GZT,HAJ
GZT,IST
GZT,SAW
GZT,ADB
GZT,STN
GZT,MUC
GZT,STR
GZT,ZRH
GZT,BER
GZT,MED
GZT,TZX
GZT,ECN
HAA,TOS
HAA,HFT
HAC,HND
HAD,ARN
HAD,BMA
HAH,CAI
HAH,ADD
HAH,AJN
HAH,DAR
HAH,DZA
HAH,NBO
HAH,RUN
HAH,NWA
HAJ,AGA
HAJ,AMS
HAJ,ESB
HAJ,AYT
HAJ,GPA
HAJ,ACE
HAJ,ATH
HAJ,BCN
HAJ,BRI
HAJ,BEG
HAJ,BJV
HAJ,BOJ
HAJ,CTA
HAJ,CFU
HAJ,DLM
HAJ,DJE
HAJ,DUS
HAJ,FAO
HAJ,FRA
HAJ,FUE
HAJ,FNC
HAJ,HER
HAJ,HRG
HAJ,IBZ
HAJ,IST
HAJ,SAW
HAJ,ADB
HAJ,XRY
HAJ,CPH
HAJ,KGS
HAJ,SUF
HAJ,LCA
HAJ,LPA
HAJ,LEJ
HAJ,LHR
HAJ,MAH
HAJ,AGP
HAJ,RAK
HAJ,RMF
HAJ,BGY
HAJ,MIR
HAJ,MUC
HAJ,NAP
HAJ,OLB
HAJ,PMI
HAJ,CDG
HAJ,PRN
HAJ,PUY
HAJ,RHO
HAJ,FCO
HAJ,ARN
HAJ,STR
HAJ,TFS
HAJ,SKG
HAJ,TLS
HAJ,TRS
HAJ,VAR
HAJ,VIE
HAJ,ZRH
HAJ,ADA
HAJ,EBL
HAJ,BVC
HAJ,DIY
HAJ,EZS
HAJ,GZT
HAJ,SZF
HAJ,SID
HAK,AQG
HAK,AUH
HAK,BKK
HAK,CAN
HAK,CGD
HAK,CGO
HAK,CIH
HAK,CKG
HAK,CSX
HAK,CTU
HAK,CXR
HAK,CZX
HAK,DLC
HAK,DSN
HAK,DYG
HAK,ENH
HAK,FOC
HAK,FUG
HAK,GYS
HAK,HAN
HAK,HDG
HAK,HET
HAK,HFE
HAK,HGH
HAK,HIA
HAK,HJJ
HAK,HKG
HAK,HNY
HAK,HRB
HAK,HSC
HAK,HUZ
HAK,HYN
HAK,ICN
HAK,INC
HAK,JDZ
HAK,JGS
HAK,JHB
HAK,JIQ
HAK,JIU
HAK,JJN
HAK,JNG
HAK,JUZ
HAK,KHN
HAK,KMG
HAK,KOW
HAK,KUL
HAK,KWE
HAK,KWL
HAK,LLF
HAK,LPQ
HAK,LYA
HAK,LYG
HAK,LZH
HAK,LZO
HAK,MEL
HAK,MFM
HAK,MIG
HAK,NGB
HAK,NKG
HAK,NNG
HAK,NNY
HAK,PEK
HAK,PEN
HAK,PNH
HAK,PUS
HAK,PVG
HAK,SGN
HAK,SHA
HAK,SHE
HAK,SWA
HAK,SYD
HAK,SYX
HAK,SZX
HAK,TAO
HAK,TNA
HAK,TSN
HAK,TVS
HAK,TYN
HAK,VTE
HAK,WEF
HAK,WNZ
HAK,WUH
HAK,WXN
HAK,XFN
HAK,XIY
HAK,XMN
HAK,XNN
HAK,XUZ
HAK,YBP
HAK,YIH
HAK,YNZ
HAK,ZUH
HAK,ZYI
HAK,ACX
HAK,SIN
HAK,SJW
HAK,UYN
HAK,YCU
HAK,LHW
HAK,BFJ
HAK,RIZ
HAK,LFQ
HAK,BAR
HAK,SQD
HAK,WGN
HAK,WMT
HAK,LNL
HAK,XAI
HAK,BZX
HAK,YYA
HAK,PKX
HAK,AKL
HAK,YLX
HAK,SHS
HAK,TFU
HAK,HZA
HAK,WHA
HAK,HCZ
HAK,DZH
HAK,EHU
HAK,TEN
HAM,AGA
HAM,AHO
HAM,ALC
HAM,AMS
HAM,AOI
HAM,ESB
HAM,AYT
HAM,ACE
HAM,ATH
HAM,BCN
HAM,BRI
HAM,BSL
HAM,BEG
HAM,BGO
HAM,BIO
HAM,BUD
HAM,BLQ
HAM,BOD
HAM,BRU
HAM,OTP
HAM,BOJ
HAM,CAG
HAM,CTA
HAM,CHQ
HAM,CGN
HAM,CFU
HAM,DLM
HAM,DUB
HAM,DBV
HAM,DUS
HAM,EDI
HAM,FAO
HAM,FLR
HAM,FRA
HAM,FUE
HAM,FNC
HAM,GDN
HAM,GVA
HAM,GOT
HAM,GRZ
HAM,HEL
HAM,HER
HAM,HRG
HAM,IBZ
HAM,INN
HAM,IST
HAM,SAW
HAM,ADB
HAM,XRY
HAM,KTT
HAM,CPH
HAM,KGS
HAM,SPC
HAM,SUF
HAM,LCA
HAM,LPA
HAM,LIS
HAM,LGW
HAM,LHR
HAM,STN
HAM,LUX
HAM,LYS
HAM,MAD
HAM,AGP
HAM,MLA
HAM,MAN
HAM,BGY
HAM,LIN
HAM,MXP
HAM,MIR
HAM,MUC
HAM,NDR
HAM,NTE
HAM,NAP
HAM,NCE
HAM,NUE
HAM,OLB
HAM,OSL
HAM,PMI
HAM,CDG
HAM,PSR
HAM,OPO
HAM,PVK
HAM,PRN
HAM,KEF
HAM,RHO
HAM,RIX
HAM,RJK
HAM,FCO
HAM,RVN
HAM,SCN
HAM,SZG
HAM,SMI
HAM,JTR
HAM,SKP
HAM,SOF
HAM,SPU
HAM,ARN
HAM,STR
HAM,TBS
HAM,TFS
HAM,SKG
HAM,TIA
HAM,TRS
HAM,TOS
HAM,TUN
HAM,VLC
HAM,VAR
HAM,VCE
HAM,VRN
HAM,VNO
HAM,WAW
HAM,VIE
HAM,GWT
HAM,ZAD
HAM,ZTH
HAM,ZRH
HAM,RMO
HAM,BEY
HAM,ADA
HAM,EBL
HAM,BZO
HAM,DOH
HAM,DXB
HAM,IKA
HAM,KUT
HAN,FRA
HAN,IST
HAN,LHR
HAN,MUC
HAN,CDG
HAN,AMD
HAN,BKK
HAN,BMV
HAN,BOM
HAN,CAN
HAN,CCU
HAN,CGK
HAN,CKG
HAN,CNX
HAN,CXR
HAN,DAD
HAN,DEL
HAN,DIN
HAN,DLI
HAN,DMK
HAN,DOH
HAN,DPS
HAN,DXB
HAN,FUK
HAN,HAK
HAN,HIJ
HAN,HKG
HAN,HND
HAN,HUI
HAN,ICN
HAN,IKT
HAN,KHH
HAN,KIX
HAN,KMG
HAN,KUL
HAN,KWE
HAN,LPQ
HAN,MEL
HAN,MFM
HAN,MNL
HAN,NGO
HAN,NRT
HAN,PEK
HAN,PNH
HAN,PUS
HAN,PVG
HAN,RGN
HAN,RMQ
HAN,SGN
HAN,SYD
HAN,SZX
HAN,TPE
HAN,UIH
HAN,VCA
HAN,VCL
HAN,VII
HAN,VTE
HAN,XMN
HAN,PQC
HAN,PXU
HAN,SIN
HAN,TBB
HAN,VDH
HAN,TFU
HAN,SAI
HAQ,MLE
HAQ,DRV
HAQ,LMV
HAS,CAI
HAS,DMM
HAS,DXB
HAS,JED
HAS,KWI
HAS,RUH
HAS,SHJ
HAU,ALC
HAU,BGO
HAU,GDN
HAU,AGP
HAU,OSL
HAV,FRA
HAV,IST
HAV,MAD
HAV,MXP
HAV,SVO
HAV,VKO
HAV,CDG
HAV,FCO
HAV,ZRH
HAV,BLB
HAV,BOG
HAV,CCC
HAV,CCS
HAV,CUN
HAV,EZE
HAV,GCM
HAV,GEO
HAV,HOG
HAV,IAH
HAV,KIN
HAV,LIM
HAV,MEX
HAV,MID
HAV,MTY
HAV,NAS
HAV,PBM
HAV,PLS
HAV,POS
HAV,PTY
HAV,SCU
HAV,SDQ
HAV,TPA
HAV,VVI
HAV,MIA
HAV,NLU
HAY,BOG
HBA,ADL
HBA,BNE
HBA,CBR
HBA,MEL
HBA,PER
HBA,SYD
HBA,AKL
HBA,OOL
HBE,ATH
HBE,CAI
HBE,CMN
HBE,HRG
HBE,IST
HBE,SAW
HBE,BGY
HBE,SSH
HBE,AMM
HBE,AUH
HBE,BAH
HBE,BEN
HBE,DMM
HBE,DOH
HBE,DXB
HBE,JED
HBE,KWI
HBE,MED
HBE,MJI
HBE,MRA
HBE,RUH
HBE,SHJ
HBQ,XNN
HBX,BLR
HBX,DEL
HBX,HYD
HBX,MAA
HBX,PNQ
HCJ,CAN
HCJ,MIG
HCQ,FIZ
HCQ,KNX
HCQ,BQW
HCR,ANI
HCZ,CKG
HCZ,DYG
HCZ,FOC
HCZ,HAK
HCZ,JJN
HCZ,KMG
HCZ,NGB
HCZ,NKG
HCZ,PVG
HCZ,XIY
HCZ,PKX
HCZ,TFU
HDF,FRA
HDF,LUX
HDG,CAN
HDG,CKG
HDG,CTU
HDG,DLC
HDG,DSN
HDG,DYG
HDG,HAK
HDG,HET
HDG,HGH
HDG,HRB
HDG,KMG
HDG,PVG
HDG,SHE
HDG,WNZ
HDG,XMN
HDG,XNN
HDK,MLE
HDN,ATL
HDN,BNA
HDN,DAL
HDN,DEN
HDN,DFW
HDN,EWR
HDN,IAD
HDN,IAH
HDN,LAX
HDN,ORD
HDN,SAN
HDN,SEA
HDN,SFO
HDO,NDC
HDO,KQH
HDO,AIP
HDS,CPT
HDS,JNB
HDY,BKK
HDY,CNX
HDY,DMK
HDY,HKT
HDY,KUL
HDY,SIN
HDY,UTH
HEA,JED
HEA,KBL
HEA,MED
HEA,MZR
HEH,KET
HEH,LSH
HEH,MDL
HEH,NYT
HEH,RGN
HEH,THL
HEH,NYU
HEH,SNW
HEK,HRB
HEL,AGA
HEL,ALC
HEL,AMS
HEL,AYT
HEL,ATH
HEL,BCN
HEL,GRO
HEL,BGO
HEL,BLL
HEL,BOO
HEL,BUD
HEL,BLQ
HEL,BRU
HEL,CRL
HEL,BOJ
HEL,CHQ
HEL,DUB
HEL,DBV
HEL,DUS
HEL,EDI
HEL,FAO
HEL,FRA
HEL,FUE
HEL,FNC
HEL,GDN
HEL,GVA
HEL,GOT
HEL,HAM
HEL,HER
HEL,HRG
HEL,INN
HEL,IST
HEL,SAW
HEL,KTT
HEL,CPH
HEL,KRK
HEL,KUO
HEL,LCA
HEL,LPA
HEL,LIS
HEL,LJU
HEL,LGW
HEL,LHR
HEL,STN
HEL,MAD
HEL,AGP
HEL,MAN
HEL,RAK
HEL,BGY
HEL,LIN
HEL,MXP
HEL,MUC
HEL,NAP
HEL,NCE
HEL,OSL
HEL,OUL
HEL,PMI
HEL,BVA
HEL,CDG
HEL,PSA
HEL,PRG
HEL,PRN
HEL,KEF
HEL,RHO
HEL,RIX
HEL,FCO
HEL,RVN
HEL,SZG
HEL,JTR
HEL,SOF
HEL,SPU
HEL,ARN
HEL,TLL
HEL,TFS
HEL,SKG
HEL,TOS
HEL,TRD
HEL,VAA
HEL,VCE
HEL,VRN
HEL,VNO
HEL,WAW
HEL,VIE
HEL,WRO
HEL,ZAD
HEL,ZRH
HEL,TIV
HEL,BMA
HEL,KLX
HEL,VBY
HEL,JOE
HEL,KAO
HEL,IVL
HEL,GZP
HEL,BER
HEL,BKK
HEL,CGO
HEL,DEL
HEL,DFW
HEL,DOH
HEL,DXB
HEL,HKG
HEL,HKT
HEL,HND
HEL,ICN
HEL,JFK
HEL,JYV
HEL,KAJ
HEL,KEM
HEL,KIX
HEL,KOK
HEL,LAX
HEL,MHQ
HEL,NGO
HEL,NRT
HEL,ORD
HEL,POR
HEL,PVG
HEL,SEA
HEL,TAY
HEL,WMI
HEL,SIN
HEL,SVL
HEL,MIA
HER,AMS
HER,AYT
HER,ANR
HER,ATH
HER,BCN
HER,BRI
HER,BSL
HER,BFS
HER,BEG
HER,BRN
HER,BLL
HER,BHX
HER,BUD
HER,BLQ
HER,BOD
HER,BOH
HER,BTS
HER,BRE
HER,BES
HER,BRS
HER,BRQ
HER,BRU
HER,CRL
HER,OTP
HER,CTA
HER,CHQ
HER,CGN
HER,DOL
HER,DRS
HER,DUB
HER,DUS
HER,EDI
HER,EIN
HER,ERF
HER,FRA
HER,FDH
HER,GDN
HER,GVA
HER,GLA
HER,GRZ
HER,HAM
HER,HAJ
HER,HEL
HER,INN
HER,CPH
HER,KGS
HER,KSC
HER,KRK
HER,LCA
HER,LBA
HER,LEJ
HER,LNZ
HER,LPL
HER,LJU
HER,LGW
HER,LHR
HER,LTN
HER,STN
HER,LBC
HER,LGG
HER,LUX
HER,LYS
HER,MST
HER,MAD
HER,MAN
HER,MRS
HER,BGY
HER,LIN
HER,MXP
HER,MPL
HER,MUC
HER,FMO
HER,NTE
HER,NAP
HER,NCL
HER,EMA
HER,NUE
HER,OST
HER,OSL
HER,CDG
HER,ORY
HER,PRG
HER,RHO
HER,RIX
HER,LIL
HER,RMI
HER,FCO
HER,RLG
HER,RTM
HER,RZE
HER,SZG
HER,SOF
HER,ARN
HER,STR
HER,TLL
HER,SKG
HER,TSR
HER,TIA
HER,TLS
HER,VRN
HER,VNO
HER,WAW
HER,VIE
HER,WRO
HER,ZRH
HER,CLJ
HER,GRQ
HER,AOK
HER,KLX
HER,VOL
HER,TLV
HER,OSR
HER,AXD
HER,IAS
HER,SCV
HER,ALA
HER,BER
HER,KSF
HER,JCL
HET,CAN
HET,CGO
HET,CGQ
HET,CIF
HET,CKG
HET,CSX
HET,CTU
HET,CZX
HET,DLC
HET,DSN
HET,ENH
HET,ENY
HET,ERL
HET,FUG
HET,HAK
HET,HDG
HET,HFE
HET,HGH
HET,HIA
HET,HLD
HET,HLH
HET,HRB
HET,INC
HET,JHG
HET,JNG
HET,KHN
HET,KMG
HET,KWE
HET,LYA
HET,MIG
HET,NGB
HET,NKG
HET,PEK
HET,PVG
HET,SHA
HET,SHE
HET,SZX
HET,TAO
HET,TNA
HET,TSN
HET,TYN
HET,URC
HET,WUA
HET,WUH
HET,WUX
HET,XFN
HET,XIL
HET,XIY
HET,XMN
HET,XNN
HET,XUZ
HET,YIE
HET,YIH
HET,YNT
HET,YNZ
HET,ZHY
HET,NTG
HET,RLK
HET,SJW
HET,TGO
HET,NZH
HET,LHW
HET,AXF
HET,LFQ
HET,WUT
HET,NZL
HET,HUO
HET,UBN
HET,TFU
HET,EHU
HFE,BHY
HFE,BKK
HFE,CAN
HFE,CGQ
HFE,CKG
HFE,CTU
HFE,DLC
HFE,DMK
HFE,DSN
HFE,DYG
HFE,GYS
HFE,HAK
HFE,HET
HFE,HKG
HFE,HLD
HFE,HRB
HFE,HUZ
HFE,INC
HFE,JHG
HFE,JJN
HFE,KIX
HFE,KMG
HFE,KOW
HFE,KWE
HFE,KWL
HFE,LJG
HFE,LZH
HFE,LZO
HFE,MFM
HFE,MIG
HFE,NNG
HFE,PEK
HFE,PVG
HFE,SHE
HFE,SWA
HFE,SYX
HFE,SZX
HFE,TAO
HFE,TSN
HFE,TYN
HFE,URC
HFE,WEH
HFE,WNZ
HFE,WUX
HFE,WXN
HFE,XIY
HFE,XMN
HFE,XNN
HFE,YBP
HFE,YNT
HFE,ZHA
HFE,ZUH
HFE,ZYI
HFE,SIN
HFE,SJW
HFE,YCU
HFE,NZH
HFE,LHW
HFE,BPE
HFE,TLQ
HFE,BAR
HFE,WMT
HFE,YSQ
HFE,LNL
HFE,PKX
HFE,TFU
HFE,DZH
HFN,RKV
HFS,ARN
HFS,TYF
HFT,ALF
HFT,TOS
HFT,BVG
HFT,HAA
HFT,HVG
HFT,MEH
HFT,VDS
HGA,ADD
HGA,DXB
HGA,JED
HGA,JIB
HGA,MGQ
HGD,RCM
HGD,TSV
HGH,CAI
HGH,LIS
HGH,MAD
HGH,SVO
HGH,FCO
HGH,AKA
HGH,AKU
HGH,ALA
HGH,BAV
HGH,BHY
HGH,BKI
HGH,BKK
HGH,BWN
HGH,CAN
HGH,CGD
HGH,CGO
HGH,CGQ
HGH,CIF
HGH,CIH
HGH,CJU
HGH,CKG
HGH,CSX
HGH,CTU
HGH,DLC
HGH,DLU
HGH,DMK
HGH,DOH
HGH,DPS
HGH,DSN
HGH,DXB
HGH,DYG
HGH,ENH
HGH,FSZ
HGH,GYS
HGH,HAK
HGH,HDG
HGH,HET
HGH,HJJ
HGH,HKG
HGH,HKT
HGH,HLD
HGH,HLH
HGH,HRB
HGH,HUZ
HGH,HZG
HGH,ICN
HGH,INC
HGH,IQN
HGH,JGS
HGH,JHG
HGH,JJN
HGH,JZH
HGH,KIX
HGH,KMG
HGH,KOW
HGH,KUL
HGH,KWE
HGH,KWL
HGH,LJG
HGH,LUM
HGH,LYA
HGH,LYI
HGH,LZH
HGH,LZO
HGH,MEL
HGH,MFM
HGH,MIG
HGH,NNG
HGH,NNY
HGH,NRT
HGH,PEK
HGH,SGN
HGH,SHE
HGH,SWA
HGH,SYD
HGH,SYX
HGH,SZX
HGH,TAO
HGH,TPE
HGH,TSN
HGH,TYN
HGH,URC
HGH,VTE
HGH,WEF
HGH,WEH
HGH,WUH
HGH,XFN
HGH,XIY
HGH,XMN
HGH,XNN
HGH,YBP
HGH,YIH
HGH,YNT
HGH,ZAT
HGH,ZHA
HGH,ZUH
HGH,ZYI
HGH,ACX
HGH,DOY
HGH,FUO
HGH,SIN
HGH,SJW
HGH,TGO
HGH,YCU
HGH,NZH
HGH,LHW
HGH,BFJ
HGH,LLV
HGH,BPE
HGH,RIZ
HGH,LFQ
HGH,WDS
HGH,WMT
HGH,LNL
HGH,XAI
HGH,PKX
HGH,AKL
HGH,YLX
HGH,SHS
HGH,TFU
HGH,HZA
HGH,DZH
HGH,TEN
HGI,CCU
HGI,DEL
HGI,DIB
HGI,IXT
HGI,ZER
HGN,LPT
HGO,ABJ
HGO,BYK
HGR,MYR
HGR,PIE
HGR,SFB
HGU,GKA
HGU,MXH
HGU,POM
HGU,TBG
HGU,TIZ
HGU,UNG
HGU,WBM
HGU,WWK
HHH,ATL
HHH,BOS
HHH,CLT
HHH,DCA
HHH,EWR
HHH,LGA
HHH,ORD
HHH,PHL
HHN,AGA
HHN,AHO
HHN,ALC
HHN,BCN
HHN,GRO
HHN,BRI
HHN,BHX
HHN,BUD
HHN,BRS
HHN,CAG
HHN,CTA
HHN,CHQ
HHN,DUB
HHN,FAO
HHN,FEZ
HHN,IBZ
HHN,KIR
HHN,SUF
HHN,LPA
HHN,STN
HHN,AGP
HHN,MAN
HHN,RAK
HHN,BGY
HHN,NDR
HHN,PMO
HHN,PMI
HHN,PSR
HHN,OPO
HHN,FCO
HHN,SVQ
HHN,SKP
HHN,SOF
HHN,TFS
HHN,SKG
HHN,TIA
HHN,VLC
HHN,TSF
HHN,VNO
HHN,ZAD
HHN,ZAG
HHN,CLJ
HHN,RMO
HHN,INI
HHN,KUT
HHQ,CNX
HHR,CEC
HHR,MCE
HHR,MMH
HHZ,HOI
HHZ,MKP
HHZ,PPT
HIA,CAN
HIA,CGQ
HIA,CKG
HIA,CSX
HIA,DLC
HIA,DYG
HIA,FOC
HIA,HAK
HIA,HET
HIA,HRB
HIA,INC
HIA,JJN
HIA,KHN
HIA,KMG
HIA,KWE
HIA,KWL
HIA,NGB
HIA,SHE
HIA,SWA
HIA,SZX
HIA,WUH
HIA,XMN
HIA,FUO
HIA,SJW
HIA,LHW
HIA,TFU
HIB,MSP
HID,ABM
HID,BDD
HID,CNS
HID,GIC
HID,KUG
HID,MYI
HID,XMY
HID,NLF
HID,OKR
HID,SBR
HID,SYU
HIJ,CTS
HIJ,DLC
HIJ,HAN
HIJ,HND
HIJ,ICN
HIJ,NRT
HIJ,OKA
HIJ,PVG
HIJ,SDJ
HIJ,TPE
HIN,CJU
HIN,GMP
HIR,AKS
HIR,ATD
HIR,BNE
HIR,BNY
HIR,CHY
HIR,EGM
HIR,FRE
HIR,GZO
HIR,IRA
HIR,KGE
HIR,MUA
HIR,NAN
HIR,POM
HIR,RNA
HIR,VLI
HIR,NNB
HIR,RBV
HIR,RNL
HIR,SCZ
HIR,VAO
HIR,PRS
HIR,LLM
HJJ,HAK
HJJ,HGH
HJJ,KMG
HJJ,LJG
HJJ,NKG
HJJ,SYX
HJJ,SZX
HJJ,TYN
HJJ,XIY
HJJ,PKX
HJR,DEL
HJR,VNS
HKB,FAI
HKB,TKJ
HKD,CTS
HKD,HND
HKD,ITM
HKD,NGO
HKD,OIR
HKD,TPE
HKD,OKD
HKG,AMS
HKG,BCN
HKG,FRA
HKG,HEL
HKG,IST
HKG,LHR
HKG,MAD
HKG,MAN
HKG,MXP
HKG,SVO
HKG,MUC
HKG,CDG
HKG,ZRH
HKG,TLV
HKG,ADD
HKG,BKI
HKG,BKK
HKG,BLR
HKG,BNE
HKG,BOM
HKG,BOS
HKG,BWN
HKG,CAN
HKG,CEB
HKG,CGK
HKG,CGO
HKG,CGQ
HKG,CHC
HKG,CJU
HKG,CKG
HKG,CMB
HKG,CNX
HKG,CRK
HKG,CTS
HKG,CTU
HKG,DAC
HKG,DAD
HKG,DAT
HKG,DEL
HKG,DLC
HKG,DMK
HKG,DNH
HKG,DOH
HKG,DPS
HKG,DXB
HKG,DYG
HKG,EWR
HKG,FOC
HKG,FUK
HKG,HAK
HKG,HAN
HKG,HFE
HKG,HGH
HKG,HKT
HKG,HND
HKG,HRB
HKG,ICN
HKG,INC
HKG,JFK
HKG,JJN
HKG,JNB
HKG,KHH
HKG,KIX
HKG,KMG
HKG,KMJ
HKG,KOJ
HKG,KTM
HKG,KUL
HKG,LAX
HKG,LYI
HKG,MAA
HKG,MEL
HKG,MLE
HKG,MNL
HKG,NAN
HKG,NGB
HKG,NGO
HKG,NKG
HKG,NNG
HKG,NRT
HKG,OKA
HKG,ORD
HKG,PEK
HKG,PEN
HKG,PER
HKG,PNH
HKG,POM
HKG,PUS
HKG,PVG
HKG,RMQ
HKG,SDJ
HKG,SFO
HKG,SGN
HKG,SHA
HKG,SHE
HKG,SPN
HKG,SUB
HKG,SYD
HKG,SYX
HKG,TAO
HKG,TNA
HKG,TPE
HKG,TSN
HKG,TYN
HKG,URC
HKG,USM
HKG,VTE
HKG,WNZ
HKG,WUH
HKG,WUX
HKG,XIY
HKG,XMN
HKG,YIW
HKG,YVR
HKG,YYZ
HKG,NTG
HKG,PQC
HKG,SIN
HKG,TAK
HKG,TKS
HKG,LHW
HKG,PKX
HKG,AKL
HKG,UBN
HKG,TFU
HKK,CHC
HKN,KVG
HKN,LAE
HKN,POM
HKN,RAB
HKR,ASV
HKR,KIS
HKR,NYK
HKR,WIL
HKT,FRA
HKT,HEL
HKT,IST
HKT,SVO
HKT,LED
HKT,ZRH
HKT,TLV
HKT,ALA
HKT,AUH
HKT,BKK
HKT,BLR
HKT,BOM
HKT,BQS
HKT,CAN
HKT,CEI
HKT,CKG
HKT,CNX
HKT,CSX
HKT,DEL
HKT,DMK
HKT,DOH
HKT,DXB
HKT,HDY
HKT,HGH
HKT,HKG
HKT,ICN
HKT,IKA
HKT,IKT
HKT,KHV
HKT,KJA
HKT,KKC
HKT,KMG
HKT,KUL
HKT,MCT
HKT,MEL
HKT,NKG
HKT,OVB
HKT,PEK
HKT,PEN
HKT,PER
HKT,PVG
HKT,RGN
HKT,SGN
HKT,SHJ
HKT,SVX
HKT,SYD
HKT,SZX
HKT,TAS
HKT,TOF
HKT,TPE
HKT,TYN
HKT,USM
HKT,UTP
HKT,VVO
HKT,XIY
HKT,SIN
HKT,UTH
HKT,UBN
HKT,TFU
HLA,CPT
HLA,DUR
HLD,BAV
HLD,CAN
HLD,CGO
HLD,CGQ
HLD,CIF
HLD,DLC
HLD,HET
HLD,HFE
HLD,HGH
HLD,HLH
HLD,HRB
HLD,HTA
HLD,NGB
HLD,NKG
HLD,PEK
HLD,PVG
HLD,SHA
HLD,SHE
HLD,SZX
HLD,TAO
HLD,TNA
HLD,TSN
HLD,WNZ
HLD,WUH
HLD,XIL
HLD,YNT
HLD,NTG
HLD,RLK
HLD,SJW
HLD,TGO
HLD,JGD
HLD,NZL
HLD,PKX
HLD,UBN
HLE,CPT
HLE,JNB
HLE,WVB
HLH,BAV
HLH,CGQ
HLH,CIF
HLH,HET
HLH,HGH
HLH,HLD
HLH,HRB
HLH,PEK
HLH,SHE
HLH,SZX
HLH,WUH
HLH,XIL
HLH,RLK
HLH,TGO
HLH,NZH
HLH,PKX
HLN,DEN
HLN,SEA
HLN,SLC
HLP,BDO
HLP,BPN
HLP,DPS
HLP,JOG
HLP,MLG
HLP,PDG
HLP,PKU
HLP,PLM
HLP,SOC
HLP,SRG
HLP,SUB
HLP,KNO
HLP,DTB
HLP,YIA
HLP,CJN
HLZ,CHC
HLZ,WLG
HMA,SVO
HMA,VKO
HMA,AER
HMA,CEK
HMA,MRV
HMA,NJC
HMA,NYA
HMA,OMS
HMA,OVB
HMA,SGC
HMA,SVX
HMA,TJM
HMA,UFA
HMA,URJ
HMA,EYK
HMA,EZV
HMA,IRM
HMB,CAI
HMB,AHB
HMB,AUH
HMB,DMM
HMB,ELQ
HMB,JED
HMB,KWI
HMB,MED
HMB,RUH
HMB,SHJ
HMB,TUU
HME,ALG
HME,ORN
HME,CZL
HME,IAM
HME,INZ
HMI,CGO
HMI,KCA
HMI,KRL
HMI,PEK
HMI,URC
HMI,XIY
HMI,YIN
HMI,LHW
HMI,SHF
HMI,TFU
HMO,BJX
HMO,CJS
HMO,CUL
HMO,CUN
HMO,CUU
HMO,DGO
HMO,GDL
HMO,LAP
HMO,MEX
HMO,MTY
HMO,MXL
HMO,PHX
HMO,QRO
HMO,TIJ
HMO,SJD
HMO,NLU
HMS,BDJ
HMV,ARN
HMV,AJR
HMV,LYC
HNA,CTS
HNA,FUK
HNA,ITM
HNA,NKM
HNA,TPE
HNA,UKB
HND,FRA
HND,HEL
HND,IST
HND,CPH
HND,LHR
HND,MUC
HND,CDG
HND,FCO
HND,VIE
HND,AKJ
HND,AOJ
HND,ASJ
HND,ATL
HND,AXT
HND,BKK
HND,CAN
HND,CGK
HND,CNS
HND,CTS
HND,DEL
HND,DFW
HND,DLC
HND,DOH
HND,DTW
HND,DXB
HND,EWR
HND,FUK
HND,GAJ
HND,GMP
HND,GUM
HND,HAC
HND,HAN
HND,HIJ
HND,HKD
HND,HKG
HND,HNL
HND,HSG
HND,IAD
HND,IAH
HND,ICN
HND,ISG
HND,ITM
HND,IWJ
HND,IZO
HND,JFK
HND,KCZ
HND,KIX
HND,KKJ
HND,KMI
HND,KMJ
HND,KMQ
HND,KOJ
HND,KUH
HND,KUL
HND,LAX
HND,MBE
HND,MMB
HND,MMY
HND,MNL
HND,MSJ
HND,MSP
HND,MYJ
HND,NGO
HND,NGS
HND,OBO
HND,OIT
HND,OKA
HND,OKJ
HND,ONJ
HND,ORD
HND,PEK
HND,PVG
HND,SEA
HND,SFO
HND,SGN
HND,SHA
HND,SHB
HND,SHI
HND,SHM
HND,SYD
HND,SYO
HND,SZX
HND,TAO
HND,TOY
HND,TPE
HND,TSA
HND,TSN
HND,UBJ
HND,UKB
HND,WKJ
HND,YGJ
HND,YVR
HND,YYZ
HND,NTQ
HND,SIN
HND,TAK
HND,TKS
HND,UEO
HND,TTJ
HND,IWK
HND,PKX
HNH,JNU
HNL,ANC
HNL,APW
HNL,ATL
HNL,AUS
HNL,BOS
HNL,CXI
HNL,DEN
HNL,DFW
HNL,DTW
HNL,EWR
HNL,FUK
HNL,GUM
HNL,HND
HNL,IAD
HNL,IAH
HNL,ICN
HNL,ITO
HNL,JFK
HNL,JHM
HNL,KIX
HNL,KOA
HNL,LAS
HNL,LAX
HNL,LGB
HNL,LIH
HNL,LNY
HNL,LUP
HNL,MAJ
HNL,MEL
HNL,MKK
HNL,MNL
HNL,MSP
HNL,NAN
HNL,NGO
HNL,NRT
HNL,OAK
HNL,OGG
HNL,ONT
HNL,ORD
HNL,PAE
HNL,PDX
HNL,PHX
HNL,PPG
HNL,PPT
HNL,RAR
HNL,SAN
HNL,SEA
HNL,SFO
HNL,SYD
HNL,YEG
HNL,YVR
HNL,YYC
HNL,YYZ
HNL,SJC
HNL,SLC
HNL,SMF
HNL,AKL
HNM,OGG
HNS,JNU
HNS,SGY
HNY,CGO
HNY,CKG
HNY,CTU
HNY,DYG
HNY,FOC
HNY,HAK
HNY,JHG
HNY,JJN
HNY,KMG
HNY,KWE
HNY,LJG
HNY,NGB
HNY,PEK
HNY,PVG
HNY,SHA
HNY,SHE
HNY,SWA
HNY,SYX
HNY,TAO
HNY,WNZ
HNY,WUX
HNY,XIY
HNY,XMN
HNY,LHW
HNY,TFU
HOB,DEN
HOB,IAH
HOF,DXB
HOF,JED
HOG,FRA
HOG,MAN
HOG,MXP
HOG,CUN
HOG,FPO
HOG,HAV
HOG,MBJ
HOG,YHZ
HOG,YQB
HOG,YUL
HOG,YYZ
HOG,MIA
HOI,GMR
HOI,MKP
HOI,PPT
HOI,VHZ
HOI,HHZ
HOI,REA
HOM,ANC
HOM,SOV
HOR,LIS
HOR,TER
HOR,CVU
HOR,FLW
HOR,PDL
HOT,DFW
HOT,MEM
HOU,ABQ
HOU,AMA
HOU,ATL
HOU,AUS
HOU,AVL
HOU,AZA
HOU,BHM
HOU,BNA
HOU,BUR
HOU,BWI
HOU,BZE
HOU,CHS
HOU,CLT
HOU,CMH
HOU,COS
HOU,CRP
HOU,CUN
HOU,CZM
HOU,DAL
HOU,DCA
HOU,DEN
HOU,DFW
HOU,DSI
HOU,DSM
HOU,ECP
HOU,ELP
HOU,FLL
HOU,GSP
HOU,HRL
HOU,HVN
HOU,IND
HOU,JAN
HOU,JAX
HOU,LAS
HOU,LAX
HOU,LBB
HOU,LGA
HOU,LGB
HOU,LIR
HOU,LIT
HOU,MAF
HOU,MBJ
HOU,MCI
HOU,MCO
HOU,MDW
HOU,MEM
HOU,MSP
HOU,MSY
HOU,OAK
HOU,OKC
HOU,OMA
HOU,ONT
HOU,PHX
HOU,PIT
HOU,PNS
HOU,PUJ
HOU,PVR
HOU,PVU
HOU,RDU
HOU,RSW
HOU,SAN
HOU,SAT
HOU,SAV
HOU,SDF
HOU,SRQ
HOU,STL
HOU,TPA
HOU,TUL
HOU,TUS
HOU,TYS
HOU,VPS
HOU,SJC
HOU,SJD
HOU,SJO
HOU,SJU
HOU,SLC
HOU,SMF
HOU,PHL
HOU,MIA
HOV,BGO
HOV,OSL
HOV,SOG
HOX,MDL
HOX,NYW
HPA,TBU
HPB,BET
HPB,VAK
HPH,BMV
HPH,CXR
HPH,DAD
HPH,DLI
HPH,ICN
HPH,LJG
HPH,SGN
HPH,VCA
HPH,PQC
HPN,ACK
HPN,ATL
HPN,BDA
HPN,CHS
HPN,CLT
HPN,DCA
HPN,DTW
HPN,FLL
HPN,JAX
HPN,LEB
HPN,MCO
HPN,MVY
HPN,MYR
HPN,OPF
HPN,ORD
HPN,ORF
HPN,PBI
HPN,PWM
HPN,RDU
HPN,RSW
HPN,SAV
HPN,TPA
HPN,VRB
HPN,SJU
HPN,MIA
HQL,KHG
HQL,URC
HQQ,CAN
HQQ,SZX
HRB,BQS
HRB,CAN
HRB,CGO
HRB,CIF
HRB,CJU
HRB,CKG
HRB,CSX
HRB,CTU
HRB,CZX
HRB,DAT
HRB,DSN
HRB,HAK
HRB,HDG
HRB,HEK
HRB,HET
HRB,HFE
HRB,HGH
HRB,HIA
HRB,HKG
HRB,HLD
HRB,HLH
HRB,HSN
HRB,ICN
HRB,IKT
HRB,INC
HRB,JGS
HRB,KHN
HRB,KHV
HRB,KIJ
HRB,KIX
HRB,KJA
HRB,KWE
HRB,LYA
HRB,LYG
HRB,LYI
HRB,NGB
HRB,NKG
HRB,NNY
HRB,NRT
HRB,OHE
HRB,OVB
HRB,PEK
HRB,PVG
HRB,SHA
HRB,SVX
HRB,SWA
HRB,SYX
HRB,SZX
HRB,TAO
HRB,TNA
HRB,TSN
HRB,TVS
HRB,TYN
HRB,UUS
HRB,VVO
HRB,WEF
HRB,WEH
HRB,WNZ
HRB,WUH
HRB,WUX
HRB,XFN
HRB,XIL
HRB,XIY
HRB,XMN
HRB,XNN
HRB,XUZ
HRB,YIH
HRB,YKS
HRB,YNT
HRB,YNZ
HRB,YTY
HRB,ZUH
HRB,DOY
HRB,NTG
HRB,SJW
HRB,TGO
HRB,UYN
HRB,YCU
HRB,NZH
HRB,LHW
HRB,JGD
HRB,FYJ
HRB,BPE
HRB,RIZ
HRB,LFQ
HRB,WUT
HRB,NZL
HRB,SQD
HRB,JSJ
HRB,DTU
HRB,PKX
HRB,TFU
HRB,HZA
HRB,WHA
HRE,ADD
HRE,BUQ
HRE,CPT
HRE,DAR
HRE,DUR
HRE,GBE
HRE,JNB
HRE,KAB
HRE,KGL
HRE,LLW
HRE,LUN
HRE,MPM
HRE,NBO
HRE,VFA
HRE,SHO
HRF,MLE
HRG,AAR
HRG,AMS
HRG,AYT
HRG,BSL
HRG,BFS
HRG,BEG
HRG,BHX
HRG,BUD
HRG,BTS
HRG,BRS
HRG,BRQ
HRG,BRU
HRG,CAI
HRG,CGN
HRG,DRS
HRG,DUS
HRG,EDI
HRG,EIN
HRG,FRA
HRG,FDH
HRG,GVA
HRG,GLA
HRG,GOT
HRG,GRZ
HRG,HAM
HRG,HAJ
HRG,HEL
HRG,IST
HRG,SAW
HRG,KTW
HRG,CPH
HRG,LEJ
HRG,LPL
HRG,LGW
HRG,LTN
HRG,LUX
HRG,LXR
HRG,LYS
HRG,MAN
HRG,RMF
HRG,MXP
HRG,SVO
HRG,MUC
HRG,NTE
HRG,NAP
HRG,NCL
HRG,EMA
HRG,NUE
HRG,OST
HRG,OSL
HRG,ORY
HRG,POZ
HRG,PRG
HRG,SZG
HRG,SSH
HRG,SKP
HRG,LED
HRG,ARN
HRG,STR
HRG,TLL
HRG,VRN
HRG,VNO
HRG,WAW
HRG,VIE
HRG,ZRH
HRG,SJJ
HRG,CLJ
HRG,OSR
HRG,AMM
HRG,EVN
HRG,KZN
HRG,HBE
HRG,KUF
HRG,BER
HRG,BNX
HRG,JED
HRG,MED
HRG,OMS
HRG,OVB
HRG,PEE
HRG,RUH
HRG,UFA
HRL,AUS
HRL,CUN
HRL,DAL
HRL,DFW
HRL,HOU
HRL,IAH
HRL,MSP
HRO,DFW
HRO,MEM
HSA,IST
HSA,AKX
HSA,ALA
HSA,AUH
HSA,KSN
HSA,KWI
HSA,SCO
HSA,URA
HSA,NQZ
HSC,CKG
HSC,HAK
HSC,PVG
HSC,SWA
HSC,PKX
HSC,TFU
HSG,HND
HSG,ICN
HSG,PVG
HSG,TPE
HSL,FAI
HSL,GAL
HSL,HUS
HSL,TAL
HSN,CGO
HSN,CSX
HSN,DLC
HSN,FOC
HSN,FUG
HSN,HRB
HSN,JJN
HSN,JUZ
HSN,KHN
HSN,LYI
HSN,SHE
HSN,SWA
HSN,SZX
HSN,TAO
HSN,TNA
HSN,TSN
HSN,WUH
HSN,XMN
HSN,XUZ
HSN,YIH
HSN,YNT
HSN,FUO
HSN,JUH
HSN,PKX
HSN,DZH
HSR,AMD
HSR,BLR
HSR,BOM
HSR,DEL
HSR,IDR
HSR,PNQ
HSR,GOX
HSV,ATL
HSV,CLT
HSV,DCA
HSV,DEN
HSV,DFW
HSV,DTW
HSV,IAD
HSV,IAH
HSV,LAS
HSV,LAX
HSV,MCO
HSV,MSN
HSV,OKC
HSV,ORD
HSV,TPA
HSV,MIA
HTA,DME
HTA,BQS
HTA,HLD
HTA,IKT
HTA,KHV
HTA,KJA
HTA,OVB
HTA,SVX
HTA,UUS
HTA,VVO
HTA,YKS
HTA,CZR
HTG,KJA
HTG,NSK
HTI,BNE
HTI,MEL
HTI,SYD
HTN,CGO
HTN,CKG
HTN,KCA
HTN,KHG
HTN,KRL
HTN,PEK
HTN,URC
HTN,XIY
HTN,LHW
HTN,TFU
HTN,YTW
HTS,CLT
HTS,MYR
HTS,PGD
HTS,PIE
HTS,SFB
HTS,VPS
HTT,DNH
HTT,XNN
HTT,HXD
HTY,ESB
HTY,IST
HTY,SAW
HUE,MQX
HUH,BOB
HUH,MOZ
HUH,PPT
HUH,RFP
HUI,HAN
HUI,SGN
HUN,KHH
HUN,RMQ
HUN,TSA
HUO,HET
HUO,PEK
HUO,SHE
HUO,XIL
HUO,TGO
HUS,AET
HUS,FAI
HUS,HSL
HUS,TAL
HUU,LIM
HUX,DFW
HUX,GDL
HUX,MEX
HUX,MTY
HUX,ORD
HUX,YEG
HUX,YVR
HUX,YWG
HUX,YYC
HUX,YYZ
HUX,NLU
HUY,ABZ
HUY,AMS
HUY,MME
HUY,JER
HUY,NQY
HUZ,CGO
HUZ,CKG
HUZ,CSX
HUZ,FUG
HUZ,HAK
HUZ,HFE
HUZ,HGH
HUZ,KMG
HUZ,KWE
HUZ,NKG
HUZ,PEK
HUZ,PVG
HUZ,TNA
HUZ,WUH
HUZ,WUX
HUZ,XIY
HUZ,YIH
HUZ,NTG
HUZ,PKX
HUZ,TFU
HVB,BNE
HVB,MEL
HVB,SYD
HVD,UBN
HVG,TOS
HVG,HFT
HVG,MEH
HVN,ATL
HVN,BNA
HVN,BWI
HVN,CHS
HVN,DAB
HVN,FLL
HVN,GSP
HVN,HOU
HVN,IAD
HVN,ILM
HVN,LAL
HVN,MCO
HVN,MDW
HVN,MYR
HVN,PBI
HVN,RDU
HVN,RSW
HVN,SAV
HVN,SRQ
HVN,STL
HVN,TPA
HVN,TVC
HVN,TYS
HVN,VPS
HVN,SJU
HVN,USA
HVR,BIL
HWN,KAB
HWN,VFA
HXD,XNN
HXD,HTT
HYA,ACK
HYA,BOS
HYA,DCA
HYA,JFK
HYA,LGA
HYA,MVY
HYD,FRA
HYD,LHR
HYD,AMD
HYD,ATQ
HYD,AUH
HYD,BAH
HYD,BBI
HYD,BDQ
HYD,BHO
HYD,BKK
HYD,BLR
HYD,BOM
HYD,CCJ
HYD,CCU
HYD,CJB
HYD,CMB
HYD,COK
HYD,DED
HYD,DEL
HYD,DMK
HYD,DMM
HYD,DOH
HYD,DXB
HYD,GAU
HYD,GOI
HYD,GOP
HYD,GWL
HYD,HBX
HYD,IDR
HYD,ISK
HYD,IXB
HYD,IXC
HYD,IXE
HYD,IXG
HYD,IXM
HYD,IXR
HYD,IXU
HYD,IXZ
HYD,JAI
HYD,JDH
HYD,JED
HYD,JGA
HYD,JGB
HYD,JLR
HYD,KLH
HYD,KUL
HYD,KWI
HYD,LKO
HYD,MAA
HYD,MCT
HYD,MED
HYD,MLE
HYD,MYQ
HYD,NAG
HYD,NDC
HYD,PAT
HYD,PNQ
HYD,RKT
HYD,RPR
HYD,RUH
HYD,SHJ
HYD,STV
HYD,SXR
HYD,SXV
HYD,TIR
HYD,TRV
HYD,TRZ
HYD,UDR
HYD,VNS
HYD,VTZ
HYD,RJA
HYD,SIN
HYD,VGA
HYD,RDP
HYD,SAG
HYD,CNN
HYD,DBR
HYD,SDW
HYD,GDB
HYD,GOX
HYD,RQY
HYG,KTN
HYN,CAN
HYN,CKG
HYN,HAK
HYN,KMG
HYN,KWE
HYN,NNG
HYN,PEK
HYN,SWA
HYN,SZX
HYN,TAO
HYN,TNA
HYN,WUH
HYN,XIY
HYN,YIH
HYN,FUO
HYN,SJW
HYN,YYA
HYN,PKX
HYN,TFU
HYS,DEN
HZA,CAN
HZA,CGQ
HZA,CKG
HZA,CSX
HZA,DLC
HZA,FOC
HZA,HAK
HZA,HGH
HZA,HRB
HZA,PVG
HZA,SHE
HZA,SZX
HZA,WUH
HZA,XIY
HZA,XMN
HZA,YNT
HZA,TFU
HZG,CAN
HZG,HGH
HZG,KMG
HZG,KWE
HZG,NKG
HZG,PVG
HZG,SZX
HZG,URC
HZG,WNZ
HZG,NTG
HZG,UYN
HZG,PKX
IAA,KJA
IAA,KCY
IAD,AMS
IAD,ATH
IAD,BCN
IAD,BRU
IAD,CAI
IAD,CMN
IAD,DUB
IAD,EDI
IAD,FRA
IAD,GVA
IAD,IST
IAD,CPH
IAD,LIS
IAD,LHR
IAD,MAD
IAD,MUC
IAD,CDG
IAD,KEF
IAD,FCO
IAD,VIE
IAD,ZRH
IAD,TLV
IAD,AMM
IAD,ACC
IAD,ADD
IAD,ALB
IAD,ANC
IAD,ATL
IAD,AUA
IAD,AUH
IAD,AUS
IAD,AVP
IAD,BDL
IAD,BFD
IAD,BGI
IAD,BNA
IAD,BOG
IAD,BOS
IAD,BTV
IAD,BZN
IAD,CAE
IAD,CHO
IAD,CHS
IAD,CLE
IAD,CLT
IAD,CMH
IAD,CPT
IAD,CUN
IAD,CVG
IAD,DAY
IAD,DEL
IAD,DEN
IAD,DFW
IAD,DOH
IAD,DTW
IAD,DUJ
IAD,DXB
IAD,EWR
IAD,EYW
IAD,FLL
IAD,GCM
IAD,GRU
IAD,GSO
IAD,GSP
IAD,GUA
IAD,HDN
IAD,HND
IAD,HNL
IAD,HSV
IAD,HVN
IAD,IAH
IAD,ICN
IAD,IND
IAD,IPT
IAD,JAX
IAD,JED
IAD,JFK
IAD,JST
IAD,LAS
IAD,LAX
IAD,LFW
IAD,LGA
IAD,LNS
IAD,LOS
IAD,MBJ
IAD,MCI
IAD,MCO
IAD,MDT
IAD,MEX
IAD,MGW
IAD,MKE
IAD,MOB
IAD,MSN
IAD,MSP
IAD,MSY
IAD,MYR
IAD,NAS
IAD,ORD
IAD,ORF
IAD,PBI
IAD,PDX
IAD,PEK
IAD,PGD
IAD,PHX
IAD,PIT
IAD,PLS
IAD,PSP
IAD,PTY
IAD,PUJ
IAD,PVD
IAD,PWM
IAD,RDU
IAD,RIC
IAD,ROA
IAD,ROC
IAD,RSW
IAD,RUH
IAD,SAL
IAD,SAN
IAD,SAT
IAD,SAV
IAD,SCE
IAD,SDF
IAD,SEA
IAD,SFO
IAD,SRQ
IAD,STL
IAD,STT
IAD,SXM
IAD,SYR
IAD,TPA
IAD,TVC
IAD,TYS
IAD,YOW
IAD,YTZ
IAD,YUL
IAD,YVR
IAD,YYC
IAD,YYZ
IAD,SJO
IAD,SJU
IAD,SLC
IAD,SMF
IAD,PHL
IAD,MIA
IAD,BUF
IAG,PGD
IAG,PIE
IAG,SFB
IAH,AMS
IAH,FRA
IAH,IST
IAH,LHR
IAH,MAN
IAH,MUC
IAH,CDG
IAH,ABQ
IAH,ACA
IAH,AGU
IAH,AMA
IAH,ANC
IAH,ASE
IAH,ATL
IAH,AUA
IAH,AUS
IAH,BDL
IAH,BHM
IAH,BJX
IAH,BNA
IAH,BOG
IAH,BOI
IAH,BON
IAH,BOS
IAH,BRO
IAH,BTR
IAH,BWI
IAH,BZE
IAH,BZN
IAH,CHS
IAH,CLE
IAH,CLT
IAH,CMH
IAH,COS
IAH,CRP
IAH,CUN
IAH,CVG
IAH,CZM
IAH,DAL
IAH,DCA
IAH,DEN
IAH,DFW
IAH,DOH
IAH,DRO
IAH,DSM
IAH,DTW
IAH,DXB
IAH,ECP
IAH,EGE
IAH,ELP
IAH,EWR
IAH,EZE
IAH,FCA
IAH,FLL
IAH,GCM
IAH,GDL
IAH,GEO
IAH,GIG
IAH,GPT
IAH,GRR
IAH,GRU
IAH,GSP
IAH,GUA
IAH,GUC
IAH,HAV
IAH,HDN
IAH,HND
IAH,HNL
IAH,HOB
IAH,HRL
IAH,HSV
IAH,IAD
IAH,ICT
IAH,IND
IAH,JAC
IAH,JAN
IAH,JAX
IAH,JFK
IAH,LAS
IAH,LAX
IAH,LBB
IAH,LCH
IAH,LFT
IAH,LGA
IAH,LIM
IAH,LIR
IAH,LIT
IAH,LRD
IAH,MAF
IAH,MBJ
IAH,MCI
IAH,MCO
IAH,MDW
IAH,MEI
IAH,MEM
IAH,MEX
IAH,MFE
IAH,MGA
IAH,MID
IAH,MKE
IAH,MLM
IAH,MOB
IAH,MSN
IAH,MSP
IAH,MSY
IAH,MTJ
IAH,MTY
IAH,MZT
IAH,NAS
IAH,NRT
IAH,OAX
IAH,OKC
IAH,OMA
IAH,ONT
IAH,ORD
IAH,ORF
IAH,PBC
IAH,PBI
IAH,PDX
IAH,PHX
IAH,PIB
IAH,PIT
IAH,PLS
IAH,PNS
IAH,POS
IAH,PSP
IAH,PTY
IAH,PUJ
IAH,PVR
IAH,QRO
IAH,RAP
IAH,RDU
IAH,RIC
IAH,RNO
IAH,RSW
IAH,RTB
IAH,SAF
IAH,SAL
IAH,SAN
IAH,SAP
IAH,SAT
IAH,SAV
IAH,SCL
IAH,SDF
IAH,SEA
IAH,SFO
IAH,SGF
IAH,SRQ
IAH,STL
IAH,STT
IAH,SYD
IAH,TAM
IAH,TPA
IAH,TPE
IAH,TUL
IAH,TUS
IAH,TVC
IAH,TYS
IAH,UIO
IAH,VCT
IAH,VER
IAH,XNA
IAH,XPL
IAH,YUL
IAH,YVR
IAH,YYC
IAH,YYZ
IAH,ZIH
IAH,ZLO
IAH,SJC
IAH,SJD
IAH,SJO
IAH,SJU
IAH,SLC
IAH,SLP
IAH,SMF
IAH,SNA
IAH,SHV
IAH,PHL
IAH,MIA
IAH,AKL
IAH,NLU
IAH,TQO
IAL,CNF
IAM,ALG
IAM,HME
IAM,OGX
IAN,ORV
IAN,OTZ
IAO,CEB
IAO,DVO
IAO,MNL
IAR,LED
IAR,KZN
IAR,KUF
IAR,AER
IAR,PEE
IAR,UFA
IAS,BCN
IAS,BSL
IAS,BLL
IAS,BLQ
IAS,CRL
IAS,OTP
IAS,CTA
IAS,DTM
IAS,DUB
IAS,EIN
IAS,HER
IAS,IST
IAS,CPH
IAS,LCA
IAS,LPL
IAS,LTN
IAS,MAD
IAS,BGY
IAS,BVA
IAS,CIA
IAS,FCO
IAS,TRN
IAS,VCE
IAS,VIE
IAS,FMM
IAS,TLV
IAS,BER
IBA,ABV
IBA,LOS
IBE,BOG
IBE,EOH
IBR,CTS
IBR,FUK
IBR,OKA
IBR,TPE
IBR,UKB
IBZ,ALC
IBZ,AMS
IBZ,ANR
IBZ,ATH
IBZ,BCN
IBZ,BRI
IBZ,BSL
IBZ,BFS
IBZ,BIO
IBZ,BHX
IBZ,BLQ
IBZ,BOD
IBZ,BOH
IBZ,BRS
IBZ,BRU
IBZ,CRL
IBZ,CGN
IBZ,DUB
IBZ,DUS
IBZ,EDI
IBZ,EIN
IBZ,FRA
IBZ,HHN
IBZ,GVA
IBZ,GLA
IBZ,HAM
IBZ,HAJ
IBZ,CPH
IBZ,LPA
IBZ,LBA
IBZ,LIS
IBZ,LPL
IBZ,LCY
IBZ,LGW
IBZ,LHR
IBZ,LTN
IBZ,STN
IBZ,LUX
IBZ,LYS
IBZ,MAD
IBZ,MAH
IBZ,AGP
IBZ,MLA
IBZ,MAN
IBZ,MRS
IBZ,BGY
IBZ,LIN
IBZ,MXP
IBZ,MUC
IBZ,NTE
IBZ,NAP
IBZ,NCL
IBZ,NCE
IBZ,NRN
IBZ,EMA
IBZ,OST
IBZ,OSL
IBZ,OVD
IBZ,PMI
IBZ,BVA
IBZ,CDG
IBZ,ORY
IBZ,PSA
IBZ,OPO
IBZ,FCO
IBZ,RTM
IBZ,SZG
IBZ,SDR
IBZ,SCQ
IBZ,SVQ
IBZ,ARN
IBZ,STR
IBZ,TLS
IBZ,TRN
IBZ,VLC
IBZ,TSF
IBZ,VCE
IBZ,VRN
IBZ,VGO
IBZ,VIE
IBZ,ZRH
IBZ,LEN
IBZ,BZO
IBZ,ILD
IBZ,BER
ICI,SUV
ICN,AMS
ICN,ATH
ICN,BCN
ICN,BUD
ICN,FRA
ICN,HEL
ICN,IST
ICN,LIS
ICN,LHR
ICN,MAD
ICN,MXP
ICN,MUC
ICN,CDG
ICN,PRG
ICN,FCO
ICN,VCE
ICN,WAW
ICN,VIE
ICN,WRO
ICN,ZAG
ICN,ZRH
ICN,ADD
ICN,AKJ
ICN,ALA
ICN,AOJ
ICN,ATL
ICN,AUH
ICN,BKI
ICN,BKK
ICN,BNE
ICN,BOS
ICN,BWN
ICN,CAN
ICN,CEB
ICN,CGK
ICN,CGO
ICN,CGQ
ICN,CKG
ICN,CMB
ICN,CNX
ICN,CRK
ICN,CSX
ICN,CTS
ICN,CXR
ICN,DAD
ICN,DEL
ICN,DFW
ICN,DLC
ICN,DLI
ICN,DOH
ICN,DPS
ICN,DSN
ICN,DTW
ICN,DXB
ICN,DYG
ICN,EWR
ICN,FOC
ICN,FRU
ICN,FSZ
ICN,FUK
ICN,GUM
ICN,HAK
ICN,HAN
ICN,HGH
ICN,HIJ
ICN,HKG
ICN,HKT
ICN,HND
ICN,HNL
ICN,HPH
ICN,HRB
ICN,HSG
ICN,IAD
ICN,JFK
ICN,JMU
ICN,KHH
ICN,KIJ
ICN,KIX
ICN,KKJ
ICN,KLO
ICN,KMG
ICN,KMI
ICN,KMJ
ICN,KMQ
ICN,KOJ
ICN,KTM
ICN,KUL
ICN,LAS
ICN,LAX
ICN,MDG
ICN,MEL
ICN,MEX
ICN,MFM
ICN,MNL
ICN,MSP
ICN,MTY
ICN,MYJ
ICN,NGB
ICN,NGO
ICN,NKG
ICN,NRT
ICN,OIT
ICN,OKA
ICN,OKJ
ICN,ORD
ICN,PEK
ICN,PNH
ICN,PUS
ICN,PVG
ICN,RGN
ICN,RMQ
ICN,RUH
ICN,SDJ
ICN,SEA
ICN,SFO
ICN,SGN
ICN,SHE
ICN,SHI
ICN,SPN
ICN,SYD
ICN,SYX
ICN,SZX
ICN,TAE
ICN,TAG
ICN,TAO
ICN,TAS
ICN,TNA
ICN,TPE
ICN,TSN
ICN,VTE
ICN,WEH
ICN,WNZ
ICN,WUH
ICN,WUX
ICN,XIY
ICN,XMN
ICN,YGJ
ICN,YNJ
ICN,YNT
ICN,YNZ
ICN,YTY
ICN,YUL
ICN,YVR
ICN,YYC
ICN,YYZ
ICN,PQC
ICN,SIN
ICN,SJW
ICN,TAK
ICN,PKX
ICN,AKL
ICN,UBN
ICN,TFU
ICN,NQZ
ICT,ATL
ICT,AZA
ICT,DCA
ICT,DEN
ICT,DFW
ICT,IAH
ICT,LAS
ICT,LAX
ICT,MSP
ICT,ORD
ICT,PHX
ICT,PIE
ICT,SEA
ICT,SFB
ICT,STL
ICT,VPS
ICT,MIA
IDA,AZA
IDA,DEN
IDA,DFW
IDA,LAS
IDA,OAK
IDA,PDX
IDA,PHX
IDA,SEA
IDA,SLC
IDA,SNA
IDR,AMD
IDR,BLR
IDR,BOM
IDR,CCU
IDR,DEL
IDR,DXB
IDR,GOI
IDR,GWL
IDR,HYD
IDR,ISK
IDR,IXC
IDR,IXJ
IDR,JAI
IDR,JDH
IDR,JLR
IDR,LKO
IDR,MAA
IDR,NAG
IDR,PNQ
IDR,RPR
IDR,SHJ
IDR,STV
IDR,UDR
IDR,VNS
IDR,SAG
IDR,HSR
IEG,WAW
IFJ,RKV
IFN,IST
IFN,ABD
IFN,DOH
IFN,DXB
IFN,KIH
IFN,KWI
IFN,MHD
IFN,NJF
IFN,SRY
IFN,THR
IFN,PGU
IFU,MLE
IGA,MYG
IGA,NAS
IGD,ESB
IGD,IST
IGD,SAW
IGR,AEP
IGR,COR
IGR,EZE
IGR,JUJ
IGR,ROS
IGR,TUC
IGR,SLA
IGT,LED
IGT,KUF
IGT,AER
IGT,TJM
IGU,CGH
IGU,CNF
IGU,CWB
IGU,FLN
IGU,GIG
IGU,GRU
IGU,MCZ
IGU,POA
IGU,REC
IGU,SCL
IGU,VCP
IHR,THR
IHR,JYR
IIL,MHD
IIL,THR
IJK,KGD
IJK,DME
IJK,SVO
IJK,LED
IJK,AER
IJK,MCX
IJK,MRV
IJK,OVB
IJK,SVX
IKA,ESB
IKA,CGN
IKA,FRA
IKA,HAM
IKA,IST
IKA,SAW
IKA,ADB
IKA,LHR
IKA,MXP
IKA,SVO
IKA,VKO
IKA,CDG
IKA,FCO
IKA,LED
IKA,TBS
IKA,VIE
IKA,BEY
IKA,ASR
IKA,EVN
IKA,EBL
IKA,GZP
IKA,AUH
IKA,GYD
IKA,BGW
IKA,BOM
IKA,CAN
IKA,DEL
IKA,DMK
IKA,DOH
IKA,DXB
IKA,DYU
IKA,HKT
IKA,ISU
IKA,KBL
IKA,KHI
IKA,KWI
IKA,LHE
IKA,MCT
IKA,MZR
IKA,NJF
IKA,PEK
IKA,PVG
IKA,SHJ
IKA,SZX
IKA,URC
IKA,PKX
IKA,KIK
IKE,UMD
IKE,SAE
IKI,NGS
IKS,YKS
IKT,AYT
IKT,DME
IKT,SVO
IKT,VKO
IKT,LED
IKT,KZN
IKT,AER
IKT,ALA
IKT,BAX
IKT,BKK
IKT,BQS
IKT,BTK
IKT,FEG
IKT,GDX
IKT,HAN
IKT,HKT
IKT,HRB
IKT,HTA
IKT,KHV
IKT,KJA
IKT,KYZ
IKT,MJZ
IKT,OMS
IKT,OSS
IKT,OVB
IKT,PEK
IKT,PKC
IKT,SVX
IKT,TAS
IKT,TYD
IKT,UFA
IKT,UKX
IKT,UUD
IKT,UUS
IKT,VVO
IKT,YKS
IKT,NER
IKT,NMA
IKT,ODO
IKT,PYJ
IKT,SKD
IKT,NZH
IKT,ULK
IKT,ERG
IKT,KCK
IKT,OLZ
IKT,TLK
IKT,PKX
IKT,UBN
IKT,TKM
IKT,NZG
IKT,CZR
IKU,OVB
ILD,IBZ
ILD,MAH
ILD,PMI
ILG,FLL
ILG,ILM
ILG,MCO
ILG,MYR
ILG,RSW
ILG,TPA
ILG,SJU
ILI,KNK
ILI,NNL
ILI,PDB
ILI,PTA
ILM,ATL
ILM,BOS
ILM,BWI
ILM,CLT
ILM,DCA
ILM,DFW
ILM,EWR
ILM,FLL
ILM,HVN
ILM,ILG
ILM,LGA
ILM,MCO
ILM,MSP
ILM,ORD
ILM,TPA
ILM,PHL
ILM,MIA
ILO,CEB
ILO,CGY
ILO,DVO
ILO,GES
ILO,MNL
ILO,PPS
ILP,GEA
ILQ,LIM
ILR,ABV
ILR,LOS
ILY,GLA
IMF,AJL
IMF,CCU
IMF,DEL
IMF,DIB
IMF,DMU
IMF,GAU
IMF,IXA
IMF,IXS
IMF,SHL
IMK,KEP
IMP,BSB
IMP,CNF
IMP,GRU
IMP,SLZ
IMT,DTW
IMT,MSP
INB,BZE
INB,DGA
INB,PLJ
INC,AKU
INC,CAN
INC,CGO
INC,CGQ
INC,CKG
INC,CSX
INC,CTU
INC,CZX
INC,DLC
INC,DSN
INC,DXB
INC,ENH
INC,ENY
INC,FOC
INC,FUG
INC,GYS
INC,HAK
INC,HET
INC,HFE
INC,HGH
INC,HIA
INC,HKG
INC,HRB
INC,JGN
INC,JNG
INC,KHN
INC,KMG
INC,KWE
INC,KWL
INC,LYI
INC,NGB
INC,NKG
INC,NNG
INC,PEK
INC,PVG
INC,SHA
INC,SHE
INC,SZX
INC,TAO
INC,TNA
INC,TSN
INC,TYN
INC,URC
INC,WUH
INC,XFN
INC,XIY
INC,XMN
INC,XNN
INC,XUZ
INC,YIH
INC,YIW
INC,YNT
INC,YTY
INC,NTG
INC,SJW
INC,YCU
INC,GYU
INC,WMT
INC,PKX
INC,TFU
INC,DZH
IND,ATL
IND,AUS
IND,BOS
IND,BWI
IND,CHS
IND,CLT
IND,CUN
IND,DAL
IND,DCA
IND,DEN
IND,DFW
IND,DTW
IND,ECP
IND,EWR
IND,EYW
IND,FLL
IND,HOU
IND,IAD
IND,IAH
IND,JAX
IND,JFK
IND,LAS
IND,LAX
IND,LGA
IND,MCI
IND,MCO
IND,MSP
IND,MSY
IND,MYR
IND,ORD
IND,PGD
IND,PHX
IND,PIE
IND,RDU
IND,RSW
IND,SAN
IND,SAV
IND,SEA
IND,SFB
IND,SFO
IND,SRQ
IND,TPA
IND,VPS
IND,YYZ
IND,SLC
IND,PHL
IND,MIA
INF,TMR
INH,JNB
INH,MPM
INH,VNX
INI,ATH
INI,BSL
INI,BEG
INI,CGN
INI,CFU
INI,HHN
INI,IST
INI,LJU
INI,MLA
INI,ARN
INI,VIE
INI,TIV
INI,FMM
INL,MSP
INN,AMS
INN,ANR
INN,ATH
INN,BHX
INN,BRS
INN,BRU
INN,EDI
INN,EIN
INN,FRA
INN,HAM
INN,HEL
INN,HER
INN,KGS
INN,LGW
INN,LHR
INN,LTN
INN,MAN
INN,PMI
INN,KEF
INN,RHO
INN,RTM
INN,ARN
INN,VIE
INN,BER
INU,BNE
INU,NAN
INU,TRW
INV,AMS
INV,BHD
INV,BRS
INV,LGW
INV,LHR
INV,LTN
INV,MAN
INV,SYY
INV,KOI
INZ,ALG
INZ,AZR
INZ,HME
INZ,TMR
IOA,ATH
IOM,BHD
IOM,BFS
IOM,BHX
IOM,BRS
IOM,DUB
IOM,EDI
IOM,LPL
IOM,LCY
IOM,LGW
IOM,LHR
IOM,MAN
IOM,SGD
IOQ,AGM
IOS,CGH
IOS,CNF
IOS,GRU
IOS,SSA
IOS,VCP
IPA,DLY
IPA,VLI
IPA,TAH
IPC,SCL
IPH,JHB
IPH,SIN
IPI,BOG
IPI,CLO
IPI,PUU
IPL,LAX
IPL,PHX
IPN,CGH
IPN,CNF
IPT,IAD
IQM,KCA
IQM,KRL
IQM,YIN
IQM,SHF
IQM,RQA
IQM,YTW
IQN,CKG
IQN,HGH
IQN,KWE
IQN,PVG
IQN,SZX
IQN,TNA
IQN,TSN
IQN,URC
IQN,LHW
IQN,PKX
IQN,TFU
IQQ,CCP
IQQ,LSC
IQQ,SCL
IQT,LIM
IQT,PCL
IQT,TPP
IRA,HIR
IRG,AUU
IRG,CNS
IRI,DAR
IRI,SEU
IRJ,AEP
IRJ,CTC
IRJ,EZE
IRK,ORD
IRM,HMA
IRM,TJM
IRZ,CIZ
IRZ,TFF
ISA,BNE
ISA,BQL
ISA,CNJ
ISA,CNS
ISA,DMD
ISA,JCK
ISA,TSV
ISB,IST
ISB,LGW
ISB,LHR
ISB,DAM
ISB,AAN
ISB,AUH
ISB,BAH
ISB,BGW
ISB,BKK
ISB,CAN
ISB,CJL
ISB,DMM
ISB,DOH
ISB,DXB
ISB,ELQ
ISB,FRU
ISB,GIL
ISB,JED
ISB,KBL
ISB,KDU
ISB,KHG
ISB,KHI
ISB,KUL
ISB,KWI
ISB,MCT
ISB,MED
ISB,MZR
ISB,NJF
ISB,PEK
ISB,RKT
ISB,RUH
ISB,SHJ
ISB,UET
ISB,URC
ISB,YYZ
ISB,SKZ
ISC,EXT
ISC,NQY
ISC,LEQ
ISE,IST
ISG,FUK
ISG,HND
ISG,ITM
ISG,KIX
ISG,NGO
ISG,NRT
ISG,OKA
ISG,TPE
ISK,AMD
ISK,DEL
ISK,HYD
ISK,IDR
ISK,NAG
ISK,GOX
ISP,ATL
ISP,BWI
ISP,CHS
ISP,FLL
ISP,MCO
ISP,MYR
ISP,ORF
ISP,PBI
ISP,PWM
ISP,RDU
ISP,RIC
ISP,RSW
ISP,TPA
ISP,VRB
ISP,MIA
IST,AMS
IST,ESB
IST,AYT
IST,ATH
IST,BCN
IST,BRI
IST,BSL
IST,BEG
IST,BIO
IST,BLL
IST,BHX
IST,BJV
IST,BUD
IST,BLQ
IST,BOD
IST,BRE
IST,BRU
IST,OTP
IST,CAI
IST,CMN
IST,CTA
IST,CGN
IST,CND
IST,DLM
IST,DUB
IST,DBV
IST,DUS
IST,EDI
IST,FEZ
IST,FRA
IST,GVA
IST,GOT
IST,HAM
IST,HAJ
IST,HEL
IST,HRG
IST,ADB
IST,CPH
IST,KRK
IST,LEJ
IST,LIS
IST,LJU
IST,LGW
IST,LHR
IST,LTN
IST,LUX
IST,LYS
IST,MAD
IST,AGP
IST,MLA
IST,MAN
IST,RAK
IST,MRS
IST,MXP
IST,MSQ
IST,MPL
IST,DME
IST,SVO
IST,VKO
IST,MUC
IST,NTE
IST,NAP
IST,NCE
IST,NUE
IST,OSL
IST,PMO
IST,CDG
IST,ORY
IST,OPO
IST,PRG
IST,PRN
IST,RIX
IST,FCO
IST,RVN
IST,SZG
IST,SSH
IST,SKP
IST,SOF
IST,SPU
IST,LED
IST,ARN
IST,STR
IST,TLL
IST,TNG
IST,TBS
IST,SKG
IST,TIA
IST,TLS
IST,TUN
IST,TRN
IST,VLC
IST,VAR
IST,VCE
IST,VNO
IST,WAW
IST,VIE
IST,ZAG
IST,ZRH
IST,TIV
IST,SJJ
IST,CLJ
IST,RMO
IST,SXB
IST,BEY
IST,ADA
IST,ASR
IST,KYA
IST,ALG
IST,AMM
IST,TGD
IST,IAS
IST,EVN
IST,EBL
IST,AQJ
IST,KZN
IST,GOJ
IST,HBE
IST,KUF
IST,AER
IST,RBA
IST,INI
IST,ORN
IST,GZP
IST,AAE
IST,ABJ
IST,ABV
IST,ACC
IST,ADD
IST,ADF
IST,AJI
IST,AKX
IST,ALA
IST,ASB
IST,ASM
IST,ATL
IST,AUH
IST,BAH
IST,GYD
IST,BAL
IST,BEN
IST,BER
IST,BGW
IST,BHK
IST,BJL
IST,BKK
IST,BKO
IST,BOG
IST,BOM
IST,BOS
IST,BSR
IST,BUS
IST,CAN
IST,CCS
IST,CGK
IST,CIT
IST,CMB
IST,COO
IST,CPT
IST,CUN
IST,CZL
IST,DAC
IST,DAR
IST,DEB
IST,DEL
IST,DEN
IST,DFW
IST,DIY
IST,DLA
IST,DMM
IST,DNZ
IST,DOH
IST,DPS
IST,DTW
IST,DXB
IST,DYU
IST,EBB
IST,EDO
IST,ERC
IST,ERZ
IST,EWR
IST,EZS
IST,FEG
IST,FIH
IST,FRU
IST,GNY
IST,GRU
IST,GRV
IST,GUW
IST,GZT
IST,HAN
IST,HAV
IST,HKG
IST,HKT
IST,HND
IST,HTY
IST,IAD
IST,IAH
IST,ICN
IST,IFN
IST,IKA
IST,ISB
IST,ISE
IST,JED
IST,JFK
IST,JIB
IST,JNB
IST,JRO
IST,JUB
IST,KBL
IST,KCM
IST,KFS
IST,KGL
IST,KHI
IST,KIX
IST,KSQ
IST,KSY
IST,KTM
IST,KUL
IST,KWI
IST,LAD
IST,LAX
IST,LBV
IST,LHE
IST,LOS
IST,MCT
IST,MCX
IST,MED
IST,MEX
IST,MGQ
IST,MHD
IST,MJI
IST,MLE
IST,MLX
IST,MNL
IST,MQM
IST,MRA
IST,MRU
IST,MRV
IST,MSR
IST,MZH
IST,MZR
IST,NAV
IST,NBO
IST,NCU
IST,NDJ
IST,NIM
IST,NJF
IST,NKC
IST,NRT
IST,NSI
IST,ONQ
IST,ORD
IST,OUA
IST,OVB
IST,PEK
IST,PNR
IST,PTY
IST,PVG
IST,RUH
IST,SCO
IST,SEA
IST,SEZ
IST,SFO
IST,SGN
IST,SHJ
IST,SVX
IST,SXZ
IST,SYZ
IST,SZF
IST,TAS
IST,TBZ
IST,TIF
IST,TJK
IST,TPE
IST,TZX
IST,UFA
IST,VAN
IST,VAS
IST,YUL
IST,YVR
IST,YYZ
IST,ZNZ
IST,ECN
IST,NAJ
IST,NMA
IST,PZU
IST,NOP
IST,SIN
IST,SKD
IST,UGC
IST,IGD
IST,KZR
IST,BGG
IST,NKT
IST,OGU
IST,YKO
IST,ZIA
IST,DSS
IST,PKX
IST,MIA
IST,KVO
IST,UBN
IST,HSA
IST,TFU
IST,GNJ
IST,RZV
IST,KIK
IST,NQZ
IST,GHV
ISU,CAI
ISU,BEY
ISU,AMM
ISU,BGW
ISU,BSR
ISU,DOH
ISU,DXB
ISU,IKA
ISU,JED
ISU,MED
ITB,MAO
ITH,EWR
ITH,JFK
ITM,AKJ
ITM,AOJ
ITM,ASJ
ITM,AXT
ITM,CTS
ITM,FKS
ITM,FUK
ITM,GAJ
ITM,HKD
ITM,HNA
ITM,HND
ITM,ISG
ITM,IWJ
ITM,IZO
ITM,KCZ
ITM,KIJ
ITM,KMI
ITM,KMJ
ITM,KOJ
ITM,KUH
ITM,KUM
ITM,MMB
ITM,MMJ
ITM,MSJ
ITM,MYJ
ITM,NGS
ITM,NRT
ITM,OIT
ITM,OKA
ITM,SDJ
ITM,OKI
ITM,TKN
ITM,TNE
ITM,TJH
ITO,HNL
ITO,OGG
ITU,UUS
IUE,AKL
IUI,JUV
IUI,TQA
IVC,CHC
IVC,WLG
IVC,AKL
IVL,AMS
IVL,DUS
IVL,FRA
IVL,HEL
IVL,KKN
IVL,KTT
IVL,ORY
IVL,VIE
IVL,ZRH
IVR,BNE
IVR,NAA
IWA,KGD
IWA,LED
IWA,AER
IWA,MCX
IWD,MSP
IWD,ORD
IWJ,HND
IWJ,ITM
IWK,HND
IWK,OKA
IXA,BLR
IXA,CCU
IXA,DEL
IXA,GAU
IXA,IMF
IXB,AMD
IXB,BKK
IXB,BLR
IXB,BOM
IXB,CCU
IXB,DEL
IXB,DIB
IXB,GAU
IXB,HYD
IXB,MAA
IXB,PBH
IXC,AMD
IXC,AUH
IXC,BLR
IXC,BOM
IXC,CCU
IXC,DEL
IXC,DHM
IXC,DXB
IXC,GOI
IXC,HYD
IXC,IDR
IXC,IXJ
IXC,IXL
IXC,JAI
IXC,LKO
IXC,MAA
IXC,PAT
IXC,PNQ
IXC,SXR
IXC,GOX
IXD,BBI
IXD,BHO
IXD,BLR
IXD,BOM
IXD,DED
IXD,DEL
IXD,LKO
IXD,PAB
IXD,RPR
IXE,AUH
IXE,BAH
IXE,BLR
IXE,BOM
IXE,DEL
IXE,DMM
IXE,DOH
IXE,DXB
IXE,HYD
IXE,JED
IXE,KWI
IXE,MAA
IXE,MCT
IXE,PNQ
IXE,TRZ
IXE,CNN
IXG,AMD
IXG,BLR
IXG,BOM
IXG,DEL
IXG,HYD
IXG,JAI
IXG,JDH
IXG,NAG
IXG,STV
IXG,TIR
IXI,CCU
IXI,GAU
IXI,SHL
IXI,TEZ
IXJ,AMD
IXJ,BOM
IXJ,CCU
IXJ,DEL
IXJ,IDR
IXJ,IXC
IXJ,IXL
IXJ,SXR
IXL,BOM
IXL,DEL
IXL,IXC
IXL,IXJ
IXL,SXR
IXM,BLR
IXM,BOM
IXM,CMB
IXM,DEL
IXM,DXB
IXM,HYD
IXM,MAA
IXM,SIN
IXR,AMD
IXR,BBI
IXR,BLR
IXR,BOM
IXR,CCU
IXR,DEL
IXR,HYD
IXR,MAA
IXR,PAT
IXR,PNQ
IXR,DGH
IXR,GOX
IXS,CCU
IXS,GAU
IXS,IMF
IXT,GAU
IXT,HGI
IXU,AMD
IXU,BLR
IXU,BOM
IXU,DEL
IXU,HYD
IXU,NAG
IXU,GOX
IXW,BBI
IXW,CCU
IXY,BOM
IXY,DEL
IXZ,BLR
IXZ,BOM
IXZ,CCU
IXZ,DEL
IXZ,HYD
IXZ,MAA
IXZ,VTZ
IZA,CGH
IZA,CNF
IZA,GRU
IZA,VCP
IZO,CTS
IZO,FSZ
IZO,FUK
IZO,HND
IZO,ITM
IZO,NGO
IZO,NKM
IZO,OKI
JAC,ATL
JAC,CLT
JAC,DEN
JAC,DFW
JAC,EWR
JAC,IAH
JAC,LAX
JAC,ORD
JAC,SAN
JAC,SEA
JAC,SFO
JAC,SLC
JAE,LIM
JAF,MAA
JAI,AGR
JAI,AMD
JAI,AUH
JAI,BHO
JAI,BLR
JAI,BOM
JAI,CCU
JAI,DED
JAI,DEL
JAI,DMK
JAI,DXB
JAI,GAU
JAI,HYD
JAI,IDR
JAI,IXC
JAI,IXG
JAI,JDH
JAI,JSA
JAI,KUL
JAI,LKO
JAI,MAA
JAI,MCT
JAI,PNQ
JAI,SHJ
JAI,STV
JAI,UDR
JAI,PGH
JAI,GOX
JAN,ATL
JAN,BWI
JAN,CLT
JAN,DCA
JAN,DFW
JAN,HOU
JAN,IAH
JAN,MCO
JAU,LIM
JAV,KEF
JAV,GOH
JAV,JCH
JAV,JEG
JAV,JGO
JAV,JHS
JAV,JQA
JAV,JUV
JAV,SFJ
JAV,UMD
JAV,NAQ
JAV,PQT
JAV,XIQ
JAW,REC
JAX,ATL
JAX,BDL
JAX,BLV
JAX,BNA
JAX,BOS
JAX,BWI
JAX,CLE
JAX,CLT
JAX,CMH
JAX,CVG
JAX,DAL
JAX,DCA
JAX,DEN
JAX,DFW
JAX,DTW
JAX,EWR
JAX,FLL
JAX,FNT
JAX,HOU
JAX,HPN
JAX,IAD
JAX,IAH
JAX,IND
JAX,JFK
JAX,LAS
JAX,LAX
JAX,LGA
JAX,MDT
JAX,MDW
JAX,MSP
JAX,MSY
JAX,ORD
JAX,ORF
JAX,PHX
JAX,PIT
JAX,PVD
JAX,RDU
JAX,RIC
JAX,SAN
JAX,STL
JAX,TYS
JAX,SJU
JAX,PHL
JAX,MIA
JBQ,AUA
JBQ,CUR
JBQ,PAP
JBQ,SXM
JBR,BNA
JBR,STL
JCH,JAV
JCH,JEG
JCH,QJI
JCH,XIQ
JCK,ISA
JCK,RCM
JCL,HER
JCS,FOR
JCS,QIG
JCU,AGP
JDH,AMD
JDH,BLR
JDH,BOM
JDH,DEL
JDH,HYD
JDH,IDR
JDH,IXG
JDH,JAI
JDH,PNQ
JDO,BSB
JDO,FOR
JDO,GRU
JDO,PNZ
JDO,REC
JDO,VCP
JDZ,CAN
JDZ,HAK
JDZ,KMG
JDZ,NGB
JDZ,PEK
JDZ,SHA
JDZ,SZX
JDZ,TAO
JDZ,TSN
JDZ,XIY
JDZ,XMN
JDZ,PKX
JDZ,TFU
JED,AMS
JED,ESB
JED,AYT
JED,ATH
JED,BCN
JED,BHX
JED,BUD
JED,BRU
JED,OTP
JED,CAI
JED,CMN
JED,CGN
JED,FRA
JED,GVA
JED,HRG
JED,IST
JED,SAW
JED,ADB
JED,LGW
JED,LHR
JED,LXR
JED,MAD
JED,MAN
JED,MRS
JED,MXP
JED,DME
JED,MUC
JED,CDG
JED,FCO
JED,SSH
JED,TBS
JED,TUN
JED,VIE
JED,SJJ
JED,BEY
JED,ALG
JED,AMM
JED,EBL
JED,KZN
JED,HBE
JED,RBA
JED,ORN
JED,AAE
JED,AAY
JED,ABT
JED,ABV
JED,ADD
JED,ADE
JED,AHB
JED,AJF
JED,ALA
JED,AMD
JED,AQI
JED,ASB
JED,ASM
JED,ASW
JED,ATZ
JED,AUH
JED,BAH
JED,GYD
JED,BER
JED,BGF
JED,BGW
JED,BHH
JED,BKK
JED,BLR
JED,BOM
JED,BSA
JED,BSR
JED,BTH
JED,BUS
JED,BWN
JED,CAN
JED,CCJ
JED,CGK
JED,CGP
JED,CIT
JED,CMB
JED,COK
JED,CZL
JED,DAC
JED,DAR
JED,DEL
JED,DMM
JED,DOH
JED,DWD
JED,DXB
JED,EAM
JED,ELQ
JED,ELU
JED,FRU
JED,GHA
JED,GXF
JED,HAS
JED,HEA
JED,HGA
JED,HOF
JED,HYD
JED,IAD
JED,ISB
JED,ISU
JED,IXE
JED,JFK
JED,JIB
JED,KAN
JED,KBL
JED,KDH
JED,KHI
JED,KUL
JED,KWI
JED,LAX
JED,LHE
JED,LKO
JED,MCT
JED,MCX
JED,MED
JED,MGQ
JED,MJI
JED,MLE
JED,MNL
JED,MRU
JED,MUX
JED,MZR
JED,NBO
JED,NJF
JED,NSI
JED,OSS
JED,PDG
JED,PEW
JED,PLM
JED,RUH
JED,SAH
JED,SHJ
JED,SOC
JED,SUB
JED,TAS
JED,TIF
JED,TUU
JED,TZX
JED,UET
JED,UPG
JED,YNB
JED,YYZ
JED,ZYL
JED,HMB
JED,NMA
JED,OGX
JED,PZU
JED,RAE
JED,RAH
JED,RIY
JED,SHW
JED,SIN
JED,SKT
JED,SLL
JED,ULH
JED,URY
JED,WAE
JED,GIZ
JED,KNO
JED,GGR
JED,DSS
JED,KJT
JED,PKX
JED,CNN
JED,NUM
JED,KIK
JED,SPX
JED,RSI
JEG,GOH
JEG,JAV
JEG,JCH
JEG,JGO
JEG,SFJ
JEG,QCU
JEG,QFI
JEG,QGQ
JEG,QJE
JEG,QPW
JEK,LUN
JEK,MFU
JEK,RYL
JER,BFS
JER,BHX
JER,BRS
JER,DUB
JER,MME
JER,DUS
JER,EDI
JER,EXT
JER,GLA
JER,GCI
JER,HUY
JER,LBA
JER,LPL
JER,LGW
JER,LHR
JER,LTN
JER,MAN
JER,MUC
JER,NCL
JER,NWI
JER,EMA
JER,SOU
JER,ZRH
JFK,AMS
JFK,ATH
JFK,BCN
JFK,BEG
JFK,BRU
JFK,OTP
JFK,CAI
JFK,CMN
JFK,DUB
JFK,DUS
JFK,EDI
JFK,FRA
JFK,FNC
JFK,GVA
JFK,HEL
JFK,IST
JFK,CPH
JFK,LIS
JFK,LGW
JFK,LHR
JFK,MAD
JFK,MAN
JFK,MXP
JFK,MUC
JFK,NAP
JFK,NCE
JFK,OSL
JFK,PMO
JFK,CDG
JFK,OPO
JFK,PRG
JFK,KEF
JFK,FCO
JFK,SNN
JFK,ARN
JFK,VCE
JFK,WAW
JFK,VIE
JFK,ZRH
JFK,TLV
JFK,TER
JFK,AMM
JFK,ABJ
JFK,ABQ
JFK,ACC
JFK,ACK
JFK,ANC
JFK,ANU
JFK,ATL
JFK,AUA
JFK,AUH
JFK,AUS
JFK,BDA
JFK,BER
JFK,BGI
JFK,BGR
JFK,BNA
JFK,BOG
JFK,BOM
JFK,BON
JFK,BOS
JFK,BQN
JFK,BTV
JFK,BUR
JFK,BWI
JFK,BZE
JFK,BZN
JFK,CAN
JFK,CHS
JFK,CLE
JFK,CLO
JFK,CLT
JFK,CMH
JFK,CTG
JFK,CUN
JFK,CUR
JFK,CVG
JFK,DCA
JFK,DEL
JFK,DEN
JFK,DFW
JFK,DOH
JFK,DTW
JFK,DXB
JFK,EGE
JFK,EZE
JFK,FLL
JFK,FOC
JFK,GCM
JFK,GDL
JFK,GEO
JFK,GIG
JFK,GND
JFK,GRU
JFK,GUA
JFK,GYE
JFK,HKG
JFK,HND
JFK,HNL
JFK,HYA
JFK,IAD
JFK,IAH
JFK,ICN
JFK,IND
JFK,ITH
JFK,JAX
JFK,JED
JFK,KIN
JFK,KWI
JFK,LAS
JFK,LAX
JFK,LIM
JFK,LIR
JFK,LOS
JFK,MBJ
JFK,MCI
JFK,MCO
JFK,MDE
JFK,MEX
JFK,MKE
JFK,MNL
JFK,MSP
JFK,MSY
JFK,MVY
JFK,NAS
JFK,NBO
JFK,ONT
JFK,ORD
JFK,ORF
JFK,ORH
JFK,PAP
JFK,PBI
JFK,PDL
JFK,PDX
JFK,PEI
JFK,PEK
JFK,PHX
JFK,PIT
JFK,PLS
JFK,POP
JFK,POS
JFK,PSE
JFK,PSP
JFK,PTY
JFK,PUJ
JFK,PVG
JFK,PWM
JFK,RDU
JFK,RIC
JFK,RNO
JFK,ROC
JFK,RSW
JFK,RUH
JFK,SAL
JFK,SAN
JFK,SAP
JFK,SAT
JFK,SAV
JFK,SCL
JFK,SDQ
JFK,SEA
JFK,SFO
JFK,SRQ
JFK,STI
JFK,STT
JFK,SVD
JFK,SXM
JFK,SYR
JFK,TAB
JFK,TAS
JFK,TPA
JFK,TPE
JFK,UIO
JFK,UVF
JFK,YUL
JFK,YVR
JFK,YYC
JFK,YYZ
JFK,SIN
JFK,SJD
JFK,SJO
JFK,SJU
JFK,SKB
JFK,SLC
JFK,SMF
JFK,SNA
JFK,SLK
JFK,DSS
JFK,MIA
JFK,BUF
JFK,AKL
JFK,TQO
JFR,GOH
JFR,UAK
JGA,BLR
JGA,BOM
JGA,HYD
JGB,HYD
JGB,RPR
JGD,DLC
JGD,HLD
JGD,HRB
JGD,OHE
JGN,CAN
JGN,CGO
JGN,CKG
JGN,DNH
JGN,INC
JGN,PVG
JGN,URC
JGN,XIY
JGN,LHW
JGN,PKX
JGN,TFU
JGO,JAV
JGO,JEG
JGS,CAN
JGS,CGO
JGS,CKG
JGS,DSN
JGS,FOC
JGS,HAK
JGS,HGH
JGS,HRB
JGS,KMG
JGS,KWE
JGS,NGB
JGS,NKG
JGS,NNG
JGS,PEK
JGS,PVG
JGS,SHA
JGS,SWA
JGS,SYX
JGS,SZX
JGS,TNA
JGS,XIY
JGS,XMN
JGS,ZUH
JGS,PKX
JGS,TFU
JHB,AOR
JHB,BKI
JHB,CAN
JHB,CGK
JHB,DMK
JHB,HAK
JHB,IPH
JHB,KBR
JHB,KCH
JHB,KUL
JHB,LGK
JHB,MYY
JHB,PEN
JHB,SBW
JHB,SGN
JHB,SUB
JHB,SZB
JHB,TWU
JHG,CAN
JHG,CGO
JHG,CKG
JHG,CNX
JHG,CSX
JHG,CTU
JHG,CZX
JHG,DLU
JHG,FOC
JHG,HET
JHG,HFE
JHG,HGH
JHG,HNY
JHG,KHN
JHG,KMG
JHG,KWE
JHG,KWL
JHG,LJG
JHG,LUM
JHG,LZO
JHG,MIG
JHG,NGB
JHG,NKG
JHG,NNG
JHG,PEK
JHG,PVG
JHG,SZX
JHG,TCZ
JHG,TNA
JHG,TSN
JHG,WUH
JHG,XIC
JHG,XIY
JHG,XMN
JHG,XNN
JHG,YBP
JHG,ZYI
JHG,ACX
JHG,BFJ
JHG,WMT
JHG,PKX
JHG,TFU
JHG,TEN
JHM,HNL
JHS,GOH
JHS,JAV
JHS,SFJ
JIA,CGB
JIA,AIR
JIB,CAI
JIB,IST
JIB,CDG
JIB,ADD
JIB,ADE
JIB,DOH
JIB,DXB
JIB,HGA
JIB,JED
JIB,MGQ
JIC,WUH
JIC,XIY
JIC,LHW
JIC,PKX
JIJ,ABK
JIJ,ADD
JIJ,GDE
JIK,ATH
JIK,LXS
JIM,ADD
JIN,EBB
JIN,KSE
JIN,MBQ
JIN,KHX
JIO,AMQ
JIQ,CAN
JIQ,CKG
JIQ,HAK
JIQ,JJN
JIQ,KMG
JIQ,PEK
JIQ,PVG
JIQ,WNZ
JIQ,XIY
JIQ,TFU
JIU,HAK
JIU,NGB
JIU,PEK
JIU,SZX
JIU,XIY
JIU,TFU
JJD,CNF
JJD,FOR
JJD,GRU
JJD,PHB
JJG,GRU
JJG,VCP
JJN,BKK
JJN,CAN
JJN,CGO
JJN,CKG
JJN,CSX
JJN,CZX
JJN,DVO
JJN,FUG
JJN,HAK
JJN,HFE
JJN,HGH
JJN,HIA
JJN,HKG
JJN,HNY
JJN,HSN
JJN,JIQ
JJN,JNG
JJN,KMG
JJN,KUL
JJN,KWE
JJN,KWL
JJN,LUM
JJN,LYG
JJN,MFM
JJN,MNL
JJN,NKG
JJN,NNG
JJN,PEK
JJN,PVG
JJN,SHA
JJN,SHE
JJN,SYX
JJN,TAO
JJN,TNA
JJN,TSN
JJN,WUH
JJN,WUX
JJN,XIY
JJN,XUZ
JJN,YBP
JJN,YIH
JJN,ZHA
JJN,ZUH
JJN,ACX
JJN,NTG
JJN,SIN
JJN,SJW
JJN,SYM
JJN,LHW
JJN,WMT
JJN,PKX
JJN,TFU
JJN,HCZ
JJN,DZH
JJN,EHU
JJU,JNN
JJU,JNS
JJU,UAK
JKH,ATH
JKH,MJT
JKH,SMI
JKH,SKG
JKL,ATH
JKL,KGS
JKL,LRS
JKR,KTM
JLN,DEC
JLN,DEN
JLN,ORD
JLR,BOM
JLR,DEL
JLR,HYD
JLR,IDR
JLR,PAB
JMA,CNF
JMJ,KMG
JMJ,KWE
JMJ,LUM
JMJ,BAR
JMK,AMS
JMK,ATH
JMK,BCN
JMK,BRI
JMK,BUD
JMK,BLQ
JMK,BRU
JMK,OTP
JMK,DUS
JMK,FRA
JMK,GVA
JMK,LCY
JMK,LGW
JMK,LHR
JMK,LTN
JMK,MAD
JMK,MAN
JMK,MRS
JMK,MXP
JMK,MUC
JMK,NAP
JMK,NCE
JMK,PFO
JMK,CDG
JMK,ORY
JMK,RHO
JMK,FCO
JMK,JTR
JMK,STR
JMK,SKG
JMK,VCE
JMK,VRN
JMK,VIE
JMK,ZRH
JMK,AOK
JMK,TLV
JMK,AUH
JMK,BAH
JMK,DOH
JMK,DXB
JMS,DEN
JMS,DVL
JMU,DLC
JMU,ICN
JMU,PEK
JMU,PVG
JMU,SHE
JMU,TAO
JMU,TNA
JMU,WEH
JMU,YNT
JMU,FYJ
JMU,PKX
JNB,AMS
JNB,BRU
JNB,CAI
JNB,FRA
JNB,IST
JNB,LHR
JNB,MUC
JNB,CDG
JNB,ZRH
JNB,ALG
JNB,AAM
JNB,ACC
JNB,ADD
JNB,APL
JNB,ATL
JNB,AUH
JNB,BBK
JNB,BEW
JNB,BFN
JNB,BLZ
JNB,BUQ
JNB,CPT
JNB,DAR
JNB,DOH
JNB,DUR
JNB,DXB
JNB,EBB
JNB,ELS
JNB,EWR
JNB,FBM
JNB,FIH
JNB,GBE
JNB,GRJ
JNB,GRU
JNB,HDS
JNB,HKG
JNB,HRE
JNB,INH
JNB,KGL
JNB,KIM
JNB,LAD
JNB,LBV
JNB,LLW
JNB,LOS
JNB,LUN
JNB,LVI
JNB,MGH
JNB,MPM
JNB,MQP
JNB,MRU
JNB,MSU
JNB,MUB
JNB,NBO
JNB,PER
JNB,PLZ
JNB,POL
JNB,RUN
JNB,SEZ
JNB,SYD
JNB,SZX
JNB,TET
JNB,TNR
JNB,UTN
JNB,VFA
JNB,VNX
JNB,WDH
JNB,WVB
JNB,ZNZ
JNB,NLA
JNB,NOS
JNB,PTG
JNB,PZB
JNB,RCB
JNB,SIN
JNB,UTT
JNB,SZK
JNB,PBZ
JNB,SIS
JNB,LDZ
JNB,HLE
JNB,SHO
JNG,CAN
JNG,CKG
JNG,CSX
JNG,CTU
JNG,DLC
JNG,DSN
JNG,FOC
JNG,HAK
JNG,HET
JNG,INC
JNG,JJN
JNG,KHN
JNG,KMG
JNG,KWE
JNG,NNG
JNG,SHE
JNG,SYX
JNG,SZX
JNG,TAO
JNG,WEH
JNG,WNZ
JNG,WUH
JNG,WXN
JNG,XIY
JNG,XMN
JNG,UYN
JNG,LHW
JNG,PKX
JNG,TFU
JNN,JJU
JNN,UAK
JNN,QUW
JNN,XEQ
JNS,JJU
JNS,UAK
JNU,AGN
JNU,ANC
JNU,ELV
JNU,GST
JNU,HNH
JNU,HNS
JNU,KAE
JNU,KLW
JNU,KTN
JNU,PSG
JNU,SEA
JNU,SGY
JNU,YAK
JNU,PEC
JNU,SIT
JNU,TKE
JNX,ATH
JNX,SKG
JNZ,CZX
JNZ,PVG
JNZ,WUH
JNZ,TFU
JOE,HEL
JOG,HLP
JOI,BPS
JOI,CGH
JOI,GRU
JOI,POA
JOI,VCP
JOS,ABV
JOS,LOS
JPA,BSB
JPA,CGH
JPA,CNF
JPA,EZE
JPA,GIG
JPA,GRU
JPA,GYN
JPA,MCZ
JPA,RAO
JPA,REC
JPA,SSA
JPA,UDI
JPA,VCP
JPA,SJP
JPE,BEL
JPO,REC
JPR,CGB
JPR,PVH
JQA,JAV
JQA,UMD
JRG,BBI
JRG,BLR
JRG,CCU
JRG,DEL
JRH,CCU
JRO,AMS
JRO,IST
JRO,ZRH
JRO,ADD
JRO,ARK
JRO,DAR
JRO,DOH
JRO,EBB
JRO,KGL
JRO,LKY
JRO,MBA
JRO,MWZ
JRO,NBO
JRO,WIL
JRO,ZNZ
JRO,SEU
JRO,GTZ
JSA,AMD
JSA,BOM
JSA,DEL
JSA,JAI
JSB,FOR
JSB,JSO
JSH,ATH
JSH,MXP
JSH,NAP
JSH,PVK
JSH,TLV
JSH,AXD
JSH,KSJ
JSI,ATH
JSI,BRI
JSI,BHX
JSI,BUD
JSI,BRS
JSI,OTP
JSI,FRA
JSI,CPH
JSI,LCA
JSI,LBA
JSI,LCY
JSI,LGW
JSI,STN
JSI,MAN
JSI,BGY
JSI,MXP
JSI,MUC
JSI,NAP
JSI,NCL
JSI,EMA
JSI,ORY
JSI,PSA
JSI,PRG
JSI,PVK
JSI,FCO
JSI,SOF
JSI,VCE
JSI,VIE
JSI,ZRH
JSJ,DLC
JSJ,HRB
JSO,FOR
JSO,JSB
JSR,DAC
JST,IAD
JST,ORD
JSU,GOH
JSU,SFJ
JSY,ATH
JTC,BPS
JTC,MCZ
JTC,MII
JTC,REC
JTC,VCP
JTR,AMS
JTR,ATH
JTR,BCN
JTR,BRI
JTR,BIO
JTR,BHX
JTR,BUD
JTR,BOD
JTR,BRS
JTR,BRU
JTR,OTP
JTR,CGN
JTR,DUB
JTR,DUS
JTR,EDI
JTR,FRA
JTR,GDN
JTR,GVA
JTR,HAM
JTR,HEL
JTR,CPH
JTR,KRK
JTR,LCA
JTR,LBA
JTR,LGW
JTR,LHR
JTR,LTN
JTR,STN
JTR,LYS
JTR,MAD
JTR,MAN
JTR,MRS
JTR,BGY
JTR,MXP
JTR,MUC
JTR,JMK
JTR,NTE
JTR,NAP
JTR,NCL
JTR,EMA
JTR,OSL
JTR,PMO
JTR,CDG
JTR,ORY
JTR,PRG
JTR,FCO
JTR,SMI
JTR,ARN
JTR,STR
JTR,SKG
JTR,TLS
JTR,VCE
JTR,WAW
JTR,VIE
JTR,ZRH
JTR,TLV
JTR,AUH
JTR,DXB
JTY,ATH
JTY,LRS
JUB,CAI
JUB,IST
JUB,ADD
JUB,DXB
JUB,EBB
JUB,NBO
JUB,WUU
JUB,PZU
JUH,CAN
JUH,CGO
JUH,HSN
JUH,SWA
JUH,SZX
JUH,PKX
JUH,TFU
JUJ,AEP
JUJ,COR
JUJ,EZE
JUJ,IGR
JUJ,MDZ
JUK,UMD
JUK,NIQ
JUL,LIM
JUV,JAV
JUV,NAQ
JUV,AOQ
JUV,IUI
JUV,KGQ
JUV,KHQ
JUV,NSQ
JUV,TQA
JUZ,CAN
JUZ,CGO
JUZ,CKG
JUZ,DLC
JUZ,HAK
JUZ,HSN
JUZ,KMG
JUZ,KWE
JUZ,NNG
JUZ,PEK
JUZ,SYX
JUZ,SZX
JUZ,TAO
JUZ,TNA
JUZ,TSN
JUZ,TYN
JUZ,XIY
JUZ,XUZ
JUZ,ZHA
JUZ,ZUH
JUZ,PKX
JUZ,TFU
JWN,MHD
JXA,DLC
JXA,PEK
JXA,SHE
JXA,TAO
JXA,TNA
JXA,YNT
JYR,THR
JYR,IHR
JYV,HEL
JZH,CTU
JZH,HGH
JZH,PEK
JZH,TFU
KAA,LUN
KAA,MNS
KAB,HRE
KAB,HWN
KAD,LOS
KAE,JNU
KAE,SIT
KAJ,AMS
KAJ,DUS
KAJ,HEL
KAL,GAL
KAN,CAI
KAN,ABV
KAN,ADD
KAN,JED
KAN,LOS
KAO,BRU
KAO,DUS
KAO,FRA
KAO,HEL
KAO,KTT
KAO,RTM
KAO,ZRH
KAW,MGZ
KAW,RGN
KAW,TVY
KAZ,MDC
KBC,FAI
KBC,FYU
KBH,DAR
KBH,MWZ
KBL,ESB
KBL,IST
KBL,SVO
KBL,AUH
KBL,DEL
KBL,DXB
KBL,HEA
KBL,IKA
KBL,ISB
KBL,JED
KBL,KDH
KBL,KHT
KBL,KWI
KBL,MED
KBL,MHD
KBL,MZR
KBL,RUH
KBL,SHJ
KBL,TAS
KBL,URC
KBR,BKI
KBR,JHB
KBR,KCH
KBR,KUL
KBR,PEN
KBR,SZB
KBT,AUL
KBT,MAJ
KBU,BDJ
KBV,BKK
KBV,CNX
KBV,DMK
KBV,DXB
KBV,KUL
KBV,USM
KBV,SIN
KCA,AAT
KCA,AKU
KCA,BPL
KCA,CGO
KCA,DSN
KCA,HMI
KCA,HTN
KCA,IQM
KCA,KHG
KCA,KRL
KCA,KRY
KCA,NLT
KCA,URC
KCA,XIY
KCA,YIN
KCA,TLQ
KCA,SHF
KCA,TWC
KCA,TFU
KCA,ACF
KCC,EDA
KCC,KTN
KCC,WWP
KCH,BKI
KCH,BTU
KCH,BWN
KCH,CGK
KCH,JHB
KCH,KBR
KCH,KUL
KCH,LMN
KCH,MKM
KCH,MYY
KCH,MZV
KCH,PEN
KCH,SBW
KCH,SIN
KCH,TGC
KCK,IKT
KCM,ESB
KCM,IST
KCT,WRZ
KCT,KDW
KCT,NUF
KCY,ABA
KCY,BKA
KCY,IAA
KCY,KYZ
KCY,NOZ
KCY,THX
KCY,TOF
KCY,RGK
KCY,TGP
KCY,TLK
KCY,VAQ
KCY,VEO
KCY,KNY
KCY,SES
KCY,BGS
KCY,YAE
KCY,GOY
KCY,TKM
KCY,NZG
KCY,CZR
KCZ,FUK
KCZ,HND
KCZ,ITM
KCZ,NGO
KCZ,NKM
KCZ,NRT
KCZ,TPE
KCZ,UKB
KDH,DXB
KDH,JED
KDH,KBL
KDH,MED
KDI,CGK
KDI,SUB
KDI,UPG
KDL,TLL
KDM,FVM
KDM,GAN
KDM,MLE
KDM,GKK
KDO,FVM
KDO,GAN
KDO,MLE
KDU,DXB
KDU,ISB
KDU,KHI
KDU,LHE
KDV,NAN
KDV,SUV
KDW,CMB
KDW,KCT
KDY,YKS
KEA,ASB
KEF,ALC
KEF,LEI
KEF,AMS
KEF,ATH
KEF,BCN
KEF,BFS
KEF,BGO
KEF,BLL
KEF,BHX
KEF,BUD
KEF,BLQ
KEF,BDS
KEF,BRS
KEF,BRU
KEF,CWL
KEF,DUB
KEF,DUS
KEF,EDI
KEF,FRA
KEF,FUE
KEF,FNC
KEF,GDN
KEF,GVA
KEF,GLA
KEF,GOT
KEF,HAM
KEF,HEL
KEF,INN
KEF,KTW
KEF,CPH
KEF,LPA
KEF,LBA
KEF,LIS
KEF,LPL
KEF,LGW
KEF,LHR
KEF,LTN
KEF,STN
KEF,MAD
KEF,AGP
KEF,MAN
KEF,RAK
KEF,MXP
KEF,MUC
KEF,NCL
KEF,NCE
KEF,EMA
KEF,OSL
KEF,PMO
KEF,PMI
KEF,CDG
KEF,ORY
KEF,OPO
KEF,PRG
KEF,RIX
KEF,FCO
KEF,RVN
KEF,SZG
KEF,SPU
KEF,ARN
KEF,STR
KEF,TFS
KEF,VCE
KEF,VRN
KEF,VNO
KEF,WAW
KEF,VIE
KEF,ZRH
KEF,BER
KEF,BOS
KEF,BWI
KEF,DEN
KEF,DTW
KEF,EWR
KEF,FAE
KEF,GOH
KEF,IAD
KEF,JAV
KEF,JFK
KEF,KUS
KEF,MCO
KEF,MSP
KEF,ORD
KEF,PDX
KEF,PIT
KEF,RDU
KEF,SEA
KEF,SWF
KEF,UAK
KEF,YHM
KEF,YHZ
KEF,YUL
KEF,YVR
KEF,YYC
KEF,YYZ
KEI,MKQ
KEJ,SVO
KEJ,LED
KEJ,KZN
KEJ,KUF
KEJ,AER
KEJ,KJA
KEJ,OVB
KEJ,SVX
KEJ,UFA
KEM,HEL
KEO,ABJ
KEO,MJC
KEP,BJU
KEP,DOP
KEP,IMK
KEP,KTM
KER,BGW
KER,KIH
KER,KSH
KER,MHD
KER,SYZ
KER,THR
KET,HEH
KET,MDL
KET,RGN
KEU,ASV
KEU,KIS
KEU,MBA
KEU,NYK
KEU,WIL
KEW,YPM
KEW,ZSJ
KFA,EMN
KFA,NKC
KFS,IST
KGA,FIH
KGC,ADL
KGD,AYT
KGD,MSQ
KGD,DME
KGD,SVO
KGD,LED
KGD,KZN
KGD,GOJ
KGD,KUF
KGD,CEE
KGD,EGO
KGD,IJK
KGD,IWA
KGD,KLF
KGD,KVX
KGD,LPK
KGD,OVB
KGD,PEE
KGD,PES
KGD,PKV
KGD,REN
KGD,SVX
KGD,VOZ
KGD,ULV
KGD,ZIA
KGD,GSV
KGE,HIR
KGF,AYT
KGF,SVO
KGF,ALA
KGI,PER
KGI,SYD
KGL,AMS
KGL,BRU
KGL,CAI
KGL,IST
KGL,LHR
KGL,CDG
KGL,ABV
KGL,ACC
KGL,ADD
KGL,BJM
KGL,BZV
KGL,DAR
KGL,DLA
KGL,DOH
KGL,DXB
KGL,EBB
KGL,HRE
KGL,JNB
KGL,JRO
KGL,KME
KGL,LBV
KGL,LOS
KGL,LUN
KGL,MWZ
KGL,NBO
KGL,SEU
KGL,GTZ
KGP,VKO
KGP,PEE
KGQ,JUV
KGS,AMS
KGS,ATH
KGS,BRI
KGS,BSL
KGS,BRN
KGS,BHX
KGS,BLQ
KGS,BRS
KGS,BRQ
KGS,BRU
KGS,CGN
KGS,DOL
KGS,DRS
KGS,DUB
KGS,DUS
KGS,EDI
KGS,EIN
KGS,FRA
KGS,GVA
KGS,GLA
KGS,GRZ
KGS,HAM
KGS,HAJ
KGS,HER
KGS,INN
KGS,CPH
KGS,LCA
KGS,LBA
KGS,LEJ
KGS,LPL
KGS,LGW
KGS,LHR
KGS,STN
KGS,LBC
KGS,LUX
KGS,MAN
KGS,BGY
KGS,MXP
KGS,MUC
KGS,NTE
KGS,NAP
KGS,NCL
KGS,NRN
KGS,EMA
KGS,NUE
KGS,ORY
KGS,PSA
KGS,PRG
KGS,RHO
KGS,LIL
KGS,FCO
KGS,RTM
KGS,SZG
KGS,SMI
KGS,STR
KGS,SKG
KGS,TIA
KGS,TSF
KGS,VRN
KGS,VIE
KGS,ZAG
KGS,ZRH
KGS,GRQ
KGS,AOK
KGS,TLV
KGS,OSR
KGS,BER
KGS,JKL
KGT,CKG
KGT,CTU
KGX,ANI
KHD,THR
KHG,AKU
KHG,CAN
KHG,CGO
KHG,CTU
KHG,HTN
KHG,ISB
KHG,KCA
KHG,KRL
KHG,LBD
KHG,NGQ
KHG,NKG
KHG,PEK
KHG,PVG
KHG,SZX
KHG,TNA
KHG,URC
KHG,WUH
KHG,XIY
KHG,XNN
KHG,YIN
KHG,LHW
KHG,TLQ
KHG,QSZ
KHG,TWC
KHG,PKX
KHG,TFU
KHG,ZFL
KHG,HQL
KHG,YTW
KHG,ACF
KHH,BKK
KHH,DAD
KHH,DMK
KHH,FOC
KHH,FUK
KHH,GMP
KHH,HAN
KHH,HKG
KHH,HUN
KHH,ICN
KHH,KIX
KHH,KNH
KHH,KUL
KHH,MFM
KHH,MNL
KHH,MZG
KHH,NGO
KHH,NKG
KHH,NRT
KHH,OKA
KHH,PUS
KHH,PVG
KHH,SGN
KHH,SZX
KHH,WUH
KHH,XMN
KHH,PQC
KHH,SIN
KHI,IST
KHI,SAW
KHI,DAM
KHI,ADD
KHI,AUH
KHI,BAH
KHI,BGW
KHI,BKK
KHI,CMB
KHI,DMM
KHI,DOH
KHI,DXB
KHI,GWD
KHI,IKA
KHI,ISB
KHI,JED
KHI,KDU
KHI,KUL
KHI,KWI
KHI,LHE
KHI,LYP
KHI,MCT
KHI,MED
KHI,MUX
KHI,NJF
KHI,PEK
KHI,PEW
KHI,RUH
KHI,SHJ
KHI,UET
KHI,YYZ
KHI,SKZ
KHI,TUK
KHM,MDL
KHM,NYW
KHN,BHY
KHN,CAN
KHN,CGO
KHN,CGQ
KHN,CJU
KHN,CKG
KHN,CTU
KHN,DLC
KHN,DLU
KHN,DMK
KHN,ENH
KHN,HAK
KHN,HET
KHN,HIA
KHN,HRB
KHN,HSN
KHN,INC
KHN,JHG
KHN,JNG
KHN,KMG
KHN,KUL
KHN,KWE
KHN,KWL
KHN,LJG
KHN,LYA
KHN,LYG
KHN,LYI
KHN,LZO
KHN,NNG
KHN,NNY
KHN,PEK
KHN,PVG
KHN,SHA
KHN,SHE
KHN,SWA
KHN,SYX
KHN,SZX
KHN,TAO
KHN,TNA
KHN,TSN
KHN,TYN
KHN,XIY
KHN,XMN
KHN,XNN
KHN,XUZ
KHN,YNT
KHN,YNZ
KHN,ZHA
KHN,ZUH
KHN,SIN
KHN,SJW
KHN,YCU
KHN,LHW
KHN,RIZ
KHN,LFQ
KHN,WUT
KHN,BAR
KHN,WMT
KHN,PKX
KHN,TFU
KHN,DZH
KHQ,JUV
KHQ,NSQ
KHS,MCT
KHT,AAN
KHT,DXB
KHT,KBL
KHV,SVO
KHV,BKK
KHV,BQS
KHV,DYR
KHV,GDX
KHV,HKT
KHV,HRB
KHV,HTA
KHV,IKT
KHV,KJA
KHV,MJZ
KHV,OHH
KHV,OVB
KHV,PKC
KHV,SVX
KHV,TAS
KHV,UUD
KHV,UUS
KHV,VVO
KHV,YKS
KHV,EKS
KHV,NER
KHV,NGK
KHV,NLI
KHV,PKX
KHX,EBB
KHX,JIN
KHX,KSE
KHX,PAF
KHX,KXO
KHY,THR
KHZ,KXU
KHZ,RKA
KID,VXO
KID,CNS
KIE,BUA
KIE,RAB
KIF,YQT
KIF,YXL
KIF,WNN
KIH,BND
KIH,IFN
KIH,KER
KIH,MHD
KIH,SRY
KIH,THR
KIH,KKS
KIJ,CTS
KIJ,FUK
KIJ,HRB
KIJ,ICN
KIJ,ITM
KIJ,KIX
KIJ,NKM
KIJ,OKA
KIJ,PVG
KIJ,SDJ
KIJ,TPE
KIJ,OKD
KIK,ESB
KIK,IST
KIK,IKA
KIK,JED
KIK,MED
KIM,CPT
KIM,JNB
KIN,LGW
KIN,ANU
KIN,ATL
KIN,BGI
KIN,CUR
KIN,FLL
KIN,GCM
KIN,HAV
KIN,JFK
KIN,NAS
KIN,PLS
KIN,POS
KIN,PTY
KIN,SCU
KIN,SDQ
KIN,SXM
KIN,YYZ
KIN,MIA
KIO,NDK
KIO,UIT
KIR,ALC
KIR,BES
KIR,DUB
KIR,FAO
KIR,HHN
KIR,LTN
KIR,STN
KIR,MAN
KIR,CFR
KIS,EBB
KIS,EDL
KIS,MBA
KIS,MRE
KIS,NBO
KIS,WIL
KIS,KEU
KIS,HKR
KIS,KTJ
KIS,OLX
KIT,ATH
KIX,AMS
KIX,HEL
KIX,IST
KIX,MUC
KIX,CDG
KIX,ASJ
KIX,AUH
KIX,BKK
KIX,BNE
KIX,CAN
KIX,CEB
KIX,CJJ
KIX,CJU
KIX,CKG
KIX,CNS
KIX,CNX
KIX,CTS
KIX,DLC
KIX,DOH
KIX,DXB
KIX,FOC
KIX,FUK
KIX,GMP
KIX,GUM
KIX,HAN
KIX,HFE
KIX,HGH
KIX,HKG
KIX,HND
KIX,HNL
KIX,HRB
KIX,ICN
KIX,ISG
KIX,KHH
KIX,KIJ
KIX,KMI
KIX,KOJ
KIX,KUH
KIX,KUL
KIX,LAX
KIX,MFM
KIX,MMB
KIX,MMY
KIX,MNL
KIX,NGB
KIX,NGS
KIX,NKG
KIX,NRT
KIX,OKA
KIX,PEK
KIX,PUS
KIX,PVG
KIX,SDJ
KIX,SFO
KIX,SGN
KIX,SHE
KIX,SYD
KIX,SZX
KIX,TAE
KIX,TAO
KIX,TNA
KIX,TPE
KIX,TSN
KIX,WUX
KIX,XIY
KIX,XMN
KIX,YVR
KIX,YYZ
KIX,SIN
KIX,PKX
KIX,UBN
KIX,TFU
KJA,AYT
KJA,DME
KJA,SVO
KJA,VKO
KJA,LED
KJA,KZN
KJA,AER
KJA,ABA
KJA,ALA
KJA,GYD
KJA,BAX
KJA,BKA
KJA,BKK
KJA,BQS
KJA,BTK
KJA,CEK
KJA,DYU
KJA,FEG
KJA,FRU
KJA,GDX
KJA,HKT
KJA,HRB
KJA,HTA
KJA,HTG
KJA,IAA
KJA,IKT
KJA,KEJ
KJA,KHV
KJA,KYZ
KJA,LBD
KJA,MCX
KJA,MJZ
KJA,MRV
KJA,NOJ
KJA,NOZ
KJA,NSK
KJA,NUX
KJA,OSS
KJA,OVB
KJA,SGC
KJA,SVX
KJA,SYX
KJA,TAS
KJA,THX
KJA,TJM
KJA,TOF
KJA,TYN
KJA,UFA
KJA,UUD
KJA,UUS
KJA,VVO
KJA,YKS
KJA,EYK
KJA,NER
KJA,NMA
KJA,NZH
KJA,ULK
KJA,RGK
KJA,TGP
KJA,TLK
KJA,PKX
KJA,UBN
KJA,NQZ
KJA,VAQ
KJA,VEO
KJA,KNY
KJA,GOY
KJA,TKM
KJA,NZG
KJA,CZR
KJB,MAA
KJB,VTZ
KJH,NNG
KJH,WUH
KJI,URC
KJI,TLQ
KJI,FYN
KJI,ZFL
KJT,BPN
KJT,DPS
KJT,JED
KJT,KUL
KJT,MED
KJT,KNO
KKA,OME
KKA,UNK
KKA,SKK
KKB,ADQ
KKB,SYB
KKC,BKK
KKC,CNX
KKC,DMK
KKC,HKT
KKE,AKL
KKH,BET
KKI,BET
KKJ,HND
KKJ,ICN
KKN,OSL
KKN,TOS
KKN,LKL
KKN,VDS
KKN,VAW
KKN,IVL
KKQ,TJM
KKR,PPT
KKR,NIU
KKS,KIH
KKS,MHD
KKX,ASJ
KKX,KOJ
KLF,KGD
KLF,MSQ
KLF,VKO
KLF,LED
KLF,BWE
KLF,EVN
KLF,MMK
KLF,AER
KLF,CEE
KLF,MRV
KLF,SVX
KLG,ANI
KLG,BET
KLH,BLR
KLH,BOM
KLH,HYD
KLH,TIR
KLN,ADQ
KLO,ICN
KLO,MNL
KLO,TFU
KLR,FRA
KLR,ARN
KLR,BMA
KLU,ALC
KLU,STN
KLU,PMI
KLU,VIE
KLW,CGA
KLW,JNU
KLW,KTN
KLW,SIT
KLX,AMS
KLX,ATH
KLX,BHX
KLX,BRS
KLX,DUS
KLX,FRA
KLX,GVA
KLX,HEL
KLX,HER
KLX,CPH
KLX,LGW
KLX,LHR
KLX,STN
KLX,LYS
KLX,MAN
KLX,BGY
KLX,MUC
KLX,NTE
KLX,CDG
KLX,ORY
KLX,LIL
KLX,ARN
KLX,SKG
KLX,VIE
KLX,ZRH
KLX,TLV
KME,KGL
KMG,AQG
KMG,BAV
KMG,BKK
KMG,BSD
KMG,CAN
KMG,CGD
KMG,CGO
KMG,CGQ
KMG,CKG
KMG,CMB
KMG,CNX
KMG,CSX
KMG,CTU
KMG,CXR
KMG,CZX
KMG,DAC
KMG,DAT
KMG,DIG
KMG,DLC
KMG,DLU
KMG,DMK
KMG,DSN
KMG,DXB
KMG,DYG
KMG,ENH
KMG,ENY
KMG,FOC
KMG,FUG
KMG,GYS
KMG,HAK
KMG,HAN
KMG,HDG
KMG,HET
KMG,HFE
KMG,HGH
KMG,HIA
KMG,HJJ
KMG,HKG
KMG,HKT
KMG,HNY
KMG,HUZ
KMG,HYN
KMG,HZG
KMG,ICN
KMG,INC
KMG,JDZ
KMG,JGS
KMG,JHG
KMG,JIQ
KMG,JJN
KMG,JNG
KMG,JUZ
KMG,KHN
KMG,KOW
KMG,KTM
KMG,KUL
KMG,KWL
KMG,LCX
KMG,LJG
KMG,LNJ
KMG,LPQ
KMG,LUM
KMG,LXA
KMG,LYG
KMG,LYI
KMG,LZH
KMG,LZO
KMG,MDL
KMG,MIG
KMG,NAO
KMG,NGB
KMG,NKG
KMG,NNG
KMG,NNY
KMG,NRT
KMG,PEK
KMG,PNH
KMG,PVG
KMG,RGN
KMG,SGN
KMG,SHA
KMG,SHE
KMG,SWA
KMG,SYX
KMG,SZX
KMG,TAO
KMG,TCZ
KMG,TNA
KMG,TSN
KMG,TVS
KMG,TYN
KMG,URC
KMG,VTE
KMG,WNH
KMG,WNZ
KMG,WUH
KMG,WUX
KMG,WXN
KMG,XFN
KMG,XIY
KMG,XMN
KMG,XNN
KMG,XUZ
KMG,YBP
KMG,YIH
KMG,YIW
KMG,YNT
KMG,YNZ
KMG,YTY
KMG,ZAT
KMG,ZHA
KMG,ZHY
KMG,ZUH
KMG,ACX
KMG,NTG
KMG,SIN
KMG,SJW
KMG,SYM
KMG,TXN
KMG,UTH
KMG,UYN
KMG,YCU
KMG,LHW
KMG,LLV
KMG,NLH
KMG,LFQ
KMG,WDS
KMG,SQJ
KMG,CWJ
KMG,SQD
KMG,JMJ
KMG,WMT
KMG,BZX
KMG,YYA
KMG,PKX
KMG,YLX
KMG,SHS
KMG,TFU
KMG,WHA
KMG,HCZ
KMG,DZH
KMG,EHU
KMG,DXJ
KMG,SAI
KMI,FUK
KMI,HND
KMI,ICN
KMI,ITM
KMI,KIX
KMI,NGO
KMI,NRT
KMI,OKA
KMJ,FSZ
KMJ,HKG
KMJ,HND
KMJ,ICN
KMJ,ITM
KMJ,NGO
KMJ,NKM
KMJ,NRT
KMJ,OKA
KMJ,TPE
KMJ,AXJ
KMQ,CTS
KMQ,FUK
KMQ,HND
KMQ,ICN
KMQ,OKA
KMQ,PVG
KMQ,TPE
KMS,ACC
KMV,MDL
KMV,RGN
KMV,NYW
KMY,ALZ
KMY,KOY
KND,FIH
KND,GOM
KNG,SOQ
KNH,CYI
KNH,KHH
KNH,MZG
KNH,RMQ
KNH,TNN
KNH,TSA
KNK,ILI
KNK,PDB
KNO,BTH
KNO,BTJ
KNO,CGK
KNO,DMK
KNO,GNS
KNO,HLP
KNO,JED
KNO,KUL
KNO,LSW
KNO,MED
KNO,MEQ
KNO,PDG
KNO,PEN
KNO,PKU
KNO,PLM
KNO,SUB
KNO,SIN
KNO,FLZ
KNO,KJT
KNO,YIA
KNO,LKI
KNO,GYO
KNQ,GEA
KNS,BWT
KNS,MEB
KNS,MEL
KNU,BLR
KNU,BOM
KNU,DEL
KNX,BME
KNX,DRW
KNX,HCQ
KNX,PER
KNY,KJA
KNY,KCY
KOA,ANC
KOA,DEN
KOA,HNL
KOA,LAS
KOA,LAX
KOA,LIH
KOA,NRT
KOA,OAK
KOA,OGG
KOA,ORD
KOA,PDX
KOA,PHX
KOA,SAN
KOA,SEA
KOA,SFO
KOA,YVR
KOA,YYC
KOA,SJC
KOA,SMF
KOC,BMY
KOC,GEA
KOE,ABU
KOE,ARD
KOE,BJW
KOE,CGK
KOE,DPS
KOE,ENE
KOE,LKA
KOE,MOF
KOE,SUB
KOE,UPG
KOE,WGP
KOE,RTG
KOE,TMC
KOE,RTI
KOE,LWE
KOE,SAU
KOI,ABZ
KOI,EDI
KOI,GLA
KOI,INV
KOI,DND
KOI,LSI
KOJ,ASJ
KOJ,FSZ
KOJ,FUK
KOJ,HKG
KOJ,HND
KOJ,ICN
KOJ,ITM
KOJ,KIX
KOJ,KKX
KOJ,KUM
KOJ,MYJ
KOJ,NGO
KOJ,NRT
KOJ,OKA
KOJ,TPE
KOJ,UKB
KOJ,OKE
KOJ,TKN
KOJ,TNE
KOJ,RNJ
KOK,HEL
KOO,GYD
KOP,DMK
KOS,KUL
KOS,SGN
KOS,SAI
KOT,KSM
KOV,ALA
KOV,CIT
KOV,SCO
KOW,CAN
KOW,CGO
KOW,CKG
KOW,CZX
KOW,HAK
KOW,HFE
KOW,HGH
KOW,KMG
KOW,KWE
KOW,LJG
KOW,NGB
KOW,NKG
KOW,NNG
KOW,PEK
KOW,PVG
KOW,SHA
KOW,TNA
KOW,XIY
KOW,ZUH
KOW,PKX
KOW,TFU
KOY,ADQ
KOY,KMY
KOZ,ADQ
KOZ,ORI
KPB,KTN
KPB,PPV
KPN,BET
KPO,CJU
KPO,GMP
KPR,ADQ
KPR,SYB
KPW,GDX
KPY,ADQ
KPY,UGI
KQH,LKO
KQH,NAG
KQH,PNQ
KQH,STV
KQH,HDO
KQT,SVO
KQT,OSW
KRF,ARN
KRF,GEV
KRK,AGA
KRK,ALC
KRK,AMS
KRK,AOI
KRK,ESB
KRK,AYT
KRK,ATH
KRK,BCN
KRK,GRO
KRK,BRI
KRK,BSL
KRK,BFS
KRK,BEG
KRK,BGO
KRK,BLL
KRK,BHX
KRK,BLQ
KRK,BOD
KRK,BOH
KRK,BRS
KRK,BRU
KRK,CRL
KRK,BOJ
KRK,BZG
KRK,CAG
KRK,CTA
KRK,CHQ
KRK,CFU
KRK,DTM
KRK,DUB
KRK,DBV
KRK,DUS
KRK,EDI
KRK,EIN
KRK,FAO
KRK,FRA
KRK,FUE
KRK,GDN
KRK,GLA
KRK,GOT
KRK,HEL
KRK,HER
KRK,IST
KRK,CPH
KRK,SUF
KRK,LCA
KRK,LPA
KRK,LBA
KRK,LIS
KRK,LPL
KRK,LGW
KRK,LHR
KRK,LTN
KRK,STN
KRK,LDE
KRK,LUX
KRK,LYS
KRK,MAD
KRK,AGP
KRK,MLA
KRK,MAN
KRK,MRS
KRK,BGY
KRK,MXP
KRK,MUC
KRK,NAP
KRK,NCL
KRK,NCE
KRK,EMA
KRK,OLB
KRK,OSL
KRK,TRF
KRK,PFO
KRK,PMO
KRK,PMI
KRK,BVA
KRK,CDG
KRK,PEG
KRK,PSR
KRK,PSA
KRK,OPO
KRK,PRG
KRK,RHO
KRK,RIX
KRK,LIL
KRK,RMI
KRK,CIA
KRK,FCO
KRK,JTR
KRK,SVQ
KRK,SNN
KRK,SPU
KRK,SVG
KRK,ARN
KRK,STR
KRK,SZZ
KRK,TFS
KRK,SKG
KRK,TIA
KRK,TLS
KRK,TRS
KRK,TRD
KRK,TRN
KRK,VLC
KRK,VAR
KRK,TSF
KRK,VNO
KRK,WAW
KRK,VIE
KRK,ZAD
KRK,ZRH
KRK,FMM
KRK,TLV
KRK,AMM
KRK,TGD
KRK,AUH
KRK,BER
KRK,DXB
KRK,EWR
KRK,KWI
KRK,ORD
KRK,SHJ
KRK,SZY
KRL,AAT
KRL,AKU
KRL,BPL
KRL,CGO
KRL,CKG
KRL,CSX
KRL,DNH
KRL,HMI
KRL,HTN
KRL,IQM
KRL,KCA
KRL,KHG
KRL,KRY
KRL,PEK
KRL,PVG
KRL,URC
KRL,XIY
KRL,YIN
KRL,SJW
KRL,LHW
KRL,TLQ
KRL,SHF
KRL,QSZ
KRL,RQA
KRL,TWC
KRL,PKX
KRL,TFU
KRL,ZFL
KRL,ACF
KRN,DUS
KRN,CPH
KRN,CDG
KRN,ARN
KRO,DME
KRO,LED
KRO,AER
KRO,MRV
KRO,SGC
KRS,ALC
KRS,AMS
KRS,BGO
KRS,CPH
KRS,OSL
KRT,ADD
KRW,MSQ
KRW,ASB
KRW,CRZ
KRW,MYP
KRW,TAZ
KRY,AAT
KRY,AKU
KRY,BPL
KRY,CGO
KRY,KCA
KRY,KRL
KRY,PEK
KRY,URC
KRY,XIY
KRY,YIN
KRY,LHW
KRY,TLQ
KRY,FYN
KRY,TFU
KRY,ZFL
KSA,KWA
KSA,PNI
KSC,BOJ
KSC,DUB
KSC,HER
KSC,LCA
KSC,LPL
KSC,LTN
KSC,STN
KSC,PMI
KSC,PRG
KSC,RHO
KSC,WAW
KSC,VIE
KSC,ZAD
KSC,ZTH
KSC,ZRH
KSE,EBB
KSE,JIN
KSE,PAF
KSE,KHX
KSF,HER
KSF,PMI
KSF,BZO
KSH,KER
KSH,MHD
KSH,TBZ
KSH,THR
KSH,PGU
KSJ,AOK
KSJ,JSH
KSM,ANC
KSM,AUK
KSM,BET
KSM,EMK
KSM,KOT
KSM,PQS
KSM,SXP
KSN,AYT
KSN,SVO
KSN,ALA
KSN,CIT
KSN,HSA
KSN,NQZ
KSQ,IST
KSQ,DME
KSQ,VKO
KSQ,LED
KSQ,TAS
KSQ,REZ
KSQ,ZIA
KSU,BGO
KSU,OSL
KSY,ESB
KSY,IST
KSY,SAW
KSY,ADB
KSZ,ARH
KSZ,VUS
KTA,GET
KTA,PER
KTA,PHE
KTB,CGA
KTB,KTN
KTC,BTJ
KTG,PNK
KTG,SRG
KTJ,ASV
KTJ,KIS
KTJ,NYK
KTJ,WIL
KTL,WIL
KTL,GGM
KTM,IST
KTM,AUH
KTM,BDP
KTM,BHP
KTM,BHR
KTM,BIR
KTM,BKK
KTM,BLR
KTM,BOM
KTM,BWA
KTM,CAN
KTM,CCU
KTM,CKG
KTM,CMB
KTM,DAC
KTM,DEL
KTM,DHI
KTM,DMK
KTM,DMM
KTM,DOH
KTM,DXB
KTM,HKG
KTM,ICN
KTM,JKR
KTM,KEP
KTM,KMG
KTM,KUL
KTM,KWI
KTM,LXA
KTM,NRT
KTM,PBH
KTM,PKR
KTM,PPL
KTM,PVG
KTM,RUH
KTM,SHJ
KTM,TAO
KTM,VNS
KTM,SIF
KTM,SIN
KTM,TMI
KTM,TPJ
KTM,SKH
KTM,RJB
KTM,TFU
KTM,DNP
KTN,EDA
KTN,HYG
KTN,JNU
KTN,KCC
KTN,KLW
KTN,KPB
KTN,KTB
KTN,MTM
KTN,PPV
KTN,SEA
KTN,WRG
KTN,WWP
KTN,SIT
KTN,KXA
KTR,DRW
KTR,TCA
KTS,OME
KTS,TLA
KTT,AMS
KTT,BRU
KTT,DUS
KTT,FRA
KTT,HAM
KTT,HEL
KTT,LGW
KTT,MAN
KTT,MUC
KTT,CDG
KTT,ORY
KTT,RIX
KTT,RTM
KTT,TMP
KTT,VIE
KTT,ZRH
KTT,KAO
KTT,IVL
KTW,AHO
KTW,ALC
KTW,ATH
KTW,BCN
KTW,BRI
KTW,FRL
KTW,BOJ
KTW,CTA
KTW,CFU
KTW,DTM
KTW,DUB
KTW,EIN
KTW,FRA
KTW,FUE
KTW,FNC
KTW,HRG
KTW,CPH
KTW,LCA
KTW,LPL
KTW,LTN
KTW,STN
KTW,AGP
KTW,MLA
KTW,MAN
KTW,RMF
KTW,BGY
KTW,NAP
KTW,OSL
KTW,PFO
KTW,PMI
KTW,PUY
KTW,KEF
KTW,FCO
KTW,SSH
KTW,SPU
KTW,TFS
KTW,TIA
KTW,TPS
KTW,VAR
KTW,TSF
KTW,WAW
KTW,ZAD
KTW,TLV
KTW,TGD
KTW,AUH
KTW,KUT
KUA,KUL
KUA,PEN
KUA,SIN
KUC,TRW
KUF,AYT
KUF,DLM
KUF,HRG
KUF,IST
KUF,KGD
KUF,MSQ
KUF,DME
KUF,SVO
KUF,VKO
KUF,SSH
KUF,LED
KUF,TBS
KUF,EVN
KUF,KZN
KUF,GOJ
KUF,AER
KUF,ALA
KUF,GYD
KUF,BUS
KUF,CEK
KUF,DXB
KUF,DYU
KUF,FRU
KUF,IAR
KUF,IGT
KUF,KEJ
KUF,LBD
KUF,MCX
KUF,MRV
KUF,NUX
KUF,OMS
KUF,OSS
KUF,OVB
KUF,PEE
KUF,SGC
KUF,SHJ
KUF,SVX
KUF,TAS
KUF,TJM
KUF,TOF
KUF,NMA
KUF,USK
KUF,RMZ
KUG,BDD
KUG,HID
KUG,UBB
KUH,CTS
KUH,HND
KUH,ITM
KUH,KIX
KUH,NGO
KUH,OKD
KUK,BET
KUL,AMS
KUL,IST
KUL,LHR
KUL,ADL
KUL,ALA
KUL,AMD
KUL,AOR
KUL,ASB
KUL,ATQ
KUL,AUH
KUL,BBI
KUL,BGW
KUL,BKI
KUL,BKK
KUL,BLR
KUL,BOM
KUL,BPN
KUL,BTH
KUL,BTJ
KUL,BTU
KUL,BWA
KUL,BWN
KUL,CAN
KUL,CCJ
KUL,CCU
KUL,CGK
KUL,CGO
KUL,CKG
KUL,CMB
KUL,CNX
KUL,COK
KUL,CSX
KUL,CTS
KUL,CXR
KUL,DAC
KUL,DAD
KUL,DEL
KUL,DMK
KUL,DOH
KUL,DPS
KUL,DXB
KUL,DYG
KUL,FOC
KUL,GAU
KUL,HAK
KUL,HAN
KUL,HDY
KUL,HGH
KUL,HKG
KUL,HKT
KUL,HND
KUL,HYD
KUL,ICN
KUL,ISB
KUL,JAI
KUL,JED
KUL,JHB
KUL,JJN
KUL,KBR
KUL,KBV
KUL,KCH
KUL,KHH
KUL,KHI
KUL,KHN
KUL,KIX
KUL,KMG
KUL,KOS
KUL,KTM
KUL,KUA
KUL,KWE
KUL,KWL
KUL,LBU
KUL,LGK
KUL,LHE
KUL,LOP
KUL,MAA
KUL,MCT
KUL,MED
KUL,MEL
KUL,MFM
KUL,MLE
KUL,MNL
KUL,MRU
KUL,MYY
KUL,NKG
KUL,NNG
KUL,NRT
KUL,PDG
KUL,PEK
KUL,PEN
KUL,PER
KUL,PKU
KUL,PNH
KUL,PVG
KUL,RGN
KUL,RUH
KUL,SBW
KUL,SDK
KUL,SGN
KUL,SHJ
KUL,SUB
KUL,SWA
KUL,SYD
KUL,SZX
KUL,TAS
KUL,TPE
KUL,TRV
KUL,TRZ
KUL,TWU
KUL,UPG
KUL,UTP
KUL,VTE
KUL,VTZ
KUL,WUH
KUL,XIY
KUL,XMN
KUL,PQC
KUL,SIN
KUL,TGG
KUL,KNO
KUL,KJT
KUL,PKX
KUL,YIA
KUL,AKL
KUL,OOL
KUL,TFU
KUL,SAI
KUM,FUK
KUM,ITM
KUM,KOJ
KUN,ALC
KUN,BRI
KUN,BFS
KUN,BTS
KUN,BRS
KUN,CRL
KUN,BOJ
KUN,CGN
KUN,DUB
KUN,EDI
KUN,GOT
KUN,CPH
KUN,LPL
KUN,LTN
KUN,STN
KUN,MAD
KUN,AGP
KUN,BGY
KUN,NAP
KUN,PFO
KUN,PMI
KUN,PSA
KUN,RHO
KUN,RMI
KUN,SNN
KUN,ARN
KUN,ZAD
KUN,TLV
KUN,BER
KUN,WMI
KUO,HEL
KUS,KEF
KUS,AGM
KUS,GOH
KUT,ATH
KUT,BCN
KUT,BUD
KUT,CRL
KUT,DTM
KUT,HHN
KUT,HAM
KUT,SAW
KUT,KTW
KUT,CPH
KUT,LCA
KUT,MXP
KUT,MSQ
KUT,BVA
KUT,POZ
KUT,PRG
KUT,RIX
KUT,CIA
KUT,LED
KUT,SKG
KUT,VNO
KUT,WAW
KUT,VIE
KUT,FMM
KUT,ALA
KUT,AUH
KUT,BER
KUT,CIT
KUT,GUW
KUT,SCO
KUT,NQZ
KUU,ATQ
KUU,DEL
KUV,CJU
KUZ,AGM
KVA,ATH
KVA,CGN
KVA,DTM
KVA,DUS
KVA,FRA
KVA,MUC
KVA,STR
KVA,VIE
KVG,HKN
KVG,LNV
KVG,MAS
KVG,POM
KVG,RAB
KVK,SVO
KVK,LED
KVK,KZN
KVL,OTZ
KVL,PHO
KVL,WTK
KVO,IST
KVO,SKG
KVO,TIV
KVR,VVO
KVX,KGD
KVX,VKO
KVX,AER
KVX,MCX
KVX,MRV
KWA,AIC
KWA,EAL
KWA,KSA
KWA,LIK
KWA,LML
KWA,MAJ
KWA,MJE
KWA,PNI
KWA,UJE
KWA,WJA
KWA,WTO
KWE,AQG
KWE,BAV
KWE,BKK
KWE,CAN
KWE,CGD
KWE,CGO
KWE,CSX
KWE,CZX
KWE,ENH
KWE,ENY
KWE,FOC
KWE,FUG
KWE,HAK
KWE,HAN
KWE,HET
KWE,HFE
KWE,HGH
KWE,HIA
KWE,HNY
KWE,HRB
KWE,HUZ
KWE,HYN
KWE,HZG
KWE,INC
KWE,IQN
KWE,JGS
KWE,JHG
KWE,JJN
KWE,JNG
KWE,JUZ
KWE,KHN
KWE,KOW
KWE,KUL
KWE,LJG
KWE,LUM
KWE,LXA
KWE,LYA
KWE,LYG
KWE,LZO
KWE,MFM
KWE,NGB
KWE,NKG
KWE,PEK
KWE,PVG
KWE,SHA
KWE,SHE
KWE,SWA
KWE,SYX
KWE,SZX
KWE,TAO
KWE,TNA
KWE,TSN
KWE,TYN
KWE,URC
KWE,WNZ
KWE,WUH
KWE,WUX
KWE,WXN
KWE,XFN
KWE,XIC
KWE,XIY
KWE,XMN
KWE,XNN
KWE,XUZ
KWE,YIH
KWE,YIW
KWE,YNZ
KWE,YTY
KWE,ZHA
KWE,ZUH
KWE,ACX
KWE,NTG
KWE,SJW
KWE,SYM
KWE,UYN
KWE,YCU
KWE,LHW
KWE,YIC
KWE,LLV
KWE,LPF
KWE,WDS
KWE,JMJ
KWE,WMT
KWE,LNL
KWE,PKX
KWE,WSK
KWE,SHS
KWE,TFU
KWE,WHA
KWE,DZH
KWE,TEN
KWI,AMS
KWI,AYT
KWI,ATH
KWI,BCN
KWI,BJV
KWI,BOJ
KWI,CAI
KWI,CMN
KWI,FRA
KWI,GVA
KWI,IST
KWI,SAW
KWI,KRK
KWI,LCA
KWI,LHR
KWI,LXR
KWI,AGP
KWI,MAN
KWI,MXP
KWI,DME
KWI,MUC
KWI,NCE
KWI,CDG
KWI,PRG
KWI,FCO
KWI,SSH
KWI,TBS
KWI,TIA
KWI,VIE
KWI,TIV
KWI,SJJ
KWI,BEY
KWI,AMM
KWI,KZN
KWI,HBE
KWI,ADD
KWI,ALA
KWI,AMD
KWI,ATZ
KWI,AUH
KWI,BAH
KWI,GYD
KWI,BKK
KWI,BLR
KWI,BOM
KWI,BUS
KWI,CAN
KWI,CCJ
KWI,CMB
KWI,COK
KWI,DAC
KWI,DEL
KWI,DMM
KWI,DOH
KWI,DXB
KWI,DYU
KWI,ELQ
KWI,FRU
KWI,HAS
KWI,HYD
KWI,IFN
KWI,IKA
KWI,ISB
KWI,IXE
KWI,JED
KWI,JFK
KWI,KBL
KWI,KHI
KWI,KTM
KWI,LHE
KWI,LRR
KWI,MAA
KWI,MCT
KWI,MCX
KWI,MED
KWI,MHD
KWI,MNL
KWI,NJF
KWI,OSS
KWI,RUH
KWI,SHJ
KWI,SYZ
KWI,TAS
KWI,TIF
KWI,TRV
KWI,TRZ
KWI,TZX
KWI,HMB
KWI,NMA
KWI,SKD
KWI,SKT
KWI,SLL
KWI,CNN
KWI,HSA
KWI,SPX
KWJ,CJU
KWJ,GMP
KWK,BET
KWL,BHY
KWL,CGO
KWL,CKG
KWL,DAT
KWL,DSN
KWL,FOC
KWL,HAK
KWL,HFE
KWL,HGH
KWL,HIA
KWL,INC
KWL,JHG
KWL,JJN
KWL,KHN
KWL,KMG
KWL,KUL
KWL,LJG
KWL,LYI
KWL,LZO
KWL,NGB
KWL,NKG
KWL,PEK
KWL,PVG
KWL,SHA
KWL,SHE
KWL,SWA
KWL,SYX
KWL,TAO
KWL,TNA
KWL,TSN
KWL,TYN
KWL,WNZ
KWL,WUX
KWL,XIY
KWL,XMN
KWL,XNN
KWL,XUZ
KWL,YNT
KWL,YTY
KWL,NTG
KWL,SJW
KWL,LHW
KWL,PKX
KWL,SHS
KWL,TFU
KWM,CNS
KWM,EDR
KWN,BET
KWP,ADQ
KWP,UGI
KWT,BET
KWZ,FBM
KWZ,MJM
KXA,KTN
KXB,UPG
KXF,SUV
KXO,EBB
KXO,KHX
KXU,KHZ
KXU,PPT
KYA,AMS
KYA,DUS
KYA,IST
KYA,SAW
KYA,ADB
KYA,CPH
KYA,ARN
KYA,STR
KYK,ADQ
KYP,RGN
KYS,BKO
KYU,GAL
KYU,NUL
KYZ,DME
KYZ,IKT
KYZ,KJA
KYZ,OVB
KYZ,UUD
KYZ,KCY
KZB,ADQ
KZB,AOS
KZN,AYT
KZN,BEG
KZN,BJV
KZN,DLM
KZN,HRG
KZN,IST
KZN,SAW
KZN,KGD
KZN,MSQ
KZN,DME
KZN,SVO
KZN,SSH
KZN,LED
KZN,TBS
KZN,EVN
KZN,MMK
KZN,GOJ
KZN,KUF
KZN,AER
KZN,ALA
KZN,ASB
KZN,GYD
KZN,BAX
KZN,CEE
KZN,CEK
KZN,DXB
KZN,DYU
KZN,FEG
KZN,FRU
KZN,GRV
KZN,IAR
KZN,IKT
KZN,JED
KZN,KEJ
KZN,KJA
KZN,KVK
KZN,KWI
KZN,LBD
KZN,MCX
KZN,MRV
KZN,NJC
KZN,NOZ
KZN,NUX
KZN,OGZ
KZN,OMS
KZN,OSS
KZN,OVB
KZN,PEE
KZN,REN
KZN,SGC
KZN,SHJ
KZN,SVX
KZN,TAS
KZN,TJM
KZN,TOF
KZN,UFA
KZN,UUD
KZN,VOG
KZN,YKS
KZN,SKD
KZN,SKX
KZN,SLY
KZN,USK
KZN,RGK
KZN,RMZ
KZN,NQZ
KZO,AYT
KZO,ALA
KZO,NQZ
KZR,DUS
KZR,IST
KZS,RHO
LAD,BRU
LAD,CMN
LAD,FRA
LAD,IST
LAD,LIS
LAD,CDG
LAD,OPO
LAD,ADD
LAD,CAB
LAD,CBT
LAD,CPT
LAD,DOH
LAD,DUE
LAD,DXB
LAD,FIH
LAD,GRU
LAD,JNB
LAD,LBV
LAD,LFW
LAD,LOS
LAD,LUO
LAD,MPM
LAD,MSZ
LAD,NOV
LAD,PNR
LAD,SDD
LAD,TMS
LAD,WDH
LAD,SPP
LAD,VPE
LAD,VHC
LAD,SZA
LAE,HKN
LAE,MAG
LAE,MAS
LAE,POM
LAE,RAB
LAF,ORD
LAH,TTE
LAK,YEV
LAL,HVN
LAN,DCA
LAN,DTW
LAN,MCO
LAN,ORD
LAN,RSW
LAO,CEB
LAO,MNL
LAP,CUL
LAP,GDL
LAP,HMO
LAP,MEX
LAP,MTY
LAP,MZT
LAP,TIJ
LAP,NLU
LAR,DEN
LAS,AMS
LAS,DUB
LAS,FRA
LAS,LGW
LAS,LHR
LAS,MAN
LAS,ZRH
LAS,ABQ
LAS,ALB
LAS,AMA
LAS,ANC
LAS,ATL
LAS,ATW
LAS,AUS
LAS,AVL
LAS,AZA
LAS,BDL
LAS,BHM
LAS,BIL
LAS,BIS
LAS,BJC
LAS,BLI
LAS,BLV
LAS,BNA
LAS,BOI
LAS,BOS
LAS,BTR
LAS,BUR
LAS,BWI
LAS,BZN
LAS,CAK
LAS,CHA
LAS,CHS
LAS,CID
LAS,CLD
LAS,CLE
LAS,CLT
LAS,CMH
LAS,COS
LAS,CVG
LAS,DAL
LAS,DCA
LAS,DEN
LAS,DFW
LAS,DSM
LAS,DTW
LAS,EAU
LAS,ELP
LAS,EUG
LAS,EWR
LAS,FAR
LAS,FAT
LAS,FCA
LAS,FLL
LAS,FNT
LAS,FSD
LAS,FWA
LAS,GDL
LAS,GEG
LAS,GFK
LAS,GJT
LAS,GPT
LAS,GRI
LAS,GRR
LAS,GTF
LAS,HNL
LAS,HOU
LAS,HSV
LAS,IAD
LAS,IAH
LAS,ICN
LAS,ICT
LAS,IDA
LAS,IND
LAS,JAX
LAS,JFK
LAS,KOA
LAS,LAX
LAS,LBB
LAS,LEX
LAS,LGB
LAS,LIH
LAS,LIT
LAS,LRD
LAS,MAF
LAS,MCE
LAS,MCI
LAS,MCO
LAS,MDW
LAS,MEM
LAS,MEX
LAS,MFE
LAS,MFR
LAS,MKE
LAS,MLI
LAS,MOT
LAS,MRY
LAS,MSO
LAS,MSP
LAS,MSY
LAS,MTY
LAS,OAK
LAS,OGG
LAS,OKC
LAS,OMA
LAS,ONT
LAS,ORD
LAS,ORF
LAS,PAE
LAS,PDX
LAS,PHX
LAS,PIA
LAS,PIT
LAS,PSC
LAS,PSP
LAS,PTY
LAS,PVR
LAS,PVU
LAS,RAP
LAS,RDM
LAS,RDU
LAS,RFD
LAS,RIC
LAS,RNO
LAS,ROC
LAS,RSW
LAS,SAL
LAS,SAN
LAS,SAT
LAS,SBA
LAS,SBN
LAS,SBP
LAS,SCF
LAS,SCK
LAS,SDF
LAS,SEA
LAS,SFB
LAS,SFO
LAS,SGF
LAS,STL
LAS,STS
LAS,SYR
LAS,TPA
LAS,TUL
LAS,TUS
LAS,TYS
LAS,VPS
LAS,XNA
LAS,YEG
LAS,YLW
LAS,YQR
LAS,YUL
LAS,YVR
LAS,YWG
LAS,YXE
LAS,YYC
LAS,YYJ
LAS,YYZ
LAS,SJC
LAS,SJD
LAS,SLC
LAS,SMF
LAS,SNA
LAS,SMX
LAS,SHV
LAS,SLE
LAS,PHL
LAS,MIA
LAS,BUF
LAS,XWA
LAU,MBA
LAU,MYD
LAU,NBO
LAU,WIL
LAW,DFW
LAX,AMS
LAX,BCN
LAX,DUB
LAX,FRA
LAX,HEL
LAX,IST
LAX,CPH
LAX,LGW
LAX,LHR
LAX,MAD
LAX,MUC
LAX,OSL
LAX,CDG
LAX,ORY
LAX,FCO
LAX,WAW
LAX,VIE
LAX,ZRH
LAX,TLV
LAX,ABQ
LAX,ACV
LAX,AGU
LAX,ANC
LAX,ASE
LAX,ATL
LAX,AUS
LAX,BDL
LAX,BIL
LAX,BJX
LAX,BLI
LAX,BNA
LAX,BNE
LAX,BOI
LAX,BOS
LAX,BWI
LAX,BZE
LAX,BZN
LAX,CAK
LAX,CAN
LAX,CHS
LAX,CID
LAX,CLE
LAX,CLT
LAX,CMH
LAX,CUN
LAX,CVG
LAX,DAL
LAX,DCA
LAX,DEN
LAX,DFW
LAX,DOH
LAX,DSM
LAX,DTW
LAX,DXB
LAX,EGE
LAX,ELP
LAX,EUG
LAX,EWR
LAX,FAT
LAX,FCA
LAX,FLG
LAX,FLL
LAX,FSD
LAX,GCM
LAX,GDL
LAX,GEG
LAX,GJT
LAX,GRR
LAX,GRU
LAX,GSP
LAX,GUA
LAX,HDN
LAX,HKG
LAX,HND
LAX,HNL
LAX,HOU
LAX,HSV
LAX,IAD
LAX,IAH
LAX,ICN
LAX,ICT
LAX,IND
LAX,IPL
LAX,JAC
LAX,JAX
LAX,JED
LAX,JFK
LAX,KIX
LAX,KOA
LAX,LAS
LAX,LIH
LAX,LIM
LAX,LIR
LAX,LIT
LAX,LRD
LAX,LTO
LAX,MCI
LAX,MCO
LAX,MDW
LAX,MEL
LAX,MEM
LAX,MEX
LAX,MFE
LAX,MFR
LAX,MLM
LAX,MNL
LAX,MRY
LAX,MSN
LAX,MSO
LAX,MSP
LAX,MSY
LAX,MTJ
LAX,MTY
LAX,MZT
LAX,NAN
LAX,NAS
LAX,NRT
LAX,OAK
LAX,OAX
LAX,OGG
LAX,OKC
LAX,OMA
LAX,ORD
LAX,ORF
LAX,PAE
LAX,PBI
LAX,PDX
LAX,PEK
LAX,PHX
LAX,PIT
LAX,PPT
LAX,PRC
LAX,PSC
LAX,PSP
LAX,PTY
LAX,PVD
LAX,PVG
LAX,PVR
LAX,RAP
LAX,RDD
LAX,RDM
LAX,RDU
LAX,RFD
LAX,RIC
LAX,RNO
LAX,SAL
LAX,SAN
LAX,SAT
LAX,SBA
LAX,SBP
LAX,SCL
LAX,SDF
LAX,SEA
LAX,SFO
LAX,SGF
LAX,STL
LAX,STS
LAX,SUN
LAX,SYD
LAX,SZX
LAX,TPA
LAX,TPE
LAX,TUL
LAX,TUS
LAX,UPN
LAX,XMN
LAX,XNA
LAX,YEG
LAX,YUL
LAX,YVR
LAX,YWG
LAX,YYC
LAX,YYZ
LAX,ZCL
LAX,ZIH
LAX,ZLO
LAX,SIN
LAX,SJC
LAX,SJD
LAX,SJO
LAX,SLC
LAX,SMF
LAX,PHL
LAX,MIA
LAX,BUF
LAX,AKL
LAX,TFU
LAX,TQO
LBA,AGA
LBA,ALC
LBA,LEI
LBA,AMS
LBA,AYT
LBA,ACE
LBA,BCN
LBA,GRO
LBA,REU
LBA,BHD
LBA,BFS
LBA,BGO
LBA,EGC
LBA,BJV
LBA,BUD
LBA,BTS
LBA,OTP
LBA,BOJ
LBA,CTA
LBA,CMF
LBA,CHQ
LBA,CFU
LBA,DLM
LBA,DUB
LBA,DBV
LBA,FAO
LBA,FUE
LBA,FNC
LBA,GDN
LBA,GVA
LBA,HER
LBA,IBZ
LBA,ADB
LBA,JER
LBA,CPH
LBA,KGS
LBA,KRK
LBA,LCA
LBA,LPA
LBA,LIG
LBA,MAH
LBA,AGP
LBA,MLA
LBA,RAK
LBA,NAP
LBA,NCE
LBA,PFO
LBA,PMI
LBA,BVA
LBA,CDG
LBA,PGF
LBA,PSA
LBA,OPO
LBA,POZ
LBA,PRG
LBA,KEF
LBA,RHO
LBA,RIX
LBA,FCO
LBA,SZG
LBA,JTR
LBA,SPU
LBA,TFS
LBA,SKG
LBA,VRN
LBA,WAW
LBA,VIE
LBA,WRO
LBA,ZAD
LBA,ZTH
LBA,CLJ
LBA,EFL
LBA,JSI
LBA,BER
LBA,WMI
LBB,AUS
LBB,DAL
LBB,DEN
LBB,DFW
LBB,HOU
LBB,IAH
LBB,LAS
LBB,PHX
LBC,CFU
LBC,HER
LBC,KGS
LBC,PMI
LBC,RHO
LBD,DME
LBD,VKO
LBD,LED
LBD,KZN
LBD,KUF
LBD,CEK
LBD,DYU
LBD,KHG
LBD,KJA
LBD,MRV
LBD,OVB
LBD,SGC
LBD,SVX
LBD,TJM
LBD,UFA
LBD,URC
LBD,ZIA
LBE,MCO
LBE,MYR
LBF,DEN
LBJ,BJW
LBJ,CGK
LBJ,DPS
LBJ,ENE
LBJ,MOF
LBJ,SUB
LBL,DDC
LBL,DEN
LBP,BBN
LBP,MUR
LBP,MYY
LBR,CIZ
LBR,MAO
LBS,NAN
LBS,SUV
LBU,BKI
LBU,KUL
LBU,MYY
LBV,CMN
LBV,IST
LBV,CDG
LBV,ABJ
LBV,ADD
LBV,BKO
LBV,BSG
LBV,BZV
LBV,COO
LBV,DLA
LBV,FIH
LBV,JNB
LBV,KGL
LBV,LAD
LBV,LFW
LBV,LOS
LBV,MVB
LBV,NSI
LBV,PNR
LBV,POG
LBV,SSG
LBV,TMS
LBV,OYE
LCA,AMS
LCA,ATH
LCA,BCN
LCA,BSL
LCA,BFS
LCA,BEG
LCA,BRN
LCA,BHX
LCA,BUD
LCA,BTS
LCA,BRS
LCA,BRU
LCA,OTP
LCA,CAI
LCA,CGN
LCA,CFU
LCA,DUS
LCA,EDI
LCA,FRA
LCA,GDN
LCA,GVA
LCA,GLA
LCA,GRZ
LCA,HAM
LCA,HAJ
LCA,HEL
LCA,HER
LCA,KTW
LCA,CPH
LCA,KGS
LCA,KSC
LCA,KRK
LCA,LBA
LCA,LPL
LCA,LGW
LCA,LHR
LCA,LTN
LCA,STN
LCA,MLA
LCA,MAN
LCA,MXP
LCA,MUC
LCA,NTE
LCA,NCL
LCA,EMA
LCA,OSL
LCA,PFO
LCA,BVA
LCA,CDG
LCA,ORY
LCA,PRG
LCA,PVK
LCA,RHO
LCA,RIX
LCA,FCO
LCA,SZG
LCA,JTR
LCA,SOF
LCA,ARN
LCA,STR
LCA,TBS
LCA,SKG
LCA,VNO
LCA,WAW
LCA,VIE
LCA,WRO
LCA,ZRH
LCA,CLJ
LCA,RMO
LCA,JSI
LCA,TLV
LCA,BEY
LCA,AMM
LCA,IAS
LCA,EVN
LCA,AUH
LCA,BAH
LCA,BER
LCA,DEB
LCA,DOH
LCA,DXB
LCA,KUT
LCA,KWI
LCA,RDO
LCE,GCM
LCE,GJA
LCE,RTB
LCE,SAP
LCE,TGU
LCE,PEU
LCG,BCN
LCG,GVA
LCG,LPA
LCG,LGW
LCG,MAD
LCG,MAH
LCG,AGP
LCG,MXP
LCG,VLC
LCH,DFW
LCH,IAH
LCJ,ALC
LCJ,BHX
LCJ,CRL
LCJ,DUB
LCJ,STN
LCJ,AGP
LCJ,BGY
LCJ,EMA
LCK,CHS
LCK,FLL
LCK,MYR
LCK,PGD
LCK,PIE
LCK,SAV
LCK,SFB
LCK,SRQ
LCK,VPS
LCX,CAN
LCX,CSX
LCX,KMG
LCX,NKG
LCX,PVG
LCX,PKX
LCY,AMS
LCY,BCN
LCY,BHD
LCY,EGC
LCY,BLL
LCY,CMF
LCY,DUB
LCY,EDI
LCY,FAO
LCY,FLR
LCY,FRA
LCY,GVA
LCY,GLA
LCY,IBZ
LCY,IOM
LCY,LUX
LCY,AGP
LCY,LIN
LCY,JMK
LCY,NCE
LCY,PMI
LCY,PRG
LCY,FCO
LCY,RTM
LCY,SZG
LCY,EAS
LCY,SPU
LCY,SKG
LCY,VNO
LCY,ZRH
LCY,JSI
LCY,BER
LDB,BPS
LDB,CGH
LDB,CWB
LDB,GRU
LDB,MCZ
LDB,VCP
LDE,CRL
LDE,CTA
LDE,DUB
LDE,KRK
LDE,STN
LDE,MLA
LDE,BGY
LDE,MXP
LDE,NAP
LDE,PMO
LDE,CDG
LDE,ORY
LDE,CIA
LDE,FCO
LDE,SXB
LDE,RUN
LDH,SYD
LDS,DLC
LDS,SHE
LDS,PKX
LDU,BKI
LDU,SDK
LDY,BHX
LDY,GLA
LDY,LHR
LDY,MAN
LDZ,JNB
LEA,CCK
LEA,PER
LEB,BOS
LEB,HPN
LEC,CNF
LED,AYT
LED,BEG
LED,BJV
LED,DLM
LED,HRG
LED,IST
LED,SAW
LED,KGD
LED,MSQ
LED,DME
LED,SVO
LED,VKO
LED,SSH
LED,TBS
LED,EVN
LED,GME
LED,MMK
LED,KZN
LED,GOJ
LED,KUF
LED,AER
LED,ABA
LED,ALA
LED,ARH
LED,AUH
LED,GYD
LED,BAX
LED,BHK
LED,BUS
LED,CEE
LED,CEK
LED,DWC
LED,DXB
LED,DYU
LED,FEG
LED,FRU
LED,GRV
LED,HKT
LED,IAR
LED,IGT
LED,IJK
LED,IKA
LED,IKT
LED,IWA
LED,KEJ
LED,KJA
LED,KLF
LED,KRO
LED,KSQ
LED,KUT
LED,KVK
LED,LBD
LED,LPK
LED,MCX
LED,MQF
LED,MRV
LED,NJC
LED,NNM
LED,NOJ
LED,NOZ
LED,NSK
LED,NUX
LED,NYM
LED,OMS
LED,OSS
LED,OSW
LED,OVB
LED,OVS
LED,PEE
LED,PEK
LED,PEZ
LED,PVG
LED,REN
LED,SCW
LED,SGC
LED,SVX
LED,TAS
LED,TBW
LED,TJM
LED,TMJ
LED,TOF
LED,UCT
LED,UFA
LED,URS
LED,VGD
LED,VOG
LED,VVO
LED,YKS
LED,NMA
LED,SKD
LED,SKX
LED,SLY
LED,TJU
LED,UGC
LED,ULV
LED,RGK
LED,TFU
LED,RMZ
LED,NQZ
LEI,BCN
LEI,BIO
LEI,BHX
LEI,BRS
LEI,BRU
LEI,CRL
LEI,XRY
LEI,LBA
LEI,LGW
LEI,STN
LEI,LUX
LEI,MAD
LEI,MAN
LEI,PMI
LEI,ORY
LEI,PRG
LEI,KEF
LEI,RTM
LEI,SVQ
LEI,MLN
LEJ,AGA
LEJ,AYT
LEJ,ACE
LEJ,OTP
LEJ,CFU
LEJ,DJE
LEJ,DUS
LEJ,FAO
LEJ,FRA
LEJ,FUE
LEJ,FNC
LEJ,HAJ
LEJ,HER
LEJ,HRG
LEJ,IST
LEJ,XRY
LEJ,KGS
LEJ,LPA
LEJ,STN
LEJ,MIR
LEJ,MUC
LEJ,NUE
LEJ,PMI
LEJ,RHO
LEJ,TFS
LEJ,TIA
LEJ,VIE
LEN,BCN
LEN,IBZ
LEN,LPA
LEN,MAH
LEN,AGP
LEN,PMI
LEN,TFN
LEQ,ISC
LET,BOG
LEU,MAD
LEX,ATL
LEX,AUS
LEX,CLT
LEX,DCA
LEX,DEN
LEX,DFW
LEX,DTW
LEX,FLL
LEX,LAS
LEX,MYR
LEX,ORD
LEX,PGD
LEX,PIE
LEX,SFB
LEX,VPS
LEX,PHL
LEX,MIA
LFQ,BAV
LFQ,CAN
LFQ,CGO
LFQ,CGQ
LFQ,CKG
LFQ,CSX
LFQ,DLC
LFQ,HAK
LFQ,HET
LFQ,HGH
LFQ,HRB
LFQ,KHN
LFQ,KMG
LFQ,NNG
LFQ,PEK
LFQ,PVG
LFQ,SZX
LFQ,TSN
LFQ,URC
LFQ,WUH
LFQ,TFU
LFR,CCS
LFR,PMV
LFT,ATL
LFT,CLT
LFT,DFW
LFT,IAH
LFW,CMN
LFW,CDG
LFW,ABJ
LFW,ABV
LFW,ACC
LFW,ADD
LFW,BKO
LFW,COO
LFW,DLA
LFW,EWR
LFW,FIH
LFW,FNA
LFW,IAD
LFW,LAD
LFW,LBV
LFW,LOS
LFW,NBO
LFW,NIM
LFW,NSI
LFW,OUA
LFW,SSG
LFW,TMS
LFW,DSS
LGA,ACK
LGA,ALB
LGA,ATL
LGA,AUA
LGA,AVL
LGA,BDL
LGA,BGR
LGA,BHM
LGA,BNA
LGA,BOS
LGA,BTV
LGA,BWI
LGA,CAE
LGA,CHO
LGA,CHS
LGA,CLE
LGA,CLT
LGA,CMH
LGA,CVG
LGA,DAL
LGA,DAY
LGA,DCA
LGA,DEN
LGA,DFW
LGA,DSM
LGA,DTW
LGA,EYW
LGA,FLL
LGA,GRR
LGA,GSO
LGA,GSP
LGA,HHH
LGA,HOU
LGA,HYA
LGA,IAD
LGA,IAH
LGA,ILM
LGA,IND
LGA,JAX
LGA,LIT
LGA,MCI
LGA,MCO
LGA,MDW
LGA,MEM
LGA,MKE
LGA,MSN
LGA,MSP
LGA,MSY
LGA,MVY
LGA,MYR
LGA,NAS
LGA,OKC
LGA,OMA
LGA,ORD
LGA,ORF
LGA,ORH
LGA,PBI
LGA,PIT
LGA,PNS
LGA,PVD
LGA,PWM
LGA,RDU
LGA,RIC
LGA,ROA
LGA,ROC
LGA,RSW
LGA,SAV
LGA,SBN
LGA,SDF
LGA,SRQ
LGA,STL
LGA,SYR
LGA,TPA
LGA,TUL
LGA,TVC
LGA,TYS
LGA,XNA
LGA,YHZ
LGA,YUL
LGA,YYZ
LGA,PHL
LGA,MIA
LGA,BUF
LGB,ABQ
LGB,AUS
LGB,BNA
LGB,BOI
LGB,COS
LGB,DAL
LGB,DEN
LGB,ELP
LGB,HNL
LGB,HOU
LGB,LAS
LGB,MCI
LGB,MCO
LGB,MDW
LGB,MSY
LGB,OAK
LGB,OGG
LGB,PDX
LGB,PHX
LGB,RNO
LGB,STL
LGB,SJC
LGB,SLC
LGB,SMF
LGG,ALC
LGG,CMN
LGG,DJE
LGG,HER
LGG,LPA
LGG,AGP
LGG,PMI
LGG,RHO
LGG,TNG
LGG,TFS
LGG,ASR
LGG,NBE
LGI,NAS
LGI,ZSA
LGI,SML
LGK,JHB
LGK,KUL
LGK,PEN
LGK,SZB
LGK,SIN
LGL,BBN
LGL,MUR
LGL,MYY
LGW,ABZ
LGW,AGA
LGW,AEY
LGW,ALC
LGW,LEI
LGW,AMS
LGW,AOI
LGW,AYT
LGW,ACE
LGW,ATH
LGW,BCN
LGW,BRI
LGW,BSL
LGW,BIA
LGW,BHD
LGW,BFS
LGW,BGO
LGW,BIQ
LGW,BIO
LGW,BJV
LGW,BUD
LGW,BLQ
LGW,BOD
LGW,BDS
LGW,OTP
LGW,BOJ
LGW,CAG
LGW,CLY
LGW,CMN
LGW,CTA
LGW,CHQ
LGW,CFU
LGW,ORK
LGW,DLM
LGW,DUB
LGW,DBV
LGW,EDI
LGW,FAO
LGW,FLR
LGW,FRA
LGW,FDH
LGW,FUE
LGW,FNC
LGW,GVA
LGW,GIB
LGW,GLA
LGW,GOT
LGW,GRX
LGW,GNB
LGW,GCI
LGW,HAM
LGW,HEL
LGW,HER
LGW,HRG
LGW,IBZ
LGW,INN
LGW,INV
LGW,IOM
LGW,IST
LGW,ADB
LGW,JER
LGW,KTT
LGW,CPH
LGW,KGS
LGW,KRK
LGW,LCG
LGW,LRH
LGW,LCA
LGW,LPA
LGW,LIS
LGW,LJU
LGW,LXR
LGW,LYS
LGW,MAD
LGW,MAH
LGW,AGP
LGW,MLA
LGW,RAK
LGW,RMF
LGW,MRS
LGW,BGY
LGW,LIN
LGW,MXP
LGW,MPL
LGW,MUC
LGW,JMK
LGW,NTE
LGW,NAP
LGW,NQY
LGW,NCE
LGW,OLB
LGW,OSL
LGW,OVD
LGW,PFO
LGW,PMO
LGW,PMI
LGW,CDG
LGW,ORY
LGW,PSA
LGW,OPO
LGW,PRG
LGW,PVK
LGW,PUY
LGW,RNS
LGW,KEF
LGW,RHO
LGW,RIX
LGW,FCO
LGW,RVN
LGW,SZG
LGW,SCQ
LGW,JTR
LGW,SVQ
LGW,SNN
LGW,SSH
LGW,SOF
LGW,SPU
LGW,SVG
LGW,ARN
LGW,TLL
LGW,TNG
LGW,TFS
LGW,SKG
LGW,TLN
LGW,TLS
LGW,TOS
LGW,TRD
LGW,TUN
LGW,TRN
LGW,VLC
LGW,VCE
LGW,VRN
LGW,VIE
LGW,ZAD
LGW,ZAG
LGW,ZTH
LGW,ZRH
LGW,TIV
LGW,EFL
LGW,SXB
LGW,FSC
LGW,JSI
LGW,KLX
LGW,TLV
LGW,ALG
LGW,TGD
LGW,EBL
LGW,PDV
LGW,BZO
LGW,NBE
LGW,ACC
LGW,ADD
LGW,AMD
LGW,ANU
LGW,ASB
LGW,ATQ
LGW,GYD
LGW,BER
LGW,BKK
LGW,BOS
LGW,BVC
LGW,CAN
LGW,CCC
LGW,CGO
LGW,COK
LGW,CPT
LGW,CUN
LGW,DOH
LGW,DXB
LGW,FAE
LGW,ISB
LGW,JED
LGW,JFK
LGW,KIN
LGW,LAS
LGW,LAX
LGW,LOS
LGW,MCO
LGW,MRU
LGW,PDL
LGW,PEK
LGW,POS
LGW,PUJ
LGW,PVG
LGW,QSR
LGW,TAS
LGW,TPA
LGW,UVF
LGW,YHZ
LGW,YQB
LGW,YUL
LGW,YVR
LGW,YYT
LGW,YYZ
LGW,SID
LGW,SIN
LGW,SJO
LGW,RMU
LGW,MIA
LGW,GOX
LGZ,CTU
LHE,IST
LHE,DAM
LHE,AUH
LHE,BAH
LHE,BKK
LHE,CAN
LHE,CMB
LHE,DMM
LHE,DOH
LHE,DXB
LHE,FRU
LHE,GIL
LHE,IKA
LHE,JED
LHE,KDU
LHE,KHI
LHE,KUL
LHE,KWI
LHE,MCT
LHE,MED
LHE,MHD
LHE,RKT
LHE,RUH
LHE,SHJ
LHE,UET
LHE,URC
LHE,YYZ
LHG,WGE
LHN,CNF
LHR,ABZ
LHR,AMS
LHR,ATH
LHR,BCN
LHR,BSL
LHR,BHD
LHR,BEG
LHR,BGO
LHR,BLL
LHR,BJV
LHR,BUD
LHR,BLQ
LHR,BDS
LHR,BRU
LHR,OTP
LHR,CAI
LHR,CMN
LHR,CHQ
LHR,LDY
LHR,CGN
LHR,CFU
LHR,ORK
LHR,DLM
LHR,DUB
LHR,DBV
LHR,DUS
LHR,EDI
LHR,FAO
LHR,FLR
LHR,FRA
LHR,FNC
LHR,GVA
LHR,GIB
LHR,GLA
LHR,GOT
LHR,GNB
LHR,HAM
LHR,HAJ
LHR,HEL
LHR,HER
LHR,IBZ
LHR,INN
LHR,INV
LHR,IOM
LHR,IST
LHR,SAW
LHR,ADB
LHR,JER
LHR,NOC
LHR,CPH
LHR,KGS
LHR,KRK
LHR,LCA
LHR,LIS
LHR,LJU
LHR,LUX
LHR,LXR
LHR,LYS
LHR,MAD
LHR,AGP
LHR,MLA
LHR,MAN
LHR,RAK
LHR,MRS
LHR,LIN
LHR,MXP
LHR,MUC
LHR,JMK
LHR,NAP
LHR,NCL
LHR,NCE
LHR,OLB
LHR,OSL
LHR,PFO
LHR,PMO
LHR,PMI
LHR,CDG
LHR,ORY
LHR,PEG
LHR,PSA
LHR,PRG
LHR,PVK
LHR,PUY
LHR,KEF
LHR,RHO
LHR,RIX
LHR,FCO
LHR,SZG
LHR,JTR
LHR,SNN
LHR,SOF
LHR,SPU
LHR,SVG
LHR,ARN
LHR,STR
LHR,TFS
LHR,SKG
LHR,TIA
LHR,TLS
LHR,TOS
LHR,TUN
LHR,TRN
LHR,VLC
LHR,VCE
LHR,WAW
LHR,VIE
LHR,ZAG
LHR,ZTH
LHR,ZRH
LHR,EFL
LHR,FSC
LHR,KLX
LHR,TLV
LHR,BEY
LHR,ALG
LHR,AMM
LHR,DND
LHR,ABV
LHR,ACC
LHR,ADD
LHR,ANU
LHR,ATL
LHR,AUH
LHR,AUS
LHR,BAH
LHR,GYD
LHR,BDA
LHR,BER
LHR,BGI
LHR,BKK
LHR,BLR
LHR,BNA
LHR,BOG
LHR,BOM
LHR,BOS
LHR,BWI
LHR,CAN
LHR,CKG
LHR,CLT
LHR,CMB
LHR,CPT
LHR,CSX
LHR,CVG
LHR,DEL
LHR,DEN
LHR,DFW
LHR,DOH
LHR,DTW
LHR,DXB
LHR,EWR
LHR,GIG
LHR,GRU
LHR,HAN
LHR,HKG
LHR,HND
LHR,HYD
LHR,IAD
LHR,IAH
LHR,ICN
LHR,IKA
LHR,ISB
LHR,JED
LHR,JFK
LHR,JNB
LHR,KGL
LHR,KUL
LHR,KWI
LHR,LAS
LHR,LAX
LHR,LOS
LHR,MAA
LHR,MBJ
LHR,MCO
LHR,MCT
LHR,MEX
LHR,MLE
LHR,MSP
LHR,MSY
LHR,NAS
LHR,NBO
LHR,ORD
LHR,PDL
LHR,PDX
LHR,PEK
LHR,PER
LHR,PHX
LHR,PIT
LHR,PLS
LHR,PVG
LHR,RDU
LHR,RUH
LHR,SAN
LHR,SCL
LHR,SCO
LHR,SEA
LHR,SFO
LHR,SGN
LHR,SZX
LHR,TAO
LHR,TAS
LHR,TPA
LHR,TPE
LHR,UVF
LHR,WUH
LHR,XIY
LHR,YHZ
LHR,YUL
LHR,YVR
LHR,YYC
LHR,YYZ
LHR,ZYL
LHR,SIN
LHR,SLC
LHR,PKX
LHR,PHL
LHR,MIA
LHR,SCR
LHR,NUM
LHR,TFU
LHW,AAT
LHW,AKA
LHW,AKU
LHW,BAV
LHW,BKK
LHW,CAN
LHW,CGO
LHW,CGQ
LHW,CKG
LHW,CSX
LHW,CTU
LHW,DAT
LHW,DLC
LHW,DNH
LHW,DSN
LHW,DYG
LHW,ENH
LHW,FOC
LHW,FUG
LHW,HAK
LHW,HET
LHW,HFE
LHW,HGH
LHW,HIA
LHW,HKG
LHW,HMI
LHW,HNY
LHW,HRB
LHW,HTN
LHW,IQN
LHW,JGN
LHW,JJN
LHW,JNG
LHW,KHG
LHW,KHN
LHW,KMG
LHW,KRL
LHW,KRY
LHW,KWE
LHW,KWL
LHW,LJG
LHW,LXA
LHW,LYG
LHW,LZO
LHW,NGB
LHW,NKG
LHW,NNG
LHW,NNY
LHW,PEK
LHW,PVG
LHW,SHA
LHW,SHE
LHW,SZX
LHW,TAO
LHW,TNA
LHW,TSN
LHW,TYN
LHW,URC
LHW,WNZ
LHW,WUH
LHW,WXN
LHW,XFN
LHW,XIY
LHW,XMN
LHW,XUZ
LHW,YIH
LHW,YIN
LHW,YNT
LHW,YTY
LHW,YZY
LHW,ZUH
LHW,ZYI
LHW,FUO
LHW,JIC
LHW,SJW
LHW,UYN
LHW,LLV
LHW,SHF
LHW,QSZ
LHW,LNL
LHW,TWC
LHW,PKX
LHW,SHS
LHW,TFU
LIF,GEA
LIF,MEE
LIF,TGJ
LIF,UVE
LIG,BRS
LIG,LBA
LIG,STN
LIG,LYS
LIG,MAN
LIG,RAK
LIG,MRS
LIG,EMA
LIH,DEN
LIH,HNL
LIH,KOA
LIH,LAS
LIH,LAX
LIH,OAK
LIH,OGG
LIH,PDX
LIH,PHX
LIH,SAN
LIH,SEA
LIH,SFO
LIH,YVR
LIH,SJC
LIH,SMF
LIK,KWA
LIK,MAJ
LIL,AGA
LIL,AJA
LIL,ALC
LIL,ACE
LIL,ATH
LIL,BCN
LIL,BIA
LIL,BOD
LIL,CLY
LIL,CMN
LIL,CFU
LIL,DJE
LIL,DBV
LIL,FAO
LIL,FUE
LIL,GVA
LIL,HER
LIL,KGS
LIL,KRK
LIL,LPA
LIL,MAH
LIL,AGP
LIL,RAK
LIL,MRS
LIL,MIR
LIL,MPL
LIL,NCE
LIL,OLB
LIL,OUD
LIL,PMO
LIL,PMI
LIL,PGF
LIL,OPO
LIL,RHO
LIL,FCO
LIL,SPU
LIL,TFS
LIL,TLS
LIL,TUN
LIL,VAR
LIL,VCE
LIL,FSC
LIL,KLX
LIL,ALG
LIL,TGD
LIL,ORN
LIL,BJA
LIL,CIY
LIL,CZL
LIL,QSF
LIL,TLM
LIL,DSS
LIM,AMS
LIM,MAD
LIM,CDG
LIM,AEP
LIM,ANF
LIM,AQP
LIM,ASU
LIM,ATA
LIM,ATL
LIM,AUA
LIM,AYP
LIM,BOG
LIM,BSB
LIM,CCS
LIM,CHH
LIM,CIX
LIM,CJA
LIM,COR
LIM,CTG
LIM,CUC
LIM,CUN
LIM,CUZ
LIM,EWR
LIM,EZE
LIM,GIG
LIM,GRU
LIM,GYE
LIM,HAV
LIM,HUU
LIM,IAH
LIM,ILQ
LIM,IQT
LIM,JAU
LIM,JFK
LIM,JUL
LIM,LAX
LIM,LPB
LIM,MDE
LIM,MDZ
LIM,MEX
LIM,MVD
LIM,PCL
LIM,PEI
LIM,PEM
LIM,PIU
LIM,POA
LIM,PTY
LIM,PUJ
LIM,SAL
LIM,SCL
LIM,SDQ
LIM,TBP
LIM,TGI
LIM,TRU
LIM,TYL
LIM,UIO
LIM,VVI
LIM,YUL
LIM,YYZ
LIM,SJO
LIM,SLA
LIM,TCQ
LIM,TPP
LIM,JAE
LIM,MIA
LIM,MZA
LIN,AHO
LIN,AMS
LIN,BCN
LIN,BRI
LIN,BDS
LIN,BRU
LIN,CAG
LIN,CTA
LIN,CFU
LIN,DUB
LIN,DUS
LIN,FRA
LIN,HAM
LIN,HEL
LIN,HER
LIN,IBZ
LIN,SUF
LIN,LMP
LIN,LCY
LIN,LGW
LIN,LHR
LIN,LUX
LIN,MAD
LIN,MAH
LIN,MLA
LIN,MUC
LIN,NAP
LIN,OLB
LIN,OSL
LIN,PMO
LIN,PMI
LIN,PNL
LIN,CDG
LIN,ORY
LIN,PEG
LIN,REG
LIN,RHO
LIN,FCO
LIN,RLG
LIN,ARN
LIN,STR
LIN,TRS
LIN,BER
LIN,CIY
LIN,FOG
LIO,TTQ
LIO,SJO
LIR,AMS
LIR,ZRH
LIR,ATL
LIR,BOS
LIR,BWI
LIR,CLT
LIR,DEN
LIR,DFW
LIR,EWR
LIR,FON
LIR,HOU
LIR,IAH
LIR,JFK
LIR,LAX
LIR,MSP
LIR,NOB
LIR,ORD
LIR,SFO
LIR,YUL
LIR,YYC
LIR,YYZ
LIR,SJO
LIR,PHL
LIR,MIA
LIS,AGA
LIS,ALC
LIS,AMS
LIS,ESB
LIS,ATH
LIS,BCN
LIS,BSL
LIS,BIA
LIS,BEG
LIS,BIO
LIS,BHX
LIS,BUD
LIS,BLQ
LIS,BOD
LIS,BRS
LIS,BRU
LIS,CRL
LIS,OTP
LIS,CAI
LIS,CMN
LIS,CGN
LIS,DUB
LIS,DUS
LIS,EDI
LIS,EIN
LIS,FAO
LIS,FLR
LIS,FRA
LIS,FNC
LIS,GVA
LIS,GLA
LIS,HAM
LIS,HEL
LIS,IBZ
LIS,IST
LIS,ADB
LIS,CPH
LIS,KRK
LIS,LPA
LIS,LGW
LIS,LHR
LIS,LTN
LIS,STN
LIS,LUX
LIS,LYS
LIS,MAD
LIS,MAH
LIS,AGP
LIS,MLA
LIS,MAN
LIS,RAK
LIS,MRS
LIS,BGY
LIS,MXP
LIS,MPL
LIS,MUC
LIS,NTE
LIS,NAP
LIS,NCE
LIS,OSL
LIS,OVD
LIS,PMI
LIS,BVA
LIS,CDG
LIS,ORY
LIS,PSA
LIS,OPO
LIS,POZ
LIS,PRG
LIS,KEF
LIS,RIX
LIS,FCO
LIS,RTM
LIS,SVQ
LIS,SOF
LIS,ARN
LIS,STR
LIS,TNG
LIS,TFS
LIS,TLS
LIS,TUN
LIS,VLC
LIS,VCE
LIS,VNO
LIS,WAW
LIS,VIE
LIS,WRO
LIS,ZRH
LIS,RMO
LIS,TLV
LIS,TER
LIS,ALG
LIS,ACC
LIS,AUH
LIS,BEL
LIS,BER
LIS,BJL
LIS,BOS
LIS,BSB
LIS,BVC
LIS,CCS
LIS,CNF
LIS,CUN
LIS,DOH
LIS,DXB
LIS,EWR
LIS,FOR
LIS,GIG
LIS,GRU
LIS,HGH
LIS,HOR
LIS,IAD
LIS,ICN
LIS,JFK
LIS,LAD
LIS,MPM
LIS,NAT
LIS,ORD
LIS,OXB
LIS,PDL
LIS,PIX
LIS,POA
LIS,PUJ
LIS,PXO
LIS,RAI
LIS,REC
LIS,SFO
LIS,SSA
LIS,TMS
LIS,VCP
LIS,VRA
LIS,VXE
LIS,WMI
LIS,YUL
LIS,YYZ
LIS,SID
LIS,SMA
LIS,DSS
LIS,PHL
LIS,MIA
LIT,ATL
LIT,CLT
LIT,DAL
LIT,DCA
LIT,DEN
LIT,DFW
LIT,HOU
LIT,IAH
LIT,LAS
LIT,LAX
LIT,LGA
LIT,ORD
LIT,PHX
LIT,PIE
LIT,SFB
LIT,STL
LIT,VPS
LIT,MIA
LIX,LLW
LJG,BKK
LJG,CAN
LJG,CGO
LJG,CKG
LJG,CSX
LJG,CTU
LJG,GYS
LJG,HFE
LJG,HGH
LJG,HJJ
LJG,HNY
LJG,HPH
LJG,JHG
LJG,KHN
LJG,KMG
LJG,KOW
LJG,KWE
LJG,KWL
LJG,LXA
LJG,LZO
LJG,MIG
LJG,NKG
LJG,NNG
LJG,PEK
LJG,PVG
LJG,SGN
LJG,SHA
LJG,SZX
LJG,TAO
LJG,TNA
LJG,TSN
LJG,TYN
LJG,WUH
LJG,WUX
LJG,XFN
LJG,XIY
LJG,XMN
LJG,YBP
LJG,ZAT
LJG,ZUH
LJG,ZYI
LJG,AVA
LJG,MWX
LJG,SJW
LJG,SYM
LJG,YCU
LJG,LHW
LJG,BFJ
LJG,BZX
LJG,PKX
LJG,TFU
LJG,DZH
LJU,AMS
LJU,ATH
LJU,BEG
LJU,BRU
LJU,FRA
LJU,HEL
LJU,HER
LJU,IST
LJU,CPH
LJU,LGW
LJU,LHR
LJU,LUX
LJU,MAD
LJU,MUC
LJU,CDG
LJU,ORY
LJU,RIX
LJU,SKP
LJU,WAW
LJU,VIE
LJU,ZRH
LJU,TIV
LJU,TLV
LJU,TGD
LJU,INI
LJU,DXB
LKA,KOE
LKB,SUV
LKE,CXH
LKH,MUR
LKH,MYY
LKI,BTJ
LKI,KNO
LKL,KKN
LKL,OSL
LKL,TOS
LKN,BGO
LKN,BOO
LKN,OSL
LKN,RET
LKO,AGR
LKO,AMD
LKO,ATQ
LKO,AUH
LKO,BHO
LKO,BLR
LKO,BOM
LKO,CCU
LKO,DED
LKO,DEL
LKO,DMK
LKO,DMM
LKO,DXB
LKO,GAU
LKO,GOI
LKO,GOP
LKO,HYD
LKO,IDR
LKO,IXC
LKO,IXD
LKO,JAI
LKO,JED
LKO,MAA
LKO,MCT
LKO,NAG
LKO,PAT
LKO,PNQ
LKO,RKT
LKO,RPR
LKO,RUH
LKO,SHJ
LKO,VNS
LKO,KQH
LKY,ARK
LKY,EBB
LKY,JRO
LKY,ZNZ
LKY,SEU
LKY,GTZ
LLA,GOT
LLA,ORY
LLA,ARN
LLA,PJA
LLB,WUH
LLB,ACX
LLB,AVA
LLB,WMT
LLB,TEN
LLF,CKG
LLF,HAK
LLF,PKX
LLI,ADD
LLI,BJR
LLI,GDQ
LLJ,CGK
LLK,DME
LLM,HIR
LLO,UPG
LLV,CKG
LLV,HGH
LLV,KMG
LLV,KWE
LLV,PEK
LLV,PVG
LLV,SHE
LLV,TSN
LLV,WUH
LLV,XIY
LLV,LHW
LLV,PKX
LLV,TFU
LLW,ADD
LLW,APL
LLW,BLZ
LLW,FBM
LLW,HRE
LLW,JNB
LLW,LUN
LLW,MFU
LLW,NBO
LLW,ZZU
LLW,LIX
LLW,VUU
LMA,FAI
LMC,BOG
LML,KWA
LML,WTO
LMM,GDL
LMM,MEX
LMM,MTY
LMM,MXL
LMM,TIJ
LMN,BKI
LMN,KCH
LMN,LWY
LMN,MYY
LMP,BLQ
LMP,CTA
LMP,BGY
LMP,LIN
LMP,MXP
LMP,NAP
LMP,PMO
LMP,PEG
LMP,FCO
LMP,TRN
LMP,VCE
LMP,VRN
LMU,BTH
LMV,HAQ
LMV,MLE
LMV,NMF
LNB,VLI
LNE,LOD
LNE,SSR
LNE,VLI
LNE,SON
LNJ,KMG
LNJ,PVG
LNJ,TFU
LNK,DEN
LNK,ORD
LNL,CKG
LNL,DNH
LNL,HAK
LNL,HFE
LNL,HGH
LNL,KWE
LNL,PVG
LNL,URC
LNL,LHW
LNL,PKX
LNO,LVO
LNO,PER
LNS,IAD
LNS,MCO
LNS,PIT
LNU,BPN
LNU,TRK
LNV,KVG
LNV,POM
LNV,RAB
LNY,HNL
LNY,MKK
LNY,OGG
LNZ,DUS
LNZ,HER
LNZ,STN
LNZ,PMI
LOD,LNE
LOD,VLI
LOD,SON
LOE,DMK
LOH,UIO
LOK,EDL
LOK,WIL
LOO,ALG
LOP,BMU
LOP,CGK
LOP,DPS
LOP,KUL
LOP,SUB
LOP,UPG
LOP,SIN
LOP,SWQ
LOP,YIA
LOS,AMS
LOS,CAI
LOS,CMN
LOS,FRA
LOS,IST
LOS,LGW
LOS,LHR
LOS,CDG
LOS,BEY
LOS,ABJ
LOS,ABV
LOS,ACC
LOS,ADD
LOS,AKR
LOS,ATL
LOS,BJL
LOS,BNI
LOS,BOM
LOS,CBQ
LOS,COO
LOS,DLA
LOS,DOH
LOS,DXB
LOS,EBB
LOS,ENU
LOS,FNA
LOS,IAD
LOS,IBA
LOS,ILR
LOS,JFK
LOS,JNB
LOS,JOS
LOS,KAD
LOS,KAN
LOS,KGL
LOS,LAD
LOS,LBV
LOS,LFW
LOS,NBO
LOS,PHC
LOS,QOW
LOS,SSG
LOS,QRW
LOS,QUO
LOS,ABB
LOS,DSS
LPA,AGA
LPA,ALC
LPA,AMS
LPA,ANR
LPA,ACE
LPA,BCN
LPA,BSL
LPA,BFS
LPA,BGO
LPA,BIO
LPA,BLL
LPA,BHX
LPA,BUD
LPA,BLQ
LPA,BOH
LPA,BRS
LPA,BRU
LPA,CRL
LPA,CMN
LPA,CGN
LPA,ORK
LPA,DUB
LPA,DUS
LPA,EDI
LPA,EIN
LPA,FLR
LPA,FRA
LPA,HHN
LPA,FUE
LPA,FNC
LPA,GVA
LPA,GLA
LPA,PIK
LPA,GOT
LPA,GRX
LPA,GRZ
LPA,HAM
LPA,HAJ
LPA,HEL
LPA,IBZ
LPA,XRY
LPA,FKB
LPA,CPH
LPA,KRK
LPA,LCG
LPA,SPC
LPA,LBA
LPA,LEJ
LPA,LIS
LPA,LPL
LPA,LGW
LPA,LTN
LPA,STN
LPA,LGG
LPA,LUX
LPA,LYS
LPA,MAD
LPA,MAH
LPA,AGP
LPA,MAN
LPA,RAK
LPA,BGY
LPA,MXP
LPA,MUC
LPA,NTE
LPA,NAP
LPA,NCL
LPA,EMA
LPA,NUE
LPA,OST
LPA,OSL
LPA,TRF
LPA,OVD
LPA,PMI
LPA,CDG
LPA,ORY
LPA,PSA
LPA,OPO
LPA,PRG
LPA,KEF
LPA,RIX
LPA,LIL
LPA,FCO
LPA,RTM
LPA,SZG
LPA,EAS
LPA,SDR
LPA,SCQ
LPA,SVQ
LPA,SNN
LPA,SVG
LPA,ARN
LPA,STR
LPA,TLL
LPA,TMP
LPA,TNG
LPA,TFN
LPA,TFS
LPA,TLS
LPA,TRD
LPA,VLC
LPA,VLL
LPA,TSF
LPA,VCE
LPA,VRN
LPA,VGO
LPA,VNO
LPA,VIE
LPA,ZAZ
LPA,ZRH
LPA,PNA
LPA,GRQ
LPA,OZZ
LPA,FMM
LPA,SLM
LPA,LEN
LPA,ESU
LPA,BJZ
LPA,BER
LPA,EUN
LPA,FAE
LPA,GLN
LPA,GMZ
LPA,MLN
LPA,NDB
LPA,NKC
LPA,ODB
LPA,PDL
LPA,VIL
LPA,SID
LPA,VDE
LPA,DSS
LPA,RMU
LPB,BOG
LPB,CBB
LPB,CIJ
LPB,CUZ
LPB,LIM
LPB,RBQ
LPB,SCL
LPB,SRE
LPB,TDD
LPB,TJA
LPB,VVI
LPB,UYU
LPF,KWE
LPF,NKG
LPF,PEK
LPF,SZX
LPF,WUH
LPI,AMS
LPK,KGD
LPK,LED
LPK,SVX
LPL,ALC
LPL,AMS
LPL,AYT
LPL,ACE
LPL,BCN
LPL,REU
LPL,BHD
LPL,BFS
LPL,EGC
LPL,BJV
LPL,BUD
LPL,OTP
LPL,BOJ
LPL,CFU
LPL,ORK
LPL,DLM
LPL,DUB
LPL,FAO
LPL,FUE
LPL,FNC
LPL,GDN
LPL,GVA
LPL,HER
LPL,HRG
LPL,IBZ
LPL,IOM
LPL,ADB
LPL,JER
LPL,KTW
LPL,KUN
LPL,NOC
LPL,KGS
LPL,KSC
LPL,KRK
LPL,LCA
LPL,LPA
LPL,MAD
LPL,MAH
LPL,AGP
LPL,MLA
LPL,BGY
LPL,NCE
LPL,PFO
LPL,PMI
LPL,CDG
LPL,OPO
LPL,POZ
LPL,PRG
LPL,KEF
LPL,RHO
LPL,CIA
LPL,RVN
LPL,SZG
LPL,SNN
LPL,SOF
LPL,ARN
LPL,SZZ
LPL,TFS
LPL,WAW
LPL,WRO
LPL,ZAD
LPL,ZTH
LPL,BCM
LPL,IAS
LPL,NBE
LPL,WMI
LPM,VLI
LPM,NUS
LPP,BGY
LPQ,BKK
LPQ,CNX
LPQ,DMK
LPQ,HAK
LPQ,HAN
LPQ,KMG
LPQ,VTE
LPQ,PKZ
LPQ,SAI
LPT,BKK
LPT,HGN
LPX,RIX
LQM,FLA
LQM,PUU
LRD,DFW
LRD,IAH
LRD,LAS
LRD,LAX
LRE,BCI
LRE,BKQ
LRE,BNE
LRE,WIN
LRH,BRS
LRH,CRL
LRH,ORK
LRH,DUB
LRH,GVA
LRH,LGW
LRH,STN
LRH,LYS
LRH,MAN
LRH,RAK
LRH,MRS
LRH,OPO
LRM,DUS
LRM,FRA
LRM,MXP
LRM,FCO
LRM,VRN
LRM,CCS
LRM,MBJ
LRM,YUL
LRM,YYZ
LRM,MIA
LRR,DOH
LRR,DXB
LRR,KWI
LRR,SHJ
LRR,THR
LRS,ATH
LRS,JKL
LRS,JTY
LRT,TLS
LRU,ABQ
LRV,CCS
LSC,ANF
LSC,ARI
LSC,CCP
LSC,CJC
LSC,IQQ
LSC,SCL
LSE,GNS
LSE,ORD
LSE,PDG
LSH,HEH
LSH,MDL
LSH,RGN
LSH,THL
LSI,ABZ
LSI,BGO
LSI,EDI
LSI,GLA
LSI,DND
LSI,KOI
LSP,CCS
LSP,CUR
LSQ,SCL
LST,ADL
LST,BNE
LST,BWT
LST,FLS
LST,MEL
LST,PER
LST,SYD
LSW,KNO
LTI,UBN
LTM,OGL
LTN,ABZ
LTN,AGA
LTN,ALC
LTN,AMS
LTN,AYT
LTN,ACE
LTN,ATH
LTN,BCN
LTN,REU
LTN,BHD
LTN,BFS
LTN,BEG
LTN,BJV
LTN,BUD
LTN,BLQ
LTN,BOD
LTN,BTS
LTN,OTP
LTN,BOJ
LTN,BZG
LTN,CTA
LTN,CHQ
LTN,CND
LTN,CFU
LTN,ORK
LTN,DLM
LTN,DUB
LTN,EDI
LTN,FAO
LTN,FUE
LTN,GDN
LTN,GVA
LTN,GLA
LTN,GNB
LTN,HER
LTN,HRG
LTN,IBZ
LTN,INN
LTN,INV
LTN,IST
LTN,ADB
LTN,JER
LTN,KTW
LTN,KUN
LTN,KIR
LTN,NOC
LTN,KSC
LTN,KRK
LTN,LCA
LTN,LPA
LTN,LIS
LTN,LYS
LTN,MAD
LTN,MAH
LTN,AGP
LTN,MLA
LTN,RAK
LTN,MXP
LTN,MPL
LTN,JMK
LTN,NAP
LTN,NCE
LTN,OLB
LTN,PFO
LTN,PMO
LTN,PMI
LTN,CDG
LTN,PSA
LTN,TAT
LTN,OPO
LTN,POZ
LTN,PRG
LTN,PRN
LTN,PUY
LTN,KEF
LTN,RHO
LTN,RVN
LTN,RZE
LTN,SZG
LTN,JTR
LTN,SVQ
LTN,SSH
LTN,SKP
LTN,SOF
LTN,SPU
LTN,TLL
LTN,TFS
LTN,TSR
LTN,TIA
LTN,TGM
LTN,TOS
LTN,TRN
LTN,VAR
LTN,TSF
LTN,VNO
LTN,WAW
LTN,WRO
LTN,ZTH
LTN,ZRH
LTN,TIV
LTN,SJJ
LTN,CLJ
LTN,RMO
LTN,TLV
LTN,BCM
LTN,AMM
LTN,SBZ
LTN,IAS
LTN,BZR
LTN,PDV
LTN,NBE
LTN,SCV
LTN,BER
LTN,CRA
LTN,DEB
LTN,SUJ
LTN,LUZ
LTN,RMU
LTN,SPX
LTN,GHV
LTO,DFW
LTO,GDL
LTO,LAX
LTO,PHX
LTO,SFO
LTO,TIJ
LTO,YYC
LUD,ERS
LUM,CAN
LUM,CGO
LUM,CKG
LUM,CSX
LUM,CTU
LUM,HGH
LUM,JHG
LUM,JJN
LUM,KMG
LUM,KWE
LUM,MDL
LUM,PVG
LUM,WUH
LUM,XIY
LUM,SYM
LUM,JMJ
LUM,PKX
LUM,TFU
LUN,ADD
LUN,CPT
LUN,DAR
LUN,DOH
LUN,DUR
LUN,DXB
LUN,FBM
LUN,GBE
LUN,HRE
LUN,JNB
LUN,KAA
LUN,KGL
LUN,LLW
LUN,LVI
LUN,MFU
LUN,NBO
LUN,NLA
LUN,SLI
LUN,JEK
LUN,RYL
LUN,UMB
LUO,LAD
LUP,HNL
LUP,MKK
LUQ,AEP
LUR,OTZ
LUR,PHO
LUV,AMQ
LUV,DOB
LUW,UPG
LUX,AGA
LUX,AJA
LUX,ALC
LUX,LEI
LUX,AMS
LUX,AYT
LUX,ACE
LUX,ATH
LUX,BCN
LUX,BRI
LUX,BIA
LUX,BEG
LUX,BIQ
LUX,BUD
LUX,BLQ
LUX,BOD
LUX,BWK
LUX,BDS
LUX,OTP
LUX,BOJ
LUX,CAG
LUX,CLY
LUX,CTA
LUX,CHQ
LUX,CFU
LUX,DJE
LUX,DUB
LUX,DBV
LUX,FAO
LUX,FLR
LUX,FRA
LUX,FUE
LUX,FNC
LUX,GVA
LUX,HAM
LUX,HER
LUX,HRG
LUX,IBZ
LUX,IST
LUX,ADB
LUX,XRY
LUX,CPH
LUX,KGS
LUX,KRK
LUX,SPC
LUX,SUF
LUX,LPA
LUX,LIS
LUX,LJU
LUX,LCY
LUX,LHR
LUX,STN
LUX,LXR
LUX,MAD
LUX,MAH
LUX,AGP
LUX,MLA
LUX,MAN
LUX,RAK
LUX,RMF
LUX,MRS
LUX,BGY
LUX,LIN
LUX,MXP
LUX,MIR
LUX,MPL
LUX,MUC
LUX,NAP
LUX,NCE
LUX,OLB
LUX,OSL
LUX,PMO
LUX,PMI
LUX,CDG
LUX,PSR
LUX,OPO
LUX,PRG
LUX,RHO
LUX,RMI
LUX,FCO
LUX,RVN
LUX,SVQ
LUX,ARN
LUX,TFS
LUX,SKG
LUX,TLN
LUX,TLS
LUX,VLC
LUX,VAR
LUX,VCE
LUX,WAW
LUX,VIE
LUX,GWT
LUX,ZAD
LUX,ZRH
LUX,TIV
LUX,FSC
LUX,HDF
LUX,NBE
LUX,BER
LUX,BVC
LUX,CGO
LUX,DWC
LUX,RAI
LUX,VXE
LUX,SID
LUX,DSS
LUZ,BOJ
LUZ,DUB
LUZ,GDN
LUZ,LTN
LUZ,BGY
LUZ,SPU
LUZ,WAW
LVI,CPT
LVI,JNB
LVI,LUN
LVI,MQP
LVI,NBO
LVO,LNO
LVO,PER
LWB,CLT
LWE,KOE
LWK,FIE
LWK,FOA
LWS,DEN
LWS,SEA
LWS,SLC
LWY,BKI
LWY,BKM
LWY,LMN
LWY,MYY
LXA,BPX
LXA,CGO
LXA,CKG
LXA,CSX
LXA,CTU
LXA,DIG
LXA,GOQ
LXA,GYS
LXA,KMG
LXA,KTM
LXA,KWE
LXA,LJG
LXA,LZO
LXA,MIG
LXA,NAO
LXA,NGQ
LXA,PEK
LXA,WUH
LXA,WXN
LXA,XIY
LXA,XNN
LXA,YBP
LXA,LHW
LXA,AHJ
LXA,TFU
LXA,DZH
LXA,DDR
LXG,VTE
LXR,BCN
LXR,BIO
LXR,BRU
LXR,CAI
LXR,DUS
LXR,HRG
LXR,LGW
LXR,LHR
LXR,LUX
LXR,LYS
LXR,MAD
LXR,AGP
LXR,MAN
LXR,RMF
LXR,MXP
LXR,NTE
LXR,CDG
LXR,ORY
LXR,OPO
LXR,FCO
LXR,SSH
LXR,VLC
LXR,VRN
LXR,ZRH
LXR,JED
LXR,KWI
LXR,MED
LXS,ATH
LXS,MJT
LXS,SKG
LXS,JIK
LYA,BKK
LYA,CAN
LYA,CIF
LYA,CKG
LYA,CTU
LYA,FOC
LYA,HAK
LYA,HET
LYA,HGH
LYA,HRB
LYA,KHN
LYA,KWE
LYA,NNG
LYA,SHA
LYA,SHE
LYA,SYX
LYA,SZX
LYA,URC
LYA,WEH
LYA,XNN
LYA,PKX
LYB,CYB
LYB,GCM
LYC,ARN
LYC,HMV
LYC,VHM
LYG,CAN
LYG,CGQ
LYG,CKG
LYG,CSX
LYG,CTU
LYG,DLC
LYG,DSN
LYG,FOC
LYG,HAK
LYG,HRB
LYG,JJN
LYG,KHN
LYG,KMG
LYG,KWE
LYG,NGB
LYG,PEK
LYG,SHE
LYG,SZX
LYG,WNZ
LYG,XIY
LYG,XMN
LYG,XNN
LYG,ZUH
LYG,SJW
LYG,LHW
LYG,TFU
LYH,CLT
LYI,CAN
LYI,CGQ
LYI,CSX
LYI,CTU
LYI,HGH
LYI,HKG
LYI,HRB
LYI,HSN
LYI,INC
LYI,KHN
LYI,KMG
LYI,KWL
LYI,NGB
LYI,PVG
LYI,SHE
LYI,SWA
LYI,SYX
LYI,SZX
LYI,TYN
LYI,WNZ
LYI,WUH
LYI,XIY
LYI,XMN
LYI,XNN
LYI,YNT
LYI,TFU
LYP,AUH
LYP,BAH
LYP,DXB
LYP,KHI
LYP,SHJ
LYR,OSL
LYR,TOS
LYS,AGA
LYS,AJA
LYS,ALC
LYS,AMS
LYS,AYT
LYS,ACE
LYS,ATH
LYS,BCN
LYS,BRI
LYS,BIA
LYS,BFS
LYS,BEG
LYS,BIQ
LYS,BIO
LYS,BHX
LYS,BUD
LYS,BLQ
LYS,BOD
LYS,BES
LYS,BRS
LYS,BRU
LYS,OTP
LYS,CAG
LYS,CAI
LYS,CLY
LYS,CMN
LYS,CTA
LYS,CHQ
LYS,CFU
LYS,ORK
LYS,DJE
LYS,DUB
LYS,DBV
LYS,DUS
LYS,EDI
LYS,FAO
LYS,FEZ
LYS,FLR
LYS,FRA
LYS,FUE
LYS,FNC
LYS,GOT
LYS,HAM
LYS,HER
LYS,HRG
LYS,IBZ
LYS,IST
LYS,SAW
LYS,CPH
LYS,KRK
LYS,LRH
LYS,LPA
LYS,LIG
LYS,LIS
LYS,LGW
LYS,LHR
LYS,LTN
LYS,LXR
LYS,MAD
LYS,MAH
LYS,AGP
LYS,MLA
LYS,MAN
LYS,RAK
LYS,MRS
LYS,MXP
LYS,MIR
LYS,MUC
LYS,NTE
LYS,NAP
LYS,NCE
LYS,OLB
LYS,OSL
LYS,OUD
LYS,PMO
LYS,PMI
LYS,CDG
LYS,PUF
LYS,OPO
LYS,PRG
LYS,RNS
LYS,RHO
LYS,FCO
LYS,JTR
LYS,SVQ
LYS,SPU
LYS,ARN
LYS,TNG
LYS,TFS
LYS,TIA
LYS,TLS
LYS,TUN
LYS,VLC
LYS,VCE
LYS,VIE
LYS,SXB
LYS,FSC
LYS,KLX
LYS,TLV
LYS,CFR
LYS,BEY
LYS,ALG
LYS,AMM
LYS,TGD
LYS,EVN
LYS,RBA
LYS,ORN
LYS,AAE
LYS,BER
LYS,BJA
LYS,BLJ
LYS,BSK
LYS,CZL
LYS,DOH
LYS,DXB
LYS,QSF
LYS,YUL
LYS,SID
LYS,TLM
LYS,DSS
LZG,CAN
LZG,PEK
LZG,PVG
LZH,CGO
LZH,CKG
LZH,FOC
LZH,HAK
LZH,HFE
LZH,HGH
LZH,KMG
LZH,NKG
LZH,PEK
LZH,PVG
LZH,SWA
LZH,SZX
LZH,WNZ
LZH,WUH
LZH,XMN
LZH,TFU
LZN,RMQ
LZN,TSA
LZO,CAN
LZO,CGO
LZO,CSX
LZO,DLU
LZO,HAK
LZO,HFE
LZO,HGH
LZO,JHG
LZO,KHN
LZO,KMG
LZO,KWE
LZO,KWL
LZO,LJG
LZO,LXA
LZO,NGB
LZO,NKG
LZO,NNG
LZO,PVG
LZO,SHA
LZO,SWA
LZO,SYX
LZO,SZX
LZO,TNA
LZO,URC
LZO,WNZ
LZO,WUH
LZO,WUX
LZO,XIC
LZO,XIY
LZO,XMN
LZO,XNN
LZO,ZHA
LZO,ZUH
LZO,SJW
LZO,LHW
LZO,PKX
LZY,CAN
LZY,CKG
LZY,CTU
LZY,PEK
LZY,XIC
LZY,XIY
LZY,TFU
MAA,FRA
MAA,LHR
MAA,ADD
MAA,AMD
MAA,AUH
MAA,BAH
MAA,BBI
MAA,BDQ
MAA,BKK
MAA,BLR
MAA,BOM
MAA,CCJ
MAA,CCU
MAA,CDP
MAA,CJB
MAA,CMB
MAA,COK
MAA,DAC
MAA,DEL
MAA,DMK
MAA,DMM
MAA,DOH
MAA,DXB
MAA,GAU
MAA,GOI
MAA,HBX
MAA,HKG
MAA,HYD
MAA,IDR
MAA,IXB
MAA,IXC
MAA,IXE
MAA,IXM
MAA,IXR
MAA,IXZ
MAA,JAF
MAA,JAI
MAA,KUL
MAA,KWI
MAA,LKO
MAA,MCT
MAA,MED
MAA,MRU
MAA,MYQ
MAA,PAT
MAA,PNQ
MAA,RGN
MAA,RPR
MAA,SHJ
MAA,STV
MAA,SXV
MAA,TRV
MAA,TRZ
MAA,VNS
MAA,VTZ
MAA,RJA
MAA,SIN
MAA,TCR
MAA,VGA
MAA,RDP
MAA,SAG
MAA,CNN
MAA,KJB
MAA,GOX
MAA,AYJ
MAB,BEL
MAB,BSB
MAB,CNF
MAD,AGA
MAD,AHO
MAD,ALC
MAD,LEI
MAD,AMS
MAD,ACE
MAD,ATH
MAD,BCN
MAD,BRI
MAD,BSL
MAD,BEG
MAD,BGO
MAD,BIO
MAD,BLL
MAD,BHX
MAD,BUD
MAD,BLQ
MAD,BOD
MAD,BDS
MAD,BRS
MAD,BRU
MAD,CRL
MAD,OTP
MAD,CAG
MAD,CAI
MAD,CMN
MAD,CTA
MAD,CFU
MAD,DUB
MAD,DBV
MAD,DUS
MAD,EDI
MAD,EIN
MAD,FAO
MAD,FEZ
MAD,FLR
MAD,FRA
MAD,FUE
MAD,FNC
MAD,GVA
MAD,GRX
MAD,HAM
MAD,HEL
MAD,HER
MAD,IBZ
MAD,IST
MAD,SAW
MAD,ADB
MAD,XRY
MAD,KUN
MAD,CPH
MAD,KRK
MAD,LCG
MAD,SPC
MAD,LPA
MAD,LIS
MAD,LPL
MAD,LJU
MAD,LGW
MAD,LHR
MAD,LTN
MAD,STN
MAD,LUX
MAD,LXR
MAD,LYS
MAD,MAH
MAD,AGP
MAD,MLA
MAD,MAN
MAD,RAK
MAD,MRS
MAD,BGY
MAD,LIN
MAD,MXP
MAD,MUC
MAD,JMK
MAD,NDR
MAD,NTE
MAD,NAP
MAD,NCE
MAD,OLB
MAD,OSL
MAD,OVD
MAD,PMO
MAD,PMI
MAD,BVA
MAD,CDG
MAD,ORY
MAD,PSA
MAD,OPO
MAD,PRG
MAD,KEF
MAD,RIX
MAD,FCO
MAD,RVN
MAD,SZG
MAD,EAS
MAD,SDR
MAD,SCQ
MAD,JTR
MAD,SVQ
MAD,SSH
MAD,SOF
MAD,SPU
MAD,ARN
MAD,TNG
MAD,TFN
MAD,TFS
MAD,TSR
MAD,TIA
MAD,TLS
MAD,TOS
MAD,TUN
MAD,TRN
MAD,VLC
MAD,VCE
MAD,VRN
MAD,VGO
MAD,WAW
MAD,VIE
MAD,ZAG
MAD,ZRH
MAD,PNA
MAD,CLJ
MAD,RMO
MAD,SXB
MAD,TLV
MAD,BEY
MAD,BCM
MAD,ESU
MAD,ALG
MAD,AMM
MAD,IAS
MAD,RBA
MAD,BJZ
MAD,TTU
MAD,ASU
MAD,ATL
MAD,AUH
MAD,BER
MAD,BKK
MAD,BOG
MAD,BOS
MAD,CBB
MAD,CCS
MAD,CKG
MAD,CLO
MAD,CLT
MAD,COR
MAD,CTG
MAD,CUN
MAD,DFW
MAD,DOH
MAD,DXB
MAD,EWR
MAD,EZE
MAD,GDL
MAD,GIG
MAD,GRU
MAD,GUA
MAD,GYE
MAD,HAV
MAD,HGH
MAD,HKG
MAD,IAD
MAD,ICN
MAD,JED
MAD,JFK
MAD,LAX
MAD,LEU
MAD,LIM
MAD,MCO
MAD,MDE
MAD,MEX
MAD,MLN
MAD,MRU
MAD,MTY
MAD,MVD
MAD,NRT
MAD,ORD
MAD,PDL
MAD,PEK
MAD,PTY
MAD,PUJ
MAD,PVG
MAD,SAL
MAD,SAP
MAD,SCL
MAD,SCU
MAD,SDQ
MAD,SFO
MAD,SNU
MAD,SSA
MAD,SSG
MAD,STI
MAD,UIO
MAD,VVI
MAD,WMI
MAD,WNZ
MAD,XPL
MAD,YUL
MAD,YYZ
MAD,ZNZ
MAD,RJL
MAD,SJO
MAD,SJU
MAD,CDT
MAD,DSS
MAD,RMU
MAD,PHL
MAD,MIA
MAF,AUS
MAF,DAL
MAF,DEN
MAF,DFW
MAF,HOU
MAF,IAH
MAF,LAS
MAF,PHX
MAG,LAE
MAG,MAS
MAG,POM
MAG,WWK
MAH,ALC
MAH,AMS
MAH,BCN
MAH,BSL
MAH,BFS
MAH,BIO
MAH,BHX
MAH,BLQ
MAH,BOD
MAH,BOH
MAH,BES
MAH,BRS
MAH,BRU
MAH,CRL
MAH,CGN
MAH,DUB
MAH,DUS
MAH,EDI
MAH,FRA
MAH,GVA
MAH,GLA
MAH,HAJ
MAH,IBZ
MAH,LCG
MAH,LPA
MAH,LBA
MAH,LIS
MAH,LPL
MAH,LGW
MAH,LTN
MAH,STN
MAH,LUX
MAH,LYS
MAH,MAD
MAH,AGP
MAH,MAN
MAH,MRS
MAH,BGY
MAH,LIN
MAH,MXP
MAH,MPL
MAH,MUC
MAH,NTE
MAH,NAP
MAH,NCL
MAH,EMA
MAH,OVD
MAH,PMI
MAH,CDG
MAH,ORY
MAH,OPO
MAH,PRG
MAH,LIL
MAH,FCO
MAH,EAS
MAH,SDR
MAH,SCQ
MAH,SVQ
MAH,STR
MAH,TLS
MAH,VLC
MAH,TSF
MAH,VRN
MAH,VGO
MAH,VIE
MAH,ZAZ
MAH,ZRH
MAH,LEN
MAH,ILD
MAH,RMU
MAJ,AIC
MAJ,AUL
MAJ,EBO
MAJ,EJT
MAJ,HNL
MAJ,KBT
MAJ,KWA
MAJ,LIK
MAJ,MAV
MAJ,MIJ
MAJ,MJB
MAJ,MJE
MAJ,NDK
MAJ,PNI
MAJ,TRW
MAJ,UIT
MAJ,UTK
MAJ,WJA
MAJ,WTE
MAM,MEX
MAM,MTY
MAM,TAM
MAN,ABZ
MAN,AGA
MAN,ALC
MAN,LEI
MAN,AMS
MAN,AYT
MAN,ACE
MAN,ATH
MAN,BCN
MAN,GRO
MAN,REU
MAN,BSL
MAN,BHD
MAN,BFS
MAN,BGO
MAN,EGC
MAN,BIO
MAN,BLL
MAN,BJV
MAN,BUD
MAN,BLQ
MAN,BOD
MAN,BTS
MAN,BDS
MAN,BRU
MAN,CRL
MAN,OTP
MAN,BOJ
MAN,CAI
MAN,CCF
MAN,CMN
MAN,CTA
MAN,CMF
MAN,CHQ
MAN,LDY
MAN,CGN
MAN,CFU
MAN,ORK
MAN,DLM
MAN,DUB
MAN,DBV
MAN,DUS
MAN,EIN
MAN,FAO
MAN,FRA
MAN,HHN
MAN,FUE
MAN,FNC
MAN,GDN
MAN,GVA
MAN,GOA
MAN,GIB
MAN,GOT
MAN,GNB
MAN,GCI
MAN,HAM
MAN,HEL
MAN,HER
MAN,HRG
MAN,IBZ
MAN,INN
MAN,INV
MAN,IOM
MAN,IST
MAN,SAW
MAN,ADB
MAN,JER
MAN,KTW
MAN,KIR
MAN,KTT
MAN,NOC
MAN,CPH
MAN,KGS
MAN,KRK
MAN,LRH
MAN,LCA
MAN,LPA
MAN,MJT
MAN,LIG
MAN,LIS
MAN,LHR
MAN,LUX
MAN,LXR
MAN,LYS
MAN,MAD
MAN,MAH
MAN,AGP
MAN,MLA
MAN,RAK
MAN,MRS
MAN,BGY
MAN,MXP
MAN,MUC
MAN,JMK
MAN,NTE
MAN,NAP
MAN,NQY
MAN,NCE
MAN,OLB
MAN,OSL
MAN,TRF
MAN,PFO
MAN,PMI
MAN,BVA
MAN,CDG
MAN,ORY
MAN,PSA
MAN,OPO
MAN,POZ
MAN,PRG
MAN,PVK
MAN,PUY
MAN,REG
MAN,KEF
MAN,RHO
MAN,RIX
MAN,CIA
MAN,FCO
MAN,RVN
MAN,RZE
MAN,SZG
MAN,SDR
MAN,JTR
MAN,SVQ
MAN,SNN
MAN,SSH
MAN,SOF
MAN,SPU
MAN,SVG
MAN,ARN
MAN,STR
MAN,TNG
MAN,TFS
MAN,SKG
MAN,TIA
MAN,TPS
MAN,TRN
MAN,VLC
MAN,VCE
MAN,VRN
MAN,WAW
MAN,VIE
MAN,WRO
MAN,ZAD
MAN,ZAG
MAN,ZTH
MAN,ZRH
MAN,TIV
MAN,FMM
MAN,EFL
MAN,JSI
MAN,KLX
MAN,TLV
MAN,AMM
MAN,TGD
MAN,BZR
MAN,PDV
MAN,NBE
MAN,ATL
MAN,AUH
MAN,BAH
MAN,BER
MAN,BGI
MAN,BVC
MAN,CUN
MAN,DOH
MAN,DXB
MAN,HKG
MAN,HOG
MAN,IAH
MAN,JED
MAN,JFK
MAN,KWI
MAN,LAS
MAN,MCO
MAN,PEK
MAN,PVG
MAN,WMI
MAN,YYZ
MAN,ZYL
MAN,SID
MAN,SIN
MAN,RMU
MAO,BAZ
MAO,BEL
MAO,BOG
MAO,BSB
MAO,BVB
MAO,CIZ
MAO,CNF
MAO,ERN
MAO,FLL
MAO,FOR
MAO,GIG
MAO,GRU
MAO,ITB
MAO,LBR
MAO,MCP
MAO,PIN
MAO,PTY
MAO,PVH
MAO,RBR
MAO,REC
MAO,STM
MAO,TBT
MAO,TFF
MAO,TMT
MAO,VCP
MAO,PZO
MAO,SJL
MAO,MIA
MAO,MBZ
MAO,MNX
MAO,RBB
MAQ,DMK
MAR,CCS
MAR,MUN
MAR,PMV
MAR,PTY
MAR,PUJ
MAR,SDQ
MAR,STB
MAR,VLN
MAR,PZO
MAS,KVG
MAS,LAE
MAS,MAG
MAS,POM
MAS,WWK
MAU,BOB
MAU,PPT
MAU,RFP
MAV,MAJ
MAZ,SJU
MBA,AMS
MBA,FRA
MBA,MXP
MBA,FCO
MBA,VRN
MBA,ADD
MBA,ASV
MBA,DXB
MBA,EBB
MBA,EDL
MBA,JRO
MBA,KIS
MBA,LAU
MBA,NBO
MBA,WIL
MBA,ZNZ
MBA,NOS
MBA,UKA
MBA,KEU
MBE,HND
MBI,DAR
MBJ,AMS
MBJ,BRU
MBJ,DUS
MBJ,FRA
MBJ,LHR
MBJ,MXP
MBJ,VRN
MBJ,ZRH
MBJ,ATL
MBJ,BOS
MBJ,BWI
MBJ,CLE
MBJ,CLT
MBJ,CUN
MBJ,DEN
MBJ,DFW
MBJ,DTW
MBJ,EWR
MBJ,FLL
MBJ,HOG
MBJ,HOU
MBJ,IAD
MBJ,IAH
MBJ,JFK
MBJ,LRM
MBJ,MCI
MBJ,MCO
MBJ,MDW
MBJ,MKE
MBJ,MSP
MBJ,NAS
MBJ,ORD
MBJ,PLS
MBJ,POP
MBJ,PTY
MBJ,PUJ
MBJ,STL
MBJ,YHZ
MBJ,YUL
MBJ,YWG
MBJ,YYC
MBJ,YYZ
MBJ,PHL
MBJ,MIA
MBL,ORD
MBQ,EBB
MBQ,JIN
MBQ,PAF
MBS,DTW
MBS,ORD
MBT,MNL
MBZ,MAO
MCE,HHR
MCE,LAS
MCI,ABQ
MCI,ATL
MCI,AUS
MCI,BHM
MCI,BNA
MCI,BOS
MCI,BUR
MCI,BWI
MCI,CLT
MCI,CMH
MCI,CUN
MCI,DAL
MCI,DCA
MCI,DEN
MCI,DFW
MCI,DTW
MCI,ECP
MCI,EWR
MCI,FLL
MCI,HOU
MCI,IAD
MCI,IAH
MCI,IND
MCI,JFK
MCI,LAS
MCI,LAX
MCI,LGA
MCI,LGB
MCI,MBJ
MCI,MCO
MCI,MDW
MCI,MKE
MCI,MSP
MCI,MSY
MCI,MYR
MCI,OAK
MCI,ORD
MCI,PDX
MCI,PGD
MCI,PHX
MCI,PIE
MCI,PNS
MCI,RDU
MCI,RSW
MCI,SAN
MCI,SAT
MCI,SEA
MCI,SFO
MCI,STL
MCI,TPA
MCI,VPS
MCI,YYZ
MCI,SJD
MCI,SLC
MCI,SMF
MCI,PHL
MCI,MIA
MCK,DEN
MCM,NCE
MCN,BWI
MCO,AMS
MCO,DUB
MCO,EDI
MCO,FRA
MCO,LGW
MCO,LHR
MCO,MAD
MCO,MAN
MCO,KEF
MCO,ABE
MCO,ABQ
MCO,ACY
MCO,ALB
MCO,ATL
MCO,AUA
MCO,AUS
MCO,AVL
MCO,AVP
MCO,BDA
MCO,BDL
MCO,BFM
MCO,BGM
MCO,BGR
MCO,BHM
MCO,BNA
MCO,BOG
MCO,BOS
MCO,BQN
MCO,BRO
MCO,BSB
MCO,BTV
MCO,BWI
MCO,CAK
MCO,CHS
MCO,CLE
MCO,CLT
MCO,CMH
MCO,CNF
MCO,CRW
MCO,CTG
MCO,CUN
MCO,CVG
MCO,CWA
MCO,DAL
MCO,DCA
MCO,DEN
MCO,DFW
MCO,DSM
MCO,DTW
MCO,DXB
MCO,EAU
MCO,ELH
MCO,ELP
MCO,EVV
MCO,EWN
MCO,EWR
MCO,EYW
MCO,FLL
MCO,FOR
MCO,FPO
MCO,GCM
MCO,GDL
MCO,GRR
MCO,GRU
MCO,GSP
MCO,GUA
MCO,HOU
MCO,HPN
MCO,HSV
MCO,HVN
MCO,IAD
MCO,IAH
MCO,ILG
MCO,ILM
MCO,IND
MCO,ISP
MCO,JAN
MCO,JFK
MCO,LAN
MCO,LAS
MCO,LAX
MCO,LBE
MCO,LGA
MCO,LGB
MCO,LNS
MCO,MBJ
MCO,MCI
MCO,MDE
MCO,MDW
MCO,MEM
MCO,MEX
MCO,MHH
MCO,MHT
MCO,MID
MCO,MKE
MCO,MSN
MCO,MSP
MCO,MSY
MCO,MTY
MCO,MYR
MCO,NAS
MCO,OKC
MCO,OMA
MCO,ORD
MCO,ORF
MCO,ORH
MCO,PBG
MCO,PDX
MCO,PHX
MCO,PIT
MCO,PLS
MCO,PNS
MCO,POS
MCO,PSE
MCO,PTY
MCO,PUJ
MCO,PVD
MCO,PWM
MCO,RDU
MCO,REC
MCO,RIC
MCO,ROC
MCO,SAL
MCO,SAN
MCO,SAP
MCO,SAT
MCO,SCL
MCO,SDF
MCO,SDQ
MCO,SEA
MCO,SFO
MCO,SPI
MCO,STI
MCO,STL
MCO,STT
MCO,STX
MCO,SWF
MCO,SXM
MCO,SYR
MCO,TTN
MCO,TUL
MCO,TYS
MCO,UIO
MCO,VCP
MCO,XNA
MCO,YEG
MCO,YHM
MCO,YHZ
MCO,YKF
MCO,YOW
MCO,YQB
MCO,YQM
MCO,YQR
MCO,YSJ
MCO,YUL
MCO,YVR
MCO,YWG
MCO,YXE
MCO,YXU
MCO,YYC
MCO,YYT
MCO,YYZ
MCO,SJO
MCO,SJU
MCO,SLC
MCO,SMF
MCO,SNA
MCO,PHL
MCO,MIA
MCO,BUF
MCP,BEL
MCP,BSB
MCP,MAO
MCT,CAI
MCT,FRA
MCT,IST
MCT,SAW
MCT,LHR
MCT,MXP
MCT,SVO
MCT,MUC
MCT,CDG
MCT,TIA
MCT,ZRH
MCT,BEY
MCT,AMM
MCT,ADD
MCT,ALA
MCT,AUH
MCT,BAH
MCT,GYD
MCT,BGW
MCT,BKK
MCT,BLR
MCT,BOM
MCT,CCJ
MCT,CGK
MCT,CGP
MCT,CMB
MCT,COK
MCT,DAC
MCT,DAR
MCT,DEL
MCT,DMM
MCT,DOH
MCT,DXB
MCT,FJR
MCT,HKT
MCT,HYD
MCT,IKA
MCT,ISB
MCT,IXE
MCT,JAI
MCT,JED
MCT,KHI
MCT,KHS
MCT,KUL
MCT,KWI
MCT,LHE
MCT,LKO
MCT,MAA
MCT,MED
MCT,MHD
MCT,MLE
MCT,MNL
MCT,MSH
MCT,MUX
MCT,PEW
MCT,RUH
MCT,SHJ
MCT,SUB
MCT,SYZ
MCT,TRV
MCT,TRZ
MCT,TZX
MCT,ZNZ
MCT,ZYL
MCT,PZU
MCT,SKT
MCT,SLL
MCT,DQM
MCT,CNN
MCT,GOX
MCT,SPX
MCV,DRW
MCW,FOD
MCW,ORD
MCX,AYT
MCX,IST
MCX,MSQ
MCX,DME
MCX,SVO
MCX,VKO
MCX,LED
MCX,KZN
MCX,GOJ
MCX,KUF
MCX,AER
MCX,GYD
MCX,BHK
MCX,CEE
MCX,CEK
MCX,DXB
MCX,FRU
MCX,IJK
MCX,IWA
MCX,JED
MCX,KJA
MCX,KVX
MCX,KWI
MCX,MRV
MCX,NJC
MCX,NOZ
MCX,NUX
MCX,OMS
MCX,OVB
MCX,PEE
MCX,PKV
MCX,REN
MCX,SCO
MCX,SCW
MCX,SVX
MCX,TAS
MCX,TJM
MCX,TOF
MCX,UFA
MCX,NMA
MCX,UGC
MCX,ULV
MCX,GSV
MCY,ADL
MCY,MEL
MCY,SYD
MCY,AKL
MCZ,ARU
MCZ,BSB
MCZ,CAC
MCZ,CGB
MCZ,CGH
MCZ,CNF
MCZ,CPV
MCZ,CWB
MCZ,EZE
MCZ,GIG
MCZ,GRU
MCZ,GYN
MCZ,IGU
MCZ,JPA
MCZ,LDB
MCZ,NAT
MCZ,PPB
MCZ,RAO
MCZ,REC
MCZ,SSA
MCZ,UBA
MCZ,UDI
MCZ,VCP
MCZ,JTC
MCZ,SJP
MDC,AMQ
MDC,BKI
MDC,BPN
MDC,CAN
MDC,CGK
MDC,DPS
MDC,FOC
MDC,KAZ
MDC,NAH
MDC,NKG
MDC,NRT
MDC,SUB
MDC,UPG
MDC,SIN
MDC,SOQ
MDC,TTE
MDE,MAD
MDE,ADZ
MDE,AUA
MDE,AXM
MDE,BAQ
MDE,BGA
MDE,BLB
MDE,BOG
MDE,CCS
MDE,CLO
MDE,CTG
MDE,CUC
MDE,CUN
MDE,CUR
MDE,EZE
MDE,FLL
MDE,JFK
MDE,LIM
MDE,MCO
MDE,MEX
MDE,MTR
MDE,PEI
MDE,PTY
MDE,PUJ
MDE,RCH
MDE,SCL
MDE,SDQ
MDE,STI
MDE,UIO
MDE,SJO
MDE,SJU
MDE,SMR
MDE,MIA
MDG,DLC
MDG,ICN
MDG,PEK
MDG,SHE
MDG,TAO
MDG,WEH
MDG,YNT
MDI,ABV
MDK,FIH
MDL,AKY
MDL,BKK
MDL,BMO
MDL,DMK
MDL,HEH
MDL,HOX
MDL,KET
MDL,KHM
MDL,KMG
MDL,KMV
MDL,LSH
MDL,LUM
MDL,MYT
MDL,NYT
MDL,OVB
MDL,RGN
MDL,THL
MDL,NYW
MDQ,AEP
MDQ,BHI
MDQ,BRC
MDQ,COR
MDQ,EZE
MDQ,MDZ
MDR,ASV
MDR,WIL
MDT,ATL
MDT,BNA
MDT,BOS
MDT,CLT
MDT,DFW
MDT,DTW
MDT,EWR
MDT,FLL
MDT,IAD
MDT,JAX
MDT,MYR
MDT,ORD
MDT,PGD
MDT,PIE
MDT,SFB
MDT,SRQ
MDT,PHL
MDW,ABQ
MDW,AGU
MDW,ALB
MDW,ATL
MDW,AUS
MDW,AVL
MDW,BDL
MDW,BHM
MDW,BJX
MDW,BNA
MDW,BOS
MDW,BUR
MDW,BWI
MDW,BZN
MDW,CHS
MDW,CLE
MDW,CLT
MDW,CMH
MDW,COS
MDW,CUN
MDW,CVG
MDW,DAL
MDW,DCA
MDW,DEN
MDW,DFW
MDW,DGO
MDW,DTW
MDW,ECP
MDW,ELP
MDW,FLL
MDW,GDL
MDW,GRR
MDW,HOU
MDW,HVN
MDW,IAH
MDW,JAX
MDW,LAS
MDW,LAX
MDW,LGA
MDW,LGB
MDW,MBJ
MDW,MCI
MDW,MCO
MDW,MEM
MDW,MHT
MDW,MLM
MDW,MSP
MDW,MSY
MDW,MYR
MDW,OAK
MDW,OKC
MDW,OMA
MDW,ONT
MDW,ORF
MDW,PDX
MDW,PGD
MDW,PHX
MDW,PIT
MDW,PNS
MDW,PUJ
MDW,PVD
MDW,PVU
MDW,PWM
MDW,RDU
MDW,RIC
MDW,RNO
MDW,ROC
MDW,RSW
MDW,SAN
MDW,SAT
MDW,SAV
MDW,SDF
MDW,SEA
MDW,SFO
MDW,SRQ
MDW,STL
MDW,TPA
MDW,TUL
MDW,TUS
MDW,TYS
MDW,VPS
MDW,YTZ
MDW,ZCL
MDW,SJC
MDW,SJD
MDW,SJU
MDW,SLC
MDW,SMF
MDW,PHL
MDW,MIA
MDW,BUF
MDZ,AEP
MDZ,BRC
MDZ,COR
MDZ,EZE
MDZ,GRU
MDZ,JUJ
MDZ,LIM
MDZ,MDQ
MDZ,NQN
MDZ,PTY
MDZ,ROS
MDZ,SCL
MDZ,TUC
MDZ,SLA
MEB,FLS
MEB,KNS
MEC,PTY
MEC,UIO
MED,ESB
MED,CAI
MED,CMN
MED,HRG
MED,IST
MED,SAW
MED,LXR
MED,SSH
MED,TUN
MED,SJJ
MED,BEY
MED,ALG
MED,AMM
MED,EBL
MED,HBE
MED,ORN
MED,AAE
MED,ADD
MED,ADE
MED,AHB
MED,ALA
MED,AMD
MED,ASB
MED,ATZ
MED,AUH
MED,BAH
MED,BGW
MED,BKK
MED,BOM
MED,BSR
MED,BTH
MED,CGK
MED,CGP
MED,CIT
MED,CZL
MED,DAC
MED,DAR
MED,DMM
MED,DOH
MED,DXB
MED,DYU
MED,ELU
MED,GHA
MED,GZT
MED,HEA
MED,HYD
MED,ISB
MED,ISU
MED,JED
MED,KBL
MED,KDH
MED,KHI
MED,KUL
MED,KWI
MED,LHE
MED,MAA
MED,MCT
MED,MUX
MED,NAG
MED,NBO
MED,NJF
MED,OSS
MED,PEW
MED,PLM
MED,RUH
MED,SCO
MED,SHJ
MED,SUB
MED,TUU
MED,UET
MED,ZYL
MED,HMB
MED,OGX
MED,SKT
MED,KNO
MED,KJT
MED,CNN
MED,KIK
MEE,GEA
MEE,LIF
MEH,HFT
MEH,HVG
MEH,VDS
MEI,IAH
MEI,PIB
MEL,ABX
MEL,ADL
MEL,ASP
MEL,AUH
MEL,AYQ
MEL,BKK
MEL,BME
MEL,BNE
MEL,BNK
MEL,BOM
MEL,BQB
MEL,BWN
MEL,BWT
MEL,CAN
MEL,CBR
MEL,CFS
MEL,CGK
MEL,CHC
MEL,CMB
MEL,CNS
MEL,DBO
MEL,DEL
MEL,DFW
MEL,DOH
MEL,DPO
MEL,DPS
MEL,DRW
MEL,DXB
MEL,HAK
MEL,HAN
MEL,HBA
MEL,HGH
MEL,HKG
MEL,HKT
MEL,HNL
MEL,HTI
MEL,HVB
MEL,ICN
MEL,KNS
MEL,KUL
MEL,LAX
MEL,LST
MEL,MCY
MEL,MGB
MEL,MIM
MEL,MNL
MEL,MQL
MEL,NAN
MEL,NKG
MEL,NOU
MEL,NRT
MEL,NTL
MEL,PEK
MEL,PER
MEL,PPP
MEL,PVG
MEL,SCL
MEL,SFO
MEL,SGN
MEL,SYD
MEL,TAO
MEL,TPE
MEL,TSV
MEL,VLI
MEL,WGA
MEL,WLG
MEL,WOL
MEL,XMN
MEL,ZQN
MEL,OAG
MEL,SIN
MEL,AKL
MEL,OOL
MEL,TFU
MEM,ATL
MEM,BOS
MEM,BWI
MEM,CLT
MEM,DAL
MEM,DCA
MEM,DEN
MEM,DFW
MEM,DTW
MEM,ELD
MEM,EWR
MEM,FLL
MEM,HOT
MEM,HOU
MEM,HRO
MEM,IAH
MEM,LAS
MEM,LAX
MEM,LGA
MEM,MCO
MEM,MDW
MEM,MSP
MEM,ORD
MEM,PHX
MEM,PIE
MEM,SFB
MEM,TPA
MEM,VPS
MEM,SLC
MEM,PHL
MEM,MIA
MEQ,KNO
MEU,BEL
MEX,AMS
MEX,BCN
MEX,FRA
MEX,IST
MEX,LHR
MEX,MAD
MEX,MUC
MEX,CDG
MEX,FCO
MEX,ACA
MEX,AGU
MEX,ATL
MEX,AUS
MEX,BJX
MEX,BOG
MEX,BOS
MEX,CEN
MEX,CJS
MEX,CLT
MEX,CME
MEX,CPE
MEX,CTM
MEX,CUL
MEX,CUN
MEX,CUU
MEX,CZM
MEX,DEN
MEX,DFW
MEX,DGO
MEX,DTW
MEX,EWR
MEX,EZE
MEX,GDL
MEX,GRU
MEX,GUA
MEX,HAV
MEX,HMO
MEX,HUX
MEX,IAD
MEX,IAH
MEX,ICN
MEX,JFK
MEX,LAP
MEX,LAS
MEX,LAX
MEX,LIM
MEX,LMM
MEX,MAM
MEX,MCO
MEX,MDE
MEX,MGA
MEX,MID
MEX,MLM
MEX,MSP
MEX,MTT
MEX,MTY
MEX,MXL
MEX,MZT
MEX,NLD
MEX,NRT
MEX,OAK
MEX,OAX
MEX,ORD
MEX,PHX
MEX,PTY
MEX,PVR
MEX,PXM
MEX,QRO
MEX,RDU
MEX,REX
MEX,SAL
MEX,SAP
MEX,SAT
MEX,SCL
MEX,SDQ
MEX,SEA
MEX,SFO
MEX,SZX
MEX,TAM
MEX,TAP
MEX,TGZ
MEX,TIJ
MEX,TPA
MEX,TPQ
MEX,TRC
MEX,UIO
MEX,VER
MEX,VSA
MEX,YUL
MEX,YVR
MEX,YYZ
MEX,ZCL
MEX,ZIH
MEX,ZLO
MEX,SJD
MEX,SJO
MEX,SLC
MEX,SLP
MEX,MIA
MFA,DAR
MFE,AUS
MFE,CUN
MFE,DFW
MFE,IAH
MFE,LAS
MFE,LAX
MFE,PHX
MFE,PIE
MFE,SFB
MFE,NLU
MFK,TSA
MFM,BKK
MFM,CGK
MFM,CKG
MFM,CZX
MFM,DAD
MFM,DMK
MFM,FOC
MFM,HAK
MFM,HAN
MFM,HFE
MFM,HGH
MFM,ICN
MFM,JJN
MFM,KHH
MFM,KIX
MFM,KUL
MFM,KWE
MFM,MNL
MFM,NGB
MFM,NKG
MFM,NNG
MFM,NRT
MFM,PEK
MFM,PNH
MFM,PUS
MFM,PVG
MFM,RMQ
MFM,ROR
MFM,SHA
MFM,TAO
MFM,TPE
MFM,TSN
MFM,WNZ
MFM,WUH
MFM,WUX
MFM,XMN
MFM,NTG
MFM,SIN
MFM,PKX
MFM,TFU
MFR,BUR
MFR,DEN
MFR,LAS
MFR,LAX
MFR,PDX
MFR,PHX
MFR,SAN
MFR,SEA
MFR,SFO
MFR,SLC
MFR,SNA
MFU,LLW
MFU,LUN
MFU,JEK
MFU,RYL
MGA,BEF
MGA,BZA
MGA,FLL
MGA,GUA
MGA,IAH
MGA,MEX
MGA,PTY
MGA,PUZ
MGA,RNI
MGA,SAL
MGA,SJO
MGA,MIA
MGB,ADL
MGB,MEL
MGF,CGH
MGF,CWB
MGF,GRU
MGF,VCP
MGH,JNB
MGM,ATL
MGM,CLT
MGM,DCA
MGM,DFW
MGQ,IST
MGQ,ADD
MGQ,BSA
MGQ,DXB
MGQ,EBB
MGQ,HGA
MGQ,JED
MGQ,JIB
MGQ,NBO
MGQ,GGR
MGT,DRW
MGT,MNG
MGW,IAD
MGW,PIT
MGZ,KAW
MGZ,RGN
MGZ,TVY
MGZ,VBP
MHC,SCL
MHD,IST
MHD,SAW
MHD,ABD
MHD,ADU
MHD,AWZ
MHD,AZD
MHD,BGW
MHD,BND
MHD,BSR
MHD,DOH
MHD,DXB
MHD,DYU
MHD,IFN
MHD,KBL
MHD,KER
MHD,KIH
MHD,KSH
MHD,KWI
MHD,LHE
MHD,MCT
MHD,NJF
MHD,SHJ
MHD,SRY
MHD,SYZ
MHD,TBZ
MHD,THR
MHD,XBJ
MHD,ZAH
MHD,ZBR
MHD,GBT
MHD,IIL
MHD,NSH
MHD,PGU
MHD,RAS
MHD,OMH
MHD,JWN
MHD,KKS
MHH,ATL
MHH,CLT
MHH,FLL
MHH,MCO
MHH,NAS
MHH,PBI
MHH,TPA
MHH,MIA
MHK,DFW
MHK,ORD
MHQ,HEL
MHQ,ARN
MHQ,TKU
MHT,BWI
MHT,CHS
MHT,CLT
MHT,DCA
MHT,EWR
MHT,GSP
MHT,MCO
MHT,MDW
MHT,MSP
MHT,ORD
MHT,RDU
MHT,RSW
MHT,TPA
MHT,PHL
MIA,AMS
MIA,BCN
MIA,CMN
MIA,DUB
MIA,FRA
MIA,HEL
MIA,IST
MIA,CPH
MIA,LIS
MIA,LGW
MIA,LHR
MIA,MAD
MIA,MUC
MIA,OSL
MIA,CDG
MIA,ORY
MIA,FCO
MIA,ARN
MIA,WAW
MIA,ZRH
MIA,TLV
MIA,ALB
MIA,ANU
MIA,ATL
MIA,AUA
MIA,AUS
MIA,AVL
MIA,AXA
MIA,BAQ
MIA,BDA
MIA,BDL
MIA,BER
MIA,BGI
MIA,BHM
MIA,BNA
MIA,BOG
MIA,BON
MIA,BOS
MIA,BSB
MIA,BWI
MIA,BZE
MIA,CAE
MIA,CAP
MIA,CHA
MIA,CHS
MIA,CID
MIA,CLE
MIA,CLO
MIA,CLT
MIA,CMH
MIA,CMW
MIA,CTG
MIA,CUN
MIA,CUR
MIA,CVG
MIA,CYB
MIA,CZM
MIA,DAL
MIA,DCA
MIA,DEN
MIA,DFW
MIA,DOH
MIA,DOM
MIA,DSM
MIA,DTW
MIA,DXB
MIA,EGE
MIA,EIS
MIA,ELH
MIA,EWR
MIA,EYW
MIA,EZE
MIA,FDF
MIA,FOR
MIA,FPO
MIA,GCM
MIA,GDL
MIA,GEO
MIA,GGT
MIA,GHB
MIA,GIG
MIA,GND
MIA,GNV
MIA,GRR
MIA,GRU
MIA,GSO
MIA,GSP
MIA,GUA
MIA,GYE
MIA,HAV
MIA,HOG
MIA,HOU
MIA,HPN
MIA,HSV
MIA,IAD
MIA,IAH
MIA,ICT
MIA,ILM
MIA,IND
MIA,ISP
MIA,JAX
MIA,JFK
MIA,KIN
MIA,LAS
MIA,LAX
MIA,LEX
MIA,LGA
MIA,LIM
MIA,LIR
MIA,LIT
MIA,LRM
MIA,MAO
MIA,MBJ
MIA,MCI
MIA,MCO
MIA,MDE
MIA,MDW
MIA,MEM
MIA,MEX
MIA,MGA
MIA,MHH
MIA,MID
MIA,MKE
MIA,MSN
MIA,MSP
MIA,MSY
MIA,MTY
MIA,MVD
MIA,NAS
MIA,OCJ
MIA,OKC
MIA,OMA
MIA,ORD
MIA,ORF
MIA,PAP
MIA,PDX
MIA,PEI
MIA,PHX
MIA,PIT
MIA,PLS
MIA,PNS
MIA,POP
MIA,POS
MIA,PTP
MIA,PTY
MIA,PUJ
MIA,RDU
MIA,RIC
MIA,ROC
MIA,RTB
MIA,SAL
MIA,SAN
MIA,SAP
MIA,SAT
MIA,SAV
MIA,SCL
MIA,SCU
MIA,SDF
MIA,SDQ
MIA,SEA
MIA,SFO
MIA,SNU
MIA,STI
MIA,STL
MIA,STT
MIA,STX
MIA,SVD
MIA,SXM
MIA,SYR
MIA,TLH
MIA,TPA
MIA,TUL
MIA,TYS
MIA,UIO
MIA,UVF
MIA,VRA
MIA,VVI
MIA,XNA
MIA,XPL
MIA,YUL
MIA,YVR
MIA,YYZ
MIA,ZSA
MIA,SJO
MIA,SJU
MIA,SKB
MIA,SLC
MIA,SMF
MIA,SNA
MIA,PHL
MIA,BUF
MIA,TQO
MID,ATL
MID,BJX
MID,CUN
MID,DFW
MID,GDL
MID,GUA
MID,HAV
MID,IAH
MID,MCO
MID,MEX
MID,MTY
MID,OAX
MID,PBC
MID,QRO
MID,TGZ
MID,TLC
MID,VER
MID,VSA
MID,YYZ
MID,MIA
MID,NLU
MIG,CAN
MIG,CSX
MIG,DLU
MIG,HAK
MIG,HET
MIG,HFE
MIG,HGH
MIG,JHG
MIG,KMG
MIG,LJG
MIG,LXA
MIG,NGB
MIG,NKG
MIG,PEK
MIG,PVG
MIG,SHA
MIG,SWA
MIG,SYX
MIG,SZX
MIG,TAO
MIG,TNA
MIG,TSN
MIG,TYN
MIG,URC
MIG,WNZ
MIG,WUH
MIG,XIC
MIG,XMN
MIG,XNN
MIG,SJW
MIG,HCJ
MIG,PKX
MII,VCP
MII,JTC
MIJ,EJT
MIJ,MAJ
MIM,MEL
MIM,MYA
MIM,SYD
MIR,BSL
MIR,BLQ
MIR,BRE
MIR,BRU
MIR,CGN
MIR,DJE
MIR,DRS
MIR,DUS
MIR,FRA
MIR,HAM
MIR,HAJ
MIR,LEJ
MIR,LUX
MIR,LYS
MIR,MRS
MIR,MXP
MIR,MUC
MIR,NTE
MIR,NCE
MIR,NUE
MIR,CDG
MIR,ORY
MIR,LIL
MIR,FCO
MIR,SZG
MIR,STR
MIR,VRN
MIR,VIE
MIR,BER
MIS,GUR
MIS,POM
MIU,ABV
MJB,AIM
MJB,MAJ
MJC,ABJ
MJC,KEO
MJE,KWA
MJE,MAJ
MJF,BOO
MJF,TRD
MJF,MQN
MJF,RVK
MJI,CAI
MJI,IST
MJI,MLA
MJI,FCO
MJI,TUN
MJI,AMM
MJI,HBE
MJI,BEN
MJI,DWC
MJI,JED
MJI,NIM
MJI,SFA
MJI,SHJ
MJI,TOB
MJI,PZU
MJI,SEB
MJK,CVQ
MJK,PER
MJM,FIH
MJM,KWZ
MJN,DZA
MJN,TNR
MJN,NOS
MJT,AMS
MJT,ATH
MJT,BHX
MJT,BRU
MJT,JKH
MJT,STN
MJT,MAN
MJT,SMI
MJT,SKG
MJT,TLV
MJT,LXS
MJU,UPG
MJZ,VKO
MJZ,IKT
MJZ,KHV
MJZ,KJA
MJZ,OVB
MJZ,YKS
MJZ,PYJ
MJZ,ULK
MKE,ATL
MKE,BHM
MKE,BNA
MKE,BOS
MKE,BWI
MKE,CLT
MKE,CUN
MKE,DAL
MKE,DCA
MKE,DEN
MKE,DFW
MKE,DTW
MKE,EWR
MKE,FLL
MKE,IAD
MKE,IAH
MKE,JFK
MKE,LAS
MKE,LGA
MKE,MBJ
MKE,MCI
MKE,MCO
MKE,MSP
MKE,ORD
MKE,PHX
MKE,PUJ
MKE,RDU
MKE,RSW
MKE,SAN
MKE,SEA
MKE,STL
MKE,TPA
MKE,SLC
MKE,PHL
MKE,MIA
MKG,ORD
MKK,HNL
MKK,LNY
MKK,LUP
MKK,OGG
MKL,ATL
MKL,STL
MKM,BTU
MKM,KCH
MKM,MYY
MKM,SBW
MKP,AAA
MKP,HOI
MKP,PPT
MKP,RRR
MKP,TJN
MKP,HHZ
MKQ,DJJ
MKQ,UPG
MKQ,TMH
MKQ,EWE
MKQ,KEI
MKR,MMG
MKR,WUN
MKW,DJJ
MKW,UPG
MKW,NBX
MKW,SOQ
MKY,BNE
MKY,ROK
MKY,TSV
MLA,AMS
MLA,ATH
MLA,BCN
MLA,BRI
MLA,BSL
MLA,BFS
MLA,BEG
MLA,BIO
MLA,BLL
MLA,BHX
MLA,BUD
MLA,BLQ
MLA,BOD
MLA,BOH
MLA,BTS
MLA,BRS
MLA,BRU
MLA,CRL
MLA,OTP
MLA,CAG
MLA,CTA
MLA,CHQ
MLA,CGN
MLA,CFU
MLA,DUB
MLA,DUS
MLA,EDI
MLA,EIN
MLA,FRA
MLA,GDN
MLA,GVA
MLA,GLA
MLA,HAM
MLA,IBZ
MLA,IST
MLA,KTW
MLA,CPH
MLA,KRK
MLA,SUF
MLA,LCA
MLA,LBA
MLA,LIS
MLA,LPL
MLA,LGW
MLA,LHR
MLA,LTN
MLA,STN
MLA,LDE
MLA,LUX
MLA,LYS
MLA,MAD
MLA,MAN
MLA,MRS
MLA,BGY
MLA,LIN
MLA,MXP
MLA,MUC
MLA,NTE
MLA,NAP
MLA,NCL
MLA,NCE
MLA,NWI
MLA,EMA
MLA,OSL
MLA,PFO
MLA,PMO
MLA,BVA
MLA,CDG
MLA,ORY
MLA,PMF
MLA,PEG
MLA,PSR
MLA,PSA
MLA,OPO
MLA,POZ
MLA,PRG
MLA,RIX
MLA,FCO
MLA,SVQ
MLA,SNN
MLA,SKP
MLA,SOF
MLA,ARN
MLA,TLL
MLA,SKG
MLA,TLS
MLA,TPS
MLA,TRS
MLA,TUN
MLA,TRN
MLA,VLC
MLA,TSF
MLA,VNO
MLA,WAW
MLA,VIE
MLA,WRO
MLA,ZAG
MLA,ZRH
MLA,FMM
MLA,TLV
MLA,INI
MLA,BER
MLA,MJI
MLA,WMI
MLA,PEV
MLB,ABE
MLB,ATL
MLB,CLT
MLB,MSP
MLB,PIT
MLE,FRA
MLE,IST
MLE,LHR
MLE,MXP
MLE,SVO
MLE,CDG
MLE,FCO
MLE,VIE
MLE,ZRH
MLE,AUH
MLE,BAH
MLE,BKK
MLE,BLR
MLE,BOM
MLE,CMB
MLE,COK
MLE,DAC
MLE,DEL
MLE,DMK
MLE,DOH
MLE,DWC
MLE,DXB
MLE,FVM
MLE,GAN
MLE,HAQ
MLE,HKG
MLE,HYD
MLE,JED
MLE,KDM
MLE,KDO
MLE,KUL
MLE,MCT
MLE,PVG
MLE,RUH
MLE,TRV
MLE,VAM
MLE,SIN
MLE,DRV
MLE,GKK
MLE,TMF
MLE,IFU
MLE,DDD
MLE,PKX
MLE,HDK
MLE,NMF
MLE,FND
MLE,RUL
MLE,TFU
MLE,HRF
MLE,LMV
MLE,FMT
MLG,CGK
MLG,HLP
MLI,ATL
MLI,AZA
MLI,CLT
MLI,DEN
MLI,DFW
MLI,LAS
MLI,ORD
MLI,PGD
MLI,PIE
MLI,SFB
MLL,BET
MLM,CUN
MLM,DFW
MLM,FAT
MLM,IAH
MLM,LAX
MLM,MDW
MLM,MEX
MLM,MTY
MLM,OAK
MLM,ORD
MLM,TIJ
MLM,SJC
MLM,NLU
MLN,LEI
MLN,BCN
MLN,GRX
MLN,LPA
MLN,MAD
MLN,AGP
MLN,PMI
MLN,SCQ
MLN,SVQ
MLO,ATH
MLU,ATL
MLU,DFW
MLX,ESB
MLX,DUS
MLX,FRA
MLX,IST
MLX,SAW
MLX,ADB
MMB,CTS
MMB,HND
MMB,ITM
MMB,KIX
MMB,NGO
MMB,OKD
MME,ABZ
MME,ALC
MME,AMS
MME,CFU
MME,FAO
MME,HUY
MME,JER
MME,PMI
MMG,MKR
MMG,PER
MMH,CLD
MMH,HHR
MMJ,CTS
MMJ,FUK
MMJ,ITM
MMJ,UKB
MMJ,OKD
MMK,MSQ
MMK,DME
MMK,SVO
MMK,LED
MMK,KZN
MMK,AER
MMK,ARH
MMK,CEE
MMK,KLF
MMK,PEE
MMO,RAI
MMX,BEG
MMX,GDN
MMX,SKP
MMX,ARN
MMX,TIA
MMX,ZAG
MMX,CLJ
MMX,BMA
MMX,VBY
MMX,RKE
MMY,HND
MMY,KIX
MMY,NGO
MMY,OKA
MNA,NAH
MNC,MPM
MNG,DRW
MNG,ELC
MNG,MGT
MNI,ANU
MNK,TRW
MNL,IST
MNL,AUH
MNL,BAH
MNL,BCD
MNL,BKI
MNL,BKK
MNL,BNE
MNL,BSO
MNL,BWN
MNL,BXU
MNL,CAN
MNL,CBO
MNL,CEB
MNL,CGK
MNL,CGY
MNL,CJJ
MNL,CRM
MNL,CYP
MNL,CYZ
MNL,DAD
MNL,DGT
MNL,DMK
MNL,DMM
MNL,DOH
MNL,DPL
MNL,DPS
MNL,DVO
MNL,DXB
MNL,ENI
MNL,EUQ
MNL,FUK
MNL,GES
MNL,GUM
MNL,HAN
MNL,HKG
MNL,HND
MNL,HNL
MNL,ICN
MNL,ILO
MNL,JED
MNL,JFK
MNL,JJN
MNL,KHH
MNL,KIX
MNL,KLO
MNL,KUL
MNL,KWI
MNL,LAO
MNL,LAX
MNL,MBT
MNL,MCT
MNL,MEL
MNL,MFM
MNL,MPH
MNL,NGO
MNL,NRT
MNL,OZC
MNL,PAG
MNL,PEK
MNL,PER
MNL,PNH
MNL,POM
MNL,PPS
MNL,PUS
MNL,PVG
MNL,ROR
MNL,RUH
MNL,RXS
MNL,SEA
MNL,SFO
MNL,SGN
MNL,SUG
MNL,SYD
MNL,SZX
MNL,TAC
MNL,TAG
MNL,TPE
MNL,TUG
MNL,USU
MNL,VRC
MNL,WNP
MNL,XMN
MNL,YVR
MNL,YYZ
MNL,ZAM
MNL,IAO
MNL,SIN
MNL,SJI
MNL,TFU
MNL,DRP
MNS,KAA
MNS,NLA
MNX,MAO
MOB,ATL
MOB,CLT
MOB,DFW
MOB,IAD
MOB,IAH
MOC,BPS
MOC,CGH
MOC,CNF
MOC,GRU
MOF,KOE
MOF,LBJ
MOH,UPG
MOH,PLW
MOL,BGO
MOL,OSL
MOQ,TNR
MOT,AZA
MOT,DEN
MOT,LAS
MOT,MSP
MOT,SFB
MOU,BET
MOV,BNE
MOZ,BOB
MOZ,HUH
MOZ,PPT
MOZ,RFP
MPA,ERS
MPC,PDG
MPH,CEB
MPH,CRK
MPH,ENI
MPH,MNL
MPH,NKG
MPH,TPE
MPH,PKX
MPH,TFU
MPL,AJA
MPL,AMS
MPL,ATH
MPL,BSL
MPL,BIA
MPL,BES
MPL,CMN
MPL,FEZ
MPL,FRA
MPL,HER
MPL,IST
MPL,CPH
MPL,LIS
MPL,LGW
MPL,LTN
MPL,LUX
MPL,MAH
MPL,RAK
MPL,NDR
MPL,NTE
MPL,OSL
MPL,OUD
MPL,PMI
MPL,CDG
MPL,ORY
MPL,LIL
MPL,FCO
MPL,RTM
MPL,SVQ
MPL,TNG
MPL,TUN
MPL,SXB
MPL,CFR
MPL,ALG
MPL,RBA
MPL,ORN
MPM,LIS
MPM,ADD
MPM,APL
MPM,BEW
MPM,CPT
MPM,DOH
MPM,DUR
MPM,HRE
MPM,INH
MPM,JNB
MPM,LAD
MPM,MNC
MPM,NBO
MPM,POL
MPM,TET
MPM,UEL
MPM,VNX
MPM,VPY
MPM,VJB
MPN,PUQ
MPN,RGL
MQF,SVO
MQF,LED
MQF,AER
MQF,MRV
MQF,SVX
MQJ,YKS
MQL,MEL
MQL,SYD
MQM,ESB
MQM,IST
MQM,SAW
MQM,ADB
MQN,BOO
MQN,TRD
MQN,BNN
MQN,MJF
MQP,CPT
MQP,DUR
MQP,JNB
MQP,LVI
MQP,VFA
MQP,VNX
MQT,DTW
MQT,ORD
MQX,ADD
MQX,HUE
MQX,SHC
MRA,CAI
MRA,IST
MRA,TUN
MRA,HBE
MRA,BEN
MRA,SFA
MRE,ASV
MRE,KIS
MRE,NYK
MRE,WIL
MRI,NCN
MRI,NIB
MRI,TCT
MRI,TEK
MRS,AGA
MRS,AJA
MRS,ALC
MRS,AMS
MRS,AYT
MRS,ACE
MRS,ATH
MRS,BCN
MRS,BRI
MRS,BIA
MRS,BIQ
MRS,BUD
MRS,BLQ
MRS,BOD
MRS,BES
MRS,BRS
MRS,BRU
MRS,CRL
MRS,OTP
MRS,CAG
MRS,CLY
MRS,CMN
MRS,CTA
MRS,CHQ
MRS,CFU
MRS,DJE
MRS,DUB
MRS,DBV
MRS,DUS
MRS,EDI
MRS,EIN
MRS,FAO
MRS,FEZ
MRS,FLR
MRS,FRA
MRS,FUE
MRS,GLA
MRS,HER
MRS,IBZ
MRS,IST
MRS,SAW
MRS,CPH
MRS,KRK
MRS,LRH
MRS,LIG
MRS,LIS
MRS,LGW
MRS,LHR
MRS,STN
MRS,LUX
MRS,LYS
MRS,MAD
MRS,MAH
MRS,AGP
MRS,MLA
MRS,MAN
MRS,RAK
MRS,BGY
MRS,MXP
MRS,MIR
MRS,MUC
MRS,JMK
MRS,NDR
MRS,NTE
MRS,NAP
MRS,OLB
MRS,OUD
MRS,PFO
MRS,PMO
MRS,PMI
MRS,CDG
MRS,ORY
MRS,OPO
MRS,PRG
MRS,REG
MRS,RNS
MRS,RHO
MRS,LIL
MRS,FCO
MRS,JTR
MRS,SVQ
MRS,SNN
MRS,SPU
MRS,ARN
MRS,TNG
MRS,TFS
MRS,TIA
MRS,TLS
MRS,TUF
MRS,TUN
MRS,VLC
MRS,TSF
MRS,VCE
MRS,VIE
MRS,WRO
MRS,ZAD
MRS,ZAG
MRS,ZRH
MRS,OZZ
MRS,SXB
MRS,FSC
MRS,TLV
MRS,CFR
MRS,BEY
MRS,ESU
MRS,ALG
MRS,AMM
MRS,EVN
MRS,RBA
MRS,TTU
MRS,ORN
MRS,AAE
MRS,BER
MRS,BJA
MRS,BLJ
MRS,CZL
MRS,DXB
MRS,GJL
MRS,JED
MRS,PVG
MRS,QSF
MRS,RUN
MRS,YUL
MRS,CFK
MRS,SID
MRS,TLM
MRS,DSS
MRU,BRU
MRU,FRA
MRU,GVA
MRU,IST
MRU,LGW
MRU,MAD
MRU,MXP
MRU,SVO
MRU,CDG
MRU,ORY
MRU,FCO
MRU,VIE
MRU,ZRH
MRU,BOM
MRU,CPT
MRU,DEL
MRU,DXB
MRU,JED
MRU,JNB
MRU,KUL
MRU,MAA
MRU,NBO
MRU,PER
MRU,RRG
MRU,RUN
MRU,SEZ
MRU,TNR
MRU,ZSE
MRV,AYT
MRV,IST
MRV,MSQ
MRV,DME
MRV,SVO
MRV,VKO
MRV,LED
MRV,EVN
MRV,KZN
MRV,GOJ
MRV,KUF
MRV,ALA
MRV,ASF
MRV,GYD
MRV,CEE
MRV,CEK
MRV,DWC
MRV,DXB
MRV,DYU
MRV,HMA
MRV,IJK
MRV,KJA
MRV,KLF
MRV,KRO
MRV,KVX
MRV,LBD
MRV,MCX
MRV,MQF
MRV,NBC
MRV,NJC
MRV,NOJ
MRV,NSK
MRV,NUX
MRV,NYM
MRV,OMS
MRV,OSS
MRV,OVB
MRV,PEE
MRV,PES
MRV,PEZ
MRV,PKV
MRV,REN
MRV,SCO
MRV,SCW
MRV,SGC
MRV,SVX
MRV,TAS
MRV,TJM
MRV,UCT
MRV,UFA
MRV,URS
MRV,VOG
MRV,SKX
MRV,SLY
MRV,ULV
MRV,GSV
MRV,NQZ
MRY,DEN
MRY,DFW
MRY,LAS
MRY,LAX
MRY,MSP
MRY,PHX
MRY,SAN
MRY,SEA
MRY,SFO
MRZ,SYD
MSA,XBE
MSA,YXL
MSA,ZPB
MSH,MCT
MSH,DQM
MSJ,HND
MSJ,ITM
MSJ,OKD
MSL,CLT
MSN,ATL
MSN,AUS
MSN,BHM
MSN,BOS
MSN,CLT
MSN,DCA
MSN,DEN
MSN,DFW
MSN,DTW
MSN,EWR
MSN,HSV
MSN,IAD
MSN,IAH
MSN,LAX
MSN,LGA
MSN,MCO
MSN,MSP
MSN,ORD
MSN,PHX
MSN,RSW
MSN,SFO
MSN,TPA
MSN,SLC
MSN,PHL
MSN,MIA
MSO,AZA
MSO,DEN
MSO,DFW
MSO,LAS
MSO,LAX
MSO,MSP
MSO,OAK
MSO,ORD
MSO,PDX
MSO,PHX
MSO,SAN
MSO,SEA
MSO,SFO
MSO,SLC
MSO,SNA
MSP,AMS
MSP,DUB
MSP,FRA
MSP,LHR
MSP,CDG
MSP,KEF
MSP,ABQ
MSP,ABR
MSP,ANC
MSP,ATL
MSP,ATW
MSP,AUA
MSP,AUS
MSP,AVL
MSP,AZA
MSP,BDL
MSP,BIL
MSP,BIS
MSP,BJI
MSP,BKG
MSP,BNA
MSP,BOI
MSP,BOS
MSP,BRD
MSP,BTV
MSP,BWI
MSP,BZE
MSP,BZN
MSP,CHS
MSP,CID
MSP,CIU
MSP,CLE
MSP,CLT
MSP,CMH
MSP,COS
MSP,CUN
MSP,CVG
MSP,CWA
MSP,CZM
MSP,DAL
MSP,DCA
MSP,DEN
MSP,DFW
MSP,DLH
MSP,DSM
MSP,DTW
MSP,EAU
MSP,ESC
MSP,EUG
MSP,EWR
MSP,FAI
MSP,FAR
MSP,FCA
MSP,FLL
MSP,FSD
MSP,FWA
MSP,GCM
MSP,GEG
MSP,GFK
MSP,GPT
MSP,GRB
MSP,GRR
MSP,GTF
MSP,HIB
MSP,HND
MSP,HNL
MSP,HOU
MSP,HRL
MSP,IAD
MSP,IAH
MSP,ICN
MSP,ICT
MSP,ILM
MSP,IMT
MSP,IND
MSP,INL
MSP,IWD
MSP,JAX
MSP,JFK
MSP,LAS
MSP,LAX
MSP,LGA
MSP,LIR
MSP,MBJ
MSP,MCI
MSP,MCO
MSP,MDW
MSP,MEM
MSP,MEX
MSP,MHT
MSP,MKE
MSP,MLB
MSP,MOT
MSP,MRY
MSP,MSN
MSP,MSO
MSP,MSY
MSP,MYR
MSP,MZT
MSP,OAK
MSP,OKC
MSP,OMA
MSP,ORD
MSP,ORF
MSP,PBI
MSP,PDX
MSP,PGD
MSP,PHX
MSP,PIE
MSP,PIT
MSP,PLS
MSP,PSC
MSP,PSP
MSP,PUJ
MSP,PVD
MSP,PVR
MSP,PWM
MSP,RAP
MSP,RDU
MSP,RHI
MSP,RIC
MSP,RNO
MSP,RST
MSP,RSW
MSP,RTB
MSP,SAN
MSP,SAT
MSP,SAV
MSP,SBN
MSP,SDF
MSP,SEA
MSP,SFO
MSP,SRQ
MSP,STL
MSP,STT
MSP,SXM
MSP,SYR
MSP,TPA
MSP,TUS
MSP,TVC
MSP,TVF
MSP,TYS
MSP,VPS
MSP,XNA
MSP,YEG
MSP,YQR
MSP,YUL
MSP,YVR
MSP,YWG
MSP,YXE
MSP,YYC
MSP,YYZ
MSP,ZIH
MSP,SJC
MSP,SJD
MSP,SJU
MSP,SLC
MSP,SMF
MSP,SNA
MSP,PHL
MSP,MIA
MSP,BUF
MSP,XWA
MSQ,IST
MSQ,KGD
MSQ,DME
MSQ,SVO
MSQ,VKO
MSQ,LED
MSQ,TBS
MSQ,EVN
MSQ,MMK
MSQ,KZN
MSQ,GOJ
MSQ,KUF
MSQ,AER
MSQ,ARH
MSQ,GYD
MSQ,BUS
MSQ,CEE
MSQ,CEK
MSQ,DEL
MSQ,DXB
MSQ,KLF
MSQ,KRW
MSQ,KUT
MSQ,MCX
MSQ,MRV
MSQ,PEE
MSQ,PEK
MSQ,SVX
MSQ,TAS
MSQ,UFA
MSQ,ULV
MSQ,NQZ
MSR,ESB
MSR,IST
MSR,SAW
MSR,YEI
MSS,BOS
MST,ALC
MST,AYT
MST,GRO
MST,BRI
MST,HER
MST,OPO
MST,ZAD
MST,GRQ
MSU,JNB
MSY,LHR
MSY,ATL
MSY,AUS
MSY,BNA
MSY,BOS
MSY,BUR
MSY,BWI
MSY,CHS
MSY,CLE
MSY,CLT
MSY,CMH
MSY,CUN
MSY,CVG
MSY,DAL
MSY,DCA
MSY,DEN
MSY,DFW
MSY,DTW
MSY,EWR
MSY,FLL
MSY,HOU
MSY,IAD
MSY,IAH
MSY,IND
MSY,JAX
MSY,JFK
MSY,LAS
MSY,LAX
MSY,LGA
MSY,LGB
MSY,MCI
MSY,MCO
MSY,MDW
MSY,MSP
MSY,OAK
MSY,ORD
MSY,ORF
MSY,PHX
MSY,PIT
MSY,RDU
MSY,RIC
MSY,RSW
MSY,SAN
MSY,SAP
MSY,SAT
MSY,SEA
MSY,SFO
MSY,STL
MSY,TPA
MSY,XNA
MSY,YUL
MSY,YYZ
MSY,SJU
MSY,SLC
MSY,PHL
MSY,MIA
MSZ,LAD
MTJ,ATL
MTJ,DAL
MTJ,DEN
MTJ,DFW
MTJ,EWR
MTJ,IAH
MTJ,LAX
MTJ,ORD
MTJ,SFO
MTK,TRW
MTM,KTN
MTR,BAQ
MTR,BOG
MTR,EOH
MTR,MDE
MTT,MEX
MTV,SLH
MTV,SON
MTV,TOH
MTY,MAD
MTY,AGU
MTY,ATL
MTY,AUS
MTY,BJX
MTY,BOG
MTY,CEN
MTY,CJS
MTY,CUL
MTY,CUN
MTY,CUU
MTY,CZM
MTY,DEN
MTY,DFW
MTY,DGO
MTY,DTW
MTY,GDL
MTY,HAV
MTY,HMO
MTY,HUX
MTY,IAH
MTY,ICN
MTY,LAP
MTY,LAS
MTY,LAX
MTY,LMM
MTY,MAM
MTY,MCO
MTY,MEX
MTY,MID
MTY,MLM
MTY,MXL
MTY,MZT
MTY,OAK
MTY,OAX
MTY,ORD
MTY,PBC
MTY,PDS
MTY,PHX
MTY,PTY
MTY,PVR
MTY,PXM
MTY,QRO
MTY,SAT
MTY,TAM
MTY,TAP
MTY,TGZ
MTY,TIJ
MTY,TLC
MTY,VER
MTY,VSA
MTY,YYZ
MTY,SJD
MTY,SLP
MTY,MIA
MTY,NLU
MTY,TQO
MUA,BNE
MUA,EGM
MUA,GZO
MUA,HIR
MUA,VAO
MUB,ADD
MUB,BBK
MUB,CPT
MUB,GBE
MUB,JNB
MUB,WDH
MUB,NLA
MUC,AGA
MUC,ALC
MUC,AMS
MUC,AOI
MUC,ESB
MUC,AYT
MUC,GPA
MUC,ACE
MUC,ATH
MUC,BCN
MUC,BRI
MUC,BSL
MUC,BIA
MUC,BEG
MUC,BGO
MUC,BIQ
MUC,BIO
MUC,BLL
MUC,BHX
MUC,BJV
MUC,BUD
MUC,BLQ
MUC,BOD
MUC,BRE
MUC,BDS
MUC,BRU
MUC,OTP
MUC,CAG
MUC,CAI
MUC,CTA
MUC,CHQ
MUC,CGN
MUC,CFU
MUC,ORK
MUC,DLM
MUC,DJE
MUC,DTM
MUC,DRS
MUC,DUB
MUC,DBV
MUC,DUS
MUC,EDI
MUC,FAO
MUC,FLR
MUC,FRA
MUC,FUE
MUC,FNC
MUC,GDN
MUC,GVA
MUC,GOA
MUC,GOT
MUC,GRZ
MUC,HAM
MUC,HAJ
MUC,HEL
MUC,HER
MUC,HRG
MUC,IBZ
MUC,IST
MUC,SAW
MUC,ADB
MUC,XRY
MUC,JER
MUC,KTT
MUC,CPH
MUC,KGS
MUC,KRK
MUC,SPC
MUC,SUF
MUC,LCA
MUC,LPA
MUC,LEJ
MUC,LIS
MUC,LJU
MUC,LGW
MUC,LHR
MUC,LUX
MUC,LYS
MUC,MAD
MUC,MAH
MUC,AGP
MUC,MLA
MUC,MAN
MUC,RAK
MUC,RMF
MUC,MRS
MUC,LIN
MUC,MXP
MUC,MIR
MUC,FMO
MUC,JMK
MUC,NTE
MUC,NAP
MUC,NCE
MUC,OLB
MUC,OSL
MUC,OUL
MUC,OVD
MUC,PAD
MUC,PFO
MUC,PMO
MUC,PMI
MUC,CDG
MUC,OPO
MUC,POZ
MUC,PRG
MUC,PVK
MUC,PRN
MUC,PUY
MUC,KEF
MUC,RHO
MUC,RIX
MUC,RJK
MUC,FCO
MUC,RVN
MUC,RZE
MUC,SMI
MUC,JTR
MUC,SVQ
MUC,SOF
MUC,SPU
MUC,ARN
MUC,STR
MUC,TLL
MUC,TBS
MUC,TFS
MUC,SKG
MUC,TSR
MUC,TIA
MUC,TLS
MUC,TOS
MUC,TRD
MUC,TUN
MUC,TRN
MUC,VLC
MUC,VAR
MUC,VCE
MUC,VRN
MUC,VNO
MUC,WAW
MUC,VIE
MUC,GWT
MUC,WRO
MUC,ZAD
MUC,ZAG
MUC,ZTH
MUC,ZRH
MUC,TIV
MUC,KVA
MUC,CLJ
MUC,RMO
MUC,AOK
MUC,EFL
MUC,JSI
MUC,KLX
MUC,VOL
MUC,TLV
MUC,ADA
MUC,ASR
MUC,SBZ
MUC,EBL
MUC,AJR
MUC,OSI
MUC,ATL
MUC,AUH
MUC,BAH
MUC,BER
MUC,BKK
MUC,BLR
MUC,BOM
MUC,BOS
MUC,BVC
MUC,CLT
MUC,CPT
MUC,DEB
MUC,DEL
MUC,DEN
MUC,DOH
MUC,DTW
MUC,DWC
MUC,DXB
MUC,DYU
MUC,EWR
MUC,GZT
MUC,HAN
MUC,HKG
MUC,HND
MUC,IAD
MUC,IAH
MUC,ICN
MUC,JED
MUC,JFK
MUC,JNB
MUC,KIX
MUC,KWI
MUC,LAX
MUC,MCT
MUC,MEX
MUC,OMO
MUC,ORD
MUC,PEK
MUC,PVG
MUC,RUH
MUC,SAN
MUC,SEA
MUC,SFO
MUC,SGN
MUC,SZF
MUC,TAS
MUC,TPE
MUC,TZX
MUC,YUL
MUC,YVR
MUC,YYZ
MUC,SID
MUC,SIN
MUC,OGU
MUC,MIA
MUC,GHV
MUC,PEV
MUE,OGG
MUH,BLQ
MUH,MXP
MUH,RMI
MUH,FCO
MUH,VRN
MUN,CCS
MUN,MAR
MUN,PMV
MUN,SDQ
MUN,STD
MUR,BBN
MUR,LBP
MUR,LGL
MUR,MYY
MUR,LKH
MUR,ODN
MUX,AUH
MUX,BAH
MUX,DOH
MUX,DXB
MUX,ELQ
MUX,JED
MUX,KHI
MUX,MCT
MUX,MED
MUX,RUH
MUX,SHJ
MVB,LBV
MVD,MAD
MVD,AEP
MVD,ASU
MVD,BOG
MVD,BRC
MVD,CWB
MVD,EZE
MVD,FLN
MVD,GIG
MVD,GRU
MVD,LIM
MVD,POA
MVD,PTY
MVD,REC
MVD,SCL
MVD,SSA
MVD,MIA
MVF,FOR
MVF,NAT
MVF,REC
MVP,BOG
MVP,VVC
MVR,DLA
MVT,PPT
MVT,RGI
MVY,ACK
MVY,BOS
MVY,CLT
MVY,DCA
MVY,EWB
MVY,HPN
MVY,HYA
MVY,JFK
MVY,LGA
MVY,ORD
MVY,TEB
MVY,PHL
MWA,ORD
MWF,SON
MWX,CJU
MWX,DSN
MWX,DYG
MWX,LJG
MWX,YNJ
MWX,UBN
MWZ,BKZ
MWZ,DAR
MWZ,EBB
MWZ,JRO
MWZ,KGL
MWZ,SEU
MWZ,KBH
MWZ,GTZ
MWZ,GIT
MXH,HGU
MXH,POM
MXL,BJX
MXL,GDL
MXL,HMO
MXL,LMM
MXL,MEX
MXL,MTY
MXL,PVR
MXL,SJD
MXP,AHO
MXP,ALC
MXP,AMS
MXP,AYT
MXP,GPA
MXP,ACE
MXP,ATH
MXP,BCN
MXP,BRI
MXP,BEG
MXP,BGO
MXP,BIO
MXP,BHX
MXP,BUD
MXP,BLQ
MXP,BOD
MXP,BDS
MXP,BRS
MXP,BRU
MXP,OTP
MXP,CAG
MXP,CAI
MXP,CLY
MXP,CMN
MXP,CTA
MXP,CHQ
MXP,CGN
MXP,CFU
MXP,DJE
MXP,DUB
MXP,DUS
MXP,EDI
MXP,FAO
MXP,FRA
MXP,FUE
MXP,GVA
MXP,HAM
MXP,HEL
MXP,HER
MXP,HRG
MXP,IBZ
MXP,IST
MXP,ADB
MXP,CPH
MXP,KGS
MXP,KRK
MXP,LCG
MXP,SUF
MXP,LMP
MXP,LCA
MXP,LPA
MXP,LIS
MXP,LGW
MXP,LHR
MXP,LTN
MXP,STN
MXP,LDE
MXP,LUX
MXP,LXR
MXP,LYS
MXP,MAD
MXP,MAH
MXP,AGP
MXP,MLA
MXP,MAN
MXP,RAK
MXP,RMF
MXP,MUH
MXP,MRS
MXP,MIR
MXP,MUC
MXP,JMK
MXP,NTE
MXP,NAP
MXP,NCE
MXP,OLB
MXP,OSL
MXP,PMO
MXP,PMI
MXP,BVA
MXP,CDG
MXP,ORY
MXP,OPO
MXP,PRG
MXP,PVK
MXP,PRN
MXP,KEF
MXP,RHO
MXP,RIX
MXP,RMI
MXP,FCO
MXP,RVN
MXP,SMI
MXP,JTR
MXP,SVQ
MXP,SSH
MXP,SKP
MXP,SOF
MXP,SPU
MXP,SVG
MXP,ARN
MXP,STR
MXP,TLL
MXP,TFS
MXP,SKG
MXP,TIA
MXP,TLS
MXP,TPS
MXP,TUN
MXP,VLC
MXP,VRN
MXP,VNO
MXP,WAW
MXP,VIE
MXP,ZAD
MXP,ZTH
MXP,ZRH
MXP,RMO
MXP,AOK
MXP,EFL
MXP,FSC
MXP,JSI
MXP,TLV
MXP,BEY
MXP,BCM
MXP,ALG
MXP,AMM
MXP,TGD
MXP,SBZ
MXP,EVN
MXP,NBE
MXP,SCV
MXP,ADD
MXP,ALA
MXP,ASB
MXP,ATL
MXP,ATQ
MXP,AUH
MXP,BAH
MXP,GYD
MXP,BER
MXP,BKK
MXP,BVC
MXP,CGO
MXP,CIY
MXP,CKG
MXP,CTG
MXP,CUN
MXP,DEL
MXP,DOH
MXP,DWC
MXP,DXB
MXP,EWR
MXP,FOG
MXP,FPO
MXP,GRU
MXP,HAV
MXP,HKG
MXP,HOG
MXP,ICN
MXP,IKA
MXP,JED
MXP,JFK
MXP,JSH
MXP,KUT
MXP,KWI
MXP,LRM
MXP,MBA
MXP,MBJ
MXP,MCT
MXP,MLE
MXP,MRU
MXP,NKG
MXP,ORD
MXP,PDL
MXP,PEK
MXP,PTP
MXP,PUJ
MXP,PVG
MXP,QSR
MXP,RUH
MXP,SZX
MXP,TAS
MXP,TPE
MXP,WNZ
MXP,YUL
MXP,YYZ
MXP,ZNZ
MXP,NOS
MXP,SID
MXP,SIN
MXP,UGC
MXP,DSS
MXP,SPX
MXP,GHV
MXQ,SSA
MXV,ULO
MXV,UBN
MXX,ARN
MXX,EVG
MXZ,CAN
MXZ,CKG
MXZ,CSX
MYA,MIM
MYA,SYD
MYD,ASV
MYD,LAU
MYD,NBO
MYD,WIL
MYG,IGA
MYG,NAS
MYI,HID
MYI,NLF
MYI,OKR
MYJ,FUK
MYJ,HND
MYJ,ICN
MYJ,ITM
MYJ,KOJ
MYJ,NGO
MYJ,NRT
MYJ,OKA
MYJ,PUS
MYJ,TPE
MYP,ASB
MYP,KRW
MYP,TAZ
MYQ,HYD
MYQ,MAA
MYR,ABE
MYR,ACY
MYR,ALB
MYR,ATL
MYR,AVP
MYR,BDL
MYR,BLV
MYR,BNA
MYR,BOS
MYR,BWI
MYR,CAK
MYR,CKB
MYR,CLE
MYR,CLT
MYR,CMH
MYR,CRW
MYR,CVG
MYR,DAL
MYR,DCA
MYR,DEN
MYR,DFW
MYR,DTW
MYR,EWR
MYR,FLL
MYR,FWA
MYR,HGR
MYR,HPN
MYR,HTS
MYR,HVN
MYR,IAD
MYR,ILG
MYR,IND
MYR,ISP
MYR,LBE
MYR,LCK
MYR,LEX
MYR,LGA
MYR,MCI
MYR,MCO
MYR,MDT
MYR,MDW
MYR,MSP
MYR,ORD
MYR,PIT
MYR,PVD
MYR,ROC
MYR,SDF
MYR,STL
MYR,SWF
MYR,SYR
MYR,TPA
MYR,PHL
MYT,BMO
MYT,MDL
MYT,RGN
MYT,PBU
MYW,DAR
MYY,BBN
MYY,BKI
MYY,BTU
MYY,JHB
MYY,KCH
MYY,KUL
MYY,LBP
MYY,LBU
MYY,LGL
MYY,LMN
MYY,LWY
MYY,MKM
MYY,MUR
MYY,MZV
MYY,SBW
MYY,LKH
MYY,ODN
MYY,SIN
MZA,LIM
MZG,CYI
MZG,KHH
MZG,KNH
MZG,RMQ
MZG,TNN
MZG,TSA
MZH,IST
MZH,SAW
MZK,TRW
MZL,BOG
MZL,EOH
MZR,IST
MZR,HEA
MZR,IKA
MZR,ISB
MZR,JED
MZR,KBL
MZT,BJX
MZT,CJS
MZT,CUU
MZT,DFW
MZT,IAH
MZT,LAP
MZT,LAX
MZT,MEX
MZT,MSP
MZT,MTY
MZT,PHX
MZT,QRO
MZT,SFO
MZT,TIJ
MZT,YEG
MZT,YLW
MZT,YVR
MZT,YYC
MZT,NLU
MZV,BKI
MZV,KCH
MZV,MYY
MZW,ALG
NAA,IVR
NAA,NTL
NAA,SYD
NAG,AMD
NAG,BLR
NAG,BOM
NAG,CCU
NAG,DEL
NAG,DOH
NAG,HYD
NAG,IDR
NAG,ISK
NAG,IXG
NAG,IXU
NAG,LKO
NAG,MED
NAG,PNQ
NAG,SHJ
NAG,KQH
NAG,GOX
NAH,MDC
NAH,MNA
NAJ,IST
NAJ,VKO
NAJ,GYD
NAJ,GNJ
NAM,AMQ
NAN,ADL
NAN,APW
NAN,BNE
NAN,CBR
NAN,CHC
NAN,CXI
NAN,FUN
NAN,HIR
NAN,HKG
NAN,HNL
NAN,INU
NAN,KDV
NAN,LAX
NAN,LBS
NAN,MEL
NAN,NOU
NAN,NRT
NAN,PPT
NAN,SFO
NAN,SUV
NAN,SYD
NAN,TBU
NAN,TRW
NAN,VLI
NAN,WLG
NAN,WLS
NAN,YVR
NAN,RTA
NAN,SIN
NAN,SVU
NAN,TVU
NAN,VAV
NAN,AKL
NAO,CAN
NAO,CSX
NAO,FOC
NAO,KMG
NAO,LXA
NAO,PVG
NAO,SZX
NAO,TNA
NAO,TSN
NAO,URC
NAO,WNZ
NAO,WUH
NAO,PKX
NAP,AAL
NAP,AHO
NAP,AMS
NAP,ATH
NAP,BCN
NAP,BSL
NAP,BEG
NAP,BIO
NAP,BHX
NAP,BUD
NAP,BLQ
NAP,BOD
NAP,BRS
NAP,BRU
NAP,CRL
NAP,OTP
NAP,CAG
NAP,CMN
NAP,CTA
NAP,CHQ
NAP,CGN
NAP,CFU
NAP,DUB
NAP,DBV
NAP,DUS
NAP,EDI
NAP,EIN
NAP,FRA
NAP,GDN
NAP,GVA
NAP,GOA
NAP,GLA
NAP,HAM
NAP,HAJ
NAP,HEL
NAP,HER
NAP,HRG
NAP,IBZ
NAP,IST
NAP,KTW
NAP,KUN
NAP,CPH
NAP,KGS
NAP,KRK
NAP,LMP
NAP,LPA
NAP,LBA
NAP,LIS
NAP,LGW
NAP,LHR
NAP,LTN
NAP,STN
NAP,LDE
NAP,LUX
NAP,LYS
NAP,MAD
NAP,MAH
NAP,AGP
NAP,MLA
NAP,MAN
NAP,RAK
NAP,RMF
NAP,MRS
NAP,BGY
NAP,LIN
NAP,MXP
NAP,MUC
NAP,JMK
NAP,NTE
NAP,NCE
NAP,EMA
NAP,NUE
NAP,OLB
NAP,OSL
NAP,PFO
NAP,PMO
NAP,PMI
NAP,BVA
NAP,CDG
NAP,ORY
NAP,OPO
NAP,PRG
NAP,PVK
NAP,RHO
NAP,RIX
NAP,FCO
NAP,RVN
NAP,JTR
NAP,SVQ
NAP,SNN
NAP,SSH
NAP,SOF
NAP,SPU
NAP,ARN
NAP,STR
NAP,TFS
NAP,SKG
NAP,TIA
NAP,TLS
NAP,TPS
NAP,TRS
NAP,TUN
NAP,TRN
NAP,VLC
NAP,VCE
NAP,VRN
NAP,WAW
NAP,VIE
NAP,WRO
NAP,ZAG
NAP,ZTH
NAP,ZRH
NAP,CLJ
NAP,AOK
NAP,FMM
NAP,EFL
NAP,JSI
NAP,TLV
NAP,BER
NAP,CIY
NAP,DXB
NAP,EWR
NAP,JFK
NAP,JSH
NAP,WMI
NAP,PHL
NAQ,JAV
NAQ,JUV
NAQ,THU
NAQ,SRK
NAS,LHR
NAS,ATL
NAS,AXP
NAS,BIM
NAS,BOS
NAS,BWI
NAS,CAP
NAS,CLT
NAS,CRI
NAS,DCA
NAS,DEN
NAS,DFW
NAS,ELH
NAS,EWR
NAS,FLL
NAS,FPO
NAS,GCM
NAS,GGT
NAS,GHB
NAS,HAV
NAS,IAD
NAS,IAH
NAS,IGA
NAS,JFK
NAS,KIN
NAS,LAX
NAS,LGA
NAS,LGI
NAS,MBJ
NAS,MCO
NAS,MHH
NAS,MYG
NAS,ORD
NAS,PBI
NAS,PLS
NAS,PTY
NAS,SEA
NAS,TPA
NAS,YUL
NAS,YYC
NAS,YYZ
NAS,ZSA
NAS,RSD
NAS,SML
NAS,SAQ
NAS,TZN
NAS,PHL
NAS,MIA
NAS,CXY
NAT,LIS
NAT,BEL
NAT,BSB
NAT,CGH
NAT,CNF
NAT,CWB
NAT,EZE
NAT,FEN
NAT,FOR
NAT,GIG
NAT,GRU
NAT,GYN
NAT,MCZ
NAT,MVF
NAT,PPB
NAT,RAO
NAT,REC
NAT,SSA
NAT,UDI
NAT,VCP
NAT,SJP
NAU,PPT
NAU,PKP
NAV,IST
NAV,SAW
NAW,DMK
NBC,AYT
NBC,SVO
NBC,AER
NBC,GYD
NBC,MRV
NBC,NJC
NBC,SGC
NBC,SVX
NBC,TJM
NBC,RMZ
NBE,BSL
NBE,BFS
NBE,BHX
NBE,BRS
NBE,BRU
NBE,BBU
NBE,DJE
NBE,GVA
NBE,GLA
NBE,LPL
NBE,LGW
NBE,LTN
NBE,LGG
NBE,LUX
NBE,MAN
NBE,MXP
NBE,VRN
NBO,AMS
NBO,BRU
NBO,CAI
NBO,FRA
NBO,IST
NBO,LHR
NBO,CDG
NBO,ABJ
NBO,ACC
NBO,ADD
NBO,APL
NBO,BGF
NBO,BJM
NBO,BKK
NBO,BOM
NBO,CAN
NBO,CPT
NBO,CSX
NBO,DAR
NBO,DEL
NBO,DLA
NBO,DOH
NBO,DXB
NBO,DZA
NBO,EBB
NBO,EDL
NBO,FBM
NBO,FIH
NBO,GLK
NBO,GOM
NBO,GXF
NBO,HAH
NBO,HRE
NBO,JED
NBO,JFK
NBO,JNB
NBO,JRO
NBO,JUB
NBO,KGL
NBO,KIS
NBO,LAU
NBO,LFW
NBO,LLW
NBO,LOS
NBO,LUN
NBO,LVI
NBO,MBA
NBO,MED
NBO,MGQ
NBO,MPM
NBO,MRU
NBO,MYD
NBO,SEZ
NBO,SHJ
NBO,TNR
NBO,VFA
NBO,ZNZ
NBO,NLA
NBO,UKA
NBO,GGR
NBS,CGQ
NBS,DLC
NBS,PVG
NBS,PKX
NBX,DJJ
NBX,MKW
NBX,TIM
NCE,AAL
NCE,AGA
NCE,AJA
NCE,ALC
NCE,AMS
NCE,ATH
NCE,BCN
NCE,BRI
NCE,BSL
NCE,BIA
NCE,BFS
NCE,BEG
NCE,BGO
NCE,BIQ
NCE,BHX
NCE,BUD
NCE,BOD
NCE,BES
NCE,BRS
NCE,BRU
NCE,CRL
NCE,OTP
NCE,CLY
NCE,CMN
NCE,CTA
NCE,CHQ
NCE,CGN
NCE,DJE
NCE,DUB
NCE,DUS
NCE,EDI
NCE,EIN
NCE,FAO
NCE,FEZ
NCE,FRA
NCE,GVA
NCE,GOT
NCE,HAM
NCE,HEL
NCE,IBZ
NCE,IST
NCE,CPH
NCE,KRK
NCE,LBA
NCE,LIS
NCE,LPL
NCE,LCY
NCE,LGW
NCE,LHR
NCE,LTN
NCE,STN
NCE,LUX
NCE,LYS
NCE,MAD
NCE,AGP
NCE,MLA
NCE,MAN
NCE,RAK
NCE,MXP
NCE,MIR
NCE,MUC
NCE,JMK
NCE,NTE
NCE,NAP
NCE,NUE
NCE,OLB
NCE,OSL
NCE,TRF
NCE,PMO
NCE,PMI
NCE,BVA
NCE,CDG
NCE,ORY
NCE,OPO
NCE,PRG
NCE,RNS
NCE,KEF
NCE,RIX
NCE,LIL
NCE,FCO
NCE,SOF
NCE,SVG
NCE,ARN
NCE,STR
NCE,TLL
NCE,TBS
NCE,TFS
NCE,TIA
NCE,TLS
NCE,TRD
NCE,TUN
NCE,VCE
NCE,VNO
NCE,WAW
NCE,VIE
NCE,ZRH
NCE,CLJ
NCE,RMO
NCE,EFL
NCE,SXB
NCE,FSC
NCE,TLV
NCE,CFR
NCE,BEY
NCE,ALG
NCE,EVN
NCE,RBA
NCE,BVE
NCE,ATL
NCE,AUH
NCE,BER
NCE,CZL
NCE,DOH
NCE,DXB
NCE,EWR
NCE,JFK
NCE,KWI
NCE,MCM
NCE,RUH
NCE,YUL
NCE,DSS
NCE,PHL
NCL,ALC
NCL,AMS
NCL,AYT
NCL,ACE
NCL,ATH
NCL,BCN
NCL,GRO
NCL,REU
NCL,BHD
NCL,BFS
NCL,BGO
NCL,BJV
NCL,BUD
NCL,BRS
NCL,BOJ
NCL,CHQ
NCL,CGN
NCL,CFU
NCL,DLM
NCL,DUB
NCL,DBV
NCL,DUS
NCL,EXT
NCL,FAO
NCL,FRA
NCL,FUE
NCL,FNC
NCL,GDN
NCL,GVA
NCL,GNB
NCL,HER
NCL,HRG
NCL,IBZ
NCL,ADB
NCL,JER
NCL,CPH
NCL,KGS
NCL,KRK
NCL,LCA
NCL,LPA
NCL,LHR
NCL,MAH
NCL,AGP
NCL,MLA
NCL,BGY
NCL,NQY
NCL,PFO
NCL,PMI
NCL,CDG
NCL,PRG
NCL,KEF
NCL,RHO
NCL,FCO
NCL,JTR
NCL,SSH
NCL,SOU
NCL,SVG
NCL,TFS
NCL,SKG
NCL,VRN
NCL,VIE
NCL,WRO
NCL,ZAD
NCL,ZTH
NCL,EFL
NCL,JSI
NCL,BER
NCL,CUN
NCL,DXB
NCL,SID
NCN,MRI
NCU,IST
NCU,DME
NCU,VKO
NCU,ALA
NCU,TAS
NDB,LPA
NDB,NKC
NDB,OUZ
NDC,AMD
NDC,BLR
NDC,HYD
NDC,HDO
NDG,DLC
NDG,PEK
NDG,PVG
NDG,SHE
NDG,TAO
NDG,TNA
NDG,TSN
NDG,PKX
NDJ,CAI
NDJ,IST
NDJ,CDG
NDJ,ABV
NDJ,ADD
NDJ,DLA
NDJ,NIM
NDJ,NSI
NDK,KIO
NDK,MAJ
NDR,AMS
NDR,ANR
NDR,BCN
NDR,BRU
NDR,CRL
NDR,CMN
NDR,CGN
NDR,DUS
NDR,EIN
NDR,FRA
NDR,HHN
NDR,HAM
NDR,MAD
NDR,AGP
NDR,MRS
NDR,MPL
NDR,NRN
NDR,OUD
NDR,PMI
NDR,BVA
NDR,ORY
NDR,RTM
NDR,TNG
NDR,TLS
NDR,SXB
NDU,ERS
NEI,VVO
NEI,AEM
NEI,EDN
NEK,ADD
NER,DME
NER,VKO
NER,IKT
NER,KHV
NER,KJA
NER,OVB
NER,TYD
NER,VVO
NER,YKS
NEU,VTE
NEV,AXA
NEV,EIS
NEV,STT
NEV,STX
NEV,SXM
NEV,SJU
NEV,SKB
NGB,BUD
NGB,AQG
NGB,BAV
NGB,BKK
NGB,CAN
NGB,CGO
NGB,CGQ
NGB,CJU
NGB,CKG
NGB,CSX
NGB,CTU
NGB,DLC
NGB,DMK
NGB,DYG
NGB,HAK
NGB,HET
NGB,HIA
NGB,HKG
NGB,HLD
NGB,HNY
NGB,HRB
NGB,ICN
NGB,INC
NGB,JDZ
NGB,JGS
NGB,JHG
NGB,JIU
NGB,KIX
NGB,KMG
NGB,KOW
NGB,KWE
NGB,KWL
NGB,LYG
NGB,LYI
NGB,LZO
NGB,MFM
NGB,MIG
NGB,NNG
NGB,NRT
NGB,PEK
NGB,PVG
NGB,SGN
NGB,SHE
NGB,SWA
NGB,SYX
NGB,SZX
NGB,TAO
NGB,TPE
NGB,TSN
NGB,TYN
NGB,WEH
NGB,WUH
NGB,WXN
NGB,XFN
NGB,XIC
NGB,XIY
NGB,XMN
NGB,XNN
NGB,YBP
NGB,YIH
NGB,YNT
NGB,ZUH
NGB,ACX
NGB,SIN
NGB,SJW
NGB,UYN
NGB,YCU
NGB,NZH
NGB,LHW
NGB,BFJ
NGB,RIZ
NGB,YKH
NGB,WMT
NGB,BZX
NGB,PKX
NGB,SHS
NGB,TFU
NGB,HCZ
NGB,DXJ
NGB,TEN
NGE,DLA
NGE,NSI
NGK,KHV
NGK,NLI
NGK,ZZO
NGO,HEL
NGO,AKJ
NGO,AXT
NGO,BKK
NGO,CTS
NGO,DLC
NGO,FUK
NGO,GUM
NGO,HAN
NGO,HKD
NGO,HKG
NGO,HND
NGO,HNL
NGO,ICN
NGO,ISG
NGO,IZO
NGO,KCZ
NGO,KHH
NGO,KMI
NGO,KMJ
NGO,KOJ
NGO,KUH
NGO,MMB
NGO,MMY
NGO,MNL
NGO,MYJ
NGO,NGS
NGO,NKG
NGO,NRT
NGO,OBO
NGO,OIT
NGO,OKA
NGO,PEK
NGO,PUS
NGO,PVG
NGO,RMQ
NGO,SDJ
NGO,SGN
NGO,SZX
NGO,TAO
NGO,TPE
NGO,TSN
NGO,SIN
NGQ,KHG
NGQ,LXA
NGS,FUJ
NGS,HND
NGS,IKI
NGS,ITM
NGS,KIX
NGS,NGO
NGS,NRT
NGS,PVG
NGS,UKB
NGS,TSJ
NHV,AUQ
NHV,PPT
NHV,UAH
NHV,UAP
NIB,MRI
NIG,TBF
NIM,CMN
NIM,IST
NIM,CDG
NIM,TUN
NIM,ALG
NIM,ABJ
NIM,ADD
NIM,AJY
NIM,BKO
NIM,COO
NIM,LFW
NIM,MJI
NIM,NDJ
NIM,OUA
NIM,ZND
NIQ,UMD
NIQ,JUK
NIU,KKR
NIU,PPT
NJC,SVO
NJC,VKO
NJC,LED
NJC,KZN
NJC,AER
NJC,GYD
NJC,CEK
NJC,CSY
NJC,HMA
NJC,MCX
NJC,MRV
NJC,NBC
NJC,NYA
NJC,OMS
NJC,OSS
NJC,OVB
NJC,SVX
NJC,TAS
NJC,TJM
NJC,UFA
NJC,UUA
NJC,NMA
NJF,IST
NJF,BEY
NJF,DAM
NJF,AMD
NJF,BAH
NJF,BGW
NJF,BOM
NJF,DMM
NJF,DOH
NJF,DXB
NJF,IFN
NJF,IKA
NJF,ISB
NJF,JED
NJF,KHI
NJF,KWI
NJF,MED
NJF,MHD
NJF,SHJ
NKC,CMN
NKC,IST
NKC,LPA
NKC,CDG
NKC,TUN
NKC,ALG
NKC,ABJ
NKC,BJL
NKC,BKO
NKC,CKY
NKC,EMN
NKC,KFA
NKC,NDB
NKC,DSS
NKG,MXP
NKG,BAV
NKG,BHY
NKG,BKK
NKG,BSD
NKG,CAN
NKG,CGQ
NKG,CIF
NKG,CJU
NKG,CKG
NKG,CSX
NKG,CTU
NKG,DAT
NKG,DLC
NKG,DLU
NKG,DMK
NKG,DSN
NKG,DYG
NKG,ENH
NKG,ENY
NKG,FOC
NKG,GYS
NKG,HAK
NKG,HET
NKG,HJJ
NKG,HKG
NKG,HKT
NKG,HLD
NKG,HRB
NKG,HUZ
NKG,HZG
NKG,ICN
NKG,INC
NKG,JGS
NKG,JHG
NKG,JJN
NKG,KHG
NKG,KHH
NKG,KIX
NKG,KMG
NKG,KOW
NKG,KUL
NKG,KWE
NKG,KWL
NKG,LCX
NKG,LJG
NKG,LZH
NKG,LZO
NKG,MDC
NKG,MEL
NKG,MFM
NKG,MIG
NKG,MPH
NKG,NGO
NKG,NNG
NKG,NNY
NKG,NRT
NKG,PEK
NKG,PVG
NKG,RMQ
NKG,SHE
NKG,SWA
NKG,SYD
NKG,SYX
NKG,SZX
NKG,TAO
NKG,TPE
NKG,TWU
NKG,TYN
NKG,URC
NKG,WEH
NKG,WNZ
NKG,WXN
NKG,XFN
NKG,XIY
NKG,XMN
NKG,XNN
NKG,YBP
NKG,YNT
NKG,ZHA
NKG,ZUH
NKG,ZYI
NKG,AVA
NKG,SIN
NKG,SJW
NKG,UYN
NKG,YCU
NKG,LHW
NKG,LPF
NKG,YKH
NKG,BAR
NKG,WMT
NKG,BZX
NKG,PKX
NKG,TFU
NKG,CQW
NKG,HCZ
NKG,DZH
NKG,TEN
NKI,EDA
NKI,WWP
NKM,AOJ
NKM,FUK
NKM,GAJ
NKM,HNA
NKM,IZO
NKM,KCZ
NKM,KIJ
NKM,KMJ
NKM,OKD
NKT,ESB
NKT,IST
NKT,SAW
NLA,ADD
NLA,BUQ
NLA,DAR
NLA,FBM
NLA,JNB
NLA,LUN
NLA,MNS
NLA,MUB
NLA,NBO
NLA,SLI
NLD,MEX
NLD,NLU
NLF,HID
NLF,MYI
NLF,OKR
NLH,KMG
NLI,KHV
NLI,VVO
NLI,NGK
NLK,BNE
NLK,SYD
NLK,AKL
NLT,KCA
NLT,URC
NLT,FYN
NLU,ACA
NLU,BOG
NLU,CCS
NLU,CJS
NLU,CLQ
NLU,CTM
NLU,CUL
NLU,CUN
NLU,CUU
NLU,DGO
NLU,GDL
NLU,HAV
NLU,HMO
NLU,HUX
NLU,IAH
NLU,LAP
NLU,MFE
NLU,MID
NLU,MLM
NLU,MTY
NLU,MZT
NLU,NLD
NLU,OAX
NLU,PTY
NLU,PVR
NLU,PXM
NLU,REX
NLU,SDQ
NLU,TAM
NLU,TGZ
NLU,TIJ
NLU,VER
NLU,VSA
NLU,ZIH
NLU,SJD
NLU,TQO
NMA,IST
NMA,DME
NMA,VKO
NMA,LED
NMA,KUF
NMA,AER
NMA,IKT
NMA,JED
NMA,KJA
NMA,KWI
NMA,MCX
NMA,NJC
NMA,OMS
NMA,PEE
NMA,SVX
NMA,TAS
NMA,UFA
NMA,ZIA
NME,BET
NMF,MLE
NMF,LMV
NNB,HIR
NNG,AEB
NNG,BKK
NNG,BWN
NNG,CAN
NNG,CGK
NNG,CGO
NNG,CKG
NNG,CSX
NNG,CTU
NNG,CZX
NNG,DMK
NNG,DYG
NNG,FOC
NNG,FUG
NNG,GYS
NNG,HAK
NNG,HFE
NNG,HGH
NNG,HKG
NNG,HYN
NNG,INC
NNG,JGS
NNG,JHG
NNG,JJN
NNG,JNG
NNG,JUZ
NNG,KHN
NNG,KMG
NNG,KOW
NNG,KUL
NNG,LJG
NNG,LYA
NNG,LZO
NNG,MFM
NNG,NGB
NNG,NKG
NNG,PEK
NNG,PNH
NNG,PVG
NNG,SGN
NNG,SHA
NNG,SWA
NNG,SYX
NNG,SZX
NNG,TAO
NNG,TNA
NNG,TSN
NNG,TYN
NNG,VTE
NNG,WNZ
NNG,WUH
NNG,WUX
NNG,XFN
NNG,XIC
NNG,XIY
NNG,XMN
NNG,XNN
NNG,XUZ
NNG,YBP
NNG,YIH
NNG,YTY
NNG,NTG
NNG,SIN
NNG,SJW
NNG,YCU
NNG,LHW
NNG,KJH
NNG,LFQ
NNG,SQD
NNG,WMT
NNG,BZX
NNG,PKX
NNG,TFU
NNG,DZH
NNL,ILI
NNL,PTA
NNM,VKO
NNM,LED
NNM,ARH
NNM,CEK
NNM,SVX
NNT,DMK
NNY,CAN
NNY,HAK
NNY,HGH
NNY,HRB
NNY,KHN
NNY,KMG
NNY,NKG
NNY,PVG
NNY,SWA
NNY,SYX
NNY,SZX
NNY,URC
NNY,XIY
NNY,XMN
NNY,LHW
NOB,LIR
NOB,TNO
NOB,SJO
NOC,ALC
NOC,ACE
NOC,GRO
NOC,BHX
NOC,BRS
NOC,CGN
NOC,EDI
NOC,FAO
NOC,LPL
NOC,LHR
NOC,LTN
NOC,STN
NOC,AGP
NOC,MAN
NOC,BGY
NOC,EMA
NOC,PMI
NOC,TFS
NOJ,DME
NOJ,VKO
NOJ,LED
NOJ,AER
NOJ,KJA
NOJ,MRV
NOJ,OMS
NOJ,OVB
NOJ,SGC
NOJ,SVX
NOJ,TJM
NOJ,UFA
NOJ,UUA
NOJ,SLY
NON,TRW
NOP,IST
NOS,MXP
NOS,FCO
NOS,VRN
NOS,ADD
NOS,DZA
NOS,JNB
NOS,MBA
NOS,MJN
NOS,RUN
NOS,TNR
NOU,BNE
NOU,MEL
NOU,NAN
NOU,NRT
NOU,PPT
NOU,SYD
NOU,VLI
NOU,WLS
NOU,SIN
NOU,SON
NOU,AKL
NOV,LAD
NOZ,DME
NOZ,SVO
NOZ,LED
NOZ,KZN
NOZ,AER
NOZ,KJA
NOZ,MCX
NOZ,OVB
NOZ,SVX
NOZ,KCY
NPE,CHC
NPE,WLG
NPE,AKL
NPL,CHC
NPL,WLG
NPL,AKL
NPY,DAR
NPY,TBO
NQN,AEP
NQN,COR
NQN,CRD
NQN,EZE
NQN,MDZ
NQN,ROS
NQN,SLA
NQU,EOH
NQU,UIB
NQY,ALC
NQY,BHD
NQY,DUB
NQY,DUS
NQY,EDI
NQY,FAO
NQY,GLA
NQY,HUY
NQY,CPH
NQY,LGW
NQY,STN
NQY,AGP
NQY,MAN
NQY,NCL
NQY,ZRH
NQY,ISC
NQZ,ESB
NQZ,AYT
NQZ,FRA
NQZ,IST
NQZ,SAW
NQZ,MSQ
NQZ,SVO
NQZ,VKO
NQZ,PRG
NQZ,SSH
NQZ,LED
NQZ,TBS
NQZ,WAW
NQZ,TGD
NQZ,KZN
NQZ,AKX
NQZ,ALA
NQZ,AUH
NQZ,GYD
NQZ,BUS
NQZ,CIT
NQZ,DMB
NQZ,DXB
NQZ,DYU
NQZ,DZN
NQZ,FRU
NQZ,GUW
NQZ,ICN
NQZ,KJA
NQZ,KSN
NQZ,KUT
NQZ,KZO
NQZ,MRV
NQZ,OMS
NQZ,OVB
NQZ,PEK
NQZ,PLX
NQZ,PPK
NQZ,SCO
NQZ,SVX
NQZ,TAS
NQZ,UKK
NQZ,URA
NQZ,URC
NQZ,XIY
NQZ,UZR
NQZ,USJ
NQZ,TDK
NQZ,HSA
NRA,GFF
NRA,SYD
NRE,AMQ
NRK,AYT
NRK,VBY
NRN,AGA
NRN,ALC
NRN,AOI
NRN,AYT
NRN,ACE
NRN,GRO
NRN,REU
NRN,BRI
NRN,CAG
NRN,CHQ
NRN,CFU
NRN,DBV
NRN,EDI
NRN,FAO
NRN,FEZ
NRN,FUE
NRN,IBZ
NRN,CPH
NRN,KGS
NRN,AGP
NRN,RAK
NRN,BGY
NRN,NDR
NRN,OUD
NRN,OVD
NRN,PMI
NRN,PSR
NRN,OPO
NRN,PUY
NRN,RHO
NRN,SVQ
NRN,TNG
NRN,TFS
NRN,SKG
NRN,TIA
NRN,TPS
NRN,ZAD
NRN,ZAG
NRN,ESU
NRN,BZR
NRN,RBA
NRN,CDT
NRR,CPX
NRR,VQS
NRR,SIG
NRT,AMS
NRT,BRU
NRT,CAI
NRT,FRA
NRT,HEL
NRT,IST
NRT,MAD
NRT,CDG
NRT,WAW
NRT,VIE
NRT,ZRH
NRT,TLV
NRT,AKJ
NRT,ASJ
NRT,AUH
NRT,BKI
NRT,BKK
NRT,BLR
NRT,BNE
NRT,BOM
NRT,BOS
NRT,BWN
NRT,CAN
NRT,CEB
NRT,CGK
NRT,CGQ
NRT,CJJ
NRT,CJU
NRT,CMB
NRT,CNS
NRT,CRK
NRT,CTS
NRT,DAC
NRT,DAD
NRT,DEL
NRT,DEN
NRT,DFW
NRT,DLC
NRT,DOH
NRT,DPS
NRT,DXB
NRT,EWR
NRT,FOC
NRT,FUK
NRT,GUM
NRT,HAN
NRT,HGH
NRT,HIJ
NRT,HKG
NRT,HNL
NRT,HRB
NRT,IAH
NRT,ICN
NRT,ISG
NRT,ITM
NRT,KCZ
NRT,KHH
NRT,KIX
NRT,KMG
NRT,KMI
NRT,KMJ
NRT,KOA
NRT,KOJ
NRT,KTM
NRT,KUL
NRT,LAX
NRT,MDC
NRT,MEL
NRT,MEX
NRT,MFM
NRT,MNL
NRT,MYJ
NRT,NAN
NRT,NGB
NRT,NGO
NRT,NGS
NRT,NKG
NRT,NOU
NRT,OIT
NRT,OKA
NRT,ORD
NRT,PEK
NRT,PER
NRT,PPT
NRT,PUS
NRT,PVG
NRT,RMQ
NRT,SAN
NRT,SEA
NRT,SFO
NRT,SGN
NRT,SHE
NRT,SHI
NRT,SPN
NRT,SZX
NRT,TAE
NRT,TAO
NRT,TAS
NRT,TPE
NRT,TSN
NRT,VVO
NRT,WUH
NRT,WUX
NRT,XIY
NRT,XMN
NRT,YUL
NRT,YVR
NRT,YYC
NRT,YYZ
NRT,SIN
NRT,SJC
NRT,SJW
NRT,TAK
NRT,AKL
NRT,UBN
NRT,TFU
NSB,FLL
NSH,MHD
NSI,BRU
NSI,CMN
NSI,IST
NSI,CDG
NSI,ABJ
NSI,ABV
NSI,ADD
NSI,BFX
NSI,BGF
NSI,DLA
NSI,JED
NSI,LBV
NSI,LFW
NSI,NDJ
NSI,SSG
NSI,NGE
NSK,DME
NSK,LED
NSK,GOJ
NSK,AER
NSK,ABA
NSK,CEK
NSK,DKS
NSK,HTG
NSK,KJA
NSK,MRV
NSK,OMS
NSK,OVB
NSK,PEE
NSK,SVX
NSK,TJM
NSK,UFA
NSN,CHC
NSN,PPQ
NSN,WLG
NSN,AKL
NSQ,JUV
NSQ,KHQ
NSR,PNZ
NSR,REC
NST,DMK
NTE,AGA
NTE,AJA
NTE,ALC
NTE,AMS
NTE,AYT
NTE,ACE
NTE,ATH
NTE,BCN
NTE,BSL
NTE,BIA
NTE,BOH
NTE,BDS
NTE,BRS
NTE,CRL
NTE,CAG
NTE,CLY
NTE,CMN
NTE,CTA
NTE,CFU
NTE,DJE
NTE,DUB
NTE,DBV
NTE,EDI
NTE,FAO
NTE,FEZ
NTE,FLR
NTE,FRA
NTE,FUE
NTE,FNC
NTE,GVA
NTE,HAM
NTE,HER
NTE,HRG
NTE,IBZ
NTE,IST
NTE,CPH
NTE,KGS
NTE,LCA
NTE,LPA
NTE,LIS
NTE,LGW
NTE,STN
NTE,LXR
NTE,LYS
NTE,MAD
NTE,MAH
NTE,AGP
NTE,MLA
NTE,MAN
NTE,RAK
NTE,MRS
NTE,BGY
NTE,MXP
NTE,MIR
NTE,MPL
NTE,MUC
NTE,NAP
NTE,NCE
NTE,OLB
NTE,OUD
NTE,PMO
NTE,PMI
NTE,CDG
NTE,PGF
NTE,PSA
NTE,OPO
NTE,PRG
NTE,RHO
NTE,FCO
NTE,JTR
NTE,SVQ
NTE,SPU
NTE,TNG
NTE,TFS
NTE,TLN
NTE,TLS
NTE,TUN
NTE,VLC
NTE,VAR
NTE,VCE
NTE,VIE
NTE,ZRH
NTE,SXB
NTE,FSC
NTE,KLX
NTE,ALG
NTE,TGD
NTE,RBA
NTE,ORN
NTE,BER
NTE,CZL
NTE,FDF
NTE,QSR
NTE,SNR
NTE,YUL
NTE,DSS
NTG,CAN
NTG,CGQ
NTG,CKG
NTG,CSX
NTG,CTU
NTG,DLC
NTG,FOC
NTG,HET
NTG,HKG
NTG,HLD
NTG,HRB
NTG,HUZ
NTG,HZG
NTG,INC
NTG,JJN
NTG,KMG
NTG,KWE
NTG,KWL
NTG,MFM
NTG,NNG
NTG,PEK
NTG,PNH
NTG,SHE
NTG,SWA
NTG,SYX
NTG,SZX
NTG,TSN
NTG,TYN
NTG,XIY
NTG,XMN
NTG,XNN
NTG,YNT
NTG,ZUH
NTG,SJW
NTG,PKX
NTG,TFU
NTL,ADL
NTL,BNE
NTL,BNK
NTL,CBR
NTL,CNS
NTL,MEL
NTL,SYD
NTL,NAA
NTL,OOL
NTN,CNS
NTN,ONG
NTQ,HND
NTT,VAV
NTX,BTH
NUE,ALC
NUE,AMS
NUE,AYT
NUE,ACE
NUE,ATH
NUE,BCN
NUE,GRO
NUE,BRI
NUE,BIA
NUE,BEG
NUE,BUD
NUE,OTP
NUE,CAG
NUE,CHQ
NUE,CFU
NUE,DLM
NUE,DUS
NUE,EDI
NUE,FAO
NUE,FRA
NUE,FUE
NUE,HAM
NUE,HER
NUE,HRG
NUE,IST
NUE,SAW
NUE,ADB
NUE,KGS
NUE,SUF
NUE,LPA
NUE,LEJ
NUE,STN
NUE,AGP
NUE,RMF
NUE,MIR
NUE,NAP
NUE,NCE
NUE,PMO
NUE,PMI
NUE,CDG
NUE,OPO
NUE,PVK
NUE,RHO
NUE,FCO
NUE,SVQ
NUE,SKP
NUE,SOF
NUE,TFS
NUE,SKG
NUE,TIA
NUE,VLC
NUE,VNO
NUE,ZAD
NUE,CLJ
NUE,SBZ
NUE,GHV
NUF,KCT
NUF,DWO
NUI,BRW
NUI,SCC
NUK,ZTA
NUK,VHZ
NUL,GAL
NUL,KYU
NUM,LHR
NUM,DMM
NUM,DOH
NUM,DXB
NUM,JED
NUM,RUH
NUP,BET
NUS,CCV
NUS,LPM
NUS,VLI
NUS,SON
NUS,SWJ
NUX,DME
NUX,SVO
NUX,VKO
NUX,LED
NUX,KZN
NUX,KUF
NUX,AER
NUX,CEK
NUX,KJA
NUX,MCX
NUX,MRV
NUX,OMS
NUX,OVB
NUX,SVX
NUX,TJM
NUX,UFA
NUX,UUA
NUX,SLY
NUX,RGK
NUX,RMZ
NVA,BOG
NVA,EOH
NVI,DME
NVI,VKO
NVI,TAS
NVT,CGH
NVT,CNF
NVT,GIG
NVT,GRU
NVT,POA
NVT,VCP
NWA,AJN
NWA,HAH
NWI,ABZ
NWI,ALC
NWI,AMS
NWI,FAO
NWI,JER
NWI,MLA
NYA,HMA
NYA,NJC
NYA,SVX
NYA,TJM
NYA,EYK
NYA,EZV
NYI,ACC
NYK,MRE
NYK,WIL
NYK,UAS
NYK,KEU
NYK,HKR
NYK,KTJ
NYK,OLX
NYM,DME
NYM,VKO
NYM,LED
NYM,AER
NYM,MRV
NYM,OMS
NYM,OVB
NYM,SVX
NYM,TJM
NYM,UFA
NYO,ALC
NYO,BEG
NYO,OTP
NYO,AGP
NYO,PMI
NYO,SKP
NYO,TIA
NYO,WAW
NYR,YKS
NYT,HEH
NYT,MDL
NYT,RGN
NYU,HEH
NYU,RGN
NYW,HOX
NYW,KHM
NYW,KMV
NYW,MDL
NZG,IKT
NZG,KJA
NZG,TYD
NZG,UUD
NZG,KCY
NZH,CIF
NZH,DLC
NZH,ERL
NZH,HET
NZH,HFE
NZH,HGH
NZH,HLH
NZH,HRB
NZH,IKT
NZH,KJA
NZH,NGB
NZH,PEK
NZH,PVG
NZH,TYN
NZH,WUH
NZH,XIL
NZH,TGO
NZH,PKX
NZH,UBN
NZL,CIF
NZL,HET
NZL,HLD
NZL,HRB
NZL,PKX
OAG,BNE
OAG,DBO
OAG,MEL
OAG,SYD
OAJ,ATL
OAJ,CLT
OAK,TER
OAK,ABQ
OAK,ATL
OAK,AUS
OAK,BJX
OAK,BLI
OAK,BNA
OAK,BOI
OAK,BUR
OAK,BWI
OAK,CEC
OAK,DAL
OAK,DEN
OAK,DTW
OAK,EUG
OAK,EWR
OAK,FCA
OAK,GDL
OAK,GEG
OAK,HNL
OAK,HOU
OAK,IDA
OAK,KOA
OAK,LAS
OAK,LAX
OAK,LGB
OAK,LIH
OAK,MCI
OAK,MDW
OAK,MEX
OAK,MLM
OAK,MSO
OAK,MSP
OAK,MSY
OAK,MTY
OAK,OGG
OAK,ONT
OAK,PDX
OAK,PHX
OAK,PSP
OAK,RNO
OAK,SAL
OAK,SAN
OAK,SBA
OAK,SEA
OAK,STL
OAK,SJD
OAK,SLC
OAK,SNA
OAL,CGB
OAX,CUN
OAX,DFW
OAX,GDL
OAX,IAH
OAX,LAX
OAX,MEX
OAX,MID
OAX,MTY
OAX,TIJ
OAX,NLU
OBN,TRE
OBN,COL
OBN,CSA
OBO,HND
OBO,NGO
OBU,OTZ
OBU,SHG
OBY,CNP
OCC,UIO
OCJ,PLS
OCJ,MIA
ODB,LPA
ODB,PMI
ODN,BBN
ODN,MUR
ODN,MYY
ODO,IKT
ODY,VTE
OER,ARN
OGD,SNA
OGG,ANC
OGG,ATL
OGG,DEN
OGG,DFW
OGG,EWR
OGG,HNL
OGG,HNM
OGG,ITO
OGG,KOA
OGG,LAS
OGG,LAX
OGG,LGB
OGG,LIH
OGG,LNY
OGG,MKK
OGG,MUE
OGG,OAK
OGG,ORD
OGG,PDX
OGG,PHX
OGG,SAN
OGG,SEA
OGG,SFO
OGG,YEG
OGG,YVR
OGG,YYC
OGG,SJC
OGG,SLC
OGG,SMF
OGL,BGI
OGL,LTM
OGL,ORG
OGL,PBM
OGL,POS
OGS,PHL
OGU,ESB
OGU,DUS
OGU,IST
OGU,SAW
OGU,ADB
OGU,MUC
OGX,ALG
OGX,ORN
OGX,AZR
OGX,CZL
OGX,DJG
OGX,ELG
OGX,IAM
OGX,JED
OGX,MED
OGX,TMR
OGX,VVZ
OGZ,AYT
OGZ,DME
OGZ,VKO
OGZ,KZN
OGZ,AER
OGZ,GYD
OGZ,PEE
OGZ,SVX
OHD,AMS
OHD,BEG
OHD,DTM
OHD,VIE
OHD,ZRH
OHD,FMM
OHE,HRB
OHE,JGD
OHH,KHV
OHH,UUS
OHO,GDX
OHS,SHJ
OHS,SLL
OIA,CKS
OIR,HKD
OIR,OKD
OIT,HND
OIT,ICN
OIT,ITM
OIT,NGO
OIT,NRT
OKA,ASJ
OKA,CTS
OKA,DMK
OKA,FSZ
OKA,FUK
OKA,HIJ
OKA,HKG
OKA,HND
OKA,ICN
OKA,ISG
OKA,ITM
OKA,KHH
OKA,KIJ
OKA,KIX
OKA,KMI
OKA,KMJ
OKA,KMQ
OKA,KOJ
OKA,MMY
OKA,MYJ
OKA,NGO
OKA,NRT
OKA,OKJ
OKA,PEK
OKA,PUS
OKA,PVG
OKA,SDJ
OKA,SHI
OKA,TPE
OKA,UKB
OKA,IBR
OKA,OKE
OKA,SIN
OKA,TAK
OKA,UEO
OKA,RNJ
OKA,IWK
OKC,ATL
OKC,AUS
OKC,BHM
OKC,BNA
OKC,BTR
OKC,CAE
OKC,CLT
OKC,DCA
OKC,DEN
OKC,DFW
OKC,HOU
OKC,HSV
OKC,IAH
OKC,LAS
OKC,LAX
OKC,LGA
OKC,MCO
OKC,MDW
OKC,MSP
OKC,ORD
OKC,PHX
OKC,SAT
OKC,SEA
OKC,SFB
OKC,STL
OKC,TYS
OKC,VPS
OKC,SLC
OKC,MIA
OKD,AXT
OKD,FSZ
OKD,HKD
OKD,KIJ
OKD,KUH
OKD,MMB
OKD,MMJ
OKD,MSJ
OKD,NKM
OKD,OIR
OKD,SHB
OKD,RIS
OKE,KOJ
OKE,OKA
OKE,TKN
OKI,ITM
OKI,IZO
OKJ,CTS
OKJ,HND
OKJ,ICN
OKJ,OKA
OKJ,PVG
OKJ,TPE
OKL,DJJ
OKR,HID
OKR,MYI
OKR,NLF
OLA,EVE
OLA,OSL
OLB,AMS
OLB,AOI
OLB,ATH
OLB,BCN
OLB,BRI
OLB,BSL
OLB,BIO
OLB,BHX
OLB,BLQ
OLB,BOD
OLB,BES
OLB,BRS
OLB,BRU
OLB,CRL
OLB,CTA
OLB,CGN
OLB,DOL
OLB,DUB
OLB,DUS
OLB,EDI
OLB,FLR
OLB,FRA
OLB,GVA
OLB,GOA
OLB,HAM
OLB,HAJ
OLB,CPH
OLB,KRK
OLB,LGW
OLB,LHR
OLB,LTN
OLB,STN
OLB,LUX
OLB,LYS
OLB,MAD
OLB,MAN
OLB,MRS
OLB,BGY
OLB,LIN
OLB,MXP
OLB,MUC
OLB,NTE
OLB,NAP
OLB,NCE
OLB,OSL
OLB,PMO
OLB,BVA
OLB,CDG
OLB,ORY
OLB,PEG
OLB,PSA
OLB,PRG
OLB,RIX
OLB,LIL
OLB,CIA
OLB,FCO
OLB,SZG
OLB,ARN
OLB,STR
OLB,TLS
OLB,TRS
OLB,TRN
OLB,VLC
OLB,VCE
OLB,VRN
OLB,WAW
OLB,VIE
OLB,ZRH
OLB,SXB
OLB,BZO
OLB,BER
OLB,DXB
OLF,BIL
OLG,ASV
OLG,WIL
OLH,ADQ
OLP,ADL
OLX,ASV
OLX,KIS
OLX,NYK
OLX,WIL
OLZ,IKT
OLZ,YKS
OMA,ATL
OMA,AUS
OMA,AZA
OMA,BNA
OMA,CLT
OMA,DAL
OMA,DCA
OMA,DEN
OMA,DFW
OMA,DTW
OMA,HOU
OMA,IAH
OMA,LAS
OMA,LAX
OMA,LGA
OMA,MCO
OMA,MDW
OMA,MSP
OMA,ORD
OMA,PGD
OMA,PHX
OMA,PIE
OMA,SEA
OMA,SFB
OMA,SFO
OMA,STL
OMA,TPA
OMA,VPS
OMA,SLC
OMA,MIA
OMD,ERS
OME,ANC
OME,DRG
OME,ELI
OME,GAM
OME,KKA
OME,KTS
OME,SHH
OME,SVA
OME,TLA
OME,TNC
OME,UNK
OME,WAA
OME,WBB
OME,WMO
OME,SMK
OMH,SAW
OMH,MHD
OMH,THR
OMO,BRI
OMO,BEG
OMO,MUC
OMO,FCO
OMO,VRN
OMO,ZAG
OMR,OTP
OMR,WAW
OMS,AYT
OMS,HRG
OMS,DME
OMS,SVO
OMS,LED
OMS,KZN
OMS,KUF
OMS,AER
OMS,ABA
OMS,GYD
OMS,HMA
OMS,IKT
OMS,MCX
OMS,MRV
OMS,NJC
OMS,NOJ
OMS,NSK
OMS,NUX
OMS,NYM
OMS,OVB
OMS,SGC
OMS,SVX
OMS,UFA
OMS,YKS
OMS,NMA
OMS,SLY
OMS,RMZ
OMS,NQZ
OND,ERS
ONG,BUC
ONG,CNS
ONG,DMD
ONG,NTN
ONJ,HND
ONK,YKS
ONQ,DTM
ONQ,DUS
ONQ,IST
ONS,PER
ONT,ATL
ONT,AUS
ONT,BNA
ONT,CLT
ONT,DAL
ONT,DEN
ONT,DFW
ONT,ELP
ONT,GDL
ONT,HNL
ONT,HOU
ONT,IAH
ONT,JFK
ONT,LAS
ONT,MDW
ONT,OAK
ONT,PDX
ONT,PHX
ONT,SAL
ONT,SEA
ONT,SFO
ONT,TPE
ONT,SJC
ONT,SLC
ONT,SMF
OOK,BET
OOL,ADL
OOL,AVV
OOL,CBR
OOL,CHC
OOL,CNS
OOL,DPS
OOL,HBA
OOL,KUL
OOL,MEL
OOL,NTL
OOL,PER
OOL,SYD
OOL,WLG
OOL,ZQN
OOL,AKL
OOT,TRW
OPF,DAL
OPF,HPN
OPO,AGA
OPO,ALC
OPO,AMS
OPO,ATH
OPO,BCN
OPO,BRI
OPO,BSL
OPO,BFS
OPO,BEG
OPO,BIO
OPO,BLL
OPO,BHX
OPO,BUD
OPO,BLQ
OPO,BOD
OPO,BES
OPO,BRS
OPO,BRU
OPO,CRL
OPO,CAG
OPO,CCF
OPO,CMN
OPO,CGN
OPO,DTM
OPO,DUB
OPO,DUS
OPO,EDI
OPO,EIN
OPO,FAO
OPO,FRA
OPO,HHN
OPO,FNC
OPO,GVA
OPO,GLA
OPO,HAM
OPO,IBZ
OPO,IST
OPO,FKB
OPO,CPH
OPO,KRK
OPO,LRH
OPO,LPA
OPO,LBA
OPO,LIS
OPO,LPL
OPO,LGW
OPO,LTN
OPO,STN
OPO,LUX
OPO,LXR
OPO,LYS
OPO,MST
OPO,MAD
OPO,MAH
OPO,AGP
OPO,MLA
OPO,MAN
OPO,RAK
OPO,MRS
OPO,BGY
OPO,MXP
OPO,MUC
OPO,NTE
OPO,NAP
OPO,NCE
OPO,NRN
OPO,FNI
OPO,NUE
OPO,OSL
OPO,PMO
OPO,PMI
OPO,BVA
OPO,CDG
OPO,ORY
OPO,PSA
OPO,PRG
OPO,KEF
OPO,RIX
OPO,LIL
OPO,CIA
OPO,FCO
OPO,SVQ
OPO,SNN
OPO,ARN
OPO,STR
OPO,TNG
OPO,TFS
OPO,TLS
OPO,TUF
OPO,TPS
OPO,TRN
OPO,VLC
OPO,TSF
OPO,VRN
OPO,WAW
OPO,VIE
OPO,WRO
OPO,ZRH
OPO,FMM
OPO,SXB
OPO,TLV
OPO,TER
OPO,CFE
OPO,XCR
OPO,BVE
OPO,BER
OPO,BOS
OPO,DLE
OPO,EWR
OPO,GIG
OPO,GRU
OPO,JFK
OPO,LAD
OPO,PDL
OPO,PXO
OPO,WMI
OPO,YUL
OPO,YYZ
OPO,SID
OPO,CDT
OPP,BEL
OPS,BSB
OPS,CGB
OPS,GRU
OPS,VCP
ORB,STN
ORD,AMS
ORD,ATH
ORD,BCN
ORD,BEG
ORD,BRU
ORD,DUB
ORD,EDI
ORD,FRA
ORD,HEL
ORD,IST
ORD,CPH
ORD,KRK
ORD,LIS
ORD,LHR
ORD,MAD
ORD,MXP
ORD,MUC
ORD,CDG
ORD,KEF
ORD,FCO
ORD,SNN
ORD,VCE
ORD,WAW
ORD,VIE
ORD,ZRH
ORD,TLV
ORD,AMM
ORD,ABE
ORD,ABQ
ORD,ACK
ORD,ADD
ORD,ALB
ORD,ALO
ORD,ANC
ORD,ASE
ORD,ATL
ORD,ATW
ORD,ATY
ORD,AUA
ORD,AUH
ORD,AUS
ORD,AVL
ORD,AVP
ORD,AZO
ORD,BDL
ORD,BGR
ORD,BHM
ORD,BIL
ORD,BJX
ORD,BMI
ORD,BNA
ORD,BOI
ORD,BOS
ORD,BRL
ORD,BTV
ORD,BWI
ORD,BZE
ORD,BZN
ORD,CAE
ORD,CAK
ORD,CHA
ORD,CHO
ORD,CHS
ORD,CID
ORD,CLE
ORD,CLT
ORD,CMH
ORD,CMI
ORD,CMX
ORD,COS
ORD,COU
ORD,CRW
ORD,CUN
ORD,CVG
ORD,CWA
ORD,CZM
ORD,DAL
ORD,DAY
ORD,DCA
ORD,DEC
ORD,DEL
ORD,DEN
ORD,DFW
ORD,DLH
ORD,DOH
ORD,DSM
ORD,DTW
ORD,DXB
ORD,ECP
ORD,EGE
ORD,ELP
ORD,EVV
ORD,EWR
ORD,EYW
ORD,FAI
ORD,FAR
ORD,FAT
ORD,FCA
ORD,FLL
ORD,FNT
ORD,FOD
ORD,FSD
ORD,FWA
ORD,GCM
ORD,GDL
ORD,GEG
ORD,GRB
ORD,GRR
ORD,GRU
ORD,GSO
ORD,GSP
ORD,GTF
ORD,GUA
ORD,HDN
ORD,HHH
ORD,HKG
ORD,HND
ORD,HNL
ORD,HPN
ORD,HSV
ORD,HUX
ORD,IAD
ORD,IAH
ORD,ICN
ORD,ICT
ORD,ILM
ORD,IND
ORD,IRK
ORD,IWD
ORD,JAC
ORD,JAX
ORD,JFK
ORD,JLN
ORD,JST
ORD,KOA
ORD,LAF
ORD,LAN
ORD,LAS
ORD,LAX
ORD,LEX
ORD,LGA
ORD,LIR
ORD,LIT
ORD,LNK
ORD,LSE
ORD,MBJ
ORD,MBL
ORD,MBS
ORD,MCI
ORD,MCO
ORD,MCW
ORD,MDT
ORD,MEM
ORD,MEX
ORD,MHK
ORD,MHT
ORD,MKE
ORD,MKG
ORD,MLI
ORD,MLM
ORD,MQT
ORD,MSN
ORD,MSO
ORD,MSP
ORD,MSY
ORD,MTJ
ORD,MTY
ORD,MVY
ORD,MWA
ORD,MYR
ORD,NAS
ORD,NRT
ORD,OGG
ORD,OKC
ORD,OMA
ORD,ORF
ORD,OWB
ORD,PBI
ORD,PDX
ORD,PEK
ORD,PHX
ORD,PIA
ORD,PIT
ORD,PLS
ORD,PNS
ORD,PSP
ORD,PTY
ORD,PUJ
ORD,PVD
ORD,PVG
ORD,PVR
ORD,PWM
ORD,QRO
ORD,RAP
ORD,RDU
ORD,RIC
ORD,RNO
ORD,ROA
ORD,ROC
ORD,RST
ORD,RSW
ORD,SAN
ORD,SAT
ORD,SAV
ORD,SBN
ORD,SCE
ORD,SDF
ORD,SEA
ORD,SFO
ORD,SGF
ORD,SPI
ORD,SRQ
ORD,STL
ORD,STT
ORD,SUN
ORD,SUX
ORD,SXM
ORD,SYR
ORD,TPA
ORD,TPE
ORD,TUL
ORD,TUS
ORD,TVC
ORD,TYS
ORD,UIN
ORD,UVF
ORD,VPS
ORD,XNA
ORD,YOW
ORD,YQB
ORD,YUL
ORD,YVR
ORD,YWG
ORD,YYC
ORD,YYZ
ORD,ZIH
ORD,SJC
ORD,SJD
ORD,SJO
ORD,SJU
ORD,SLC
ORD,SMF
ORD,SNA
ORD,SLN
ORD,PHL
ORD,MIA
ORD,BUF
ORD,TQO
ORF,ATL
ORF,BDL
ORF,BNA
ORF,BOS
ORF,BWI
ORF,CAK
ORF,CHS
ORF,CLT
ORF,CMH
ORF,CVG
ORF,DAL
ORF,DCA
ORF,DEN
ORF,DFW
ORF,DTW
ORF,EWR
ORF,FLL
ORF,HPN
ORF,IAD
ORF,IAH
ORF,ISP
ORF,JAX
ORF,JFK
ORF,LAS
ORF,LAX
ORF,LGA
ORF,MCO
ORF,MDW
ORF,MSP
ORF,MSY
ORF,ORD
ORF,PHX
ORF,PIE
ORF,PIT
ORF,PVD
ORF,PWM
ORF,RSW
ORF,SAN
ORF,SFB
ORF,STL
ORF,SYR
ORF,TPA
ORF,SJU
ORF,PHL
ORF,MIA
ORG,DRJ
ORG,OGL
ORG,SMZ
ORH,FLL
ORH,JFK
ORH,LGA
ORH,MCO
ORH,RSW
ORI,ADQ
ORI,KOZ
ORK,AHO
ORK,ALC
ORK,AMS
ORK,ACE
ORK,BCN
ORK,GRO
ORK,REU
ORK,BHX
ORK,BOD
ORK,BRS
ORK,CRL
ORK,CCF
ORK,DBV
ORK,EDI
ORK,FAO
ORK,FRA
ORK,FUE
ORK,GDN
ORK,LRH
ORK,LPA
ORK,LPL
ORK,LGW
ORK,LHR
ORK,LTN
ORK,STN
ORK,LYS
ORK,AGP
ORK,MAN
ORK,BGY
ORK,MUC
ORK,PMI
ORK,BVA
ORK,CDG
ORK,PSA
ORK,POZ
ORK,RHO
ORK,CIA
ORK,FCO
ORK,SVQ
ORK,TFS
ORK,VLC
ORK,TSF
ORK,VCE
ORK,ZAD
ORK,ZRH
ORN,ALC
ORN,BCN
ORN,BSL
ORN,BOD
ORN,BRU
ORN,IST
ORN,LYS
ORN,MRS
ORN,MPL
ORN,NTE
ORN,CDG
ORN,ORY
ORN,PGF
ORN,LIL
ORN,TLS
ORN,TUN
ORN,ETZ
ORN,SXB
ORN,ALG
ORN,AAE
ORN,AZR
ORN,CBH
ORN,CZL
ORN,DJG
ORN,ELU
ORN,GHA
ORN,HME
ORN,JED
ORN,MED
ORN,TMR
ORN,OGX
ORN,TLM
ORN,TMX
ORN,TIN
ORN,EBH
ORT,TKJ
ORU,CBB
ORU,VVI
ORV,IAN
ORV,OTZ
ORY,AGA
ORY,AJA
ORY,ALC
ORY,LEI
ORY,AOI
ORY,ESB
ORY,AYT
ORY,ACE
ORY,ATH
ORY,BCN
ORY,REU
ORY,BRI
ORY,BIA
ORY,BGO
ORY,BIQ
ORY,BIO
ORY,BJV
ORY,BUD
ORY,BLQ
ORY,BDS
ORY,BRS
ORY,CAG
ORY,CAI
ORY,CLY
ORY,CMN
ORY,CTA
ORY,CHQ
ORY,CFU
ORY,DJE
ORY,DUB
ORY,DBV
ORY,EDI
ORY,FAO
ORY,FEZ
ORY,FLR
ORY,FUE
ORY,FNC
ORY,GVA
ORY,GOA
ORY,GRX
ORY,HER
ORY,HRG
ORY,IBZ
ORY,IST
ORY,SAW
ORY,ADB
ORY,KTT
ORY,CPH
ORY,KGS
ORY,LCA
ORY,LPA
ORY,LIS
ORY,LJU
ORY,LGW
ORY,LHR
ORY,LDE
ORY,LLA
ORY,LXR
ORY,MAD
ORY,MAH
ORY,AGP
ORY,MLA
ORY,MAN
ORY,RAK
ORY,MRS
ORY,LIN
ORY,MXP
ORY,MIR
ORY,MPL
ORY,JMK
ORY,NDR
ORY,NAP
ORY,NCE
ORY,OLB
ORY,OSL
ORY,OUD
ORY,OVD
ORY,PFO
ORY,PMO
ORY,PMI
ORY,PUF
ORY,PGF
ORY,PSA
ORY,OPO
ORY,PRG
ORY,PVK
ORY,KEF
ORY,RHO
ORY,RDZ
ORY,FCO
ORY,RVN
ORY,JTR
ORY,SVQ
ORY,SPU
ORY,ARN
ORY,TLL
ORY,TNG
ORY,TFS
ORY,SKG
ORY,TIA
ORY,TLN
ORY,TLS
ORY,TOS
ORY,TUN
ORY,TRN
ORY,VLC
ORY,VAR
ORY,VCE
ORY,VRN
ORY,WAW
ORY,VIE
ORY,ZTH
ORY,TIV
ORY,OZZ
ORY,EFL
ORY,FSC
ORY,JSI
ORY,KLX
ORY,TLV
ORY,BEY
ORY,TOE
ORY,ESU
ORY,ALG
ORY,AMM
ORY,TGD
ORY,EVN
ORY,RBA
ORY,BVE
ORY,ORN
ORY,IVL
ORY,AAE
ORY,ABJ
ORY,AUR
ORY,BER
ORY,BJA
ORY,BKO
ORY,BLJ
ORY,BSK
ORY,BVC
ORY,CAY
ORY,CIY
ORY,COO
ORY,CUN
ORY,CZL
ORY,DCM
ORY,EWR
ORY,FDF
ORY,LAX
ORY,MRU
ORY,PAP
ORY,PTP
ORY,PUJ
ORY,QSF
ORY,RAI
ORY,RUN
ORY,SDQ
ORY,SFA
ORY,SFO
ORY,SXM
ORY,VCP
ORY,VIL
ORY,VXE
ORY,YUL
ORY,ZSA
ORY,SID
ORY,TLM
ORY,MIA
OSD,CPH
OSD,ARN
OSD,UME
OSD,BMA
OSI,DBV
OSI,STN
OSI,MUC
OSI,PUY
OSI,RJK
OSI,SPU
OSI,ZAD
OSI,ZAG
OSJ,ASV
OSJ,WIL
OSL,AAL
OSL,AAR
OSL,AGA
OSL,AJA
OSL,ALC
OSL,ALF
OSL,AMS
OSL,AYT
OSL,ACE
OSL,ATH
OSL,BCN
OSL,BRI
OSL,BSL
OSL,BEG
OSL,BGO
OSL,BIO
OSL,BLL
OSL,BOO
OSL,BJV
OSL,BUD
OSL,BLQ
OSL,BOD
OSL,BRU
OSL,OTP
OSL,BOJ
OSL,CTA
OSL,CHQ
OSL,CFU
OSL,DUB
OSL,DBV
OSL,DUS
OSL,EDI
OSL,EIN
OSL,FAO
OSL,FLR
OSL,FRA
OSL,FNC
OSL,GDN
OSL,GVA
OSL,HAM
OSL,EVE
OSL,HAU
OSL,HEL
OSL,HER
OSL,HRG
OSL,IBZ
OSL,IST
OSL,SAW
OSL,ADB
OSL,KTW
OSL,KKN
OSL,CPH
OSL,KRK
OSL,KRS
OSL,LCA
OSL,LPA
OSL,LIS
OSL,LGW
OSL,LHR
OSL,STN
OSL,LUX
OSL,LYS
OSL,MAD
OSL,AGP
OSL,MLA
OSL,MAN
OSL,RAK
OSL,BGY
OSL,LIN
OSL,MXP
OSL,MPL
OSL,MUC
OSL,NAP
OSL,NCE
OSL,OLB
OSL,PMO
OSL,PMI
OSL,CDG
OSL,ORY
OSL,PSA
OSL,OPO
OSL,PRG
OSL,PVK
OSL,PRN
OSL,PUY
OSL,KEF
OSL,RHO
OSL,RIX
OSL,FCO
OSL,SZG
OSL,JTR
OSL,SKP
OSL,SOF
OSL,SPU
OSL,SVG
OSL,ARN
OSL,STR
OSL,SZZ
OSL,TLL
OSL,TFS
OSL,SKG
OSL,TIA
OSL,TOS
OSL,TRD
OSL,VAR
OSL,VCE
OSL,VRN
OSL,VNO
OSL,WAW
OSL,VIE
OSL,WRO
OSL,ZAD
OSL,ZRH
OSL,TIV
OSL,SJJ
OSL,EFL
OSL,TLV
OSL,LYR
OSL,PLQ
OSL,AES
OSL,ANX
OSL,BNN
OSL,FDE
OSL,KSU
OSL,LKL
OSL,LKN
OSL,MOL
OSL,HOV
OSL,SDN
OSL,SSJ
OSL,SOG
OSL,SVJ
OSL,BDU
OSL,GZP
OSL,BER
OSL,BKK
OSL,DOH
OSL,DWC
OSL,DXB
OSL,EWR
OSL,FAE
OSL,FRO
OSL,JFK
OSL,LAX
OSL,RRS
OSL,SRP
OSL,OLA
OSL,MIA
OSR,AYT
OSR,BOJ
OSR,CFU
OSR,HER
OSR,HRG
OSR,KGS
OSR,SUF
OSR,STN
OSR,AGP
OSR,RMF
OSR,RHO
OSR,VAR
OSR,WAW
OSR,ZTH
OSR,TGD
OSS,SAW
OSS,DME
OSS,SVO
OSS,VKO
OSS,LED
OSS,KZN
OSS,KUF
OSS,AER
OSS,CEK
OSS,FRU
OSS,IKT
OSS,JED
OSS,KJA
OSS,KWI
OSS,MED
OSS,MRV
OSS,NJC
OSS,OVB
OSS,SGC
OSS,SVX
OSS,TJM
OSS,ZIA
OST,ALC
OST,AYT
OST,CHQ
OST,HER
OST,HRG
OST,IBZ
OST,LPA
OST,AGP
OST,PMI
OST,RHO
OST,SSH
OST,TFS
OST,AOE
OST,RMU
OSW,SVO
OSW,LED
OSW,KQT
OSY,TRD
OSY,SSJ
OTH,DEN
OTH,SFO
OTI,TTE
OTP,AHO
OTP,ALC
OTP,AMS
OTP,AYT
OTP,ATH
OTP,BCN
OTP,BRI
OTP,BSL
OTP,BEG
OTP,BLL
OTP,BHX
OTP,BUD
OTP,BLQ
OTP,BOD
OTP,BRS
OTP,BRU
OTP,CRL
OTP,CAI
OTP,CTA
OTP,CHQ
OTP,CFU
OTP,DTM
OTP,DUB
OTP,DUS
OTP,EDI
OTP,EIN
OTP,FAO
OTP,FRA
OTP,GVA
OTP,GOA
OTP,GLA
OTP,HAM
OTP,HER
OTP,IST
OTP,SAW
OTP,ADB
OTP,CPH
OTP,LCA
OTP,LBA
OTP,LEJ
OTP,LIS
OTP,LPL
OTP,LGW
OTP,LHR
OTP,LTN
OTP,STN
OTP,LUX
OTP,LYS
OTP,MAD
OTP,AGP
OTP,MLA
OTP,MAN
OTP,MRS
OTP,BGY
OTP,MXP
OTP,MUC
OTP,JMK
OTP,NAP
OTP,NCE
OTP,NUE
OTP,OSL
OTP,TRF
OTP,PFO
OTP,PMO
OTP,PMI
OTP,BVA
OTP,CDG
OTP,PEG
OTP,PSR
OTP,PSA
OTP,PRG
OTP,RHO
OTP,RIX
OTP,CIA
OTP,FCO
OTP,SZG
OTP,SDR
OTP,JTR
OTP,SVQ
OTP,SOF
OTP,SPU
OTP,ARN
OTP,NYO
OTP,STR
OTP,TFS
OTP,SKG
OTP,TSR
OTP,TIA
OTP,TRN
OTP,VLC
OTP,TSF
OTP,WAW
OTP,VIE
OTP,ZAD
OTP,ZTH
OTP,ZAZ
OTP,ZRH
OTP,CLJ
OTP,RMO
OTP,FMM
OTP,EFL
OTP,JSI
OTP,TLV
OTP,BEY
OTP,AMM
OTP,IAS
OTP,BAY
OTP,SCV
OTP,AUH
OTP,GYD
OTP,BER
OTP,DOH
OTP,DXB
OTP,JED
OTP,JFK
OTP,OMR
OTP,SUJ
OTP,CDT
OTZ,ABL
OTZ,ANC
OTZ,BKC
OTZ,DRG
OTZ,IAN
OTZ,KVL
OTZ,LUR
OTZ,OBU
OTZ,ORV
OTZ,PHO
OTZ,WLK
OTZ,WTK
OUA,BRU
OUA,CAI
OUA,CMN
OUA,IST
OUA,CDG
OUA,TUN
OUA,ALG
OUA,ABJ
OUA,ACC
OUA,ADD
OUA,BKO
OUA,BOY
OUA,CKY
OUA,COO
OUA,FNA
OUA,LFW
OUA,NIM
OUA,DSS
OUD,AGA
OUD,ANR
OUD,BCN
OUD,BIA
OUD,BRU
OUD,CRL
OUD,CMN
OUD,DUS
OUD,EIN
OUD,LYS
OUD,RAK
OUD,MRS
OUD,MPL
OUD,NDR
OUD,NTE
OUD,NRN
OUD,BVA
OUD,CDG
OUD,ORY
OUD,LIL
OUD,RTM
OUD,TNG
OUD,TLS
OUD,SXB
OUD,RMU
OUI,BES
OUL,HEL
OUL,MUC
OUZ,NDB
OVB,AYT
OVB,HRG
OVB,IST
OVB,KGD
OVB,DME
OVB,SVO
OVB,VKO
OVB,SSH
OVB,LED
OVB,EVN
OVB,KZN
OVB,GOJ
OVB,KUF
OVB,AER
OVB,ABA
OVB,ALA
OVB,GYD
OVB,BAX
OVB,BKK
OVB,BQS
OVB,BTK
OVB,CEK
OVB,CXR
OVB,DXB
OVB,DYU
OVB,FEG
OVB,FRU
OVB,GDX
OVB,HKT
OVB,HMA
OVB,HRB
OVB,HTA
OVB,IJK
OVB,IKT
OVB,KEJ
OVB,KHV
OVB,KJA
OVB,KYZ
OVB,LBD
OVB,MCX
OVB,MDL
OVB,MJZ
OVB,MRV
OVB,NJC
OVB,NOJ
OVB,NOZ
OVB,NSK
OVB,NUX
OVB,NYM
OVB,OMS
OVB,OSS
OVB,PEE
OVB,PKC
OVB,PVG
OVB,PWE
OVB,REN
OVB,SGC
OVB,SVX
OVB,TAS
OVB,TJM
OVB,TOF
OVB,UFA
OVB,UKK
OVB,UUD
OVB,UUS
OVB,VOG
OVB,VVO
OVB,YKS
OVB,NER
OVB,PYJ
OVB,SKD
OVB,SLY
OVB,ULV
OVB,RGK
OVB,TLK
OVB,IKU
OVB,PKX
OVB,GSV
OVB,RMZ
OVB,NQZ
OVD,ALC
OVD,AMS
OVD,ACE
OVD,BCN
OVD,CRL
OVD,FRA
OVD,FUE
OVD,GRX
OVD,IBZ
OVD,LPA
OVD,LIS
OVD,LGW
OVD,STN
OVD,MAD
OVD,MAH
OVD,AGP
OVD,BGY
OVD,MUC
OVD,NRN
OVD,PMI
OVD,ORY
OVD,FCO
OVD,SVQ
OVD,TFN
OVD,TFS
OVD,VLC
OVD,VCE
OVD,CDT
OVD,RMU
OVS,LED
OVS,SVX
OVS,EYK
OWB,ORD
OXB,CMN
OXB,LIS
OXB,ABJ
OXB,CKY
OXB,CSK
OXB,RAI
OXB,DSS
OYE,LBV
OYE,POG
OZC,CEB
OZC,MNL
OZG,CMN
OZG,OZZ
OZZ,BCN
OZZ,CMN
OZZ,LPA
OZZ,STN
OZZ,MRS
OZZ,ORY
OZZ,TNG
OZZ,OZG
PAB,IXD
PAB,JLR
PAC,BOC
PAC,CHX
PAC,DAV
PAC,PDM
PAC,CTD
PAD,ALC
PAD,AYT
PAD,GRO
PAD,AGP
PAD,MUC
PAD,PMI
PAE,ANC
PAE,HNL
PAE,LAS
PAE,LAX
PAE,PHX
PAE,PSP
PAE,SAN
PAE,SFO
PAE,TUS
PAE,SNA
PAF,EBB
PAF,KSE
PAF,MBQ
PAF,KHX
PAG,CEB
PAG,MNL
PAH,CLT
PAP,ORY
PAP,CAP
PAP,CYA
PAP,FLL
PAP,JFK
PAP,PLS
PAP,PTP
PAP,PTY
PAP,SDQ
PAP,SXM
PAP,YUL
PAP,JBQ
PAP,MIA
PAS,ATH
PAS,SKG
PAT,AMD
PAT,BBI
PAT,BLR
PAT,BOM
PAT,CCU
PAT,DEL
PAT,HYD
PAT,IXC
PAT,IXR
PAT,LKO
PAT,MAA
PAT,PNQ
PAT,DGH
PAT,GOX
PAV,REC
PBC,CUN
PBC,GDL
PBC,IAH
PBC,MID
PBC,MTY
PBC,TIJ
PBG,FLL
PBG,MCO
PBG,PGD
PBG,PIE
PBG,SFB
PBG,SRQ
PBG,PHL
PBH,BKK
PBH,BLR
PBH,BOM
PBH,CCU
PBH,DAC
PBH,DEL
PBH,GAU
PBH,GAY
PBH,IXB
PBH,KTM
PBH,YON
PBH,BUT
PBH,GLU
PBI,ACY
PBI,ATL
PBI,AVL
PBI,BDL
PBI,BOS
PBI,BWI
PBI,CHS
PBI,CLT
PBI,CVG
PBI,DCA
PBI,DEN
PBI,DFW
PBI,DTW
PBI,EWR
PBI,HPN
PBI,HVN
PBI,IAD
PBI,IAH
PBI,ISP
PBI,JFK
PBI,LAX
PBI,LGA
PBI,MHH
PBI,MSP
PBI,NAS
PBI,ORD
PBI,PIT
PBI,PNS
PBI,PVD
PBI,RDU
PBI,TLH
PBI,TPA
PBI,YUL
PBI,YYZ
PBI,SJU
PBI,PHL
PBJ,VLI
PBJ,ULB
PBM,AMS
PBM,AUA
PBM,BEL
PBM,CCS
PBM,CMW
PBM,GEO
PBM,HAV
PBM,OGL
PBM,POS
PBM,PTY
PBM,SCU
PBO,PER
PBR,GUA
PBU,MYT
PBZ,CPT
PBZ,JNB
PCL,IQT
PCL,LIM
PCN,WLG
PCP,TMS
PCQ,VTE
PCR,BOG
PCR,VVC
PDA,BOG
PDA,VVC
PDB,ILI
PDB,KNK
PDG,BTH
PDG,CGK
PDG,HLP
PDG,JED
PDG,KUL
PDG,LSE
PDG,PKU
PDG,KNO
PDG,MPC
PDL,AMS
PDL,BCN
PDL,BIO
PDL,BRU
PDL,CRL
PDL,FAO
PDL,FRA
PDL,FNC
PDL,LPA
PDL,LIS
PDL,LGW
PDL,LHR
PDL,STN
PDL,MAD
PDL,MXP
PDL,CDG
PDL,OPO
PDL,PRG
PDL,ZRH
PDL,TER
PDL,BDA
PDL,BOS
PDL,CVU
PDL,EWR
PDL,FLW
PDL,GRW
PDL,HOR
PDL,JFK
PDL,PIX
PDL,RAI
PDL,YUL
PDL,YYZ
PDL,SJZ
PDL,SMA
PDM,PAC
PDP,AEP
PDP,ASU
PDP,GRU
PDS,MTY
PDT,PDX
PDV,BHX
PDV,LGW
PDV,LTN
PDV,STN
PDV,MAN
PDV,EBL
PDX,AMS
PDX,FRA
PDX,LHR
PDX,KEF
PDX,ABQ
PDX,ANC
PDX,ATL
PDX,ATW
PDX,AUS
PDX,AZA
PDX,BIL
PDX,BNA
PDX,BOI
PDX,BOS
PDX,BUR
PDX,BWI
PDX,BZN
PDX,CLT
PDX,CMH
PDX,CUN
PDX,DAL
PDX,DCA
PDX,DEN
PDX,DFW
PDX,DSM
PDX,DTW
PDX,EWR
PDX,FAT
PDX,FCA
PDX,FLL
PDX,GDL
PDX,GEG
PDX,GRR
PDX,HNL
PDX,IAD
PDX,IAH
PDX,IDA
PDX,JFK
PDX,KOA
PDX,LAS
PDX,LAX
PDX,LGB
PDX,LIH
PDX,MCI
PDX,MCO
PDX,MDW
PDX,MFR
PDX,MSO
PDX,MSP
PDX,OAK
PDX,OGG
PDX,ONT
PDX,ORD
PDX,PDT
PDX,PHX
PDX,PSP
PDX,PVR
PDX,PVU
PDX,RDM
PDX,RNO
PDX,SAN
PDX,SBA
PDX,SBP
PDX,SEA
PDX,SFO
PDX,STL
PDX,STS
PDX,TPA
PDX,TUS
PDX,YVR
PDX,YYC
PDX,YYZ
PDX,SJC
PDX,SJD
PDX,SLC
PDX,SMF
PDX,SNA
PDX,PHL
PDX,MIA
PEC,ELV
PEC,JNU
PED,ALC
PED,GRO
PEE,AYT
PEE,HRG
PEE,KGD
PEE,MSQ
PEE,SVO
PEE,LED
PEE,EVN
PEE,MMK
PEE,KZN
PEE,GOJ
PEE,KUF
PEE,AER
PEE,GYD
PEE,IAR
PEE,KGP
PEE,MCX
PEE,MRV
PEE,NSK
PEE,OGZ
PEE,OVB
PEE,SGC
PEE,TJM
PEE,VOG
PEE,NMA
PEE,USK
PEG,BCN
PEG,BDS
PEG,CRL
PEG,OTP
PEG,CAG
PEG,CTA
PEG,KRK
PEG,SUF
PEG,LMP
PEG,LHR
PEG,STN
PEG,MLA
PEG,BGY
PEG,LIN
PEG,OLB
PEG,PMO
PEG,RTM
PEG,TIA
PEI,BOG
PEI,CTG
PEI,EOH
PEI,JFK
PEI,LIM
PEI,MDE
PEI,PTY
PEI,SMR
PEI,VVC
PEI,MIA
PEK,AMS
PEK,ATH
PEK,BCN
PEK,BEG
PEK,BUD
PEK,BRU
PEK,CAI
PEK,DUB
PEK,EDI
PEK,FRA
PEK,GVA
PEK,IST
PEK,CPH
PEK,LGW
PEK,LHR
PEK,MAD
PEK,MAN
PEK,MXP
PEK,MSQ
PEK,SVO
PEK,MUC
PEK,CDG
PEK,PRG
PEK,FCO
PEK,LED
PEK,ARN
PEK,WAW
PEK,VIE
PEK,ALG
PEK,ADD
PEK,AKU
PEK,ALA
PEK,AQG
PEK,ASB
PEK,GYD
PEK,BAV
PEK,BER
PEK,BHY
PEK,BKK
PEK,BOS
PEK,BSR
PEK,CAN
PEK,CGK
PEK,CGO
PEK,CGQ
PEK,CIH
PEK,CJU
PEK,CKG
PEK,CMB
PEK,CNX
PEK,CSX
PEK,CTS
PEK,CTU
PEK,CZX
PEK,DDG
PEK,DLC
PEK,DLU
PEK,DNH
PEK,DSN
PEK,DXB
PEK,DYG
PEK,ENH
PEK,ENY
PEK,EWR
PEK,FNJ
PEK,FOC
PEK,FUG
PEK,GMP
PEK,GYS
PEK,HAK
PEK,HAN
PEK,HET
PEK,HFE
PEK,HGH
PEK,HKG
PEK,HKT
PEK,HLD
PEK,HLH
PEK,HMI
PEK,HND
PEK,HNY
PEK,HRB
PEK,HTN
PEK,HUZ
PEK,HYN
PEK,IAD
PEK,ICN
PEK,IKA
PEK,IKT
PEK,INC
PEK,ISB
PEK,JDZ
PEK,JFK
PEK,JGS
PEK,JHG
PEK,JIQ
PEK,JIU
PEK,JJN
PEK,JMU
PEK,JUZ
PEK,JXA
PEK,JZH
PEK,KHG
PEK,KHI
PEK,KHN
PEK,KIX
PEK,KMG
PEK,KOW
PEK,KRL
PEK,KRY
PEK,KUL
PEK,KWE
PEK,KWL
PEK,LAX
PEK,LJG
PEK,LXA
PEK,LYG
PEK,LZH
PEK,LZY
PEK,MDG
PEK,MEL
PEK,MFM
PEK,MIG
PEK,MNL
PEK,NGB
PEK,NGO
PEK,NKG
PEK,NNG
PEK,NRT
PEK,OKA
PEK,ORD
PEK,PNH
PEK,PUS
PEK,PVG
PEK,RGN
PEK,RUH
PEK,SEA
PEK,SFO
PEK,SGN
PEK,SHA
PEK,SHE
PEK,SWA
PEK,SYD
PEK,SYX
PEK,SZX
PEK,TAO
PEK,TAS
PEK,TNH
PEK,TPE
PEK,TYN
PEK,URC
PEK,WEH
PEK,WNZ
PEK,WUA
PEK,WUH
PEK,WUX
PEK,WXN
PEK,XFN
PEK,XIC
PEK,XIL
PEK,XIY
PEK,XMN
PEK,XNN
PEK,YBP
PEK,YIH
PEK,YIW
PEK,YNJ
PEK,YNT
PEK,YNZ
PEK,YTY
PEK,YZY
PEK,ZHA
PEK,ZHY
PEK,ZUH
PEK,DOY
PEK,DQA
PEK,NDG
PEK,NTG
PEK,RLK
PEK,SIN
PEK,TGO
PEK,TXN
PEK,UYN
PEK,WUS
PEK,YCU
PEK,NZH
PEK,LHW
PEK,YIC
PEK,LLV
PEK,LPF
PEK,LFQ
PEK,WDS
PEK,BAR
PEK,SQD
PEK,HUO
PEK,WGN
PEK,WMT
PEK,YYA
PEK,AKL
PEK,UBN
PEK,YLX
PEK,TFU
PEK,DZH
PEK,NQZ
PEK,LZG
PEM,CUZ
PEM,LIM
PEN,BKI
PEN,BKK
PEN,BTJ
PEN,CAN
PEN,CGK
PEN,DMK
PEN,DXB
PEN,HAK
PEN,HKG
PEN,HKT
PEN,JHB
PEN,KBR
PEN,KCH
PEN,KUA
PEN,KUL
PEN,LGK
PEN,PVG
PEN,SGN
PEN,SUB
PEN,SZB
PEN,SZX
PEN,TPE
PEN,XMN
PEN,SIN
PEN,KNO
PER,LHR
PER,CDG
PER,FCO
PER,ADL
PER,ALH
PER,ASP
PER,BKK
PER,BME
PER,BNE
PER,CAN
PER,CBR
PER,CCK
PER,CGK
PER,CNS
PER,CVQ
PER,DOH
PER,DPS
PER,DRW
PER,DXB
PER,EPR
PER,GET
PER,HBA
PER,HKG
PER,HKT
PER,JNB
PER,KGI
PER,KNX
PER,KTA
PER,KUL
PER,LEA
PER,LNO
PER,LST
PER,LVO
PER,MEL
PER,MJK
PER,MMG
PER,MNL
PER,MRU
PER,NRT
PER,PBO
PER,PHE
PER,SGN
PER,SYD
PER,XCH
PER,ZNE
PER,SIN
PER,WUN
PER,ONS
PER,AKL
PER,OOL
PES,KGD
PES,DME
PES,SVO
PES,AER
PES,MRV
PES,SVX
PET,FLN
PET,GRU
PET,POA
PET,VCP
PEU,LCE
PEU,TGU
PEV,CFU
PEV,MLA
PEV,MUC
PEW,AUH
PEW,BAH
PEW,DOH
PEW,DXB
PEW,JED
PEW,KHI
PEW,MCT
PEW,MED
PEW,RKT
PEW,RUH
PEW,SHJ
PEZ,DME
PEZ,SVO
PEZ,VKO
PEZ,LED
PEZ,AER
PEZ,MRV
PEZ,SVX
PFB,GRU
PFB,VCP
PFO,AMS
PFO,ATH
PFO,BFS
PFO,BHX
PFO,BUD
PFO,BOD
PFO,BTS
PFO,BRS
PFO,BRU
PFO,CRL
PFO,OTP
PFO,CHQ
PFO,CGN
PFO,DUB
PFO,EDI
PFO,EIN
PFO,GDN
PFO,GLA
PFO,KTW
PFO,KUN
PFO,KRK
PFO,LCA
PFO,LBA
PFO,LPL
PFO,LGW
PFO,LHR
PFO,LTN
PFO,STN
PFO,MLA
PFO,MAN
PFO,MRS
PFO,BGY
PFO,MUC
PFO,JMK
PFO,NAP
PFO,NCL
PFO,EMA
PFO,BVA
PFO,ORY
PFO,POZ
PFO,RHO
PFO,RIX
PFO,CIA
PFO,FCO
PFO,SOF
PFO,TLL
PFO,SKG
PFO,TLS
PFO,TSF
PFO,WAW
PFO,VIE
PFO,WRO
PFO,ZAG
PFO,FMM
PFO,TLV
PFO,AMM
PFO,BER
PFO,WMI
PFQ,THR
PGA,GCN
PGA,PHX
PGD,ABE
PGD,ALB
PGD,ATW
PGD,AVL
PGD,BGR
PGD,BLV
PGD,BNA
PGD,CAK
PGD,CID
PGD,CVG
PGD,DAY
PGD,DSM
PGD,ELM
PGD,FNT
PGD,FSD
PGD,FWA
PGD,GRR
PGD,HTS
PGD,IAD
PGD,IAG
PGD,IND
PGD,LCK
PGD,LEX
PGD,MCI
PGD,MDT
PGD,MDW
PGD,MLI
PGD,MSP
PGD,OMA
PGD,PBG
PGD,PIA
PGD,PIT
PGD,PSM
PGD,PVD
PGD,RFD
PGD,ROC
PGD,SBN
PGD,SDF
PGD,SGF
PGD,SPI
PGD,STC
PGD,SWF
PGD,SYR
PGD,TOL
PGD,TVC
PGD,TYS
PGD,USA
PGF,AGA
PGF,BHX
PGF,CRL
PGF,DUB
PGF,LBA
PGF,STN
PGF,RAK
PGF,NTE
PGF,ORY
PGF,LIL
PGF,ORN
PGH,DEL
PGH,JAI
PGK,BTH
PGK,CGK
PGK,PLM
PGK,TJQ
PGM,SOV
PGU,IFN
PGU,KSH
PGU,MHD
PGU,SRY
PGU,SYZ
PGU,TBZ
PGU,THR
PGU,GBT
PGU,RAS
PGV,CLT
PGZ,VCP
PHB,CNF
PHB,JJD
PHB,BRB
PHC,ABV
PHC,LOS
PHC,SSG
PHE,BME
PHE,KTA
PHE,PER
PHE,ZNE
PHF,CLT
PHL,AMS
PHL,ATH
PHL,BCN
PHL,DUB
PHL,FRA
PHL,CPH
PHL,LIS
PHL,LHR
PHL,MAD
PHL,NAP
PHL,NCE
PHL,CDG
PHL,FCO
PHL,VCE
PHL,ZRH
PHL,ACK
PHL,ALB
PHL,AOO
PHL,ART
PHL,ATL
PHL,AUA
PHL,AUS
PHL,AVL
PHL,BDA
PHL,BDL
PHL,BGI
PHL,BGR
PHL,BHM
PHL,BNA
PHL,BOS
PHL,BTV
PHL,CAE
PHL,CHS
PHL,CLE
PHL,CLT
PHL,CMH
PHL,CUN
PHL,CVG
PHL,DAL
PHL,DAY
PHL,DCA
PHL,DEN
PHL,DFW
PHL,DOH
PHL,DTW
PHL,ECP
PHL,EWR
PHL,EYW
PHL,FLL
PHL,GCM
PHL,GRR
PHL,GRU
PHL,GSO
PHL,GSP
PHL,HHH
PHL,HOU
PHL,IAD
PHL,IAH
PHL,ILM
PHL,IND
PHL,JAX
PHL,LAS
PHL,LAX
PHL,LEX
PHL,LGA
PHL,LIR
PHL,MBJ
PHL,MCI
PHL,MCO
PHL,MDT
PHL,MDW
PHL,MEM
PHL,MHT
PHL,MKE
PHL,MSN
PHL,MSP
PHL,MSY
PHL,MVY
PHL,MYR
PHL,NAS
PHL,OGS
PHL,ORD
PHL,ORF
PHL,PBG
PHL,PBI
PHL,PDX
PHL,PHX
PHL,PIT
PHL,PLS
PHL,PNS
PHL,PUJ
PHL,PVD
PHL,PWM
PHL,RDU
PHL,RIC
PHL,ROA
PHL,ROC
PHL,RSW
PHL,SAN
PHL,SAT
PHL,SAV
PHL,SBY
PHL,SCE
PHL,SDF
PHL,SDQ
PHL,SEA
PHL,SFO
PHL,SRQ
PHL,STL
PHL,STT
PHL,SXM
PHL,SYR
PHL,TPA
PHL,TVC
PHL,TYS
PHL,UVF
PHL,VPS
PHL,YHZ
PHL,YQB
PHL,YUL
PHL,YYZ
PHL,SJU
PHL,SLC
PHL,MIA
PHL,BUF
PHO,KVL
PHO,LUR
PHO,OTZ
PHS,DMK
PHX,FRA
PHX,LHR
PHX,CDG
PHX,ABQ
PHX,ANC
PHX,ASE
PHX,ATL
PHX,AUS
PHX,AVL
PHX,BDL
PHX,BFL
PHX,BHM
PHX,BIL
PHX,BNA
PHX,BOI
PHX,BOS
PHX,BUR
PHX,BWI
PHX,CEZ
PHX,CID
PHX,CLE
PHX,CLT
PHX,CMH
PHX,CNM
PHX,CNY
PHX,COS
PHX,CUL
PHX,CUN
PHX,CVG
PHX,DAL
PHX,DCA
PHX,DEN
PHX,DFW
PHX,DRO
PHX,DSM
PHX,DTW
PHX,EGE
PHX,ELP
PHX,EUG
PHX,EWR
PHX,FAR
PHX,FAT
PHX,FLG
PHX,FLL
PHX,FSD
PHX,GDL
PHX,GEG
PHX,GJT
PHX,GRR
PHX,GUP
PHX,HMO
PHX,HNL
PHX,HOU
PHX,IAD
PHX,IAH
PHX,ICT
PHX,IDA
PHX,IND
PHX,IPL
PHX,JAX
PHX,JFK
PHX,KOA
PHX,LAS
PHX,LAX
PHX,LBB
PHX,LGB
PHX,LIH
PHX,LIT
PHX,LTO
PHX,MAF
PHX,MCI
PHX,MCO
PHX,MDW
PHX,MEM
PHX,MEX
PHX,MFE
PHX,MFR
PHX,MKE
PHX,MRY
PHX,MSN
PHX,MSO
PHX,MSP
PHX,MSY
PHX,MTY
PHX,MZT
PHX,OAK
PHX,OGG
PHX,OKC
PHX,OMA
PHX,ONT
PHX,ORD
PHX,ORF
PHX,PAE
PHX,PDX
PHX,PGA
PHX,PIT
PHX,PSC
PHX,PSP
PHX,PVR
PHX,PVU
PHX,RDM
PHX,RDU
PHX,RIC
PHX,RNO
PHX,SAF
PHX,SAN
PHX,SAT
PHX,SBA
PHX,SBP
PHX,SCK
PHX,SDF
PHX,SEA
PHX,SFO
PHX,SGU
PHX,SOW
PHX,STL
PHX,STS
PHX,SVC
PHX,TEX
PHX,TIJ
PHX,TPA
PHX,TUL
PHX,TUS
PHX,TYS
PHX,VEL
PHX,XNA
PHX,YEG
PHX,YLW
PHX,YQR
PHX,YUL
PHX,YUM
PHX,YVR
PHX,YWG
PHX,YXE
PHX,YYC
PHX,YYZ
PHX,ZIH
PHX,ZLO
PHX,SJC
PHX,SJD
PHX,SLC
PHX,SMF
PHX,SNA
PHX,PHL
PHX,MIA
PHX,BUF
PIA,AZA
PIA,BNA
PIA,CLT
PIA,DEN
PIA,DFW
PIA,LAS
PIA,ORD
PIA,PGD
PIA,PIE
PIA,SFB
PIA,SRQ
PIA,VPS
PIB,IAH
PIB,MEI
PIE,ABE
PIE,ALB
PIE,ATW
PIE,AVL
PIE,BGR
PIE,BIS
PIE,BLV
PIE,BMI
PIE,BNA
PIE,CAK
PIE,CHA
PIE,CID
PIE,CKB
PIE,CVG
PIE,DAY
PIE,DSM
PIE,ELM
PIE,EVV
PIE,EYW
PIE,FAR
PIE,FNT
PIE,FSD
PIE,FWA
PIE,GRR
PIE,GSO
PIE,GSP
PIE,HGR
PIE,HTS
PIE,IAG
PIE,ICT
PIE,IND
PIE,LCK
PIE,LEX
PIE,LIT
PIE,MCI
PIE,MDT
PIE,MEM
PIE,MFE
PIE,MLI
PIE,MSP
PIE,OMA
PIE,ORF
PIE,PBG
PIE,PIA
PIE,PIT
PIE,PSM
PIE,RFD
PIE,RIC
PIE,ROA
PIE,SBN
PIE,SDF
PIE,SGF
PIE,SWF
PIE,SYR
PIE,TOL
PIE,TRI
PIE,TUL
PIE,TVC
PIE,TYS
PIE,XNA
PIE,USA
PIH,SLC
PIK,ALC
PIK,ACE
PIK,BCN
PIK,FAO
PIK,LPA
PIK,AGP
PIK,PMI
PIK,PSA
PIK,TFS
PIK,RMU
PIN,MAO
PIN,STM
PIN,TFF
PIR,DEN
PIS,BCN
PIS,EDI
PIS,STN
PIT,LHR
PIT,KEF
PIT,ATL
PIT,AUS
PIT,BDL
PIT,BFD
PIT,BNA
PIT,BOS
PIT,BWI
PIT,CHS
PIT,CLE
PIT,CLT
PIT,CUN
PIT,DAL
PIT,DCA
PIT,DEN
PIT,DFW
PIT,DTW
PIT,DUJ
PIT,EWR
PIT,EYW
PIT,FLL
PIT,HOU
PIT,IAD
PIT,IAH
PIT,JAX
PIT,JFK
PIT,LAS
PIT,LAX
PIT,LGA
PIT,LNS
PIT,MCO
PIT,MDW
PIT,MGW
PIT,MLB
PIT,MSP
PIT,MSY
PIT,MYR
PIT,ORD
PIT,ORF
PIT,PBI
PIT,PGD
PIT,PHX
PIT,PIE
PIT,PVD
PIT,PWM
PIT,RDU
PIT,RSW
PIT,SAN
PIT,SAV
PIT,SEA
PIT,SFB
PIT,SFO
PIT,SRQ
PIT,STL
PIT,TPA
PIT,VPS
PIT,YUL
PIT,YYZ
PIT,PHL
PIT,MIA
PIU,LIM
PIX,LIS
PIX,TER
PIX,PDL
PIZ,BRW
PJA,LLA
PJM,SJO
PKA,BET
PKB,BKW
PKC,SVO
PKC,DYR
PKC,GDX
PKC,IKT
PKC,KHV
PKC,OVB
PKC,UUS
PKC,VVO
PKE,SYD
PKN,CGK
PKN,SRG
PKN,SUB
PKP,NAU
PKP,FHZ
PKR,KTM
PKU,BTH
PKU,CGK
PKU,HLP
PKU,KUL
PKU,PDG
PKU,SUB
PKU,SIN
PKU,KNO
PKU,YIA
PKU,SIQ
PKV,KGD
PKV,VKO
PKV,AER
PKV,MCX
PKV,MRV
PKX,AMS
PKX,IST
PKX,LHR
PKX,SVO
PKX,AAT
PKX,AKA
PKX,ALA
PKX,AUH
PKX,BHY
PKX,BKI
PKX,BKK
PKX,BWN
PKX,CAN
PKX,CGD
PKX,CGQ
PKX,CIH
PKX,CJU
PKX,CKG
PKX,CSX
PKX,CTU
PKX,CZX
PKX,DAC
PKX,DLC
PKX,DLU
PKX,DMK
PKX,DNH
PKX,DOH
PKX,DSN
PKX,DYG
PKX,ENH
PKX,ERL
PKX,FOC
PKX,FRU
PKX,GMP
PKX,HAK
PKX,HFE
PKX,HGH
PKX,HJJ
PKX,HKG
PKX,HLD
PKX,HLH
PKX,HND
PKX,HRB
PKX,HSC
PKX,HSN
PKX,HUZ
PKX,HYN
PKX,HZG
PKX,ICN
PKX,IKA
PKX,IKT
PKX,INC
PKX,IQN
PKX,JDZ
PKX,JED
PKX,JGN
PKX,JGS
PKX,JHG
PKX,JJN
PKX,JMU
PKX,JNG
PKX,JUZ
PKX,KHG
PKX,KHN
PKX,KHV
PKX,KIX
PKX,KJA
PKX,KMG
PKX,KOW
PKX,KRL
PKX,KUL
PKX,KWE
PKX,KWL
PKX,LCX
PKX,LJG
PKX,LLF
PKX,LUM
PKX,LYA
PKX,LZO
PKX,MFM
PKX,MIG
PKX,MLE
PKX,MPH
PKX,NAO
PKX,NBS
PKX,NGB
PKX,NKG
PKX,NNG
PKX,OVB
PKX,PVG
PKX,RUH
PKX,SHA
PKX,SHE
PKX,SVX
PKX,SWA
PKX,SYX
PKX,SZX
PKX,TAS
PKX,URC
PKX,UUS
PKX,VVO
PKX,WEH
PKX,WNH
PKX,WNZ
PKX,WUA
PKX,WUH
PKX,WUX
PKX,WUZ
PKX,XIC
PKX,XIL
PKX,XIY
PKX,XMN
PKX,XNN
PKX,YBP
PKX,YIE
PKX,YIH
PKX,YIW
PKX,YNJ
PKX,YNZ
PKX,YTY
PKX,YZY
PKX,ZAT
PKX,ZHA
PKX,ZUH
PKX,ZYI
PKX,ACX
PKX,AVA
PKX,DOY
PKX,DQA
PKX,FUO
PKX,JIC
PKX,LDS
PKX,NDG
PKX,NTG
PKX,RLK
PKX,SIN
PKX,TGO
PKX,UYN
PKX,WUS
PKX,YCU
PKX,NZH
PKX,LHW
PKX,JUH
PKX,BFJ
PKX,LLV
PKX,WDS
PKX,SQJ
PKX,NZL
PKX,SQD
PKX,DBC
PKX,YSQ
PKX,LNL
PKX,BZX
PKX,UBN
PKX,SHS
PKX,TFU
PKX,WHA
PKX,HCZ
PKX,EHU
PKX,DXJ
PKX,TEN
PKY,BPN
PKY,CGK
PKY,SRG
PKY,SUB
PKZ,CAN
PKZ,LPQ
PKZ,SGN
PKZ,VTE
PKZ,SAI
PLJ,BZE
PLJ,DGA
PLJ,INB
PLJ,PND
PLM,BTH
PLM,CGK
PLM,HLP
PLM,JED
PLM,MED
PLM,SUB
PLM,PGK
PLM,KNO
PLM,YIA
PLN,DTW
PLO,ADL
PLQ,AMS
PLQ,DUB
PLQ,CPH
PLQ,STN
PLQ,OSL
PLQ,RIX
PLS,LHR
PLS,ANU
PLS,ATL
PLS,AUA
PLS,BOS
PLS,BWI
PLS,CAP
PLS,CLT
PLS,DFW
PLS,DTW
PLS,EWR
PLS,GDT
PLS,HAV
PLS,IAD
PLS,IAH
PLS,JFK
PLS,KIN
PLS,MBJ
PLS,MCO
PLS,MSP
PLS,NAS
PLS,OCJ
PLS,ORD
PLS,PAP
PLS,SDQ
PLS,STI
PLS,XSC
PLS,YUL
PLS,YYZ
PLS,PHL
PLS,MIA
PLW,BPN
PLW,CGK
PLW,UPG
PLW,TLI
PLW,MOH
PLX,ALA
PLX,CIT
PLX,NQZ
PLZ,CPT
PLZ,DUR
PLZ,JNB
PMA,ZNZ
PMC,BBA
PMC,CCP
PMC,PNT
PMC,PUQ
PMC,SCL
PMF,CAG
PMF,MLA
PMF,PMO
PMF,RMO
PMG,VCP
PMI,AAL
PMI,AAR
PMI,ALC
PMI,LEI
PMI,AMS
PMI,ANR
PMI,ATH
PMI,BCN
PMI,REU
PMI,BSL
PMI,BHD
PMI,BFS
PMI,BEG
PMI,BGO
PMI,BRN
PMI,BIO
PMI,BLL
PMI,BHX
PMI,BUD
PMI,BLQ
PMI,BOD
PMI,BOH
PMI,BTS
PMI,BRE
PMI,BES
PMI,BRS
PMI,BRQ
PMI,BRU
PMI,CRL
PMI,OTP
PMI,CAG
PMI,CGN
PMI,ORK
PMI,DOL
PMI,DTM
PMI,DRS
PMI,DUB
PMI,MME
PMI,DUS
PMI,EDI
PMI,EIN
PMI,ERF
PMI,EXT
PMI,FEZ
PMI,FRA
PMI,HHN
PMI,FDH
PMI,GVA
PMI,GLA
PMI,PIK
PMI,GOT
PMI,GRX
PMI,GRZ
PMI,HAM
PMI,HAJ
PMI,EVE
PMI,HEL
PMI,IBZ
PMI,INN
PMI,XRY
PMI,FKB
PMI,KTW
PMI,KUN
PMI,KLU
PMI,NOC
PMI,CPH
PMI,KSC
PMI,KRK
PMI,LPA
PMI,LBA
PMI,LEJ
PMI,LNZ
PMI,LIS
PMI,LPL
PMI,LCY
PMI,LGW
PMI,LHR
PMI,LTN
PMI,STN
PMI,LBC
PMI,LGG
PMI,LUX
PMI,LYS
PMI,MAD
PMI,MAH
PMI,AGP
PMI,MAN
PMI,RAK
PMI,MRS
PMI,BGY
PMI,LIN
PMI,MXP
PMI,MPL
PMI,MUC
PMI,FMO
PMI,NDR
PMI,NTE
PMI,NAP
PMI,NCL
PMI,NCE
PMI,NRN
PMI,EMA
PMI,NUE
PMI,OST
PMI,OSL
PMI,TRF
PMI,OVD
PMI,PAD
PMI,BVA
PMI,CDG
PMI,ORY
PMI,PSA
PMI,OPO
PMI,POZ
PMI,PRG
PMI,KEF
PMI,RIX
PMI,LIL
PMI,FCO
PMI,RLG
PMI,RTM
PMI,SCN
PMI,SZG
PMI,EAS
PMI,SDR
PMI,SCQ
PMI,SVQ
PMI,SNN
PMI,SOF
PMI,SOU
PMI,SVG
PMI,ARN
PMI,NYO
PMI,STR
PMI,TLL
PMI,TMP
PMI,TNG
PMI,TFN
PMI,TLS
PMI,VLC
PMI,VLL
PMI,TSF
PMI,VRN
PMI,VGO
PMI,VNO
PMI,VIT
PMI,WAW
PMI,VIE
PMI,WRO
PMI,ZAG
PMI,ZAZ
PMI,ZRH
PMI,CLJ
PMI,GRQ
PMI,SEN
PMI,FMM
PMI,SXB
PMI,SLM
PMI,VXO
PMI,LEN
PMI,ALG
PMI,BJZ
PMI,ILD
PMI,BER
PMI,EWR
PMI,FAE
PMI,KSF
PMI,MLN
PMI,ODB
PMI,WMI
PMI,SIR
PMK,TSV
PMO,AHO
PMO,AMS
PMO,AOI
PMO,ATH
PMO,BCN
PMO,BRI
PMO,BSL
PMO,BEG
PMO,BUD
PMO,BLQ
PMO,FRL
PMO,BOD
PMO,BES
PMO,BDS
PMO,BRU
PMO,CRL
PMO,OTP
PMO,CAG
PMO,CGN
PMO,DOL
PMO,DUB
PMO,DUS
PMO,EDI
PMO,FLR
PMO,FRA
PMO,HHN
PMO,GVA
PMO,GOA
PMO,IST
PMO,FKB
PMO,CPH
PMO,KRK
PMO,LMP
PMO,LGW
PMO,LHR
PMO,LTN
PMO,STN
PMO,LDE
PMO,LUX
PMO,LYS
PMO,MAD
PMO,MLA
PMO,MRS
PMO,BGY
PMO,LIN
PMO,MXP
PMO,MUC
PMO,NTE
PMO,NAP
PMO,NCE
PMO,NUE
PMO,OLB
PMO,OSL
PMO,PNL
PMO,BVA
PMO,CDG
PMO,ORY
PMO,PMF
PMO,PEG
PMO,PSA
PMO,OPO
PMO,POZ
PMO,KEF
PMO,LIL
PMO,RMI
PMO,FCO
PMO,RTM
PMO,JTR
PMO,ARN
PMO,STR
PMO,TLS
PMO,TRS
PMO,TUN
PMO,TRN
PMO,VLC
PMO,VCE
PMO,VRN
PMO,VIE
PMO,WRO
PMO,ZTH
PMO,ZRH
PMO,FMM
PMO,SXB
PMO,CUF
PMO,BER
PMO,JFK
PMR,CHC
PMR,AKL
PMV,BLA
PMV,BRM
PMV,CCS
PMV,LFR
PMV,MAR
PMV,MUN
PMV,STD
PMV,SVZ
PMV,VIG
PMV,VLN
PMV,PZO
PMW,BSB
PMW,CNF
PMW,GRU
PMW,GYN
PMW,VCP
PMY,AEP
PMY,EZE
PNA,LPA
PNA,MAD
PND,BZE
PND,PLJ
PNH,BKK
PNH,CAN
PNH,CGK
PNH,CGO
PNH,CKG
PNH,DAD
PNH,DEL
PNH,DMK
PNH,HAK
PNH,HAN
PNH,HKG
PNH,ICN
PNH,KMG
PNH,KUL
PNH,MFM
PNH,MNL
PNH,NNG
PNH,PEK
PNH,PVG
PNH,RGN
PNH,SGN
PNH,SYX
PNH,SZX
PNH,TPE
PNH,VTE
PNH,XMN
PNH,NTG
PNH,SIN
PNH,TFU
PNH,SAI
PNI,GUM
PNI,KSA
PNI,KWA
PNI,MAJ
PNI,ROR
PNI,TKK
PNK,BPN
PNK,BTH
PNK,CGK
PNK,KTG
PNK,SOC
PNK,SUB
PNK,UPG
PNK,PSU
PNK,SQG
PNK,YIA
PNL,BLQ
PNL,CTA
PNL,BGY
PNL,LIN
PNL,PMO
PNL,FCO
PNL,TPS
PNL,VCE
PNL,VRN
PNP,POM
PNQ,AMD
PNQ,ATQ
PNQ,BBI
PNQ,BDQ
PNQ,BHU
PNQ,BLR
PNQ,BOM
PNQ,CCU
PNQ,CJB
PNQ,COK
PNQ,DED
PNQ,DEL
PNQ,DXB
PNQ,GAU
PNQ,GOI
PNQ,HBX
PNQ,HYD
PNQ,IDR
PNQ,IXC
PNQ,IXE
PNQ,IXR
PNQ,JAI
PNQ,JDH
PNQ,LKO
PNQ,MAA
PNQ,NAG
PNQ,PAT
PNQ,RPR
PNQ,STV
PNQ,VNS
PNQ,VTZ
PNQ,SIN
PNQ,KQH
PNQ,GOX
PNQ,HSR
PNR,IST
PNR,CDG
PNR,ABJ
PNR,ADD
PNR,BZV
PNR,FIH
PNR,LAD
PNR,LBV
PNS,ATL
PNS,AUS
PNS,BNA
PNS,CLE
PNS,CLT
PNS,CVG
PNS,DAL
PNS,DCA
PNS,DEN
PNS,DFW
PNS,FLL
PNS,HOU
PNS,IAH
PNS,LGA
PNS,MCI
PNS,MCO
PNS,MDW
PNS,ORD
PNS,PBI
PNS,STL
PNS,TPA
PNS,PHL
PNS,MIA
PNT,PMC
PNT,SCL
PNZ,CPV
PNZ,GRU
PNZ,JDO
PNZ,REC
PNZ,VCP
PNZ,NSR
POA,LIS
POA,AEP
POA,BGX
POA,BRC
POA,BSB
POA,CGH
POA,CNF
POA,CWB
POA,FLN
POA,GEL
POA,GIG
POA,GRU
POA,IGU
POA,JOI
POA,LIM
POA,MVD
POA,NVT
POA,PTY
POA,REC
POA,RIA
POA,SCL
POA,URG
POA,VCP
POA,SRA
POA,CSU
POA,ALQ
POA,CEL
POA,PET
POG,GAX
POG,LBV
POG,OYE
POJ,AAX
POJ,CNF
POJ,UDI
POL,APL
POL,BEW
POL,DAR
POL,JNB
POL,MPM
POL,TET
POM,BNE
POM,BUA
POM,CAN
POM,CNS
POM,DAU
POM,DPS
POM,GKA
POM,GUR
POM,HGU
POM,HIR
POM,HKG
POM,HKN
POM,KVG
POM,LAE
POM,LNV
POM,MAG
POM,MAS
POM,MIS
POM,MNL
POM,MXH
POM,RAB
POM,SYD
POM,PNP
POM,SIN
POM,TBG
POM,TIZ
POM,UNG
POM,WBM
POM,WWK
POP,FRA
POP,ZRH
POP,ATL
POP,BOS
POP,CLT
POP,EWR
POP,JFK
POP,MBJ
POP,PUJ
POP,SDQ
POP,YHZ
POP,YOW
POP,YQB
POP,YUL
POP,YYZ
POP,MIA
POR,HEL
POS,AMS
POS,LGW
POS,ANU
POS,BGI
POS,CCS
POS,CUR
POS,DOM
POS,FLL
POS,GEO
POS,GND
POS,HAV
POS,IAH
POS,JFK
POS,KIN
POS,MCO
POS,OGL
POS,PBM
POS,PTY
POS,SVD
POS,SXM
POS,TAB
POS,YYZ
POS,SJU
POS,SLU
POS,MIA
POZ,ALC
POZ,AMS
POZ,GRO
POZ,BRI
POZ,BLL
POZ,BHX
POZ,BRS
POZ,CRL
POZ,BOJ
POZ,CAG
POZ,CHQ
POZ,CFU
POZ,ORK
POZ,DUB
POZ,DBV
POZ,EDI
POZ,FRA
POZ,HRG
POZ,CPH
POZ,LBA
POZ,LIS
POZ,LPL
POZ,LTN
POZ,STN
POZ,AGP
POZ,MLA
POZ,MAN
POZ,BGY
POZ,MUC
POZ,TRF
POZ,PFO
POZ,PMO
POZ,PMI
POZ,BVA
POZ,PRG
POZ,PUY
POZ,CIA
POZ,ARN
POZ,SKG
POZ,TIA
POZ,TSF
POZ,VRN
POZ,WAW
POZ,ZAD
POZ,TLV
POZ,AMM
POZ,DXB
POZ,KUT
PPB,BPS
PPB,CGH
PPB,GRU
PPB,MCZ
PPB,NAT
PPB,REC
PPB,VCP
PPG,HNL
PPK,ALA
PPK,NQZ
PPL,KTM
PPN,BOG
PPP,ADL
PPP,BNE
PPP,CNS
PPP,MEL
PPP,SYD
PPQ,BHE
PPQ,NSN
PPQ,AKL
PPS,CEB
PPS,ILO
PPS,MNL
PPS,TPE
PPT,AAA
PPT,AHE
PPT,APK
PPT,AUQ
PPT,AXR
PPT,BOB
PPT,FAC
PPT,FAV
PPT,GMR
PPT,HNL
PPT,HOI
PPT,HUH
PPT,KKR
PPT,LAX
PPT,MAU
PPT,MKP
PPT,MOZ
PPT,MVT
PPT,NAN
PPT,NOU
PPT,NRT
PPT,RAR
PPT,RRR
PPT,RUR
PPT,SEA
PPT,SFO
PPT,XMH
PPT,ZTA
PPT,NHV
PPT,RFP
PPT,RGI
PPT,RMT
PPT,RVV
PPT,TIH
PPT,TKX
PPT,TUB
PPT,TKP
PPT,KXU
PPT,RKA
PPT,NIU
PPT,HHZ
PPT,TKV
PPT,NAU
PPT,AKL
PPV,KPB
PPV,KTN
PQC,BKK
PQC,HAN
PQC,HKG
PQC,HPH
PQC,ICN
PQC,KHH
PQC,KUL
PQC,PUS
PQC,SGN
PQC,TPE
PQI,EWR
PQQ,BNE
PQQ,SYD
PQS,BET
PQS,KSM
PQT,JAV
PRA,AEP
PRC,DEN
PRC,LAX
PRG,AGA
PRG,ALC
PRG,LEI
PRG,AMS
PRG,AYT
PRG,ACE
PRG,ATH
PRG,BCN
PRG,BRI
PRG,BSL
PRG,BFS
PRG,BEG
PRG,BIO
PRG,BHX
PRG,BUD
PRG,BLQ
PRG,BOD
PRG,BDS
PRG,BRS
PRG,BRU
PRG,CRL
PRG,OTP
PRG,BOJ
PRG,CAG
PRG,CAI
PRG,CTA
PRG,CHQ
PRG,CGN
PRG,CFU
PRG,DUB
PRG,DBV
PRG,DUS
PRG,EDI
PRG,EIN
PRG,FLR
PRG,FRA
PRG,FUE
PRG,FNC
PRG,GDN
PRG,GVA
PRG,GLA
PRG,GOT
PRG,HEL
PRG,HER
PRG,HRG
PRG,IST
PRG,SAW
PRG,ADB
PRG,CPH
PRG,KGS
PRG,KSC
PRG,KRK
PRG,SPC
PRG,SUF
PRG,LCA
PRG,LPA
PRG,LBA
PRG,LIS
PRG,LPL
PRG,LCY
PRG,LGW
PRG,LHR
PRG,LTN
PRG,STN
PRG,LUX
PRG,LYS
PRG,MAD
PRG,MAH
PRG,AGP
PRG,MLA
PRG,MAN
PRG,RMF
PRG,MRS
PRG,BGY
PRG,MXP
PRG,MUC
PRG,NTE
PRG,NAP
PRG,NCL
PRG,NCE
PRG,EMA
PRG,OLB
PRG,OSL
PRG,PMI
PRG,BVA
PRG,CDG
PRG,ORY
PRG,PSR
PRG,PSA
PRG,OPO
PRG,POZ
PRG,PVK
PRG,KEF
PRG,RHO
PRG,RIX
PRG,RMI
PRG,CIA
PRG,FCO
PRG,SMI
PRG,JTR
PRG,SVQ
PRG,SOF
PRG,SPU
PRG,ARN
PRG,TLL
PRG,TBS
PRG,TFS
PRG,SKG
PRG,TIA
PRG,TRN
PRG,VLC
PRG,VAR
PRG,TSF
PRG,VCE
PRG,VRN
PRG,WAW
PRG,VIE
PRG,ZAD
PRG,ZTH
PRG,ZRH
PRG,TIV
PRG,RMO
PRG,AOK
PRG,EFL
PRG,JSI
PRG,TLV
PRG,AMM
PRG,GYD
PRG,DOH
PRG,DWC
PRG,DXB
PRG,ICN
PRG,JFK
PRG,KUT
PRG,KWI
PRG,PDL
PRG,PEK
PRG,RUH
PRG,TAS
PRG,TPE
PRG,NQZ
PRI,SEZ
PRM,CAT
PRN,AYT
PRN,BSL
PRN,BJV
PRN,BRU
PRN,CHQ
PRN,CFU
PRN,DTM
PRN,DBV
PRN,DUS
PRN,FRA
PRN,GVA
PRN,GOT
PRN,HAM
PRN,HAJ
PRN,HEL
PRN,IST
PRN,SAW
PRN,ADB
PRN,CPH
PRN,LTN
PRN,MXP
PRN,MUC
PRN,OSL
PRN,RIX
PRN,ARN
PRN,STR
PRN,TIA
PRN,VIE
PRN,ZTH
PRN,ZRH
PRN,TIV
PRN,FMM
PRN,BER
PRS,HIR
PSA,AHO
PSA,AMS
PSA,ATH
PSA,BCN
PSA,GRO
PSA,BRI
PSA,BLL
PSA,BHX
PSA,BUD
PSA,BOD
PSA,BDS
PSA,BRS
PSA,BRU
PSA,CRL
PSA,OTP
PSA,CAG
PSA,CMN
PSA,CTA
PSA,CHQ
PSA,CGN
PSA,CFU
PSA,ORK
PSA,DUB
PSA,EDI
PSA,EIN
PSA,FRA
PSA,FUE
PSA,GDN
PSA,PIK
PSA,GOT
PSA,HEL
PSA,IBZ
PSA,KUN
PSA,CPH
PSA,KGS
PSA,KRK
PSA,SUF
PSA,LPA
PSA,LBA
PSA,LIS
PSA,LGW
PSA,LHR
PSA,LTN
PSA,STN
PSA,MAD
PSA,AGP
PSA,MLA
PSA,MAN
PSA,RAK
PSA,NTE
PSA,EMA
PSA,OLB
PSA,OSL
PSA,TRF
PSA,PMO
PSA,PMI
PSA,BVA
PSA,CDG
PSA,ORY
PSA,OPO
PSA,PRG
PSA,RHO
PSA,RIX
PSA,SVQ
PSA,ARN
PSA,TFS
PSA,TIA
PSA,TPS
PSA,VLC
PSA,WRO
PSA,ZAD
PSA,ZAG
PSA,FMM
PSA,EFL
PSA,JSI
PSA,AMM
PSA,BER
PSA,CIY
PSA,DXB
PSC,AZA
PSC,BUR
PSC,DEN
PSC,LAS
PSC,LAX
PSC,MSP
PSC,PHX
PSC,SEA
PSC,SFO
PSC,SLC
PSE,JFK
PSE,MCO
PSG,JNU
PSG,WRG
PSM,PGD
PSM,PIE
PSM,SFB
PSO,BOG
PSO,CLO
PSP,ATL
PSP,AUS
PSP,BLI
PSP,BOI
PSP,DEN
PSP,DFW
PSP,IAD
PSP,IAH
PSP,JFK
PSP,LAS
PSP,LAX
PSP,MSP
PSP,OAK
PSP,ORD
PSP,PAE
PSP,PDX
PSP,PHX
PSP,SEA
PSP,SFO
PSP,STS
PSP,YEG
PSP,YVR
PSP,YWG
PSP,YYC
PSP,YYZ
PSP,SJC
PSP,SLC
PSP,SMF
PSR,AHO
PSR,GRO
PSR,CRL
PSR,OTP
PSR,CTA
PSR,HHN
PSR,HAM
PSR,KRK
PSR,STN
PSR,LUX
PSR,MLA
PSR,BGY
PSR,NRN
PSR,PRG
PSR,TIA
PSR,TPS
PSR,TRN
PSR,FMM
PSS,AEP
PSS,COR
PSS,EZE
PSU,PNK
PTA,ILI
PTA,NNL
PTG,JNB
PTO,CWB
PTP,BOD
PTP,MXP
PTP,CDG
PTP,ORY
PTP,FCO
PTP,FDF
PTP,PAP
PTP,SBH
PTP,SDQ
PTP,SXM
PTP,YUL
PTP,SFG
PTP,MIA
PTQ,BEL
PTU,BET
PTX,BOG
PTY,AMS
PTY,IST
PTY,MAD
PTY,CDG
PTY,ADZ
PTY,ASU
PTY,ATL
PTY,AUA
PTY,AUS
PTY,AXM
PTY,BAQ
PTY,BGA
PTY,BGI
PTY,BLA
PTY,BOG
PTY,BOS
PTY,BRM
PTY,BSB
PTY,BWI
PTY,BZE
PTY,CCS
PTY,CIX
PTY,CLO
PTY,CNF
PTY,COR
PTY,CTG
PTY,CUC
PTY,CUN
PTY,CUR
PTY,DAV
PTY,DEN
PTY,EWR
PTY,EZE
PTY,FLL
PTY,FLN
PTY,GCM
PTY,GDL
PTY,GEO
PTY,GIG
PTY,GRU
PTY,GUA
PTY,GYE
PTY,HAV
PTY,IAD
PTY,IAH
PTY,JFK
PTY,KIN
PTY,LAS
PTY,LAX
PTY,LIM
PTY,MAO
PTY,MAR
PTY,MBJ
PTY,MCO
PTY,MDE
PTY,MDZ
PTY,MEC
PTY,MEX
PTY,MGA
PTY,MTY
PTY,MVD
PTY,NAS
PTY,ORD
PTY,PAP
PTY,PBM
PTY,PEI
PTY,POA
PTY,POS
PTY,PUJ
PTY,RDU
PTY,ROS
PTY,SAL
PTY,SAP
PTY,SCL
PTY,SDQ
PTY,SFO
PTY,SNU
PTY,STI
PTY,SXM
PTY,TPA
PTY,UIO
PTY,VLN
PTY,VVI
PTY,XPL
PTY,YUL
PTY,YYZ
PTY,SJO
PTY,SJU
PTY,SMR
PTY,MIA
PTY,NLU
PTY,TQO
PUB,DEN
PUF,AJA
PUF,BES
PUF,LYS
PUF,CDG
PUF,ORY
PUJ,AMS
PUJ,BCN
PUJ,BRU
PUJ,FRA
PUJ,LIS
PUJ,LGW
PUJ,MAD
PUJ,MXP
PUJ,ORY
PUJ,ZRH
PUJ,ANU
PUJ,ATL
PUJ,AUA
PUJ,BOG
PUJ,BOS
PUJ,BWI
PUJ,CCS
PUJ,CLE
PUJ,CLT
PUJ,COR
PUJ,CTG
PUJ,CUR
PUJ,DFW
PUJ,DTW
PUJ,EWR
PUJ,EZE
PUJ,FLL
PUJ,GRU
PUJ,HOU
PUJ,IAD
PUJ,IAH
PUJ,JFK
PUJ,LIM
PUJ,MAR
PUJ,MBJ
PUJ,MCO
PUJ,MDE
PUJ,MDW
PUJ,MKE
PUJ,MSP
PUJ,ORD
PUJ,POP
PUJ,PTY
PUJ,SCL
PUJ,SDQ
PUJ,STL
PUJ,SXM
PUJ,TPA
PUJ,UIO
PUJ,YHZ
PUJ,YOW
PUJ,YQB
PUJ,YQM
PUJ,YUL
PUJ,YXU
PUJ,YYC
PUJ,YYZ
PUJ,SJU
PUJ,PHL
PUJ,MIA
PUK,REA
PUK,TKV
PUQ,MPN
PUQ,PMC
PUQ,RGL
PUQ,SCL
PUQ,WPR
PUQ,WPU
PUS,BKI
PUS,BKK
PUS,CEB
PUS,CJU
PUS,CRK
PUS,CTS
PUS,CXR
PUS,DAD
PUS,DYG
PUS,FUK
PUS,GMP
PUS,GUM
PUS,HAK
PUS,HAN
PUS,HKG
PUS,ICN
PUS,KHH
PUS,KIX
PUS,MFM
PUS,MNL
PUS,MYJ
PUS,NGO
PUS,NRT
PUS,OKA
PUS,PEK
PUS,PVG
PUS,RMQ
PUS,SGN
PUS,SHE
PUS,SYX
PUS,TAG
PUS,TAO
PUS,TNA
PUS,TPE
PUS,VTE
PUS,XIY
PUS,YNJ
PUS,PQC
PUS,SIN
PUS,SJW
PUS,UBN
PUU,BOG
PUU,CLO
PUU,IPI
PUU,LQM
PUW,BOI
PUW,SEA
PUY,AMS
PUY,BSL
PUY,BEG
PUY,BHX
PUY,BRS
PUY,CRL
PUY,CGN
PUY,DUS
PUY,FRA
PUY,GLA
PUY,HAJ
PUY,KTW
PUY,CPH
PUY,LGW
PUY,LHR
PUY,LTN
PUY,STN
PUY,MAN
PUY,MUC
PUY,NRN
PUY,OSL
PUY,CDG
PUY,POZ
PUY,RTM
PUY,SPU
PUY,ARN
PUY,STR
PUY,VIE
PUY,ZAD
PUY,ZAG
PUY,ZRH
PUY,FMM
PUY,OSI
PUY,BER
PUZ,MGA
PVA,ADZ
PVC,BOS
PVD,ATL
PVD,BNA
PVD,BWI
PVD,CHS
PVD,CLT
PVD,CMH
PVD,CVG
PVD,DAL
PVD,DCA
PVD,DEN
PVD,DTW
PVD,EWR
PVD,FLL
PVD,GSP
PVD,IAD
PVD,JAX
PVD,LAX
PVD,LGA
PVD,MCO
PVD,MDW
PVD,MSP
PVD,MYR
PVD,ORD
PVD,ORF
PVD,PBI
PVD,PGD
PVD,PIT
PVD,RDU
PVD,RIC
PVD,RSW
PVD,SAV
PVD,SRQ
PVD,TPA
PVD,VRB
PVD,SJU
PVD,PHL
PVG,AMS
PVG,ATH
PVG,BUD
PVG,BRU
PVG,CAI
PVG,FRA
PVG,HEL
PVG,IST
PVG,CPH
PVG,LGW
PVG,LHR
PVG,MAD
PVG,MAN
PVG,MRS
PVG,MXP
PVG,SVO
PVG,MUC
PVG,CDG
PVG,FCO
PVG,LED
PVG,VIE
PVG,ZRH
PVG,AAT
PVG,ADD
PVG,AKA
PVG,AOG
PVG,AUH
PVG,BAH
PVG,BAV
PVG,BHY
PVG,BKI
PVG,BKK
PVG,BNE
PVG,BPL
PVG,CAN
PVG,CEB
PVG,CGK
PVG,CGO
PVG,CGQ
PVG,CHG
PVG,CIF
PVG,CIH
PVG,CJU
PVG,CKG
PVG,CMB
PVG,CNX
PVG,CSX
PVG,CTS
PVG,CTU
PVG,DAT
PVG,DDG
PVG,DFW
PVG,DLC
PVG,DLU
PVG,DMK
PVG,DNH
PVG,DOH
PVG,DPS
PVG,DSN
PVG,DTW
PVG,DXB
PVG,DYG
PVG,ENH
PVG,ENY
PVG,EWR
PVG,FOC
PVG,FSZ
PVG,FUG
PVG,FUK
PVG,GYS
PVG,HAK
PVG,HAN
PVG,HDG
PVG,HET
PVG,HFE
PVG,HIJ
PVG,HKG
PVG,HKT
PVG,HLD
PVG,HND
PVG,HNY
PVG,HRB
PVG,HSC
PVG,HSG
PVG,HUZ
PVG,HZG
PVG,ICN
PVG,IKA
PVG,INC
PVG,IQN
PVG,JFK
PVG,JGN
PVG,JGS
PVG,JHG
PVG,JIQ
PVG,JJN
PVG,JMU
PVG,JNZ
PVG,KHG
PVG,KHH
PVG,KHN
PVG,KIJ
PVG,KIX
PVG,KMG
PVG,KMQ
PVG,KOW
PVG,KRL
PVG,KTM
PVG,KUL
PVG,KWE
PVG,KWL
PVG,LAX
PVG,LCX
PVG,LJG
PVG,LNJ
PVG,LUM
PVG,LYI
PVG,LZH
PVG,LZO
PVG,MEL
PVG,MFM
PVG,MIG
PVG,MLE
PVG,MNL
PVG,NAO
PVG,NBS
PVG,NGB
PVG,NGO
PVG,NGS
PVG,NKG
PVG,NNG
PVG,NNY
PVG,NRT
PVG,OKA
PVG,OKJ
PVG,ORD
PVG,OVB
PVG,PEK
PVG,PEN
PVG,PNH
PVG,PUS
PVG,RUH
PVG,SDJ
PVG,SEA
PVG,SFO
PVG,SGN
PVG,SHE
PVG,SWA
PVG,SYD
PVG,SYX
PVG,SZX
PVG,TAE
PVG,TAO
PVG,TAS
PVG,TNA
PVG,TOY
PVG,TPE
PVG,TSA
PVG,TSN
PVG,TVS
PVG,TYN
PVG,URC
PVG,VTE
PVG,VVO
PVG,WEH
PVG,WNH
PVG,WNZ
PVG,WUH
PVG,WUX
PVG,WXN
PVG,XIC
PVG,XIY
PVG,XMN
PVG,XNN
PVG,YBP
PVG,YIH
PVG,YNJ
PVG,YNT
PVG,YVR
PVG,YYZ
PVG,YZY
PVG,ZAT
PVG,ZHA
PVG,ZUH
PVG,ZYI
PVG,ACX
PVG,DOY
PVG,DQA
PVG,FUO
PVG,NDG
PVG,SIN
PVG,SJW
PVG,TAK
PVG,TGO
PVG,UYN
PVG,YCU
PVG,NZH
PVG,LHW
PVG,ZQZ
PVG,BFJ
PVG,LLV
PVG,BPE
PVG,TLQ
PVG,RIZ
PVG,LFQ
PVG,WDS
PVG,WUT
PVG,SQJ
PVG,YKH
PVG,BAR
PVG,WMT
PVG,YSQ
PVG,LNL
PVG,XAI
PVG,BZX
PVG,YYA
PVG,PKX
PVG,AKL
PVG,YLX
PVG,SHS
PVG,TFU
PVG,HZA
PVG,HCZ
PVG,DZH
PVG,EHU
PVG,DXJ
PVG,TEN
PVG,LZG
PVG,SZH
PVH,BSB
PVH,CGB
PVH,CNF
PVH,GRU
PVH,JPR
PVH,MAO
PVH,RBR
PVK,AMS
PVK,BRI
PVK,BHX
PVK,BUD
PVK,BLQ
PVK,BRS
PVK,CFU
PVK,DUS
PVK,EDI
PVK,FRA
PVK,HAM
PVK,CPH
PVK,LCA
PVK,LGW
PVK,LHR
PVK,STN
PVK,MAN
PVK,BGY
PVK,MXP
PVK,MUC
PVK,NAP
PVK,NUE
PVK,OSL
PVK,ORY
PVK,PRG
PVK,FCO
PVK,STR
PVK,VIE
PVK,ZRH
PVK,EFL
PVK,JSI
PVK,TLV
PVK,BER
PVK,JSH
PVK,RDO
PVR,AGU
PVR,ATL
PVR,AUS
PVR,BJX
PVR,CJS
PVR,DEN
PVR,DFW
PVR,DGO
PVR,DTW
PVR,EWR
PVR,GDL
PVR,HOU
PVR,IAH
PVR,LAS
PVR,LAX
PVR,MEX
PVR,MSP
PVR,MTY
PVR,MXL
PVR,ORD
PVR,PDX
PVR,PHX
PVR,QRO
PVR,SAN
PVR,SEA
PVR,SFO
PVR,TIJ
PVR,TLC
PVR,YEG
PVR,YKF
PVR,YLW
PVR,YQB
PVR,YQQ
PVR,YQR
PVR,YUL
PVR,YVR
PVR,YWG
PVR,YXE
PVR,YXS
PVR,YXX
PVR,YYC
PVR,YYJ
PVR,YYZ
PVR,SJC
PVR,SLC
PVR,SLP
PVR,SNA
PVR,NLU
PVU,AUS
PVU,AZA
PVU,BNA
PVU,DFW
PVU,HOU
PVU,LAS
PVU,MDW
PVU,PDX
PVU,PHX
PVU,SAN
PVU,SFB
PVU,SFO
PVU,SNA
PWE,GDX
PWE,OVB
PWE,YKS
PWM,ATL
PWM,BNA
PWM,BWI
PWM,CHS
PWM,CLT
PWM,CVG
PWM,DCA
PWM,DEN
PWM,DFW
PWM,DTW
PWM,EWR
PWM,HPN
PWM,IAD
PWM,ISP
PWM,JFK
PWM,LGA
PWM,MCO
PWM,MDW
PWM,MSP
PWM,ORD
PWM,ORF
PWM,PIT
PWM,RDU
PWM,RSW
PWM,TPA
PWM,PHL
PWQ,ALA
PXM,GDL
PXM,MEX
PXM,MTY
PXM,NLU
PXO,FNC
PXO,LIS
PXO,OPO
PXU,HAN
PXU,SGN
PYB,BBI
PYB,VTZ
PYG,CCU
PYG,DEL
PYH,CCS
PYJ,IKT
PYJ,MJZ
PYJ,OVB
PYJ,YKS
PYT,CNF
PZB,JNB
PZI,CAN
PZI,CTU
PZI,XIY
PZO,BRM
PZO,CCS
PZO,MAO
PZO,MAR
PZO,PMV
PZO,STD
PZO,VLN
PZU,CAI
PZU,IST
PZU,ADD
PZU,ASM
PZU,AUH
PZU,DMM
PZU,DOH
PZU,DXB
PZU,JED
PZU,JUB
PZU,MCT
PZU,MJI
PZU,RUH
PZU,SHJ
PZY,TLV
QBC,YAA
QBC,YVR
QCU,JEG
QCU,QJE
QCU,QJI
QFI,JEG
QFI,QRY
QGP,REC
QGQ,JEG
QGQ,QPW
QIG,FOR
QIG,JCS
QJE,JEG
QJE,QCU
QJI,JCH
QJI,QCU
QNS,CGH
QNS,GRU
QNS,VCP
QOW,ABV
QOW,LOS
QPW,JEG
QPW,QGQ
QPW,QRY
QRO,ATL
QRO,CUN
QRO,DFW
QRO,DTW
QRO,HMO
QRO,IAH
QRO,MEX
QRO,MID
QRO,MTY
QRO,MZT
QRO,ORD
QRO,PVR
QRO,SAT
QRO,TIJ
QRO,TLC
QRO,TRC
QRO,ZIH
QRO,SJD
QRW,ABV
QRW,LOS
QRY,QFI
QRY,QPW
QSF,LYS
QSF,MRS
QSF,CDG
QSF,ORY
QSF,LIL
QSF,ALG
QSF,BJA
QSR,BSL
QSR,CAG
QSR,CTA
QSR,GVA
QSR,LGW
QSR,MXP
QSR,NTE
QSR,VRN
QSR,BER
QSZ,AKU
QSZ,KHG
QSZ,KRL
QSZ,URC
QSZ,XIY
QSZ,YIN
QSZ,LHW
QSZ,TWC
QSZ,YTW
QUO,ABV
QUO,LOS
QUV,XEQ
QUW,JNN
RAB,BUA
RAB,HKN
RAB,KIE
RAB,KVG
RAB,LAE
RAB,LNV
RAB,POM
RAE,JED
RAE,RUH
RAH,JED
RAH,RUH
RAI,CMN
RAI,LIS
RAI,LUX
RAI,RAK
RAI,CDG
RAI,ORY
RAI,BVC
RAI,MMO
RAI,OXB
RAI,PDL
RAI,SFL
RAI,VXE
RAI,SID
RAI,SNE
RAI,DSS
RAK,AGA
RAK,ALC
RAK,AMS
RAK,ACE
RAK,ATH
RAK,BCN
RAK,GRO
RAK,BSL
RAK,BIO
RAK,BHX
RAK,BLQ
RAK,BOD
RAK,BES
RAK,BRS
RAK,BRU
RAK,CRL
RAK,CMN
RAK,CGN
RAK,DUB
RAK,DUS
RAK,EDI
RAK,EIN
RAK,FAO
RAK,FEZ
RAK,FRA
RAK,HHN
RAK,FNC
RAK,GVA
RAK,GLA
RAK,GOT
RAK,HAJ
RAK,HEL
RAK,IST
RAK,CPH
RAK,LRH
RAK,LPA
RAK,LBA
RAK,LIG
RAK,LIS
RAK,LGW
RAK,LHR
RAK,LTN
RAK,STN
RAK,LUX
RAK,LYS
RAK,MAD
RAK,AGP
RAK,MAN
RAK,MRS
RAK,BGY
RAK,MXP
RAK,MPL
RAK,MUC
RAK,NTE
RAK,NAP
RAK,NCE
RAK,NRN
RAK,FNI
RAK,OSL
RAK,OUD
RAK,PMI
RAK,BVA
RAK,CDG
RAK,ORY
RAK,PGF
RAK,PSA
RAK,OPO
RAK,RNS
RAK,KEF
RAK,RIX
RAK,LIL
RAK,CIA
RAK,FCO
RAK,RTM
RAK,SDR
RAK,SVQ
RAK,ARN
RAK,TNG
RAK,TFS
RAK,TLS
RAK,TUF
RAK,TRN
RAK,VLC
RAK,TSF
RAK,WAW
RAK,VIE
RAK,ZAZ
RAK,ZRH
RAK,SXB
RAK,TLV
RAK,TTU
RAK,XCR
RAK,BER
RAK,DLE
RAK,ERH
RAK,EWR
RAK,RAI
RAK,VIL
RAK,VXE
RAK,YUL
RAK,SID
RAK,RMU
RAO,BPS
RAO,BSB
RAO,CGH
RAO,CNF
RAO,FOR
RAO,GRU
RAO,JPA
RAO,MCZ
RAO,NAT
RAO,REC
RAO,SDU
RAO,VCP
RAP,AZA
RAP,CLT
RAP,DEN
RAP,DFW
RAP,IAH
RAP,LAS
RAP,LAX
RAP,MSP
RAP,ORD
RAP,SFB
RAP,SFO
RAR,AIT
RAR,HNL
RAR,PPT
RAR,SYD
RAR,AKL
RAS,BND
RAS,MHD
RAS,SYZ
RAS,THR
RAS,PGU
RBA,AGA
RBA,BCN
RBA,BSL
RBA,BRU
RBA,CRL
RBA,CMN
RBA,GVA
RBA,IST
RBA,STN
RBA,LYS
RBA,MAD
RBA,AGP
RBA,MRS
RBA,MPL
RBA,NTE
RBA,NCE
RBA,NRN
RBA,BVA
RBA,CDG
RBA,ORY
RBA,CIA
RBA,SVQ
RBA,TNG
RBA,TLS
RBA,ERH
RBA,EUN
RBA,JED
RBB,MAO
RBQ,CBB
RBQ,LPB
RBR,BSB
RBR,CNF
RBR,CZS
RBR,MAO
RBR,PVH
RBV,EGM
RBV,HIR
RBY,FAI
RBY,GAL
RBY,TAL
RCB,JNB
RCH,BOG
RCH,MDE
RCM,HGD
RCM,JCK
RCQ,ROS
RCU,AEP
RDD,BUR
RDD,LAX
RDD,SEA
RDD,SFO
RDM,BUR
RDM,DEN
RDM,DFW
RDM,LAS
RDM,LAX
RDM,PDX
RDM,PHX
RDM,SAN
RDM,SEA
RDM,SFO
RDM,STS
RDM,SLC
RDN,SZB
RDN,XSP
RDO,LCA
RDO,PVK
RDO,FCO
RDO,TIA
RDP,BLR
RDP,BOM
RDP,DEL
RDP,HYD
RDP,MAA
RDU,FRA
RDU,LHR
RDU,CDG
RDU,KEF
RDU,ALB
RDU,ATL
RDU,AUS
RDU,BDL
RDU,BNA
RDU,BOS
RDU,BTV
RDU,BWI
RDU,CAK
RDU,CLE
RDU,CLT
RDU,CMH
RDU,CUN
RDU,CVG
RDU,DAL
RDU,DCA
RDU,DEN
RDU,DFW
RDU,DTW
RDU,EWR
RDU,FLL
RDU,FPO
RDU,HOU
RDU,HPN
RDU,HVN
RDU,IAD
RDU,IAH
RDU,IND
RDU,ISP
RDU,JAX
RDU,JFK
RDU,LAS
RDU,LAX
RDU,LGA
RDU,MCI
RDU,MCO
RDU,MDW
RDU,MEX
RDU,MHT
RDU,MKE
RDU,MSP
RDU,MSY
RDU,ORD
RDU,PBI
RDU,PHX
RDU,PIT
RDU,PTY
RDU,PVD
RDU,PWM
RDU,ROC
RDU,RSW
RDU,SAN
RDU,SEA
RDU,SFO
RDU,STL
RDU,SYR
RDU,TLH
RDU,TPA
RDU,TTN
RDU,YUL
RDU,YYZ
RDU,SJU
RDU,SLC
RDU,PHL
RDU,MIA
RDU,BUF
RDV,ANI
RDZ,CRL
RDZ,DUB
RDZ,STN
RDZ,ORY
REA,HOI
REA,PUK
REC,LIS
REC,AEP
REC,AJU
REC,BEL
REC,BSB
REC,CGH
REC,CNF
REC,CPV
REC,EZE
REC,FEN
REC,FLL
REC,FOR
REC,GIG
REC,GRU
REC,GYN
REC,IGU
REC,JDO
REC,JPA
REC,MAO
REC,MCO
REC,MCZ
REC,MVD
REC,MVF
REC,NAT
REC,PNZ
REC,POA
REC,PPB
REC,RAO
REC,SSA
REC,THE
REC,UDI
REC,VCP
REC,VIX
REC,JTC
REC,SJP
REC,SLZ
REC,PAV
REC,FEC
REC,CAU
REC,SET
REC,JPO
REC,NSR
REC,QGP
REC,JAW
REC,CJZ
REG,BCN
REG,BLQ
REG,MAN
REG,MRS
REG,LIN
REG,FCO
REG,TIA
REG,TRN
REG,VCE
REG,BER
REL,AEP
REL,BHI
REL,COR
REL,CRD
REL,EZE
REL,FTE
REL,USH
REN,AYT
REN,KGD
REN,SVO
REN,LED
REN,KZN
REN,GOJ
REN,AER
REN,MCX
REN,MRV
REN,OVB
REN,SVX
REN,RGK
RER,GUA
RES,AEP
RES,COR
RES,EZE
RES,SLA
RET,BOO
RET,LKN
REU,GRO
REU,BFS
REU,BHX
REU,BRS
REU,BRU
REU,CRL
REU,ORK
REU,DUB
REU,EDI
REU,EIN
REU,GLA
REU,LBA
REU,LPL
REU,LTN
REU,STN
REU,MAN
REU,NCL
REU,NRN
REU,EMA
REU,PMI
REU,ORY
REU,SNN
REX,CUN
REX,GDL
REX,MEX
REX,VER
REX,NLU
REZ,KSQ
RFD,AZA
RFD,BNA
RFD,LAS
RFD,LAX
RFD,PGD
RFD,PIE
RFD,SFB
RFD,SRQ
RFP,BOB
RFP,HUH
RFP,MAU
RFP,MOZ
RFP,PPT
RGA,AEP
RGA,EZE
RGI,APK
RGI,AXR
RGI,BOB
RGI,FAV
RGI,MVT
RGI,PPT
RGI,TIH
RGK,DME
RGK,SVO
RGK,LED
RGK,KZN
RGK,KJA
RGK,NUX
RGK,OVB
RGK,REN
RGK,SGC
RGK,SVX
RGK,UUD
RGK,SLY
RGK,KCY
RGL,AEP
RGL,CRD
RGL,EZE
RGL,MPN
RGL,PUQ
RGN,AKY
RGN,BKK
RGN,CAN
RGN,CCU
RGN,CNX
RGN,DEL
RGN,DMK
RGN,DOH
RGN,DXB
RGN,HAN
RGN,HEH
RGN,HKT
RGN,ICN
RGN,KAW
RGN,KET
RGN,KMG
RGN,KMV
RGN,KUL
RGN,KYP
RGN,LSH
RGN,MAA
RGN,MDL
RGN,MGZ
RGN,MYT
RGN,NYT
RGN,PEK
RGN,PNH
RGN,SGN
RGN,THL
RGN,TPE
RGN,TVY
RGN,VTE
RGN,XMN
RGN,NYU
RGN,SIN
RGN,SNW
RGN,VBA
RGN,VBP
RHD,AEP
RHI,MSP
RHO,AMS
RHO,AYT
RHO,ATH
RHO,BRI
RHO,BSL
RHO,BFS
RHO,BEG
RHO,BRN
RHO,BHX
RHO,BUD
RHO,BLQ
RHO,BOD
RHO,BOH
RHO,BTS
RHO,BRE
RHO,BRS
RHO,BRQ
RHO,BRU
RHO,CRL
RHO,OTP
RHO,CTA
RHO,CGN
RHO,ORK
RHO,DOL
RHO,DTM
RHO,DRS
RHO,DUB
RHO,DUS
RHO,EDI
RHO,EIN
RHO,FRA
RHO,GVA
RHO,GLA
RHO,GRZ
RHO,HAM
RHO,HAJ
RHO,HEL
RHO,HER
RHO,INN
RHO,KUN
RHO,CPH
RHO,KGS
RHO,KSC
RHO,KRK
RHO,LCA
RHO,LBA
RHO,LEJ
RHO,LPL
RHO,LGW
RHO,LHR
RHO,LTN
RHO,STN
RHO,LBC
RHO,LGG
RHO,LUX
RHO,LYS
RHO,MAN
RHO,MRS
RHO,BGY
RHO,LIN
RHO,MXP
RHO,MUC
RHO,JMK
RHO,NTE
RHO,NAP
RHO,NCL
RHO,NRN
RHO,EMA
RHO,NUE
RHO,OST
RHO,OSL
RHO,PFO
RHO,CDG
RHO,ORY
RHO,PSA
RHO,PRG
RHO,RIX
RHO,LIL
RHO,CIA
RHO,FCO
RHO,RTM
RHO,SZG
RHO,SMI
RHO,SOF
RHO,SVG
RHO,ARN
RHO,STR
RHO,TLL
RHO,TMP
RHO,SKG
RHO,TIA
RHO,TLS
RHO,VCE
RHO,VRN
RHO,WAW
RHO,VIE
RHO,ZRH
RHO,AOK
RHO,FMM
RHO,TLV
RHO,OSR
RHO,BAH
RHO,BER
RHO,KZS
RHO,WMI
RIA,FLN
RIA,POA
RIA,VCP
RIB,CBB
RIB,TDD
RIC,ATL
RIC,BDL
RIC,BNA
RIC,BOS
RIC,BWI
RIC,CHS
RIC,CLT
RIC,DEN
RIC,DFW
RIC,DTW
RIC,EWR
RIC,FLL
RIC,IAD
RIC,IAH
RIC,ISP
RIC,JAX
RIC,JFK
RIC,LAS
RIC,LAX
RIC,LGA
RIC,MCO
RIC,MDW
RIC,MSP
RIC,MSY
RIC,ORD
RIC,PHX
RIC,PIE
RIC,PVD
RIC,RSW
RIC,SFB
RIC,SFO
RIC,TPA
RIC,PHL
RIC,MIA
RIH,YUL
RIH,YYZ
RIS,CTS
RIS,OKD
RIW,DEN
RIX,AAR
RIX,ABZ
RIX,AGA
RIX,ALC
RIX,AMS
RIX,ATH
RIX,BCN
RIX,GRO
RIX,BEG
RIX,BGO
RIX,BLL
RIX,BUD
RIX,BRU
RIX,CRL
RIX,OTP
RIX,BOJ
RIX,CTA
RIX,CGN
RIX,CFU
RIX,DUB
RIX,DBV
RIX,DUS
RIX,EDI
RIX,FRA
RIX,FNC
RIX,GDN
RIX,GVA
RIX,GOT
RIX,HAM
RIX,HEL
RIX,HER
RIX,IST
RIX,KTT
RIX,CPH
RIX,KRK
RIX,LCA
RIX,LPA
RIX,LBA
RIX,LPX
RIX,LIS
RIX,LJU
RIX,LGW
RIX,LHR
RIX,STN
RIX,MAD
RIX,AGP
RIX,MLA
RIX,MAN
RIX,RAK
RIX,BGY
RIX,MXP
RIX,MUC
RIX,NAP
RIX,NCE
RIX,EMA
RIX,OLB
RIX,OSL
RIX,TRF
RIX,PFO
RIX,PMI
RIX,BVA
RIX,CDG
RIX,PSA
RIX,OPO
RIX,PRG
RIX,PRN
RIX,KEF
RIX,RHO
RIX,CIA
RIX,FCO
RIX,SZG
RIX,SKP
RIX,SOF
RIX,SPU
RIX,ARN
RIX,TLL
RIX,TMP
RIX,TBS
RIX,TFS
RIX,SKG
RIX,TIA
RIX,TPS
RIX,TRD
RIX,TKU
RIX,VLC
RIX,TSF
RIX,VCE
RIX,VRN
RIX,VNO
RIX,WAW
RIX,VIE
RIX,ZRH
RIX,TIV
RIX,RMO
RIX,FMM
RIX,TLV
RIX,PLQ
RIX,EVN
RIX,GYD
RIX,BER
RIX,BUS
RIX,DXB
RIX,KUT
RIX,TAS
RIX,WMI
RIY,ADE
RIY,JED
RIY,SCT
RIZ,CAN
RIZ,CGQ
RIZ,CKG
RIZ,CSX
RIZ,DLC
RIZ,HAK
RIZ,HGH
RIZ,HRB
RIZ,KHN
RIZ,NGB
RIZ,PVG
RIZ,SHE
RIZ,SZX
RIZ,TYN
RIZ,WUH
RIZ,XIY
RIZ,TFU
RJA,BLR
RJA,HYD
RJA,MAA
RJB,KTM
RJH,DAC
RJK,BSL
RJK,BEG
RJK,CRL
RJK,CGN
RJK,DUS
RJK,EIN
RJK,FRA
RJK,HAM
RJK,STN
RJK,MUC
RJK,SPU
RJK,ARN
RJK,STR
RJK,VIE
RJK,ZAD
RJK,OSI
RJK,BER
RJL,MAD
RKA,KHZ
RKA,PPT
RKD,BOS
RKE,MMX
RKE,BYR
RKS,DEN
RKT,CAI
RKT,BOM
RKT,CCJ
RKT,HYD
RKT,ISB
RKT,LHE
RKT,LKO
RKT,PEW
RKT,CNN
RKV,AEY
RKV,EGS
RKV,BIU
RKV,HFN
RKV,IFJ
RKV,VEY
RKZ,CKG
RKZ,CTU
RKZ,XIY
RLG,HER
RLG,LIN
RLG,PMI
RLK,CGO
RLK,CIF
RLK,CKG
RLK,HET
RLK,HLD
RLK,HLH
RLK,PEK
RLK,XIY
RLK,TGO
RLK,PKX
RLK,TFU
RLO,AEP
RMA,BNE
RMA,CTL
RMF,AMS
RMF,BLQ
RMF,BTS
RMF,BRQ
RMF,BRU
RMF,CAI
RMF,CGN
RMF,DUS
RMF,FRA
RMF,HAJ
RMF,HRG
RMF,KTW
RMF,LGW
RMF,LUX
RMF,LXR
RMF,MXP
RMF,MUC
RMF,NAP
RMF,NUE
RMF,PRG
RMF,FCO
RMF,SZG
RMF,SSH
RMF,STR
RMF,VRN
RMF,VIE
RMF,ZRH
RMF,OSR
RMF,BER
RMF,YNB
RMI,BUD
RMI,CAG
RMI,HER
RMI,KUN
RMI,KRK
RMI,STN
RMI,LUX
RMI,MUH
RMI,MXP
RMI,PMO
RMI,PRG
RMI,SSH
RMI,TIA
RMI,VIE
RMO,AMS
RMO,AYT
RMO,ATH
RMO,BCN
RMO,BUD
RMO,BLQ
RMO,BRU
RMO,OTP
RMO,CGN
RMO,DUB
RMO,DUS
RMO,FRA
RMO,HHN
RMO,HAM
RMO,IST
RMO,SAW
RMO,LCA
RMO,LIS
RMO,LTN
RMO,STN
RMO,MAD
RMO,BGY
RMO,MXP
RMO,MUC
RMO,NCE
RMO,BVA
RMO,CDG
RMO,PMF
RMO,PRG
RMO,RIX
RMO,FCO
RMO,STR
RMO,TBS
RMO,VLC
RMO,VCE
RMO,VRN
RMO,WAW
RMO,VIE
RMO,TLV
RMO,EVN
RMO,GYD
RMO,BER
RMO,DWC
RMQ,DAD
RMQ,HAN
RMQ,HKG
RMQ,HUN
RMQ,ICN
RMQ,KNH
RMQ,LZN
RMQ,MFM
RMQ,MZG
RMQ,NGO
RMQ,NKG
RMQ,NRT
RMQ,PUS
RMQ,SGN
RMT,PPT
RMT,RUR
RMU,ALC
RMU,ANR
RMU,BCN
RMU,BIO
RMU,BHX
RMU,BOH
RMU,BRS
RMU,CMN
RMU,DUB
RMU,PIK
RMU,LPA
RMU,LGW
RMU,LTN
RMU,STN
RMU,MAD
RMU,MAH
RMU,MAN
RMU,RAK
RMU,EMA
RMU,OST
RMU,OUD
RMU,OVD
RMU,SDR
RMZ,DME
RMZ,LED
RMZ,KZN
RMZ,KUF
RMZ,NBC
RMZ,NUX
RMZ,OMS
RMZ,OVB
RMZ,SGC
RMZ,SVX
RNA,HIR
RNB,ARN
RNB,BMA
RNI,BEF
RNI,MGA
RNJ,ASJ
RNJ,KOJ
RNJ,OKA
RNL,BNY
RNL,HIR
RNN,AAL
RNN,BLL
RNN,CPH
RNO,ATL
RNO,AUS
RNO,BUR
RNO,DAL
RNO,DEN
RNO,DFW
RNO,EWR
RNO,GDL
RNO,IAH
RNO,JFK
RNO,LAS
RNO,LAX
RNO,LGB
RNO,MDW
RNO,MSP
RNO,OAK
RNO,ORD
RNO,PDX
RNO,PHX
RNO,SAN
RNO,SEA
RNO,SFO
RNO,SJC
RNO,SLC
RNO,SNA
RNS,AMS
RNS,DUB
RNS,FRA
RNS,LGW
RNS,LYS
RNS,RAK
RNS,MRS
RNS,NCE
RNS,CDG
RNS,TLS
RNS,FSC
RNS,BIC
ROA,ATL
ROA,CLT
ROA,IAD
ROA,LGA
ROA,ORD
ROA,PIE
ROA,SFB
ROA,PHL
ROB,BRU
ROB,CMN
ROB,ABJ
ROB,ACC
ROB,CKY
ROB,FNA
ROC,ATL
ROC,BOS
ROC,BWI
ROC,CLT
ROC,DCA
ROC,DTW
ROC,EWR
ROC,FLL
ROC,GSP
ROC,IAD
ROC,JFK
ROC,LAS
ROC,LGA
ROC,MCO
ROC,MDW
ROC,MYR
ROC,ORD
ROC,PGD
ROC,RDU
ROC,TPA
ROC,PHL
ROC,MIA
ROI,DMK
ROK,BNE
ROK,MKY
RON,EOH
ROO,VCP
ROP,GUM
ROP,SPN
ROR,BNE
ROR,GUM
ROR,MFM
ROR,MNL
ROR,PNI
ROR,TPE
ROS,AEP
ROS,ASU
ROS,BRC
ROS,CPC
ROS,EZE
ROS,FTE
ROS,GIG
ROS,IGR
ROS,MDZ
ROS,NQN
ROS,PTY
ROS,SLA
ROS,RCQ
ROT,CHC
ROT,WLG
ROT,AKL
ROW,DFW
RPR,AMD
RPR,BBI
RPR,BHO
RPR,BLR
RPR,BOM
RPR,CCU
RPR,DEL
RPR,GOI
RPR,HYD
RPR,IDR
RPR,IXD
RPR,JGB
RPR,LKO
RPR,MAA
RPR,PNQ
RQA,IQM
RQA,KRL
RQA,TLQ
RQA,YTW
RQA,ACF
RQY,BLR
RQY,HYD
RQY,TIR
RQY,GOX
RRG,MRU
RRG,RUN
RRJ,CGH
RRJ,CNF
RRJ,VCP
RRK,BBI
RRK,CCU
RRR,FAC
RRR,MKP
RRR,PPT
RRR,TJN
RRR,FGU
RRS,OSL
RSA,AEP
RSD,ELH
RSD,GGT
RSD,GHB
RSD,NAS
RSH,ANI
RSH,BET
RSI,DXB
RSI,JED
RSI,RUH
RST,MSP
RST,ORD
RSU,CJU
RSU,GMP
RSW,FRA
RSW,ACY
RSW,ATL
RSW,AVP
RSW,BDL
RSW,BGR
RSW,BNA
RSW,BOS
RSW,BWI
RSW,CAK
RSW,CHS
RSW,CLE
RSW,CLT
RSW,CMH
RSW,CVG
RSW,DAL
RSW,DCA
RSW,DEN
RSW,DFW
RSW,DTW
RSW,EAU
RSW,EWR
RSW,GRB
RSW,GRR
RSW,HOU
RSW,HPN
RSW,HVN
RSW,IAD
RSW,IAH
RSW,ILG
RSW,IND
RSW,ISP
RSW,JFK
RSW,LAN
RSW,LAS
RSW,LGA
RSW,MCI
RSW,MDW
RSW,MHT
RSW,MKE
RSW,MSN
RSW,MSP
RSW,MSY
RSW,ORD
RSW,ORF
RSW,ORH
RSW,PIT
RSW,PVD
RSW,PWM
RSW,RDU
RSW,RIC
RSW,SDF
RSW,SEA
RSW,STL
RSW,SWF
RSW,SYR
RSW,TTN
RSW,YOW
RSW,YYZ
RSW,SJU
RSW,PHL
RSW,BUF
RTA,NAN
RTA,SUV
RTB,ATL
RTB,BZE
RTB,DEN
RTB,DFW
RTB,GUA
RTB,IAH
RTB,LCE
RTB,MSP
RTB,SAL
RTB,SAP
RTB,TGU
RTB,YYZ
RTB,MIA
RTG,KOE
RTI,KOE
RTM,AHU
RTM,ALC
RTM,LEI
RTM,AYT
RTM,ACE
RTM,BCN
RTM,GRO
RTM,BIA
RTM,EGC
RTM,BDS
RTM,BRU
RTM,CMN
RTM,CFU
RTM,DBV
RTM,EDI
RTM,FAO
RTM,FEZ
RTM,FUE
RTM,GVA
RTM,HER
RTM,IBZ
RTM,INN
RTM,SAW
RTM,ADB
RTM,KTT
RTM,KGS
RTM,LPA
RTM,LIS
RTM,LCY
RTM,AGP
RTM,RAK
RTM,BGY
RTM,MPL
RTM,NDR
RTM,OUD
RTM,PMO
RTM,PMI
RTM,PEG
RTM,PUY
RTM,RHO
RTM,FCO
RTM,SZG
RTM,SPU
RTM,TNG
RTM,TFS
RTM,TLN
RTM,VLC
RTM,ZAD
RTM,ZTH
RTM,ASR
RTM,KAO
RUA,EBB
RUH,AMS
RUH,AYT
RUH,ATH
RUH,BCN
RUH,BJV
RUH,BUD
RUH,CAI
RUH,CMN
RUH,FRA
RUH,GVA
RUH,HRG
RUH,IST
RUH,SAW
RUH,LHR
RUH,AGP
RUH,MXP
RUH,MUC
RUH,NCE
RUH,CDG
RUH,PRG
RUH,FCO
RUH,SZG
RUH,SSH
RUH,TBS
RUH,TIA
RUH,WAW
RUH,VIE
RUH,ZRH
RUH,SJJ
RUH,BEY
RUH,AMM
RUH,TGD
RUH,HBE
RUH,ABT
RUH,ADD
RUH,ADE
RUH,AHB
RUH,AJF
RUH,AQI
RUH,ATZ
RUH,AUH
RUH,BAH
RUH,GYD
RUH,BHH
RUH,BKK
RUH,BOM
RUH,BUS
RUH,CAN
RUH,CCJ
RUH,CMB
RUH,COK
RUH,DAC
RUH,DEL
RUH,DMM
RUH,DOH
RUH,DWC
RUH,DWD
RUH,DXB
RUH,EAM
RUH,ELQ
RUH,HAS
RUH,HYD
RUH,IAD
RUH,ICN
RUH,ISB
RUH,JED
RUH,JFK
RUH,KBL
RUH,KHI
RUH,KTM
RUH,KUL
RUH,KWI
RUH,LHE
RUH,LKO
RUH,MCT
RUH,MED
RUH,MLE
RUH,MNL
RUH,MUX
RUH,PEK
RUH,PEW
RUH,PVG
RUH,SHJ
RUH,SZX
RUH,TIF
RUH,TUU
RUH,TZX
RUH,YNB
RUH,HMB
RUH,PZU
RUH,RAE
RUH,RAH
RUH,SHW
RUH,SLL
RUH,TUI
RUH,ULH
RUH,URY
RUH,WAE
RUH,GIZ
RUH,PKX
RUH,CNN
RUH,NUM
RUH,DBB
RUH,SPX
RUH,RSI
RUL,MLE
RUN,LDE
RUN,MRS
RUN,CDG
RUN,ORY
RUN,BKK
RUN,DIE
RUN,DZA
RUN,HAH
RUN,JNB
RUN,MRU
RUN,RRG
RUN,TMM
RUN,TNR
RUN,NOS
RUN,SMS
RUR,PPT
RUR,RMT
RUR,TUB
RUT,BOS
RVD,GRU
RVD,VCP
RVE,BGA
RVE,BOG
RVK,TRD
RVK,BNN
RVK,MJF
RVN,AMS
RVN,BCN
RVN,BRS
RVN,CRL
RVN,DUB
RVN,DUS
RVN,EDI
RVN,FRA
RVN,HAM
RVN,HEL
RVN,IST
RVN,CPH
RVN,LPL
RVN,LGW
RVN,LTN
RVN,STN
RVN,LUX
RVN,MAD
RVN,MAN
RVN,BGY
RVN,MXP
RVN,MUC
RVN,NAP
RVN,BVA
RVN,CDG
RVN,ORY
RVN,KEF
RVN,TOS
RVN,VIE
RVN,ZRH
RVN,BER
RVV,PPT
RVV,TUB
RXS,MNL
RYL,LUN
RYL,MFU
RYL,JEK
RZE,ALC
RZE,BRS
RZE,DUB
RZE,GDN
RZE,HER
RZE,LTN
RZE,STN
RZE,MAN
RZE,MUC
RZE,EMA
RZE,FCO
RZE,WAW
RZE,ZAD
RZE,EWR
RZH,VVO
RZR,THR
RZV,ESB
RZV,IST
RZV,SAW
RZV,ADB
SAB,SXM
SAE,IKE
SAE,UMD
SAF,DEN
SAF,DFW
SAF,IAH
SAF,PHX
SAG,BLR
SAG,DEL
SAG,HYD
SAG,IDR
SAG,MAA
SAG,VGA
SAH,AMM
SAH,BOM
SAH,JED
SAI,BKK
SAI,CAN
SAI,DAD
SAI,DMK
SAI,HAN
SAI,KMG
SAI,KOS
SAI,KUL
SAI,LPQ
SAI,PNH
SAI,SGN
SAI,PKZ
SAI,SIN
SAL,MAD
SAL,ATL
SAL,BOG
SAL,BOS
SAL,CUN
SAL,DFW
SAL,EWR
SAL,FLL
SAL,GUA
SAL,GYE
SAL,IAD
SAL,IAH
SAL,JFK
SAL,LAS
SAL,LAX
SAL,LIM
SAL,MCO
SAL,MEX
SAL,MGA
SAL,OAK
SAL,ONT
SAL,PTY
SAL,RTB
SAL,SAP
SAL,SDQ
SAL,SFO
SAL,UIO
SAL,XPL
SAL,YUL
SAL,YYZ
SAL,SJO
SAL,MIA
SAN,LHR
SAN,MUC
SAN,CDG
SAN,ABQ
SAN,ANC
SAN,ATL
SAN,AUS
SAN,BLI
SAN,BNA
SAN,BOI
SAN,BOS
SAN,BWI
SAN,BZN
SAN,CLT
SAN,CMH
SAN,COS
SAN,CUN
SAN,CVG
SAN,DAL
SAN,DEN
SAN,DFW
SAN,DSM
SAN,DTW
SAN,ELP
SAN,EUG
SAN,EWR
SAN,FAT
SAN,FCA
SAN,FLL
SAN,GEG
SAN,HDN
SAN,HNL
SAN,HOU
SAN,IAD
SAN,IAH
SAN,IND
SAN,JAC
SAN,JAX
SAN,JFK
SAN,KOA
SAN,LAS
SAN,LAX
SAN,LIH
SAN,MCI
SAN,MCO
SAN,MDW
SAN,MFR
SAN,MKE
SAN,MRY
SAN,MSO
SAN,MSP
SAN,MSY
SAN,NRT
SAN,OAK
SAN,OGG
SAN,ORD
SAN,ORF
SAN,PAE
SAN,PDX
SAN,PHX
SAN,PIT
SAN,PVR
SAN,PVU
SAN,RDM
SAN,RDU
SAN,RNO
SAN,SAT
SAN,SBP
SAN,SEA
SAN,SFO
SAN,STL
SAN,STS
SAN,TPA
SAN,TUS
SAN,YUL
SAN,YVR
SAN,YYC
SAN,YYZ
SAN,SJC
SAN,SJD
SAN,SLC
SAN,SMF
SAN,PHL
SAN,MIA
SAP,MAD
SAP,ATL
SAP,BZE
SAP,EWR
SAP,FLL
SAP,GUA
SAP,IAH
SAP,JFK
SAP,LCE
SAP,MCO
SAP,MEX
SAP,MSY
SAP,PTY
SAP,RTB
SAP,SAL
SAP,TGU
SAP,SJO
SAP,MIA
SAQ,NAS
SAT,FRA
SAT,ABQ
SAT,ATL
SAT,BJX
SAT,BNA
SAT,BOS
SAT,BUR
SAT,BWI
SAT,CLT
SAT,COS
SAT,CUN
SAT,DAL
SAT,DEN
SAT,DFW
SAT,DTW
SAT,ELP
SAT,EWR
SAT,FLL
SAT,GDL
SAT,HOU
SAT,IAD
SAT,IAH
SAT,JFK
SAT,LAS
SAT,LAX
SAT,MCI
SAT,MCO
SAT,MDW
SAT,MEX
SAT,MSP
SAT,MSY
SAT,MTY
SAT,OKC
SAT,ORD
SAT,PHX
SAT,QRO
SAT,SAN
SAT,SEA
SAT,SFO
SAT,STL
SAT,TPA
SAT,TRC
SAT,SLC
SAT,PHL
SAT,MIA
SAU,KOE
SAV,ATL
SAV,ATW
SAV,BDL
SAV,BLV
SAV,BNA
SAV,BOS
SAV,BWI
SAV,CAK
SAV,CLE
SAV,CLT
SAV,CVG
SAV,DAL
SAV,DCA
SAV,DEN
SAV,DFW
SAV,DTW
SAV,EWR
SAV,GRR
SAV,HOU
SAV,HPN
SAV,HVN
SAV,IAD
SAV,IAH
SAV,IND
SAV,JFK
SAV,LCK
SAV,LGA
SAV,MDW
SAV,MSP
SAV,ORD
SAV,PIT
SAV,PVD
SAV,SDF
SAV,STL
SAV,PHL
SAV,MIA
SAW,AMS
SAW,ESB
SAW,AYT
SAW,ATH
SAW,BCN
SAW,BSL
SAW,BEG
SAW,BHX
SAW,BJV
SAW,BUD
SAW,BLQ
SAW,BTS
SAW,BRU
SAW,CRL
SAW,OTP
SAW,CAI
SAW,CMN
SAW,CGN
SAW,DLM
SAW,DTM
SAW,DUS
SAW,EDI
SAW,EIN
SAW,FRA
SAW,GVA
SAW,HAM
SAW,HAJ
SAW,HEL
SAW,HRG
SAW,ADB
SAW,CPH
SAW,LHR
SAW,STN
SAW,LYS
SAW,MAD
SAW,MAN
SAW,MRS
SAW,BGY
SAW,VKO
SAW,MUC
SAW,NUE
SAW,OSL
SAW,CDG
SAW,ORY
SAW,PRG
SAW,PRN
SAW,FCO
SAW,RTM
SAW,SSH
SAW,SKP
SAW,SOF
SAW,LED
SAW,ARN
SAW,STR
SAW,TNG
SAW,TBS
SAW,TIA
SAW,VCE
SAW,VIE
SAW,ZAG
SAW,ZRH
SAW,SJJ
SAW,RMO
SAW,BEY
SAW,ADA
SAW,ASR
SAW,KYA
SAW,AMM
SAW,TGD
SAW,EVN
SAW,EBL
SAW,KZN
SAW,HBE
SAW,GZP
SAW,ADF
SAW,AJI
SAW,ALA
SAW,AUH
SAW,BAH
SAW,GYD
SAW,BAL
SAW,BER
SAW,BGW
SAW,BSR
SAW,BUS
SAW,CIT
SAW,DIY
SAW,DMM
SAW,DNZ
SAW,DOH
SAW,DXB
SAW,EDO
SAW,ERC
SAW,ERZ
SAW,EZS
SAW,FRU
SAW,GNY
SAW,GZT
SAW,HTY
SAW,IKA
SAW,JED
SAW,KHI
SAW,KSY
SAW,KUT
SAW,KWI
SAW,MCT
SAW,MED
SAW,MHD
SAW,MLX
SAW,MQM
SAW,MSR
SAW,MZH
SAW,NAV
SAW,OSS
SAW,RUH
SAW,SCO
SAW,SHJ
SAW,SZF
SAW,TBZ
SAW,TJK
SAW,TZX
SAW,VAN
SAW,VAS
SAW,ECN
SAW,OMH
SAW,IGD
SAW,BGG
SAW,NKT
SAW,OGU
SAW,GNJ
SAW,RZV
SAW,SPX
SAW,NQZ
SBA,ATL
SBA,DEN
SBA,DFW
SBA,LAS
SBA,LAX
SBA,OAK
SBA,PDX
SBA,PHX
SBA,SEA
SBA,SFO
SBA,SLC
SBA,SMF
SBD,SFO
SBH,ANU
SBH,AXA
SBH,PTP
SBH,SXM
SBH,SFG
SBH,SJU
SBN,ATL
SBN,AZA
SBN,CLT
SBN,DFW
SBN,DTW
SBN,LAS
SBN,LGA
SBN,MSP
SBN,ORD
SBN,PGD
SBN,PIE
SBN,SFB
SBN,SRQ
SBN,TLH
SBN,TYS
SBP,DEN
SBP,DFW
SBP,LAS
SBP,LAX
SBP,PDX
SBP,PHX
SBP,SAN
SBP,SEA
SBP,SFO
SBR,BDD
SBR,GIC
SBR,HID
SBT,SLY
SBW,BKI
SBW,BTU
SBW,JHB
SBW,KCH
SBW,KUL
SBW,MKM
SBW,MYY
SBW,SIN
SBY,CLT
SBY,PHL
SBZ,BCN
SBZ,DTM
SBZ,FKB
SBZ,LTN
SBZ,MXP
SBZ,MUC
SBZ,NUE
SBZ,FCO
SBZ,STR
SBZ,VIE
SBZ,FMM
SCC,ANC
SCC,BTI
SCC,NUI
SCE,EWR
SCE,IAD
SCE,ORD
SCE,PHL
SCF,BJC
SCF,BUR
SCF,CLD
SCF,LAS
SCF,SNA
SCK,LAS
SCK,PHX
SCL,BCN
SCL,LHR
SCL,MAD
SCL,CDG
SCL,AEP
SCL,ANF
SCL,ARI
SCL,ASU
SCL,ATL
SCL,BBA
SCL,BOG
SCL,BRC
SCL,BSB
SCL,CCP
SCL,CCS
SCL,CJC
SCL,CLO
SCL,CNF
SCL,COR
SCL,CPO
SCL,CUN
SCL,CUZ
SCL,CWB
SCL,DFW
SCL,EZE
SCL,FLN
SCL,GIG
SCL,GRU
SCL,GYE
SCL,IAH
SCL,IGU
SCL,IPC
SCL,IQQ
SCL,JFK
SCL,LAX
SCL,LIM
SCL,LPB
SCL,LSC
SCL,MCO
SCL,MDE
SCL,MDZ
SCL,MEL
SCL,MEX
SCL,MVD
SCL,PMC
SCL,PNT
SCL,POA
SCL,PTY
SCL,PUJ
SCL,PUQ
SCL,SDQ
SCL,SSA
SCL,SYD
SCL,TRU
SCL,VVI
SCL,YYZ
SCL,ZAL
SCL,ZCO
SCL,ZOS
SCL,MHC
SCL,MIA
SCL,AKL
SCL,LSQ
SCM,BET
SCN,AYT
SCN,HAM
SCN,ADB
SCN,PMI
SCN,BER
SCO,AYT
SCO,IST
SCO,SAW
SCO,LHR
SCO,BGY
SCO,SVO
SCO,TBS
SCO,EVN
SCO,AER
SCO,AKX
SCO,ALA
SCO,ASF
SCO,ATQ
SCO,GYD
SCO,CIT
SCO,GRV
SCO,GUW
SCO,KOV
SCO,KUT
SCO,MCX
SCO,MED
SCO,MRV
SCO,URA
SCO,HSA
SCO,NQZ
SCQ,ALC
SCQ,AMS
SCQ,ACE
SCQ,BCN
SCQ,BSL
SCQ,BIO
SCQ,BLQ
SCQ,CRL
SCQ,CGN
SCQ,DUB
SCQ,FRA
SCQ,FUE
SCQ,FNC
SCQ,GVA
SCQ,IBZ
SCQ,LPA
SCQ,LGW
SCQ,STN
SCQ,MAD
SCQ,MAH
SCQ,AGP
SCQ,BGY
SCQ,PMI
SCQ,CDG
SCQ,SVQ
SCQ,TFN
SCQ,TFS
SCQ,VLC
SCQ,ZAZ
SCQ,ZRH
SCQ,FMM
SCQ,MLN
SCR,AAL
SCR,AAR
SCR,AMS
SCR,CPH
SCR,LHR
SCT,AAY
SCT,ADE
SCT,RIY
SCU,MAD
SCU,CMW
SCU,HAV
SCU,KIN
SCU,PBM
SCU,MIA
SCV,OTP
SCV,DTM
SCV,HER
SCV,LTN
SCV,MXP
SCV,FCO
SCV,FMM
SCW,AYT
SCW,SVO
SCW,VKO
SCW,LED
SCW,AER
SCW,MCX
SCW,MRV
SCW,SVX
SCY,GYE
SCY,UIO
SCZ,HIR
SDD,LAD
SDE,AEP
SDE,EZE
SDF,ATL
SDF,AUS
SDF,BOS
SDF,BWI
SDF,CHS
SDF,CLT
SDF,DAL
SDF,DCA
SDF,DEN
SDF,DFW
SDF,DTW
SDF,EWR
SDF,FLL
SDF,HOU
SDF,IAD
SDF,IAH
SDF,LAS
SDF,LAX
SDF,LGA
SDF,MCO
SDF,MDW
SDF,MSP
SDF,MYR
SDF,ORD
SDF,PGD
SDF,PHX
SDF,PIE
SDF,RSW
SDF,SAV
SDF,SFB
SDF,SFO
SDF,SRQ
SDF,TPA
SDF,VPS
SDF,PHL
SDF,MIA
SDJ,CTS
SDJ,DLC
SDJ,FUK
SDJ,HIJ
SDJ,HKG
SDJ,ICN
SDJ,ITM
SDJ,KIJ
SDJ,KIX
SDJ,NGO
SDJ,OKA
SDJ,PVG
SDJ,TPE
SDJ,UKB
SDK,BKI
SDK,KUL
SDK,LDU
SDK,TWU
SDL,ARN
SDN,OSL
SDN,SOG
SDP,ANC
SDP,CDB
SDQ,FRA
SDQ,MAD
SDQ,ORY
SDQ,ANU
SDQ,ATL
SDQ,AUA
SDQ,AXA
SDQ,BOG
SDQ,BON
SDQ,BOS
SDQ,BRM
SDQ,CCS
SDQ,CTG
SDQ,CUN
SDQ,CUR
SDQ,EIS
SDQ,EWR
SDQ,EZE
SDQ,FDF
SDQ,FLL
SDQ,GEO
SDQ,GRU
SDQ,GUA
SDQ,GYE
SDQ,HAV
SDQ,JFK
SDQ,KIN
SDQ,LIM
SDQ,MAR
SDQ,MCO
SDQ,MDE
SDQ,MEX
SDQ,MUN
SDQ,PAP
SDQ,PLS
SDQ,POP
SDQ,PTP
SDQ,PTY
SDQ,PUJ
SDQ,SAL
SDQ,SCL
SDQ,STI
SDQ,STT
SDQ,SXM
SDQ,TPA
SDQ,UIO
SDQ,VLN
SDQ,YUL
SDQ,YYZ
SDQ,ZSA
SDQ,SJO
SDQ,SJU
SDQ,SKB
SDQ,PHL
SDQ,MIA
SDQ,NLU
SDR,ALC
SDR,BCN
SDR,BHX
SDR,BLQ
SDR,CRL
SDR,OTP
SDR,DUB
SDR,EDI
SDR,GRX
SDR,IBZ
SDR,XRY
SDR,LPA
SDR,STN
SDR,MAD
SDR,MAH
SDR,AGP
SDR,MAN
SDR,RAK
SDR,BGY
SDR,PMI
SDR,BVA
SDR,FCO
SDR,SVQ
SDR,TFN
SDR,VLC
SDR,TSF
SDR,VGO
SDR,VIE
SDR,RMU
SDU,BSB
SDU,CGH
SDU,CNF
SDU,GRU
SDU,RAO
SDU,SSA
SDU,VCP
SDW,BLR
SDW,HYD
SDY,BIL
SEA,AMS
SEA,DUB
SEA,FRA
SEA,HEL
SEA,IST
SEA,LHR
SEA,MUC
SEA,CDG
SEA,KEF
SEA,ABQ
SEA,ALW
SEA,ANC
SEA,ATL
SEA,AUS
SEA,BIL
SEA,BLI
SEA,BNA
SEA,BOI
SEA,BOS
SEA,BUR
SEA,BWI
SEA,BZE
SEA,BZN
SEA,CHS
SEA,CKG
SEA,CLE
SEA,CLT
SEA,CMH
SEA,CUN
SEA,CVG
SEA,DAL
SEA,DCA
SEA,DEN
SEA,DFW
SEA,DOH
SEA,DTW
SEA,DXB
SEA,EAT
SEA,ELP
SEA,EUG
SEA,EWR
SEA,FAI
SEA,FAT
SEA,FCA
SEA,FLL
SEA,GDL
SEA,GEG
SEA,GTF
SEA,HDN
SEA,HLN
SEA,HND
SEA,HNL
SEA,IAD
SEA,IAH
SEA,ICN
SEA,ICT
SEA,IDA
SEA,IND
SEA,JAC
SEA,JFK
SEA,JNU
SEA,KOA
SEA,KTN
SEA,LAS
SEA,LAX
SEA,LIH
SEA,LWS
SEA,MCI
SEA,MCO
SEA,MDW
SEA,MEX
SEA,MFR
SEA,MKE
SEA,MNL
SEA,MRY
SEA,MSO
SEA,MSP
SEA,MSY
SEA,NAS
SEA,NRT
SEA,OAK
SEA,OGG
SEA,OKC
SEA,OMA
SEA,ONT
SEA,ORD
SEA,PDX
SEA,PEK
SEA,PHX
SEA,PIT
SEA,PPT
SEA,PSC
SEA,PSP
SEA,PUW
SEA,PVG
SEA,PVR
SEA,RDD
SEA,RDM
SEA,RDU
SEA,RNO
SEA,RSW
SEA,SAN
SEA,SAT
SEA,SBA
SEA,SBP
SEA,SFO
SEA,STL
SEA,STS
SEA,SUN
SEA,TPA
SEA,TPE
SEA,TUS
SEA,YEG
SEA,YKM
SEA,YLW
SEA,YUL
SEA,YVR
SEA,YYC
SEA,YYJ
SEA,YYZ
SEA,SIN
SEA,SIT
SEA,SJC
SEA,SJD
SEA,SLC
SEA,SMF
SEA,SNA
SEA,PHL
SEA,MIA
SEB,BEN
SEB,MJI
SEK,YKS
SEN,ALC
SEN,AMS
SEN,FAO
SEN,GVA
SEN,AGP
SEN,PMI
SEN,CDG
SEN,SGD
SES,KCY
SET,REC
SEU,ARK
SEU,DAR
SEU,EBB
SEU,JRO
SEU,KGL
SEU,LKY
SEU,MWZ
SEU,ZNZ
SEU,IRI
SEU,GTZ
SEZ,FRA
SEZ,IST
SEZ,SVO
SEZ,ZRH
SEZ,TLV
SEZ,ADD
SEZ,AUH
SEZ,BOM
SEZ,CMB
SEZ,DOH
SEZ,DXB
SEZ,JNB
SEZ,MRU
SEZ,NBO
SEZ,PRI
SFA,ORY
SFA,MJI
SFA,MRA
SFB,ABE
SFB,ALB
SFB,ATW
SFB,AUS
SFB,AVL
SFB,BGR
SFB,BIS
SFB,BLV
SFB,BMI
SFB,BNA
SFB,CAK
SFB,CHA
SFB,CID
SFB,CKB
SFB,CVG
SFB,DAY
SFB,DSM
SFB,ELM
SFB,EVV
SFB,EYW
SFB,FAR
SFB,FNT
SFB,FSD
SFB,FWA
SFB,GFK
SFB,GPT
SFB,GRR
SFB,GSO
SFB,GSP
SFB,HGR
SFB,HTS
SFB,IAG
SFB,ICT
SFB,IND
SFB,LAS
SFB,LCK
SFB,LEX
SFB,LIT
SFB,MDT
SFB,MEM
SFB,MFE
SFB,MLI
SFB,MOT
SFB,OKC
SFB,OMA
SFB,ORF
SFB,PBG
SFB,PIA
SFB,PIT
SFB,PSM
SFB,PVU
SFB,RAP
SFB,RFD
SFB,RIC
SFB,ROA
SFB,SBN
SFB,SDF
SFB,SGF
SFB,SWF
SFB,SYR
SFB,TOL
SFB,TRI
SFB,TUL
SFB,TVC
SFB,TYS
SFB,XNA
SFB,SHV
SFB,USA
SFG,PTP
SFG,SBH
SFJ,BLL
SFJ,CPH
SFJ,GOH
SFJ,JAV
SFJ,JEG
SFJ,JHS
SFJ,JSU
SFJ,UAK
SFL,RAI
SFN,AEP
SFO,AMS
SFO,BCN
SFO,DUB
SFO,FRA
SFO,IST
SFO,CPH
SFO,LIS
SFO,LHR
SFO,MAD
SFO,MUC
SFO,CDG
SFO,ORY
SFO,FCO
SFO,ZRH
SFO,TLV
SFO,ABQ
SFO,ACV
SFO,ANC
SFO,ASE
SFO,ATL
SFO,AUS
SFO,BFL
SFO,BIH
SFO,BLR
SFO,BNA
SFO,BNE
SFO,BOI
SFO,BOM
SFO,BOS
SFO,BUR
SFO,BWI
SFO,BZN
SFO,CAN
SFO,CHC
SFO,CLE
SFO,CLT
SFO,CMH
SFO,CTU
SFO,CUN
SFO,CVG
SFO,DAL
SFO,DCA
SFO,DEL
SFO,DEN
SFO,DFW
SFO,DOH
SFO,DTW
SFO,DXB
SFO,EGE
SFO,EUG
SFO,EWR
SFO,FAT
SFO,FCA
SFO,FLL
SFO,GDL
SFO,GEG
SFO,GJT
SFO,HDN
SFO,HKG
SFO,HND
SFO,HNL
SFO,IAD
SFO,IAH
SFO,ICN
SFO,IND
SFO,JAC
SFO,JFK
SFO,KIX
SFO,KOA
SFO,LAS
SFO,LAX
SFO,LIH
SFO,LIR
SFO,LTO
SFO,MCI
SFO,MCO
SFO,MDW
SFO,MEL
SFO,MEX
SFO,MFR
SFO,MNL
SFO,MRY
SFO,MSN
SFO,MSO
SFO,MSP
SFO,MSY
SFO,MTJ
SFO,MZT
SFO,NAN
SFO,NRT
SFO,OGG
SFO,OMA
SFO,ONT
SFO,ORD
SFO,OTH
SFO,PAE
SFO,PDX
SFO,PEK
SFO,PHX
SFO,PIT
SFO,PPT
SFO,PSC
SFO,PSP
SFO,PTY
SFO,PVG
SFO,PVR
SFO,PVU
SFO,RAP
SFO,RDD
SFO,RDM
SFO,RDU
SFO,RIC
SFO,RNO
SFO,SAL
SFO,SAN
SFO,SAT
SFO,SBA
SFO,SBD
SFO,SBP
SFO,SDF
SFO,SEA
SFO,SGN
SFO,STL
SFO,SUN
SFO,SYD
SFO,TPA
SFO,TPE
SFO,TUS
SFO,WUH
SFO,YEG
SFO,YUL
SFO,YVR
SFO,YYC
SFO,YYZ
SFO,ZIH
SFO,SIN
SFO,SJD
SFO,SLC
SFO,SMF
SFO,SNA
SFO,PHL
SFO,MIA
SFO,AKL
SFT,GDN
SFT,ARN
SGC,AYT
SGC,DME
SGC,SVO
SGC,VKO
SGC,LED
SGC,EVN
SGC,KZN
SGC,KUF
SGC,AER
SGC,GYD
SGC,BAX
SGC,CEK
SGC,DWC
SGC,FEG
SGC,FRU
SGC,GRV
SGC,HMA
SGC,KJA
SGC,KRO
SGC,LBD
SGC,MRV
SGC,NBC
SGC,NOJ
SGC,OMS
SGC,OSS
SGC,OVB
SGC,PEE
SGC,SVX
SGC,TAS
SGC,TJM
SGC,TOF
SGC,UFA
SGC,UUA
SGC,VOG
SGC,EYK
SGC,RGK
SGC,RMZ
SGD,FDH
SGD,GRZ
SGD,IOM
SGD,CPH
SGD,SEN
SGD,BMA
SGD,SXB
SGF,ATL
SGF,AZA
SGF,CLT
SGF,DEN
SGF,DFW
SGF,IAH
SGF,LAS
SGF,LAX
SGF,ORD
SGF,PGD
SGF,PIE
SGF,SFB
SGF,VPS
SGG,AGM
SGN,FRA
SGN,IST
SGN,LHR
SGN,SVO
SGN,MUC
SGN,CDG
SGN,AMD
SGN,ASB
SGN,BKK
SGN,BMV
SGN,BNE
SGN,BOM
SGN,BWN
SGN,CAH
SGN,CAN
SGN,CCU
SGN,CGK
SGN,CKG
SGN,COK
SGN,CSX
SGN,CXR
SGN,DAD
SGN,DEL
SGN,DIN
SGN,DLI
SGN,DMK
SGN,DOH
SGN,DPS
SGN,DXB
SGN,FUK
SGN,HAK
SGN,HAN
SGN,HGH
SGN,HKG
SGN,HKT
SGN,HND
SGN,HPH
SGN,HUI
SGN,ICN
SGN,JHB
SGN,KHH
SGN,KIX
SGN,KMG
SGN,KOS
SGN,KUL
SGN,LJG
SGN,MEL
SGN,MNL
SGN,NGB
SGN,NGO
SGN,NNG
SGN,NRT
SGN,PEK
SGN,PEN
SGN,PER
SGN,PNH
SGN,PUS
SGN,PVG
SGN,RGN
SGN,RMQ
SGN,SFO
SGN,SYD
SGN,SZX
SGN,TPE
SGN,UIH
SGN,VCL
SGN,VCS
SGN,VII
SGN,VKG
SGN,VTE
SGN,XIY
SGN,XMN
SGN,YIH
SGN,PKZ
SGN,PQC
SGN,PXU
SGN,SIN
SGN,TBB
SGN,VDH
SGN,THD
SGN,VDO
SGN,TFU
SGN,SAI
SGO,CMA
SGO,WTB
SGU,DEN
SGU,DFW
SGU,PHX
SGU,SLC
SGX,DAR
SGY,HNS
SGY,JNU
SHA,CAN
SHA,CGD
SHA,CGO
SHA,CGQ
SHA,CKG
SHA,CSX
SHA,CTU
SHA,DLC
SHA,DLU
SHA,DNH
SHA,FOC
SHA,GMP
SHA,HAK
SHA,HET
SHA,HKG
SHA,HLD
SHA,HND
SHA,HNY
SHA,HRB
SHA,INC
SHA,JDZ
SHA,JGS
SHA,JJN
SHA,KHN
SHA,KMG
SHA,KOW
SHA,KWE
SHA,KWL
SHA,LJG
SHA,LYA
SHA,LZO
SHA,MFM
SHA,MIG
SHA,NNG
SHA,PEK
SHA,SHE
SHA,SWA
SHA,SYX
SHA,SZX
SHA,TAO
SHA,TNA
SHA,TSA
SHA,TSN
SHA,TYN
SHA,URC
SHA,WEH
SHA,WUH
SHA,XFN
SHA,XIY
SHA,XMN
SHA,XNN
SHA,YNT
SHA,ZUH
SHA,DOY
SHA,FUO
SHA,SJW
SHA,LHW
SHA,YYA
SHA,PKX
SHA,TFU
SHB,CTS
SHB,HND
SHB,OKD
SHC,ADD
SHC,MQX
SHD,CLT
SHE,FRA
SHE,SVO
SHE,BAV
SHE,BKK
SHE,CAN
SHE,CGO
SHE,CJU
SHE,CKG
SHE,CSX
SHE,CTU
SHE,CZX
SHE,DAT
SHE,ENY
SHE,FNJ
SHE,FOC
SHE,FUG
SHE,HAK
SHE,HDG
SHE,HET
SHE,HFE
SHE,HGH
SHE,HIA
SHE,HKG
SHE,HLD
SHE,HLH
SHE,HNY
SHE,HSN
SHE,ICN
SHE,INC
SHE,JJN
SHE,JMU
SHE,JNG
SHE,JXA
SHE,KHN
SHE,KIX
SHE,KMG
SHE,KWE
SHE,KWL
SHE,LYA
SHE,LYG
SHE,LYI
SHE,MDG
SHE,NGB
SHE,NKG
SHE,NRT
SHE,PEK
SHE,PUS
SHE,PVG
SHE,SHA
SHE,SYX
SHE,SZX
SHE,TAO
SHE,TNA
SHE,TSN
SHE,TVS
SHE,TYN
SHE,URC
SHE,WEH
SHE,WNZ
SHE,WUH
SHE,WUX
SHE,XFN
SHE,XIY
SHE,XMN
SHE,XUZ
SHE,YIH
SHE,YIW
SHE,YNT
SHE,YNZ
SHE,YTY
SHE,YVR
SHE,ZUH
SHE,DOY
SHE,LDS
SHE,NDG
SHE,NTG
SHE,SIN
SHE,SJW
SHE,UYN
SHE,YCU
SHE,LHW
SHE,YIC
SHE,LLV
SHE,RIZ
SHE,SHF
SHE,WUT
SHE,HUO
SHE,PKX
SHE,SHS
SHE,TFU
SHE,HZA
SHE,WHA
SHE,DXJ
SHF,HMI
SHF,IQM
SHF,KCA
SHF,KRL
SHF,SHE
SHF,WUX
SHF,YIN
SHF,SJW
SHF,TCG
SHF,LHW
SHF,TFU
SHF,ACF
SHG,ABL
SHG,OBU
SHH,OME
SHH,WAA
SHI,FUK
SHI,HND
SHI,ICN
SHI,NRT
SHI,OKA
SHI,UKB
SHJ,ATH
SHJ,CAI
SHJ,IST
SHJ,SAW
SHJ,KRK
SHJ,BGY
SHJ,DME
SHJ,TBS
SHJ,SJJ
SHJ,BEY
SHJ,DAM
SHJ,AMM
SHJ,EVN
SHJ,EBL
SHJ,KZN
SHJ,HBE
SHJ,KUF
SHJ,AHB
SHJ,AJF
SHJ,ALA
SHJ,AMD
SHJ,ATQ
SHJ,BAH
SHJ,GYD
SHJ,BGW
SHJ,BKK
SHJ,BLR
SHJ,BOM
SHJ,BSR
SHJ,CCJ
SHJ,CGP
SHJ,CJB
SHJ,CMB
SHJ,COK
SHJ,DAC
SHJ,DEL
SHJ,DMM
SHJ,DOH
SHJ,EBB
SHJ,ELQ
SHJ,FRU
SHJ,GOI
SHJ,HAS
SHJ,HKT
SHJ,HYD
SHJ,IDR
SHJ,IKA
SHJ,ISB
SHJ,JAI
SHJ,JED
SHJ,KBL
SHJ,KHI
SHJ,KTM
SHJ,KUL
SHJ,KWI
SHJ,LHE
SHJ,LKO
SHJ,LRR
SHJ,LYP
SHJ,MAA
SHJ,MCT
SHJ,MED
SHJ,MHD
SHJ,MJI
SHJ,MUX
SHJ,NAG
SHJ,NBO
SHJ,NJF
SHJ,PEW
SHJ,RUH
SHJ,STV
SHJ,SVX
SHJ,SYZ
SHJ,TAS
SHJ,TIF
SHJ,TRV
SHJ,TRZ
SHJ,TUU
SHJ,TZX
SHJ,UET
SHJ,UFA
SHJ,VNS
SHJ,ZYL
SHJ,HMB
SHJ,PZU
SHJ,SKT
SHJ,SLL
SHJ,TUK
SHJ,VGA
SHJ,GIZ
SHJ,OHS
SHJ,CNN
SHJ,SPX
SHL,AJL
SHL,CCU
SHL,DEL
SHL,DIB
SHL,GAU
SHL,IMF
SHL,IXI
SHM,HND
SHO,CPT
SHO,DUR
SHO,HRE
SHO,JNB
SHR,DEN
SHS,CAN
SHS,CKG
SHS,DSN
SHS,FOC
SHS,HAK
SHS,HGH
SHS,KMG
SHS,KWE
SHS,KWL
SHS,NGB
SHS,PVG
SHS,SHE
SHS,SYX
SHS,SZX
SHS,TNA
SHS,TYN
SHS,WNZ
SHS,XIY
SHS,XMN
SHS,ZUH
SHS,LHW
SHS,PKX
SHS,TFU
SHV,ATL
SHV,CLT
SHV,DEN
SHV,DFW
SHV,IAH
SHV,LAS
SHV,SFB
SHV,VPS
SHW,AHB
SHW,JED
SHW,RUH
SHW,TIF
SHX,ANI
SID,AMS
SID,BCN
SID,BHX
SID,BRS
SID,BRU
SID,DUS
SID,EIN
SID,FRA
SID,GLA
SID,HAJ
SID,LPA
SID,LIS
SID,LGW
SID,LUX
SID,LYS
SID,MAN
SID,RAK
SID,MRS
SID,BGY
SID,MXP
SID,MUC
SID,NCL
SID,EMA
SID,ORY
SID,OPO
SID,FCO
SID,STR
SID,VRN
SID,ZRH
SID,BJL
SID,BVC
SID,RAI
SID,VXE
SID,SNE
SID,DSS
SIF,KTM
SIG,CPX
SIG,NRR
SIN,AMS
SIN,ATH
SIN,BCN
SIN,BRU
SIN,FRA
SIN,HEL
SIN,IST
SIN,CPH
SIN,LGW
SIN,LHR
SIN,MAN
SIN,MXP
SIN,MUC
SIN,CDG
SIN,FCO
SIN,ZRH
SIN,ADD
SIN,ADL
SIN,AMD
SIN,ATQ
SIN,AUH
SIN,BAH
SIN,BBI
SIN,BKI
SIN,BKK
SIN,BLR
SIN,BME
SIN,BNE
SIN,BOM
SIN,BPN
SIN,BWN
SIN,CAN
SIN,CCU
SIN,CEB
SIN,CGK
SIN,CGO
SIN,CHC
SIN,CJB
SIN,CJU
SIN,CKG
SIN,CMB
SIN,CNS
SIN,CNX
SIN,COK
SIN,CRK
SIN,CSX
SIN,CTS
SIN,DAC
SIN,DAD
SIN,DEL
SIN,DMK
SIN,DOH
SIN,DPS
SIN,DRW
SIN,DVO
SIN,DXB
SIN,EWR
SIN,FOC
SIN,FUK
SIN,GAU
SIN,HAK
SIN,HAN
SIN,HDY
SIN,HFE
SIN,HGH
SIN,HKG
SIN,HKT
SIN,HND
SIN,HYD
SIN,ICN
SIN,IPH
SIN,IXM
SIN,JED
SIN,JFK
SIN,JJN
SIN,JNB
SIN,KBV
SIN,KCH
SIN,KHH
SIN,KHN
SIN,KIX
SIN,KMG
SIN,KTM
SIN,KUA
SIN,KUL
SIN,LAX
SIN,LGK
SIN,LOP
SIN,MAA
SIN,MDC
SIN,MEL
SIN,MFM
SIN,MLE
SIN,MNL
SIN,MYY
SIN,NAN
SIN,NGB
SIN,NGO
SIN,NKG
SIN,NNG
SIN,NOU
SIN,NRT
SIN,OKA
SIN,PEK
SIN,PEN
SIN,PER
SIN,PKU
SIN,PNH
SIN,PNQ
SIN,POM
SIN,PUS
SIN,PVG
SIN,RGN
SIN,SBW
SIN,SEA
SIN,SFO
SIN,SGN
SIN,SHE
SIN,SUB
SIN,SWA
SIN,SYD
SIN,SYX
SIN,SZX
SIN,TAO
SIN,TNA
SIN,TPE
SIN,TRV
SIN,TRZ
SIN,TSN
SIN,UPG
SIN,USM
SIN,VTE
SIN,VTZ
SIN,WUH
SIN,WUX
SIN,XIY
SIN,XMN
SIN,YVR
SIN,KNO
SIN,PKX
SIN,YIA
SIN,AKL
SIN,TFU
SIN,SAI
SIQ,BTH
SIQ,DJB
SIQ,PKU
SIQ,TNJ
SIR,PMI
SIS,JNB
SIT,JNU
SIT,KAE
SIT,KLW
SIT,KTN
SIT,SEA
SIW,GNS
SJC,ATL
SJC,AUS
SJC,BJX
SJC,BNA
SJC,BOI
SJC,BOS
SJC,BUR
SJC,BWI
SJC,DAL
SJC,DEN
SJC,DFW
SJC,DTW
SJC,EUG
SJC,GDL
SJC,GEG
SJC,HNL
SJC,HOU
SJC,IAH
SJC,KOA
SJC,LAS
SJC,LAX
SJC,LGB
SJC,LIH
SJC,MDW
SJC,MLM
SJC,MSP
SJC,NRT
SJC,OGG
SJC,ONT
SJC,ORD
SJC,PDX
SJC,PHX
SJC,PSP
SJC,PVR
SJC,RNO
SJC,SAN
SJC,SEA
SJC,STL
SJC,ZCL
SJC,SJD
SJC,SLC
SJC,SNA
SJD,FRA
SJD,ATL
SJD,AUS
SJD,BJX
SJD,BWI
SJD,CLT
SJD,CUL
SJD,CVG
SJD,DEN
SJD,DFW
SJD,DTW
SJD,EWR
SJD,GDL
SJD,HMO
SJD,HOU
SJD,IAH
SJD,JFK
SJD,LAS
SJD,LAX
SJD,MCI
SJD,MDW
SJD,MEX
SJD,MSP
SJD,MTY
SJD,MXL
SJD,OAK
SJD,ORD
SJD,PDX
SJD,PHX
SJD,QRO
SJD,SAN
SJD,SEA
SJD,SFO
SJD,STL
SJD,TIJ
SJD,TLC
SJD,TRC
SJD,YEG
SJD,YLW
SJD,YUL
SJD,YVR
SJD,YWG
SJD,YYC
SJD,YYJ
SJD,YYZ
SJD,SJC
SJD,SLC
SJD,SMF
SJD,SNA
SJD,NLU
SJE,BOG
SJI,MNL
SJJ,AYT
SJJ,ATH
SJJ,BEG
SJJ,BJV
SJJ,CRL
SJJ,CGN
SJJ,FRA
SJJ,GOT
SJJ,HRG
SJJ,IST
SJJ,SAW
SJJ,ADB
SJJ,CPH
SJJ,LTN
SJJ,STN
SJJ,BGY
SJJ,OSL
SJJ,SKP
SJJ,ARN
SJJ,STR
SJJ,SKG
SJJ,WAW
SJJ,VIE
SJJ,ZAG
SJJ,ZRH
SJJ,FMM
SJJ,AUH
SJJ,DOH
SJJ,DXB
SJJ,JED
SJJ,KWI
SJJ,MED
SJJ,RUH
SJJ,SHJ
SJK,GIG
SJK,SSA
SJL,MAO
SJO,AMS
SJO,FRA
SJO,LGW
SJO,MAD
SJO,CDG
SJO,ZRH
SJO,ATL
SJO,BLB
SJO,BOC
SJO,BOG
SJO,BWI
SJO,CLT
SJO,CTG
SJO,CUN
SJO,DEN
SJO,DFW
SJO,DRK
SJO,EWR
SJO,FLL
SJO,FON
SJO,GLF
SJO,GUA
SJO,HOU
SJO,IAD
SJO,IAH
SJO,JFK
SJO,LAX
SJO,LIM
SJO,LIO
SJO,LIR
SJO,MCO
SJO,MDE
SJO,MEX
SJO,MGA
SJO,NOB
SJO,ORD
SJO,PJM
SJO,PTY
SJO,SAL
SJO,SAP
SJO,SDQ
SJO,TNO
SJO,TTQ
SJO,UIO
SJO,XQP
SJO,YUL
SJO,YYZ
SJO,MIA
SJP,BPS
SJP,CGB
SJP,CGH
SJP,CNF
SJP,FOR
SJP,GRU
SJP,JPA
SJP,MCZ
SJP,NAT
SJP,REC
SJP,VCP
SJT,DFW
SJU,MAD
SJU,ATL
SJU,AUS
SJU,AXA
SJU,BDL
SJU,BGI
SJU,BNA
SJU,BOG
SJU,BOS
SJU,BWI
SJU,CLE
SJU,CLT
SJU,CPX
SJU,CUN
SJU,DCA
SJU,DEN
SJU,DFW
SJU,DOM
SJU,DTW
SJU,EIS
SJU,EWR
SJU,FLL
SJU,HOU
SJU,HPN
SJU,HVN
SJU,IAD
SJU,IAH
SJU,ILG
SJU,JAX
SJU,JFK
SJU,MAZ
SJU,MCO
SJU,MDE
SJU,MDW
SJU,MSP
SJU,MSY
SJU,NEV
SJU,ORD
SJU,ORF
SJU,PBI
SJU,POS
SJU,PTY
SJU,PUJ
SJU,PVD
SJU,RDU
SJU,RSW
SJU,SBH
SJU,SDQ
SJU,STI
SJU,STL
SJU,STT
SJU,STX
SJU,SXM
SJU,TPA
SJU,VIJ
SJU,VQS
SJU,YUL
SJU,YYZ
SJU,SKB
SJU,PHL
SJU,MIA
SJW,BAV
SJW,BHY
SJW,CAN
SJW,CGQ
SJW,CIF
SJW,CKG
SJW,CTU
SJW,DLC
SJW,DSN
SJW,FOC
SJW,HAK
SJW,HET
SJW,HFE
SJW,HGH
SJW,HIA
SJW,HLD
SJW,HRB
SJW,HYN
SJW,ICN
SJW,INC
SJW,JJN
SJW,KHN
SJW,KMG
SJW,KRL
SJW,KWE
SJW,KWL
SJW,LJG
SJW,LYG
SJW,LZO
SJW,MIG
SJW,NGB
SJW,NKG
SJW,NNG
SJW,NRT
SJW,PUS
SJW,PVG
SJW,SHA
SJW,SHE
SJW,SWA
SJW,SYX
SJW,SZX
SJW,URC
SJW,WNZ
SJW,XIY
SJW,XMN
SJW,XNN
SJW,YBP
SJW,YIH
SJW,YIW
SJW,YNZ
SJW,ZUH
SJW,FUO
SJW,NTG
SJW,TGO
SJW,LHW
SJW,ZQZ
SJW,BPE
SJW,SHF
SJW,DBC
SJW,CDE
SJW,YSQ
SJW,TFU
SJW,DZH
SJZ,TER
SJZ,PDL
SKB,ANU
SKB,ATL
SKB,AXA
SKB,BGI
SKB,CLT
SKB,EIS
SKB,EWR
SKB,JFK
SKB,NEV
SKB,SDQ
SKB,STT
SKB,STX
SKB,SXM
SKB,YYZ
SKB,SJU
SKB,MIA
SKD,IST
SKD,ADB
SKD,DME
SKD,SVO
SKD,VKO
SKD,LED
SKD,TLV
SKD,KZN
SKD,GOJ
SKD,AER
SKD,AUH
SKD,DXB
SKD,IKT
SKD,KWI
SKD,OVB
SKD,SVX
SKD,TAS
SKD,URC
SKD,XIY
SKD,ZIA
SKG,AMS
SKG,ATH
SKG,BCN
SKG,BSL
SKG,BEG
SKG,BHX
SKG,BUD
SKG,BLQ
SKG,BTS
SKG,BRS
SKG,BRU
SKG,CRL
SKG,OTP
SKG,CHQ
SKG,JKH
SKG,CGN
SKG,CFU
SKG,DTM
SKG,DUB
SKG,DUS
SKG,EDI
SKG,EIN
SKG,FRA
SKG,HHN
SKG,GVA
SKG,HAM
SKG,HAJ
SKG,HEL
SKG,HER
SKG,IST
SKG,FKB
SKG,CPH
SKG,KGS
SKG,KRK
SKG,LCA
SKG,LBA
SKG,MJT
SKG,LCY
SKG,LGW
SKG,LHR
SKG,STN
SKG,LUX
SKG,MLA
SKG,MAN
SKG,BGY
SKG,MXP
SKG,MUC
SKG,JMK
SKG,NAP
SKG,NCL
SKG,NRN
SKG,NUE
SKG,OSL
SKG,PFO
SKG,BVA
SKG,CDG
SKG,ORY
SKG,POZ
SKG,PRG
SKG,RHO
SKG,RIX
SKG,CIA
SKG,FCO
SKG,SZG
SKG,SMI
SKG,JTR
SKG,ARN
SKG,STR
SKG,TBS
SKG,TIA
SKG,TSF
SKG,VIE
SKG,ZAG
SKG,ZRH
SKG,SJJ
SKG,FMM
SKG,KLX
SKG,TLV
SKG,EVN
SKG,SKU
SKG,BER
SKG,JNX
SKG,KUT
SKG,LXS
SKG,PAS
SKG,WMI
SKG,KVO
SKG,GHV
SKH,KTM
SKK,KKA
SKK,UNK
SKN,BOO
SKN,TOS
SKN,SVJ
SKO,ABV
SKP,AYT
SKP,ATH
SKP,BSL
SKP,BEG
SKP,BJV
SKP,BUD
SKP,BLQ
SKP,BTS
SKP,BRE
SKP,CRL
SKP,CGN
SKP,DTM
SKP,EIN
SKP,FRA
SKP,HHN
SKP,FDH
SKP,GVA
SKP,GOT
SKP,HAM
SKP,HRG
SKP,IST
SKP,SAW
SKP,ADB
SKP,FKB
SKP,CPH
SKP,LJU
SKP,LTN
SKP,MMX
SKP,MLA
SKP,MXP
SKP,NUE
SKP,OSL
SKP,TRF
SKP,BVA
SKP,RIX
SKP,CIA
SKP,SZG
SKP,SPU
SKP,NYO
SKP,TSF
SKP,WAW
SKP,VIE
SKP,ZAG
SKP,ZRH
SKP,SJJ
SKP,FMM
SKP,BER
SKT,AUH
SKT,BAH
SKT,DMM
SKT,DOH
SKT,DXB
SKT,JED
SKT,KWI
SKT,MCT
SKT,MED
SKT,SHJ
SKU,ATH
SKU,SKG
SKX,SVO
SKX,LED
SKX,KZN
SKX,AER
SKX,MRV
SKZ,ISB
SKZ,KHI
SLA,AEP
SLA,COR
SLA,EZE
SLA,GRU
SLA,IGR
SLA,LIM
SLA,MDZ
SLA,NQN
SLA,RES
SLA,ROS
SLC,AMS
SLC,LHR
SLC,CDG
SLC,ABQ
SLC,ANC
SLC,ATL
SLC,AUS
SLC,BIL
SLC,BNA
SLC,BOI
SLC,BOS
SLC,BTM
SLC,BUR
SLC,BWI
SLC,BZN
SLC,CDC
SLC,CLE
SLC,CLT
SLC,CMH
SLC,COS
SLC,CPR
SLC,CUN
SLC,CVG
SLC,DAL
SLC,DCA
SLC,DEN
SLC,DFW
SLC,DTW
SLC,EKO
SLC,EUG
SLC,EWR
SLC,FAT
SLC,FCA
SLC,FLL
SLC,GDL
SLC,GEG
SLC,GTF
SLC,HLN
SLC,HNL
SLC,HOU
SLC,IAD
SLC,IAH
SLC,IDA
SLC,IND
SLC,JAC
SLC,JFK
SLC,LAS
SLC,LAX
SLC,LGB
SLC,LWS
SLC,MCI
SLC,MCO
SLC,MDW
SLC,MEM
SLC,MEX
SLC,MFR
SLC,MKE
SLC,MSN
SLC,MSO
SLC,MSP
SLC,MSY
SLC,OAK
SLC,OGG
SLC,OKC
SLC,OMA
SLC,ONT
SLC,ORD
SLC,PDX
SLC,PHX
SLC,PIH
SLC,PSC
SLC,PSP
SLC,PVR
SLC,RDM
SLC,RDU
SLC,RNO
SLC,SAN
SLC,SAT
SLC,SBA
SLC,SEA
SLC,SFO
SLC,SGU
SLC,STL
SLC,SUN
SLC,TPA
SLC,TUL
SLC,TUS
SLC,TWF
SLC,WYS
SLC,YVR
SLC,YYC
SLC,YYZ
SLC,SJC
SLC,SJD
SLC,SMF
SLC,SNA
SLC,PHL
SLC,MIA
SLE,BUR
SLE,LAS
SLE,STS
SLH,MTV
SLH,ZGU
SLH,SON
SLH,TOH
SLI,LUN
SLI,NLA
SLI,UMB
SLK,BOS
SLK,JFK
SLL,FCO
SLL,VRN
SLL,AUH
SLL,BAH
SLL,BGW
SLL,CCJ
SLL,COK
SLL,DMM
SLL,DOH
SLL,DXB
SLL,FJR
SLL,JED
SLL,KWI
SLL,MCT
SLL,RUH
SLL,SHJ
SLL,OHS
SLM,LPA
SLM,PMI
SLN,DEN
SLN,ORD
SLP,CUN
SLP,DFW
SLP,IAH
SLP,MEX
SLP,MTY
SLP,PVR
SLP,TIJ
SLQ,ANI
SLU,ANU
SLU,BGI
SLU,DOM
SLU,POS
SLU,SVD
SLV,ATQ
SLV,DEL
SLV,DHM
SLX,GDT
SLY,DME
SLY,SVO
SLY,LED
SLY,KZN
SLY,AER
SLY,MRV
SLY,NOJ
SLY,NUX
SLY,OMS
SLY,OVB
SLY,SVX
SLY,TJM
SLY,UFA
SLY,RGK
SLY,SBT
SLZ,BEL
SLZ,BSB
SLZ,CNF
SLZ,FOR
SLZ,GIG
SLZ,GRU
SLZ,IMP
SLZ,REC
SLZ,SSA
SLZ,THE
SLZ,VCP
SLZ,BRB
SMA,LIS
SMA,PDL
SMF,ATL
SMF,AUS
SMF,BJX
SMF,BNA
SMF,BOI
SMF,BOS
SMF,BUR
SMF,BWI
SMF,CLT
SMF,DAL
SMF,DEN
SMF,DFW
SMF,DTW
SMF,EUG
SMF,EWR
SMF,GDL
SMF,GEG
SMF,HNL
SMF,HOU
SMF,IAD
SMF,IAH
SMF,JFK
SMF,KOA
SMF,LAS
SMF,LAX
SMF,LGB
SMF,LIH
SMF,MCI
SMF,MCO
SMF,MDW
SMF,MSP
SMF,OGG
SMF,ONT
SMF,ORD
SMF,PDX
SMF,PHX
SMF,PSP
SMF,SAN
SMF,SBA
SMF,SEA
SMF,SFO
SMF,STL
SMF,YVR
SMF,YYZ
SMF,SJD
SMF,SLC
SMF,SNA
SMF,MIA
SMI,AMS
SMI,ATH
SMI,BRU
SMI,JKH
SMI,DUS
SMI,FRA
SMI,HAM
SMI,KGS
SMI,MJT
SMI,MXP
SMI,MUC
SMI,PRG
SMI,RHO
SMI,JTR
SMI,SKG
SMI,VIE
SMI,ZRH
SMK,OME
SMK,UNK
SMK,WBB
SML,LGI
SML,NAS
SMQ,CGK
SMQ,SUB
SMR,BOG
SMR,CLO
SMR,MDE
SMR,PEI
SMR,PTY
SMS,RUN
SMS,TNR
SMT,CGB
SMX,LAS
SMZ,ORG
SNA,ATL
SNA,AUS
SNA,BOI
SNA,BZN
SNA,CCR
SNA,CLT
SNA,CMH
SNA,DAL
SNA,DEN
SNA,DFW
SNA,DSM
SNA,DTW
SNA,EUG
SNA,EWR
SNA,GEG
SNA,GJT
SNA,IAH
SNA,IDA
SNA,JFK
SNA,LAS
SNA,MCO
SNA,MFR
SNA,MSO
SNA,MSP
SNA,OAK
SNA,OGD
SNA,ORD
SNA,PAE
SNA,PDX
SNA,PHX
SNA,PVR
SNA,PVU
SNA,RNO
SNA,SCF
SNA,SEA
SNA,SFO
SNA,STS
SNA,TPA
SNA,TUS
SNA,YVR
SNA,YYC
SNA,SJC
SNA,SJD
SNA,SLC
SNA,SMF
SNA,MIA
SNE,RAI
SNE,VXE
SNE,SID
SNN,ALC
SNN,ACE
SNN,GRO
SNN,REU
SNN,BHX
SNN,BUD
SNN,CFU
SNN,EDI
SNN,FAO
SNN,FUE
SNN,KUN
SNN,KRK
SNN,LPA
SNN,LPL
SNN,LGW
SNN,LHR
SNN,STN
SNN,AGP
SNN,MLA
SNN,MAN
SNN,MRS
SNN,NAP
SNN,PMI
SNN,CDG
SNN,OPO
SNN,TFS
SNN,TRN
SNN,WRO
SNN,BZR
SNN,BOS
SNN,EWR
SNN,JFK
SNN,ORD
SNO,DMK
SNP,ANC
SNR,NTE
SNR,TLS
SNU,MAD
SNU,CCC
SNU,CUN
SNU,PTY
SNU,YHZ
SNU,YOW
SNU,YQB
SNU,YUL
SNU,YYZ
SNU,MIA
SNW,AKY
SNW,HEH
SNW,RGN
SOC,BPN
SOC,CGK
SOC,DPS
SOC,HLP
SOC,JED
SOC,PNK
SOF,ALC
SOF,AMS
SOF,AYT
SOF,ATH
SOF,BCN
SOF,BRI
SOF,BSL
SOF,BEG
SOF,BHX
SOF,BUD
SOF,BLQ
SOF,BTS
SOF,BRS
SOF,BRU
SOF,CRL
SOF,OTP
SOF,BOJ
SOF,CTA
SOF,CHQ
SOF,CGN
SOF,CFU
SOF,DTM
SOF,DUB
SOF,EDI
SOF,EIN
SOF,FRA
SOF,HHN
SOF,GVA
SOF,HAM
SOF,HEL
SOF,HER
SOF,IST
SOF,SAW
SOF,ADB
SOF,FKB
SOF,CPH
SOF,LCA
SOF,LIS
SOF,LPL
SOF,LGW
SOF,LHR
SOF,LTN
SOF,STN
SOF,MAD
SOF,AGP
SOF,MLA
SOF,MAN
SOF,BGY
SOF,MXP
SOF,MUC
SOF,NAP
SOF,NCE
SOF,NUE
SOF,OSL
SOF,PFO
SOF,PMI
SOF,BVA
SOF,CDG
SOF,PRG
SOF,RHO
SOF,RIX
SOF,CIA
SOF,FCO
SOF,VLC
SOF,VAR
SOF,TSF
SOF,WAW
SOF,VIE
SOF,WRO
SOF,ZAD
SOF,ZAG
SOF,ZRH
SOF,FMM
SOF,JSI
SOF,TLV
SOF,EVN
SOF,AQJ
SOF,AUH
SOF,GYD
SOF,BER
SOF,DOH
SOF,DXB
SOG,BGO
SOG,OSL
SOG,HOV
SOG,SDN
SOJ,TOS
SON,BNE
SON,LNE
SON,LOD
SON,MTV
SON,MWF
SON,NOU
SON,SSR
SON,VLI
SON,ZGU
SON,SLH
SON,WLH
SON,NUS
SOQ,AMQ
SOQ,BXB
SOQ,CGK
SOQ,DJJ
SOQ,DPS
SOQ,FKQ
SOQ,KNG
SOQ,MDC
SOQ,MKW
SOQ,UPG
SOQ,TIM
SOU,ALC
SOU,AMS
SOU,BHD
SOU,BFS
SOU,EGC
SOU,CMF
SOU,DUB
SOU,EDI
SOU,FAO
SOU,GVA
SOU,GLA
SOU,GCI
SOU,JER
SOU,AGP
SOU,NCL
SOU,PMI
SOU,CDG
SOU,CFR
SOU,ACI
SOV,HOM
SOV,PGM
SOW,PHX
SPB,SSB
SPC,AMS
SPC,ACE
SPC,BCN
SPC,BIO
SPC,DUS
SPC,FRA
SPC,FUE
SPC,HAM
SPC,LPA
SPC,LUX
SPC,MAD
SPC,MUC
SPC,PRG
SPC,STR
SPC,TFN
SPC,TFS
SPC,VLC
SPC,ZRH
SPC,BER
SPD,CXB
SPD,DAC
SPI,MCO
SPI,ORD
SPI,PGD
SPI,TPA
SPN,GUM
SPN,HKG
SPN,ICN
SPN,NRT
SPN,ROP
SPN,TIQ
SPP,LAD
SPR,BZE
SPR,CUK
SPR,CYC
SPR,CZH
SPR,TZA
SPS,DFW
SPU,AMS
SPU,ANR
SPU,ATH
SPU,BCN
SPU,BRI
SPU,BSL
SPU,BEG
SPU,BGO
SPU,BHX
SPU,BOD
SPU,BRS
SPU,BRU
SPU,OTP
SPU,CGN
SPU,DTM
SPU,DUB
SPU,DBV
SPU,DUS
SPU,EDI
SPU,FRA
SPU,GDN
SPU,GVA
SPU,GLA
SPU,GOT
SPU,HAM
SPU,HEL
SPU,IST
SPU,KTW
SPU,CPH
SPU,KRK
SPU,LBA
SPU,LCY
SPU,LGW
SPU,LHR
SPU,LTN
SPU,STN
SPU,LYS
SPU,MAD
SPU,MAN
SPU,MRS
SPU,MXP
SPU,MUC
SPU,NTE
SPU,NAP
SPU,OSL
SPU,CDG
SPU,ORY
SPU,PRG
SPU,PUY
SPU,KEF
SPU,RIX
SPU,RJK
SPU,LIL
SPU,FCO
SPU,RTM
SPU,SKP
SPU,SVG
SPU,ARN
SPU,STR
SPU,TLL
SPU,TIA
SPU,TLS
SPU,TRD
SPU,VNO
SPU,WAW
SPU,VIE
SPU,WRO
SPU,ZAG
SPU,ZRH
SPU,SXB
SPU,OSI
SPU,BER
SPU,LUZ
SPX,AYT
SPX,BUD
SPX,SAW
SPX,CPH
SPX,LTN
SPX,MXP
SPX,FCO
SPX,AUH
SPX,DXB
SPX,JED
SPX,KWI
SPX,MCT
SPX,RUH
SPX,SHJ
SPY,ABJ
SQD,CAN
SQD,DLC
SQD,HAK
SQD,HRB
SQD,KMG
SQD,NNG
SQD,PEK
SQD,SZX
SQD,TAO
SQD,TSN
SQD,XIY
SQD,PKX
SQD,TFU
SQG,PNK
SQJ,CAN
SQJ,CKG
SQJ,CTU
SQJ,KMG
SQJ,PVG
SQJ,TAO
SQJ,PKX
SQL,TKF
SQN,AMQ
SQN,TTE
SRA,POA
SRE,CBB
SRE,LPB
SRE,VVI
SRG,BDJ
SRG,BPN
SRG,BTH
SRG,CGK
SRG,DPS
SRG,HLP
SRG,KTG
SRG,UPG
SRG,PKN
SRG,PKY
SRK,NAQ
SRP,OSL
SRQ,ABE
SRQ,ATL
SRQ,ATW
SRQ,AUS
SRQ,AVL
SRQ,BDL
SRQ,BLV
SRQ,BNA
SRQ,BOS
SRQ,BWI
SRQ,CAK
SRQ,CID
SRQ,CLE
SRQ,CLT
SRQ,CMH
SRQ,CVG
SRQ,DAL
SRQ,DCA
SRQ,DEN
SRQ,DFW
SRQ,DSM
SRQ,DTW
SRQ,EWR
SRQ,FNT
SRQ,FWA
SRQ,GRR
SRQ,HOU
SRQ,HVN
SRQ,IAD
SRQ,IAH
SRQ,IND
SRQ,JFK
SRQ,LCK
SRQ,LGA
SRQ,MDT
SRQ,MDW
SRQ,MSP
SRQ,ORD
SRQ,PBG
SRQ,PIA
SRQ,PIT
SRQ,PVD
SRQ,RFD
SRQ,SBN
SRQ,SDF
SRQ,STL
SRQ,SYR
SRQ,YYZ
SRQ,PHL
SRQ,BUF
SRV,ANI
SRY,AWZ
SRY,GSM
SRY,IFN
SRY,KIH
SRY,MHD
SRY,SYZ
SRY,THR
SRY,PGU
SSA,LIS
SSA,MAD
SSA,CDG
SSA,AEP
SSA,AJU
SSA,BPS
SSA,BSB
SSA,CGH
SSA,CNF
SSA,CPV
SSA,CWB
SSA,FOR
SSA,GIG
SSA,GRU
SSA,GYN
SSA,IOS
SSA,JPA
SSA,MCZ
SSA,MVD
SSA,NAT
SSA,REC
SSA,SCL
SSA,SDU
SSA,UDI
SSA,VCP
SSA,VIX
SSA,SJK
SSA,SLZ
SSA,VDC
SSA,MXQ
SSB,SPB
SSG,CMN
SSG,MAD
SSG,CDG
SSG,ADD
SSG,BSG
SSG,DLA
SSG,LBV
SSG,LFW
SSG,LOS
SSG,NSI
SSG,PHC
SSG,GEM
SSH,AMS
SSH,AYT
SSH,BRI
SSH,BHX
SSH,BUD
SSH,BLQ
SSH,BRS
SSH,BRU
SSH,BBU
SSH,CAI
SSH,CTA
SSH,DUS
SSH,EIN
SSH,FRA
SSH,GVA
SSH,HRG
SSH,IST
SSH,SAW
SSH,KTW
SSH,LGW
SSH,LTN
SSH,STN
SSH,LXR
SSH,MAD
SSH,MAN
SSH,RMF
SSH,MXP
SSH,SVO
SSH,NAP
SSH,NCL
SSH,OST
SSH,RMI
SSH,FCO
SSH,LED
SSH,TLL
SSH,VCE
SSH,VRN
SSH,VIE
SSH,ZRH
SSH,AMM
SSH,EVN
SSH,KZN
SSH,HBE
SSH,KUF
SSH,AER
SSH,ALA
SSH,BAH
SSH,GYD
SSH,BER
SSH,GUW
SSH,JED
SSH,KWI
SSH,MED
SSH,OVB
SSH,RUH
SSH,SVX
SSH,TAS
SSH,UFA
SSH,YNB
SSH,NQZ
SSJ,BOO
SSJ,OSL
SSJ,TRD
SSJ,BNN
SSJ,OSY
SSR,LNE
SSR,SON
STB,MAR
STC,AZA
STC,PGD
STD,CCS
STD,MUN
STD,PMV
STD,VLN
STD,PZO
STI,MAD
STI,BOS
STI,EWR
STI,FLL
STI,JFK
STI,MCO
STI,MDE
STI,PLS
STI,PTY
STI,SDQ
STI,SJU
STI,MIA
STL,FRA
STL,ATL
STL,AUS
STL,BNA
STL,BOS
STL,BRL
STL,BUR
STL,BWI
STL,CHS
STL,CLE
STL,CLT
STL,CMH
STL,CUN
STL,DAL
STL,DCA
STL,DEN
STL,DFW
STL,DSM
STL,DTW
STL,ECP
STL,EWR
STL,FLL
STL,HOU
STL,HVN
STL,IAD
STL,IAH
STL,ICT
STL,JAX
STL,JBR
STL,LAS
STL,LAX
STL,LGA
STL,LGB
STL,LIT
STL,MBJ
STL,MCI
STL,MCO
STL,MDW
STL,MKE
STL,MKL
STL,MSP
STL,MSY
STL,MYR
STL,OAK
STL,OKC
STL,OMA
STL,ORD
STL,ORF
STL,PDX
STL,PHX
STL,PIT
STL,PNS
STL,PUJ
STL,RDU
STL,RSW
STL,SAN
STL,SAT
STL,SAV
STL,SEA
STL,SFO
STL,SRQ
STL,TPA
STL,TUL
STL,UIN
STL,VPS
STL,YUL
STL,YYZ
STL,SJC
STL,SJD
STL,SJU
STL,SLC
STL,SMF
STL,PHL
STL,MIA
STM,BEL
STM,BSB
STM,CNF
STM,MAO
STM,PIN
STM,TMT
STN,AAL
STN,AAR
STN,AGA
STN,AHO
STN,ALC
STN,LEI
STN,AMS
STN,AOI
STN,ESB
STN,AYT
STN,ACE
STN,ATH
STN,BCN
STN,GRO
STN,REU
STN,BRI
STN,BSL
STN,BFS
STN,BGO
STN,EGC
STN,BIQ
STN,BLL
STN,BJV
STN,BUD
STN,BLQ
STN,BOD
STN,BTS
STN,BRE
STN,BDS
STN,BRQ
STN,OTP
STN,BOJ
STN,BZG
STN,CAG
STN,CCF
STN,CTA
STN,CMF
STN,CHQ
STN,CGN
STN,CFU
STN,ORK
STN,DLM
STN,DTM
STN,DUB
STN,DBV
STN,EDI
STN,EIN
STN,FAO
STN,FEZ
STN,FLR
STN,HHN
STN,FUE
STN,FNC
STN,GDN
STN,GVA
STN,GOA
STN,GLA
STN,GOT
STN,GNB
STN,HAM
STN,HEL
STN,HER
STN,IBZ
STN,SAW
STN,ADB
STN,XRY
STN,FKB
STN,KTW
STN,KUN
STN,KIR
STN,KLU
STN,NOC
STN,CPH
STN,KGS
STN,KSC
STN,KRK
STN,LRH
STN,SUF
STN,LCA
STN,LPA
STN,LEJ
STN,MJT
STN,LIG
STN,LNZ
STN,LIS
STN,LCJ
STN,LDE
STN,LUX
STN,MAD
STN,MAH
STN,AGP
STN,MLA
STN,RAK
STN,MRS
STN,BGY
STN,MXP
STN,NTE
STN,NAP
STN,NQY
STN,NCE
STN,FNI
STN,NUE
STN,OLB
STN,OSL
STN,TRF
STN,OVD
STN,PFO
STN,PMO
STN,PMI
STN,PGF
STN,PEG
STN,PSR
STN,PSA
STN,PIS
STN,TAT
STN,OPO
STN,POZ
STN,PRG
STN,PVK
STN,PUY
STN,KEF
STN,RHO
STN,RIX
STN,RJK
STN,RMI
STN,RDZ
STN,CIA
STN,FCO
STN,RVN
STN,RZE
STN,SZG
STN,SDR
STN,SCQ
STN,JTR
STN,SVQ
STN,SNN
STN,SSH
STN,SOF
STN,SPU
STN,ARN
STN,VST
STN,SZZ
STN,TLL
STN,TNG
STN,TFS
STN,SKG
STN,TIA
STN,TLS
STN,TUF
STN,TPS
STN,TRS
STN,TRN
STN,VLC
STN,VCE
STN,VRN
STN,VGO
STN,VNO
STN,VIE
STN,WRO
STN,ZAD
STN,ZAG
STN,ZTH
STN,ZAZ
STN,TIV
STN,SJJ
STN,CLJ
STN,RMO
STN,OZZ
STN,FMM
STN,EFL
STN,JSI
STN,KLX
STN,OSR
STN,ADA
STN,ESU
STN,PLQ
STN,AMM
STN,TGD
STN,BZR
STN,PDV
STN,RBA
STN,OSI
STN,BVE
STN,BER
STN,DXB
STN,GZT
STN,ORB
STN,PDL
STN,WMI
STN,CDT
STN,SZY
STN,RMU
STR,AGA
STR,ALC
STR,AMS
STR,ESB
STR,AYT
STR,GPA
STR,ACE
STR,ATH
STR,BCN
STR,BRI
STR,BIA
STR,BEG
STR,BIO
STR,BJV
STR,BUD
STR,BOD
STR,BRE
STR,BDS
STR,OTP
STR,BOJ
STR,CAG
STR,CTA
STR,CHQ
STR,CFU
STR,DLM
STR,DBV
STR,EDI
STR,FAO
STR,FRA
STR,FUE
STR,FNC
STR,HAM
STR,HAJ
STR,HER
STR,HRG
STR,IBZ
STR,IST
STR,SAW
STR,ADB
STR,XRY
STR,CPH
STR,KGS
STR,KRK
STR,SPC
STR,SUF
STR,LCA
STR,LPA
STR,LIS
STR,LHR
STR,MAH
STR,AGP
STR,MAN
STR,RMF
STR,LIN
STR,MXP
STR,MIR
STR,MUC
STR,JMK
STR,NAP
STR,NCE
STR,OLB
STR,OSL
STR,PMO
STR,PMI
STR,CDG
STR,OPO
STR,PVK
STR,PRN
STR,PUY
STR,KEF
STR,RHO
STR,RJK
STR,FCO
STR,JTR
STR,SPU
STR,ARN
STR,TBS
STR,TFS
STR,SKG
STR,TIA
STR,TOS
STR,TUN
STR,VLC
STR,VAR
STR,VCE
STR,WAW
STR,VIE
STR,GWT
STR,ZAD
STR,ZAG
STR,ZTH
STR,ZRH
STR,TIV
STR,KVA
STR,SJJ
STR,RMO
STR,ADA
STR,ASR
STR,KYA
STR,SBZ
STR,EBL
STR,BZO
STR,ATL
STR,BER
STR,BVC
STR,DIY
STR,DWC
STR,DXB
STR,EZS
STR,GZT
STR,SZF
STR,TZX
STR,SID
STR,GHV
STS,BOI
STS,BUR
STS,DFW
STS,FCA
STS,LAS
STS,LAX
STS,PDX
STS,PHX
STS,PSP
STS,RDM
STS,SAN
STS,SEA
STS,SNA
STS,SLE
STT,ATL
STT,AXA
STT,BOS
STT,CLT
STT,DFW
STT,DOM
STT,EIS
STT,EWR
STT,FLL
STT,IAD
STT,IAH
STT,JFK
STT,MCO
STT,MSP
STT,NEV
STT,ORD
STT,SDQ
STT,STX
STT,VIJ
STT,SJU
STT,SKB
STT,PHL
STT,MIA
STV,BLR
STV,CCU
STV,DEL
STV,DIU
STV,DXB
STV,GOI
STV,HYD
STV,IDR
STV,IXG
STV,JAI
STV,MAA
STV,PNQ
STV,SHJ
STV,KQH
STW,SVO
STW,AER
STW,SVX
STX,ATL
STX,CLT
STX,FLL
STX,MCO
STX,NEV
STX,STT
STX,SJU
STX,SKB
STX,MIA
SUB,AMQ
SUB,BDJ
SUB,BEJ
SUB,BPN
SUB,BTH
SUB,BWN
SUB,CGK
SUB,DPS
SUB,HKG
SUB,HLP
SUB,JED
SUB,JHB
SUB,KDI
SUB,KOE
SUB,KUL
SUB,LBJ
SUB,LOP
SUB,MCT
SUB,MDC
SUB,MED
SUB,PEN
SUB,PKU
SUB,PLM
SUB,PNK
SUB,TRK
SUB,UPG
SUB,PKN
SUB,SIN
SUB,SMQ
SUB,TTE
SUB,PKY
SUB,KNO
SUB,BWX
SUB,AAP
SUB,BWW
SUF,BSL
SUF,BLQ
SUF,BDS
SUF,BRQ
SUF,BRU
SUF,CRL
SUF,CTA
SUF,CGN
SUF,DUS
SUF,FRA
SUF,HHN
SUF,GVA
SUF,GOA
SUF,HAM
SUF,HAJ
SUF,FKB
SUF,KRK
SUF,STN
SUF,LUX
SUF,MLA
SUF,BGY
SUF,LIN
SUF,MXP
SUF,MUC
SUF,NUE
SUF,PEG
SUF,PSA
SUF,PRG
SUF,FCO
SUF,SZG
SUF,STR
SUF,TRN
SUF,VLC
SUF,VCE
SUF,VRN
SUF,VIE
SUF,ZRH
SUF,FMM
SUF,OSR
SUF,BZO
SUF,YYZ
SUG,CEB
SUG,MNL
SUJ,OTP
SUJ,LTN
SUK,YKS
SUN,DEN
SUN,LAX
SUN,ORD
SUN,SEA
SUN,SFO
SUN,SLC
SUR,YXL
SUR,WNN
SUV,FUN
SUV,ICI
SUV,KDV
SUV,KXF
SUV,LBS
SUV,LKB
SUV,NAN
SUV,RTA
SUV,SVU
SUV,TVU
SUV,VBV
SUX,DEN
SUX,ORD
SUY,YKS
SVA,GAM
SVA,OME
SVB,TNR
SVC,ABQ
SVC,PHX
SVD,BGI
SVD,CCS
SVD,CLT
SVD,GND
SVD,JFK
SVD,POS
SVD,YYZ
SVD,SLU
SVD,MIA
SVG,ABZ
SVG,ALC
SVG,AMS
SVG,AYT
SVG,BCN
SVG,BGO
SVG,DBV
SVG,FRA
SVG,GDN
SVG,CPH
SVG,KRK
SVG,LPA
SVG,LGW
SVG,LHR
SVG,AGP
SVG,MAN
SVG,BGY
SVG,MXP
SVG,NCL
SVG,NCE
SVG,OSL
SVG,TRF
SVG,PMI
SVG,CDG
SVG,RHO
SVG,SPU
SVG,TFS
SVG,TRD
SVI,BOG
SVJ,BOO
SVJ,OSL
SVJ,SKN
SVL,HEL
SVO,AYT
SVO,BEG
SVO,BJV
SVO,CAI
SVO,DLM
SVO,HRG
SVO,IST
SVO,ADB
SVO,KGD
SVO,MSQ
SVO,SSH
SVO,LED
SVO,ADA
SVO,ALG
SVO,EVN
SVO,GME
SVO,MMK
SVO,KZN
SVO,GOJ
SVO,KUF
SVO,AER
SVO,ABA
SVO,ALA
SVO,ARH
SVO,ASF
SVO,AUH
SVO,GYD
SVO,BAX
SVO,BHK
SVO,BKK
SVO,BQS
SVO,BQT
SVO,CAN
SVO,CCC
SVO,CEE
SVO,CEK
SVO,CIT
SVO,CKG
SVO,CMB
SVO,CSY
SVO,DEL
SVO,DOH
SVO,DWC
SVO,DXB
SVO,DYR
SVO,ESL
SVO,FEG
SVO,FRU
SVO,GDX
SVO,GOI
SVO,GRV
SVO,GUW
SVO,HAV
SVO,HGH
SVO,HKG
SVO,HKT
SVO,HMA
SVO,IJK
SVO,IKA
SVO,IKT
SVO,KBL
SVO,KEJ
SVO,KGF
SVO,KHV
SVO,KJA
SVO,KSN
SVO,KVK
SVO,MCT
SVO,MCX
SVO,MLE
SVO,MQF
SVO,MRU
SVO,MRV
SVO,NBC
SVO,NJC
SVO,NOZ
SVO,NUX
SVO,OMS
SVO,OSS
SVO,OSW
SVO,OVB
SVO,PEE
SVO,PEK
SVO,PES
SVO,PEZ
SVO,PKC
SVO,PVG
SVO,REN
SVO,SCO
SVO,SCW
SVO,SEZ
SVO,SGC
SVO,SGN
SVO,SHE
SVO,STW
SVO,SVX
SVO,SYX
SVO,SZX
SVO,TAO
SVO,TAS
SVO,TJM
SVO,TOF
SVO,UCT
SVO,UFA
SVO,URC
SVO,UUD
SVO,UUS
SVO,VOG
SVO,VRA
SVO,VVO
SVO,XIY
SVO,YKS
SVO,KQT
SVO,SKD
SVO,SKX
SVO,SLY
SVO,UGC
SVO,ULV
SVO,RGK
SVO,PKX
SVO,GSV
SVO,TFU
SVO,GNJ
SVO,GOX
SVO,NQZ
SVQ,ALC
SVQ,LEI
SVQ,AMS
SVQ,ACE
SVQ,ATH
SVQ,BCN
SVQ,BRI
SVQ,BIO
SVQ,BLL
SVQ,BHX
SVQ,BUD
SVQ,BLQ
SVQ,BOD
SVQ,BRU
SVQ,CRL
SVQ,OTP
SVQ,CAG
SVQ,CMN
SVQ,CTA
SVQ,CGN
SVQ,ORK
SVQ,DUB
SVQ,EDI
SVQ,EIN
SVQ,FRA
SVQ,HHN
SVQ,FUE
SVQ,FNC
SVQ,GVA
SVQ,IBZ
SVQ,FKB
SVQ,KRK
SVQ,LPA
SVQ,LIS
SVQ,LGW
SVQ,LTN
SVQ,STN
SVQ,LUX
SVQ,LYS
SVQ,MAD
SVQ,MAH
SVQ,MLA
SVQ,MAN
SVQ,RAK
SVQ,MRS
SVQ,BGY
SVQ,MXP
SVQ,MPL
SVQ,MUC
SVQ,NTE
SVQ,NAP
SVQ,NRN
SVQ,NUE
SVQ,OVD
SVQ,PMI
SVQ,BVA
SVQ,CDG
SVQ,ORY
SVQ,PSA
SVQ,OPO
SVQ,PRG
SVQ,CIA
SVQ,FCO
SVQ,EAS
SVQ,SDR
SVQ,SCQ
SVQ,ARN
SVQ,TFN
SVQ,TFS
SVQ,TLS
SVQ,TPS
SVQ,TRS
SVQ,TRN
SVQ,VLC
SVQ,TSF
SVQ,VIT
SVQ,WAW
SVQ,VIE
SVQ,ZRH
SVQ,RBA
SVQ,TTU
SVQ,BVE
SVQ,MLN
SVR,THU
SVU,NAN
SVU,SUV
SVX,AYT
SVX,DLM
SVX,IST
SVX,KGD
SVX,MSQ
SVX,DME
SVX,SVO
SVX,VKO
SVX,SSH
SVX,LED
SVX,TBS
SVX,EVN
SVX,KZN
SVX,GOJ
SVX,KUF
SVX,AER
SVX,ALA
SVX,ARH
SVX,GYD
SVX,BAX
SVX,BHK
SVX,BKK
SVX,BQS
SVX,BUS
SVX,CEE
SVX,CXR
SVX,DWC
SVX,DXB
SVX,DYU
SVX,FEG
SVX,FRU
SVX,GOI
SVX,HKT
SVX,HMA
SVX,HRB
SVX,HTA
SVX,IJK
SVX,IKT
SVX,KEJ
SVX,KHV
SVX,KJA
SVX,KLF
SVX,LBD
SVX,LPK
SVX,MCX
SVX,MQF
SVX,MRV
SVX,NBC
SVX,NJC
SVX,NNM
SVX,NOJ
SVX,NOZ
SVX,NSK
SVX,NUX
SVX,NYA
SVX,NYM
SVX,OGZ
SVX,OMS
SVX,OSS
SVX,OVB
SVX,OVS
SVX,PES
SVX,PEZ
SVX,REN
SVX,SCW
SVX,SGC
SVX,SHJ
SVX,STW
SVX,TAS
SVX,TJM
SVX,TOF
SVX,UFA
SVX,URJ
SVX,VOG
SVX,VVO
SVX,YKS
SVX,EYK
SVX,NMA
SVX,SKD
SVX,SLY
SVX,ULV
SVX,RGK
SVX,PKX
SVX,GSV
SVX,RMZ
SVX,GOX
SVX,NQZ
SVZ,CCS
SVZ,PMV
SWA,BKK
SWA,CAN
SWA,CGO
SWA,CKG
SWA,CSX
SWA,CTU
SWA,CZX
SWA,DMK
SWA,DYG
SWA,FUG
SWA,HAK
SWA,HFE
SWA,HGH
SWA,HIA
SWA,HNY
SWA,HRB
SWA,HSC
SWA,HSN
SWA,HYN
SWA,JGS
SWA,KHN
SWA,KMG
SWA,KUL
SWA,KWE
SWA,KWL
SWA,LYI
SWA,LZH
SWA,LZO
SWA,MIG
SWA,NGB
SWA,NKG
SWA,NNG
SWA,NNY
SWA,PEK
SWA,PVG
SWA,SHA
SWA,SYX
SWA,TAO
SWA,TNA
SWA,TYN
SWA,WNZ
SWA,WUH
SWA,XIY
SWA,XUZ
SWA,YBP
SWA,YIH
SWA,YIW
SWA,YTY
SWA,ZHA
SWA,ZUH
SWA,ACX
SWA,NTG
SWA,SIN
SWA,SJW
SWA,TXN
SWA,JUH
SWA,WMT
SWA,PKX
SWA,TFU
SWA,DZH
SWA,TEN
SWF,KEF
SWF,CHS
SWF,FAE
SWF,MCO
SWF,MYR
SWF,PGD
SWF,PIE
SWF,RSW
SWF,SFB
SWJ,VLI
SWJ,NUS
SWO,DFW
SWQ,LOP
SWT,TOF
SWV,GDX
SXB,AGA
SXB,AJA
SXB,AMS
SXB,ACE
SXB,ATH
SXB,BCN
SXB,BIA
SXB,BIQ
SXB,BOD
SXB,BES
SXB,BRU
SXB,CLY
SXB,CMN
SXB,CFU
SXB,DJE
SXB,FAO
SXB,FEZ
SXB,FRA
SXB,IST
SXB,LGW
SXB,LDE
SXB,LYS
SXB,MAD
SXB,AGP
SXB,RAK
SXB,MRS
SXB,MPL
SXB,NDR
SXB,NTE
SXB,NCE
SXB,OLB
SXB,OUD
SXB,PMO
SXB,PMI
SXB,OPO
SXB,FCO
SXB,SPU
SXB,TLS
SXB,TUN
SXB,WAW
SXB,FSC
SXB,ALG
SXB,ORN
SXB,SGD
SXB,BER
SXB,CZL
SXK,AMQ
SXM,AMS
SXM,CDG
SXM,ORY
SXM,ANU
SXM,ATL
SXM,AXA
SXM,BGI
SXM,BOS
SXM,CLT
SXM,CUR
SXM,DOM
SXM,EIS
SXM,EUX
SXM,EWR
SXM,FDF
SXM,FLL
SXM,IAD
SXM,JFK
SXM,KIN
SXM,MCO
SXM,MSP
SXM,NEV
SXM,ORD
SXM,PAP
SXM,POS
SXM,PTP
SXM,PTY
SXM,PUJ
SXM,SAB
SXM,SBH
SXM,SDQ
SXM,YUL
SXM,YYZ
SXM,SJU
SXM,SKB
SXM,JBQ
SXM,PHL
SXM,MIA
SXP,KSM
SXR,AMD
SXR,ATQ
SXR,BLR
SXR,BOM
SXR,CCU
SXR,DEL
SXR,HYD
SXR,IXC
SXR,IXJ
SXR,IXL
SXV,BLR
SXV,COK
SXV,HYD
SXV,MAA
SXZ,ESB
SXZ,IST
SYB,KKB
SYB,KPR
SYD,ABX
SYD,ADL
SYD,ARM
SYD,ASP
SYD,AUH
SYD,AVV
SYD,AYQ
SYD,BHQ
SYD,BKK
SYD,BLR
SYD,BME
SYD,BNE
SYD,BNK
SYD,BQB
SYD,BXG
SYD,CAN
SYD,CAZ
SYD,CBR
SYD,CFS
SYD,CGK
SYD,CGO
SYD,CHC
SYD,CKG
SYD,CMB
SYD,CNS
SYD,DBO
SYD,DEL
SYD,DFW
SYD,DGE
SYD,DOH
SYD,DPS
SYD,DRW
SYD,DXB
SYD,GFF
SYD,HAK
SYD,HAN
SYD,HBA
SYD,HGH
SYD,HKG
SYD,HKT
SYD,HND
SYD,HNL
SYD,HTI
SYD,HVB
SYD,IAH
SYD,ICN
SYD,JNB
SYD,KGI
SYD,KIX
SYD,KUL
SYD,LAX
SYD,LDH
SYD,LST
SYD,MCY
SYD,MEL
SYD,MIM
SYD,MNL
SYD,MQL
SYD,MRZ
SYD,MYA
SYD,NAN
SYD,NKG
SYD,NLK
SYD,NOU
SYD,NTL
SYD,PEK
SYD,PER
SYD,POM
SYD,PPP
SYD,PQQ
SYD,PVG
SYD,RAR
SYD,SCL
SYD,SFO
SYD,SGN
SYD,SZX
SYD,TAO
SYD,TBU
SYD,TMW
SYD,TNA
SYD,TPE
SYD,TSV
SYD,VLI
SYD,WGA
SYD,WLG
SYD,WUH
SYD,XMN
SYD,YVR
SYD,ZQN
SYD,NAA
SYD,NRA
SYD,OAG
SYD,PKE
SYD,SIN
SYD,WTB
SYD,AKL
SYD,OOL
SYD,TFU
SYJ,THR
SYM,CKG
SYM,JJN
SYM,KMG
SYM,KWE
SYM,LJG
SYM,LUM
SYM,TFU
SYO,HND
SYR,ATL
SYR,BNA
SYR,BOS
SYR,BWI
SYR,CHS
SYR,CLT
SYR,DCA
SYR,DEN
SYR,DFW
SYR,DTW
SYR,EWR
SYR,FLL
SYR,IAD
SYR,JFK
SYR,LAS
SYR,LGA
SYR,MCO
SYR,MSP
SYR,MYR
SYR,ORD
SYR,ORF
SYR,PGD
SYR,PIE
SYR,RDU
SYR,RSW
SYR,SFB
SYR,SRQ
SYR,TPA
SYR,PHL
SYR,MIA
SYS,YKS
SYU,CNC
SYU,HID
SYX,SVO
SYX,CAN
SYX,CGK
SYX,CGO
SYX,CGQ
SYX,CKG
SYX,CSX
SYX,CTU
SYX,CZX
SYX,DLC
SYX,ENY
SYX,FOC
SYX,FUG
SYX,HAK
SYX,HFE
SYX,HGH
SYX,HJJ
SYX,HKG
SYX,HNY
SYX,HRB
SYX,ICN
SYX,JGS
SYX,JJN
SYX,JNG
SYX,JUZ
SYX,KHN
SYX,KJA
SYX,KMG
SYX,KWE
SYX,KWL
SYX,LYA
SYX,LYI
SYX,LZO
SYX,MIG
SYX,NGB
SYX,NKG
SYX,NNG
SYX,NNY
SYX,PEK
SYX,PNH
SYX,PUS
SYX,PVG
SYX,SHA
SYX,SHE
SYX,SWA
SYX,SZX
SYX,TNA
SYX,TSN
SYX,TYN
SYX,URC
SYX,WNZ
SYX,WUH
SYX,WUX
SYX,XIY
SYX,XMN
SYX,YBP
SYX,YIH
SYX,YNT
SYX,YTY
SYX,ZHA
SYX,ZUH
SYX,NTG
SYX,SIN
SYX,SJW
SYX,YCU
SYX,YIC
SYX,BAR
SYX,WMT
SYX,YYA
SYX,PKX
SYX,SHS
SYX,TFU
SYX,WHA
SYX,DZH
SYY,EDI
SYY,GLA
SYY,INV
SYZ,IST
SYZ,ABD
SYZ,AWZ
SYZ,BDH
SYZ,BND
SYZ,DOH
SYZ,DXB
SYZ,KER
SYZ,KWI
SYZ,MCT
SYZ,MHD
SYZ,SHJ
SYZ,SRY
SYZ,TBZ
SYZ,THR
SYZ,ZAH
SYZ,PGU
SYZ,RAS
SZA,LAD
SZB,AOR
SZB,JHB
SZB,KBR
SZB,LGK
SZB,PEN
SZB,XSP
SZB,RDN
SZB,TGG
SZE,ADD
SZF,ESB
SZF,AYT
SZF,CGN
SZF,DUS
SZF,FRA
SZF,HAJ
SZF,IST
SZF,SAW
SZF,ADB
SZF,MUC
SZF,STR
SZF,VIE
SZF,BER
SZF,BGW
SZG,AMS
SZG,BFS
SZG,BEG
SZG,BHX
SZG,BRS
SZG,BRU
SZG,OTP
SZG,BOJ
SZG,CLY
SZG,CFU
SZG,DUB
SZG,DUS
SZG,EDI
SZG,EIN
SZG,FRA
SZG,HAM
SZG,HEL
SZG,HER
SZG,HRG
SZG,IBZ
SZG,IST
SZG,CPH
SZG,KGS
SZG,SUF
SZG,LCA
SZG,LPA
SZG,LBA
SZG,LPL
SZG,LCY
SZG,LGW
SZG,LHR
SZG,LTN
SZG,STN
SZG,MAD
SZG,MAN
SZG,RMF
SZG,MIR
SZG,OLB
SZG,OSL
SZG,PMI
SZG,KEF
SZG,RHO
SZG,RIX
SZG,RTM
SZG,SKP
SZG,ARN
SZG,TLL
SZG,TFS
SZG,SKG
SZG,VIE
SZG,ZTH
SZG,AOK
SZG,TLV
SZG,BER
SZG,DXB
SZG,RUH
SZH,CSX
SZH,PVG
SZH,TSN
SZK,CPT
SZK,JNB
SZX,BCN
SZX,BRU
SZX,CAI
SZX,FRA
SZX,LHR
SZX,MXP
SZX,SVO
SZX,CDG
SZX,FCO
SZX,VIE
SZX,TLV
SZX,AEB
SZX,AKA
SZX,AQG
SZX,BAV
SZX,BHY
SZX,BKI
SZX,BKK
SZX,CEB
SZX,CGD
SZX,CGK
SZX,CGO
SZX,CGQ
SZX,CIF
SZX,CIH
SZX,CJU
SZX,CKG
SZX,CSX
SZX,CTS
SZX,CTU
SZX,CZX
SZX,DLC
SZX,DLU
SZX,DMK
SZX,DPS
SZX,DXB
SZX,ENH
SZX,ENY
SZX,FOC
SZX,FUG
SZX,GYS
SZX,HAK
SZX,HAN
SZX,HET
SZX,HFE
SZX,HGH
SZX,HIA
SZX,HJJ
SZX,HKT
SZX,HLD
SZX,HLH
SZX,HND
SZX,HRB
SZX,HSN
SZX,HYN
SZX,HZG
SZX,ICN
SZX,IKA
SZX,INC
SZX,IQN
SZX,JDZ
SZX,JGS
SZX,JHG
SZX,JIU
SZX,JNB
SZX,JNG
SZX,JUZ
SZX,KHG
SZX,KHH
SZX,KHN
SZX,KIX
SZX,KMG
SZX,KUL
SZX,KWE
SZX,LAX
SZX,LJG
SZX,LYA
SZX,LYG
SZX,LYI
SZX,LZH
SZX,LZO
SZX,MEX
SZX,MIG
SZX,MNL
SZX,NAO
SZX,NGB
SZX,NGO
SZX,NKG
SZX,NNG
SZX,NNY
SZX,NRT
SZX,PEK
SZX,PEN
SZX,PNH
SZX,PVG
SZX,RUH
SZX,SGN
SZX,SHA
SZX,SHE
SZX,SYD
SZX,SYX
SZX,TAO
SZX,TIJ
SZX,TNA
SZX,TPE
SZX,TSN
SZX,TYN
SZX,URC
SZX,WNH
SZX,WNZ
SZX,WUH
SZX,WUX
SZX,XFN
SZX,XIC
SZX,XIY
SZX,XNN
SZX,XUZ
SZX,YBP
SZX,YIH
SZX,YIW
SZX,YNT
SZX,YNZ
SZX,YTY
SZX,YVR
SZX,ZAT
SZX,ZYI
SZX,ACX
SZX,DOY
SZX,NTG
SZX,SIN
SZX,SJW
SZX,TXN
SZX,UYN
SZX,WUS
SZX,YCU
SZX,LHW
SZX,YIC
SZX,JUH
SZX,TLQ
SZX,LPF
SZX,RIZ
SZX,LFQ
SZX,WDS
SZX,SQD
SZX,WMT
SZX,XAI
SZX,BZX
SZX,PKX
SZX,AKL
SZX,YLX
SZX,SHS
SZX,TFU
SZX,HZA
SZX,WHA
SZX,DZH
SZX,EHU
SZX,HQQ
SZY,KRK
SZY,STN
SZZ,DUB
SZZ,KRK
SZZ,LPL
SZZ,STN
SZZ,OSL
SZZ,TRF
SZZ,WAW
TAB,FRA
TAB,BGI
TAB,JFK
TAB,POS
TAB,UVF
TAC,CEB
TAC,CRK
TAC,MNL
TAE,BKK
TAE,CEB
TAE,CJU
TAE,CXR
TAE,DAD
TAE,DYG
TAE,FUK
TAE,ICN
TAE,KIX
TAE,NRT
TAE,PVG
TAE,TPE
TAE,YNJ
TAE,UBN
TAG,DVO
TAG,ENI
TAG,ICN
TAG,MNL
TAG,PUS
TAH,AUY
TAH,AWD
TAH,FTA
TAH,IPA
TAH,VLI
TAK,HKG
TAK,HND
TAK,ICN
TAK,NRT
TAK,OKA
TAK,PVG
TAK,TPE
TAL,FAI
TAL,HSL
TAL,HUS
TAL,RBY
TAM,CUN
TAM,IAH
TAM,MAM
TAM,MEX
TAM,MTY
TAM,VER
TAM,NLU
TAO,LHR
TAO,SVO
TAO,AQG
TAO,BAV
TAO,BKK
TAO,CAN
TAO,CGO
TAO,CGQ
TAO,CIF
TAO,CKG
TAO,CSX
TAO,CTU
TAO,CZX
TAO,DAT
TAO,DLC
TAO,DSN
TAO,DXB
TAO,DYG
TAO,FOC
TAO,FUG
TAO,HAK
TAO,HET
TAO,HFE
TAO,HGH
TAO,HKG
TAO,HLD
TAO,HND
TAO,HNY
TAO,HRB
TAO,HSN
TAO,HYN
TAO,ICN
TAO,INC
TAO,JDZ
TAO,JJN
TAO,JMU
TAO,JNG
TAO,JUZ
TAO,JXA
TAO,KHN
TAO,KIX
TAO,KMG
TAO,KTM
TAO,KWE
TAO,KWL
TAO,LJG
TAO,MDG
TAO,MEL
TAO,MFM
TAO,MIG
TAO,NGB
TAO,NGO
TAO,NKG
TAO,NNG
TAO,NRT
TAO,PEK
TAO,PUS
TAO,PVG
TAO,SHA
TAO,SHE
TAO,SWA
TAO,SYD
TAO,SZX
TAO,TNH
TAO,TPE
TAO,TYN
TAO,URC
TAO,WNZ
TAO,WUH
TAO,WUX
TAO,XFN
TAO,XIY
TAO,XMN
TAO,YBP
TAO,YIH
TAO,YIW
TAO,YNJ
TAO,ZUH
TAO,DQA
TAO,NDG
TAO,SIN
TAO,UYN
TAO,WUS
TAO,YCU
TAO,LHW
TAO,SQJ
TAO,SQD
TAO,CDE
TAO,WMT
TAO,BZX
TAO,TFU
TAO,WHA
TAO,DZH
TAP,GDL
TAP,MEX
TAP,MTY
TAP,TIJ
TAS,ESB
TAS,BUD
TAS,FRA
TAS,IST
TAS,LGW
TAS,LHR
TAS,MXP
TAS,MSQ
TAS,DME
TAS,SVO
TAS,VKO
TAS,MUC
TAS,CDG
TAS,PRG
TAS,RIX
TAS,FCO
TAS,SSH
TAS,LED
TAS,TBS
TAS,WAW
TAS,TLV
TAS,KZN
TAS,GOJ
TAS,KUF
TAS,AER
TAS,ALA
TAS,AUH
TAS,GYD
TAS,BHK
TAS,BKK
TAS,BOM
TAS,BUS
TAS,CGK
TAS,CXR
TAS,DEL
TAS,DOH
TAS,DXB
TAS,DYU
TAS,FEG
TAS,FRU
TAS,GRV
TAS,HKT
TAS,ICN
TAS,IKT
TAS,JED
TAS,JFK
TAS,KBL
TAS,KHV
TAS,KJA
TAS,KSQ
TAS,KUL
TAS,KWI
TAS,MCX
TAS,MRV
TAS,NCU
TAS,NJC
TAS,NRT
TAS,OVB
TAS,PEK
TAS,PVG
TAS,SGC
TAS,SHJ
TAS,SVX
TAS,TJM
TAS,TMJ
TAS,UFA
TAS,URC
TAS,VVO
TAS,XIY
TAS,NMA
TAS,SKD
TAS,UGC
TAS,ZIA
TAS,PKX
TAS,TFU
TAS,NVI
TAS,NQZ
TAT,LTN
TAT,STN
TAY,HEL
TAZ,ASB
TAZ,CRZ
TAZ,KRW
TAZ,MYP
TBB,HAN
TBB,SGN
TBF,AIS
TBF,TRW
TBF,NIG
TBF,TMN
TBG,HGU
TBG,POM
TBG,UNG
TBN,BNA
TBN,DFW
TBO,DAR
TBO,NPY
TBP,LIM
TBS,AMS
TBS,ESB
TBS,AYT
TBS,ATH
TBS,DTM
TBS,DUS
TBS,HAM
TBS,IST
TBS,SAW
TBS,ADB
TBS,LCA
TBS,BGY
TBS,MSQ
TBS,VKO
TBS,MUC
TBS,NCE
TBS,CDG
TBS,PRG
TBS,RIX
TBS,LED
TBS,STR
TBS,SKG
TBS,WAW
TBS,VIE
TBS,RMO
TBS,TLV
TBS,AMM
TBS,EVN
TBS,KZN
TBS,KUF
TBS,AER
TBS,ALA
TBS,AUH
TBS,BAH
TBS,GYD
TBS,BER
TBS,DEL
TBS,DMM
TBS,DOH
TBS,DXB
TBS,DYU
TBS,IKA
TBS,JED
TBS,KWI
TBS,RUH
TBS,SCO
TBS,SHJ
TBS,SVX
TBS,TAS
TBS,URC
TBS,ZIA
TBS,NQZ
TBT,ERN
TBT,MAO
TBT,TFF
TBU,HPA
TBU,NAN
TBU,SYD
TBU,VAV
TBU,EUA
TBU,AKL
TBW,VKO
TBW,LED
TBZ,IST
TBZ,SAW
TBZ,ASR
TBZ,BND
TBZ,KSH
TBZ,MHD
TBZ,SYZ
TBZ,THR
TBZ,PGU
TCA,ASP
TCA,KTR
TCG,AAT
TCG,CGO
TCG,URC
TCG,XIY
TCG,YIN
TCG,TLQ
TCG,SHF
TCG,TFU
TCG,ZFL
TCO,BOG
TCO,CLO
TCQ,LIM
TCR,BLR
TCR,MAA
TCT,MRI
TCX,THR
TCZ,CAN
TCZ,CGO
TCZ,CKG
TCZ,CSX
TCZ,JHG
TCZ,KMG
TCZ,WUH
TCZ,XIY
TCZ,TFU
TDD,CBB
TDD,CIJ
TDD,GYA
TDD,LPB
TDD,RIB
TDD,VVI
TDK,USJ
TDK,NQZ
TDX,BKK
TEB,ACK
TEB,MVY
TEC,CWB
TEE,ALG
TEI,DIB
TEK,MRI
TEN,CGO
TEN,FOC
TEN,HAK
TEN,HGH
TEN,JHG
TEN,KWE
TEN,LLB
TEN,NGB
TEN,NKG
TEN,PVG
TEN,SWA
TEN,WNZ
TEN,WUX
TEN,XIY
TEN,XMN
TEN,ACX
TEN,WMT
TEN,PKX
TEN,TFU
TEQ,ESB
TER,LIS
TER,OPO
TER,BOS
TER,FLW
TER,GRW
TER,HOR
TER,JFK
TER,OAK
TER,PDL
TER,PIX
TER,YYZ
TER,SJZ
TET,APL
TET,BEW
TET,JNB
TET,MPM
TET,POL
TET,UEL
TEX,DEN
TEX,PHX
TEZ,CCU
TEZ,GAU
TEZ,IXI
TFF,MAO
TFF,PIN
TFF,TBT
TFF,IRZ
TFL,CNF
TFN,ALC
TFN,ACE
TFN,BCN
TFN,BIO
TFN,FUE
TFN,FNC
TFN,GRX
TFN,XRY
TFN,SPC
TFN,LPA
TFN,MAD
TFN,AGP
TFN,OVD
TFN,PMI
TFN,SDR
TFN,SCQ
TFN,SVQ
TFN,VLC
TFN,VLL
TFN,VGO
TFN,ZAZ
TFN,LEN
TFN,CCS
TFN,GMZ
TFN,VDE
TFS,AAL
TFS,AGA
TFS,AEY
TFS,AMS
TFS,ANR
TFS,ACE
TFS,BCN
TFS,BSL
TFS,BFS
TFS,BGO
TFS,BIO
TFS,BHX
TFS,BUD
TFS,BLQ
TFS,BOD
TFS,BOH
TFS,BES
TFS,BRS
TFS,BRQ
TFS,BRU
TFS,CRL
TFS,OTP
TFS,CWL
TFS,CMN
TFS,CGN
TFS,ORK
TFS,DUB
TFS,DUS
TFS,EDI
TFS,EIN
TFS,FRA
TFS,HHN
TFS,FUE
TFS,FNC
TFS,GDN
TFS,GVA
TFS,GLA
TFS,PIK
TFS,GOT
TFS,GRZ
TFS,HAM
TFS,HAJ
TFS,HEL
TFS,FKB
TFS,KTW
TFS,NOC
TFS,CPH
TFS,KRK
TFS,SPC
TFS,LPA
TFS,LBA
TFS,LEJ
TFS,LIS
TFS,LPL
TFS,LGW
TFS,LHR
TFS,LTN
TFS,STN
TFS,LGG
TFS,LUX
TFS,LYS
TFS,MAD
TFS,AGP
TFS,MAN
TFS,RAK
TFS,MRS
TFS,BGY
TFS,MXP
TFS,MUC
TFS,NTE
TFS,NAP
TFS,NCL
TFS,NCE
TFS,NRN
TFS,EMA
TFS,NUE
TFS,OST
TFS,OSL
TFS,OVD
TFS,BVA
TFS,CDG
TFS,ORY
TFS,PSA
TFS,OPO
TFS,PRG
TFS,KEF
TFS,RIX
TFS,LIL
TFS,FCO
TFS,RTM
TFS,SZG
TFS,SCQ
TFS,SVQ
TFS,SNN
TFS,SVG
TFS,ARN
TFS,STR
TFS,TLL
TFS,TLS
TFS,VLC
TFS,TSF
TFS,VCE
TFS,VRN
TFS,VNO
TFS,WAW
TFS,VIE
TFS,ZRH
TFS,FMM
TFS,BER
TFS,BJL
TFS,BVC
TFS,EWR
TFS,FAE
TFS,WMI
TFU,CAI
TFU,FRA
TFU,IST
TFU,LHR
TFU,SVO
TFU,FCO
TFU,LED
TFU,AAT
TFU,ADD
TFU,AEB
TFU,AKU
TFU,AOG
TFU,AQG
TFU,BAV
TFU,BHY
TFU,BKK
TFU,BSD
TFU,CAN
TFU,CGD
TFU,CGK
TFU,CGO
TFU,CGQ
TFU,CIH
TFU,CMB
TFU,CNX
TFU,CSX
TFU,CXR
TFU,CZX
TFU,DAT
TFU,DIG
TFU,DLC
TFU,DLU
TFU,DMK
TFU,DNH
TFU,DOH
TFU,DSN
TFU,DXB
TFU,DYG
TFU,ENH
TFU,ENY
TFU,FOC
TFU,FRU
TFU,HAK
TFU,HAN
TFU,HET
TFU,HFE
TFU,HGH
TFU,HIA
TFU,HKG
TFU,HKT
TFU,HMI
TFU,HNY
TFU,HRB
TFU,HSC
TFU,HTN
TFU,HUZ
TFU,HYN
TFU,ICN
TFU,INC
TFU,IQN
TFU,JDZ
TFU,JGN
TFU,JGS
TFU,JHG
TFU,JIQ
TFU,JIU
TFU,JJN
TFU,JNG
TFU,JNZ
TFU,JUZ
TFU,JZH
TFU,KCA
TFU,KHG
TFU,KHN
TFU,KIX
TFU,KLO
TFU,KMG
TFU,KOW
TFU,KRL
TFU,KRY
TFU,KTM
TFU,KUL
TFU,KWE
TFU,KWL
TFU,LAX
TFU,LJG
TFU,LNJ
TFU,LUM
TFU,LXA
TFU,LYG
TFU,LYI
TFU,LZH
TFU,LZY
TFU,MEL
TFU,MFM
TFU,MLE
TFU,MNL
TFU,MPH
TFU,NGB
TFU,NKG
TFU,NNG
TFU,NRT
TFU,PEK
TFU,PNH
TFU,PVG
TFU,SGN
TFU,SHA
TFU,SHE
TFU,SWA
TFU,SYD
TFU,SYX
TFU,SZX
TFU,TAO
TFU,TAS
TFU,TCZ
TFU,TNA
TFU,TPE
TFU,TSA
TFU,TSN
TFU,TVS
TFU,TYN
TFU,URC
TFU,USM
TFU,VTE
TFU,WEF
TFU,WEH
TFU,WNH
TFU,WNZ
TFU,WUA
TFU,WUH
TFU,WUX
TFU,WUZ
TFU,XFN
TFU,XIC
TFU,XIY
TFU,XMN
TFU,XNN
TFU,XUZ
TFU,YIH
TFU,YIN
TFU,YIW
TFU,YNT
TFU,YNZ
TFU,YTY
TFU,YUS
TFU,YVR
TFU,ZHA
TFU,ZHY
TFU,ZUH
TFU,ZYI
TFU,ACX
TFU,DOY
TFU,FUO
TFU,NTG
TFU,RLK
TFU,SIN
TFU,SJW
TFU,SYM
TFU,TCG
TFU,UYN
TFU,WUS
TFU,YCU
TFU,LHW
TFU,DCY
TFU,YIC
TFU,JUH
TFU,GXH
TFU,LLV
TFU,AHJ
TFU,GYU
TFU,TLQ
TFU,RIZ
TFU,LFQ
TFU,SHF
TFU,WDS
TFU,WUT
TFU,BAR
TFU,SQD
TFU,WMT
TFU,XAI
TFU,TWC
TFU,PKX
TFU,AKL
TFU,GZG
TFU,YLX
TFU,SHS
TFU,CQW
TFU,HZA
TFU,WHA
TFU,HCZ
TFU,DZH
TFU,EHU
TFU,DXJ
TFU,TEN
TFU,ACF
TGC,KCH
TGD,ESB
TGD,ATH
TGD,BEG
TGD,BUD
TGD,BTS
TGD,CRL
TGD,DTM
TGD,FRA
TGD,GDN
TGD,IST
TGD,SAW
TGD,ADB
TGD,KTW
TGD,CPH
TGD,KRK
TGD,LJU
TGD,LGW
TGD,STN
TGD,LYS
TGD,MAN
TGD,MXP
TGD,NTE
TGD,CDG
TGD,ORY
TGD,LIL
TGD,FCO
TGD,WAW
TGD,VIE
TGD,WRO
TGD,ZAG
TGD,ZRH
TGD,FMM
TGD,OSR
TGD,ALA
TGD,BER
TGD,RUH
TGD,NQZ
TGG,KUL
TGG,SZB
TGI,LIM
TGJ,GEA
TGJ,LIF
TGM,BUD
TGM,LTN
TGO,BAV
TGO,CGO
TGO,CIF
TGO,DSN
TGO,ERL
TGO,HET
TGO,HGH
TGO,HLD
TGO,HLH
TGO,HRB
TGO,PEK
TGO,PVG
TGO,TNA
TGO,TSN
TGO,WUA
TGO,XIL
TGO,XIY
TGO,RLK
TGO,SJW
TGO,NZH
TGO,HUO
TGO,PKX
TGP,KJA
TGP,KCY
TGR,ALG
TGR,CZL
TGT,ZNZ
TGU,LCE
TGU,RTB
TGU,SAP
TGU,PEU
TGZ,BJX
TGZ,CUN
TGZ,GDL
TGZ,GUA
TGZ,MEX
TGZ,MID
TGZ,MTY
TGZ,TIJ
TGZ,NLU
THD,CXR
THD,SGN
THE,BEL
THE,BSB
THE,CNF
THE,FOR
THE,GRU
THE,REC
THE,VCP
THE,SLZ
THL,HEH
THL,LSH
THL,MDL
THL,RGN
THN,BMA
THN,VBY
THO,AEY
THO,VPN
THQ,CKG
THQ,TSN
THR,ABD
THR,ACZ
THR,ADU
THR,AWZ
THR,AZD
THR,BJB
THR,BND
THR,BUZ
THR,BXR
THR,CQD
THR,DEF
THR,GSM
THR,IFN
THR,KER
THR,KHD
THR,KIH
THR,KSH
THR,LRR
THR,MHD
THR,SRY
THR,SYZ
THR,TBZ
THR,TCX
THR,XBJ
THR,ZAH
THR,ZBR
THR,ACP
THR,GBT
THR,IIL
THR,KHY
THR,PFQ
THR,PGU
THR,RAS
THR,RZR
THR,YES
THR,OMH
THR,GCH
THR,SYJ
THR,IHR
THR,JYR
THS,BKK
THU,NAQ
THU,SVR
THX,KJA
THX,KCY
TIA,AMS
TIA,AOI
TIA,ESB
TIA,AYT
TIA,ATH
TIA,BCN
TIA,BRI
TIA,BSL
TIA,BEG
TIA,BHX
TIA,BUD
TIA,BLQ
TIA,BDS
TIA,BRS
TIA,BRU
TIA,CRL
TIA,OTP
TIA,CTA
TIA,CGN
TIA,CFU
TIA,DTM
TIA,DBV
TIA,DUS
TIA,EDI
TIA,EIN
TIA,FRA
TIA,HHN
TIA,GDN
TIA,GVA
TIA,GOA
TIA,HAM
TIA,HER
TIA,IST
TIA,SAW
TIA,ADB
TIA,FKB
TIA,KTW
TIA,CPH
TIA,KGS
TIA,KRK
TIA,LEJ
TIA,LHR
TIA,LTN
TIA,STN
TIA,LYS
TIA,MAD
TIA,MMX
TIA,MAN
TIA,MRS
TIA,BGY
TIA,MXP
TIA,MUC
TIA,NAP
TIA,NCE
TIA,NRN
TIA,NUE
TIA,OSL
TIA,TRF
TIA,BVA
TIA,CDG
TIA,ORY
TIA,PEG
TIA,PSR
TIA,PSA
TIA,POZ
TIA,PRG
TIA,PRN
TIA,REG
TIA,RHO
TIA,RIX
TIA,RMI
TIA,CIA
TIA,FCO
TIA,SPU
TIA,ARN
TIA,NYO
TIA,STR
TIA,SKG
TIA,TRS
TIA,TRN
TIA,VLC
TIA,TSF
TIA,VRN
TIA,WAW
TIA,VIE
TIA,WRO
TIA,ZAG
TIA,ZTH
TIA,ZRH
TIA,FMM
TIA,TLV
TIA,AUH
TIA,BER
TIA,CIY
TIA,DXB
TIA,KWI
TIA,MCT
TIA,RUH
TIA,WMI
TIA,RDO
TID,ALG
TIF,CAI
TIF,IST
TIF,AHB
TIF,DMM
TIF,DOH
TIF,DXB
TIF,JED
TIF,KWI
TIF,RUH
TIF,SHJ
TIF,SHW
TIF,GIZ
TIH,PPT
TIH,RGI
TIJ,ACA
TIJ,AGU
TIJ,BJX
TIJ,CEN
TIJ,CJS
TIJ,CLQ
TIJ,CUL
TIJ,CUN
TIJ,CUU
TIJ,DGO
TIJ,GDL
TIJ,HMO
TIJ,LAP
TIJ,LMM
TIJ,LTO
TIJ,MEX
TIJ,MLM
TIJ,MTY
TIJ,MZT
TIJ,OAX
TIJ,PBC
TIJ,PHX
TIJ,PVR
TIJ,QRO
TIJ,SZX
TIJ,TAP
TIJ,TGZ
TIJ,TLC
TIJ,TPQ
TIJ,TRC
TIJ,UPN
TIJ,VER
TIJ,ZCL
TIJ,ZIH
TIJ,SJD
TIJ,SLP
TIJ,NLU
TIM,DJJ
TIM,UPG
TIM,NBX
TIM,SOQ
TIM,WMX
TIM,EWE
TIN,ALG
TIN,ORN
TIN,AZR
TIN,CBH
TIN,CZL
TIQ,SPN
TIR,BLR
TIR,BOM
TIR,HYD
TIR,IXG
TIR,KLH
TIR,VTZ
TIR,VGA
TIR,GBI
TIR,RQY
TIU,WLG
TIV,BEG
TIV,BHX
TIV,BRS
TIV,BRQ
TIV,BRU
TIV,DUS
TIV,FRA
TIV,GVA
TIV,HEL
TIV,IST
TIV,ADB
TIV,CPH
TIV,LJU
TIV,LGW
TIV,LTN
TIV,STN
TIV,LUX
TIV,MAN
TIV,MUC
TIV,OSL
TIV,ORY
TIV,PRG
TIV,PRN
TIV,RIX
TIV,ARN
TIV,STR
TIV,VIE
TIV,ZRH
TIV,TLV
TIV,EVN
TIV,INI
TIV,GYD
TIV,BER
TIV,DXB
TIV,KWI
TIV,KVO
TIZ,HGU
TIZ,POM
TIZ,WBM
TJA,CBB
TJA,LPB
TJA,VVI
TJH,ITM
TJK,IST
TJK,SAW
TJL,VCP
TJM,AYT
TJM,SVO
TJM,VKO
TJM,LED
TJM,EVN
TJM,KZN
TJM,GOJ
TJM,KUF
TJM,AER
TJM,GYD
TJM,DWC
TJM,HMA
TJM,IGT
TJM,KJA
TJM,LBD
TJM,MCX
TJM,MRV
TJM,NBC
TJM,NJC
TJM,NOJ
TJM,NSK
TJM,NUX
TJM,NYA
TJM,NYM
TJM,OSS
TJM,OVB
TJM,PEE
TJM,SGC
TJM,SVX
TJM,TAS
TJM,TOF
TJM,UFA
TJM,URJ
TJM,VOG
TJM,EYK
TJM,EZV
TJM,IRM
TJM,KKQ
TJM,SLY
TJN,MKP
TJN,RRR
TJQ,CGK
TJQ,PGK
TJS,BPN
TJU,DME
TJU,LED
TJU,ZIA
TKD,ACC
TKE,AGN
TKE,JNU
TKF,SQL
TKG,BTH
TKG,CGK
TKG,DPS
TKJ,CKX
TKJ,CZN
TKJ,DJN
TKJ,HKB
TKJ,ORT
TKK,GUM
TKK,PNI
TKM,IKT
TKM,KJA
TKM,UUD
TKM,KCY
TKN,ASJ
TKN,ITM
TKN,KOJ
TKN,OKE
TKP,PPT
TKP,TKX
TKQ,BJM
TKQ,DAR
TKS,CTS
TKS,FUK
TKS,HKG
TKS,HND
TKU,GDN
TKU,RIX
TKU,FCO
TKU,ARN
TKU,MHQ
TKV,PPT
TKV,PUK
TKX,PPT
TKX,TKP
TLA,KTS
TLA,OME
TLC,CUN
TLC,GDL
TLC,MID
TLC,MTY
TLC,PVR
TLC,QRO
TLC,TIJ
TLC,SJD
TLE,TNR
TLH,ATL
TLH,CLT
TLH,DCA
TLH,DFW
TLH,FLL
TLH,PBI
TLH,RDU
TLH,SBN
TLH,TPA
TLH,MIA
TLI,PLW
TLK,IKT
TLK,KJA
TLK,OVB
TLK,ULK
TLK,KCY
TLL,AMS
TLL,AYT
TLL,ATH
TLL,BCN
TLL,BLL
TLL,BRU
TLL,BOJ
TLL,DUB
TLL,DBV
TLL,FRA
TLL,GVA
TLL,HEL
TLL,HER
TLL,HRG
TLL,IST
TLL,CPH
TLL,LPA
TLL,LGW
TLL,LTN
TLL,STN
TLL,AGP
TLL,MLA
TLL,BGY
TLL,MXP
TLL,MUC
TLL,NCE
TLL,OSL
TLL,PFO
TLL,PMI
TLL,CDG
TLL,ORY
TLL,PRG
TLL,RHO
TLL,RIX
TLL,CIA
TLL,SZG
TLL,SSH
TLL,SPU
TLL,ARN
TLL,TMP
TLL,TFS
TLL,TSF
TLL,VNO
TLL,WAW
TLL,VIE
TLL,ZRH
TLL,URE
TLL,BER
TLL,DXB
TLL,KDL
TLM,LYS
TLM,MRS
TLM,CDG
TLM,ORY
TLM,LIL
TLM,ALG
TLM,ORN
TLN,AJA
TLN,BIA
TLN,BOD
TLN,BES
TLN,LGW
TLN,LUX
TLN,NTE
TLN,ORY
TLN,RTM
TLN,FSC
TLQ,AAT
TLQ,AKU
TLQ,BPL
TLQ,CAN
TLQ,CSX
TLQ,CZX
TLQ,DNH
TLQ,DSN
TLQ,HFE
TLQ,KCA
TLQ,KHG
TLQ,KJI
TLQ,KRL
TLQ,KRY
TLQ,PVG
TLQ,SZX
TLQ,TYN
TLQ,WUX
TLQ,XIY
TLQ,YIN
TLQ,FUO
TLQ,TCG
TLQ,FYN
TLQ,RQA
TLQ,TFU
TLQ,ACF
TLS,AGA
TLS,AJA
TLS,ALC
TLS,AMS
TLS,ACE
TLS,ATH
TLS,BRI
TLS,BSL
TLS,BIA
TLS,BHX
TLS,BUD
TLS,BLQ
TLS,BES
TLS,BRS
TLS,BRU
TLS,CRL
TLS,CLY
TLS,CMN
TLS,CTA
TLS,CFU
TLS,DJE
TLS,DUB
TLS,DBV
TLS,EDI
TLS,FAO
TLS,FEZ
TLS,FLR
TLS,FRA
TLS,FUE
TLS,GVA
TLS,HAJ
TLS,HER
TLS,IBZ
TLS,IST
TLS,CPH
TLS,KRK
TLS,LPA
TLS,LIS
TLS,LGW
TLS,LHR
TLS,STN
TLS,LRT
TLS,LUX
TLS,LYS
TLS,MAD
TLS,MAH
TLS,AGP
TLS,MLA
TLS,RAK
TLS,MRS
TLS,BGY
TLS,MXP
TLS,MUC
TLS,NDR
TLS,NTE
TLS,NAP
TLS,NCE
TLS,OLB
TLS,OUD
TLS,PFO
TLS,PMO
TLS,PMI
TLS,CDG
TLS,ORY
TLS,OPO
TLS,RNS
TLS,RHO
TLS,LIL
TLS,FCO
TLS,JTR
TLS,SVQ
TLS,SPU
TLS,TNG
TLS,TFS
TLS,TPS
TLS,TUN
TLS,VLC
TLS,TSF
TLS,VCE
TLS,ZAD
TLS,ETZ
TLS,SXB
TLS,FSC
TLS,CFR
TLS,ALG
TLS,RBA
TLS,ORN
TLS,BER
TLS,CZL
TLS,DOH
TLS,DXB
TLS,SNR
TLS,YUL
TLS,DSS
TLT,BET
TLU,EOH
TLV,AMS
TLV,ANR
TLV,GPA
TLV,ATH
TLV,BCN
TLV,BRI
TLV,BSL
TLV,BEG
TLV,BGO
TLV,BUD
TLV,BLQ
TLV,BRU
TLV,CRL
TLV,OTP
TLV,BOJ
TLV,CAI
TLV,CMN
TLV,CTA
TLV,CHQ
TLV,CGN
TLV,CFU
TLV,DUB
TLV,DUS
TLV,FRA
TLV,GVA
TLV,HER
TLV,FKB
TLV,KTW
TLV,KUN
TLV,KGS
TLV,KRK
TLV,LCA
TLV,MJT
TLV,LIS
TLV,LJU
TLV,LGW
TLV,LHR
TLV,LTN
TLV,LYS
TLV,MAD
TLV,AGP
TLV,MLA
TLV,MAN
TLV,RAK
TLV,MRS
TLV,BGY
TLV,MXP
TLV,DME
TLV,MUC
TLV,JMK
TLV,NAP
TLV,NCE
TLV,OSL
TLV,PFO
TLV,CDG
TLV,ORY
TLV,OPO
TLV,POZ
TLV,PRG
TLV,PVK
TLV,RHO
TLV,RIX
TLV,FCO
TLV,SZG
TLV,JTR
TLV,SOF
TLV,TBS
TLV,SKG
TLV,TIA
TLV,TRN
TLV,VAR
TLV,TSF
TLV,VCE
TLV,VRN
TLV,VNO
TLV,WAW
TLV,VIE
TLV,ZRH
TLV,TIV
TLV,CLJ
TLV,RMO
TLV,FMM
TLV,EFL
TLV,KLX
TLV,IAS
TLV,AER
TLV,ADD
TLV,AUH
TLV,GYD
TLV,BER
TLV,BKK
TLV,BOM
TLV,BOS
TLV,BUS
TLV,CMB
TLV,DEB
TLV,DEL
TLV,DXB
TLV,EWR
TLV,FLL
TLV,HKG
TLV,HKT
TLV,IAD
TLV,JFK
TLV,JSH
TLV,LAX
TLV,NRT
TLV,ORD
TLV,SEZ
TLV,SFO
TLV,SZX
TLV,TAS
TLV,YUL
TLV,YYZ
TLV,ZNZ
TLV,SKD
TLV,ETM
TLV,MIA
TLV,PZY
TLY,VVO
TMC,DPS
TMC,KOE
TME,BOG
TMF,MLE
TMH,DJJ
TMH,MKQ
TMI,KTM
TMJ,VKO
TMJ,LED
TMJ,TAS
TML,ACC
TMM,RUN
TMM,TNR
TMN,TBF
TMP,KTT
TMP,CPH
TMP,LPA
TMP,AGP
TMP,PMI
TMP,RHO
TMP,RIX
TMP,TLL
TMR,ALG
TMR,ORN
TMR,AZR
TMR,BMW
TMR,CZL
TMR,DJG
TMR,ELG
TMR,ELU
TMR,GHA
TMR,INZ
TMR,OGX
TMR,VVZ
TMR,INF
TMS,LIS
TMS,ACC
TMS,LAD
TMS,LBV
TMS,LFW
TMS,PCP
TMT,MAO
TMT,STM
TMW,BNE
TMW,SYD
TMX,ALG
TMX,ORN
TNA,BKK
TNA,CAN
TNA,CGQ
TNA,CIF
TNA,CKG
TNA,CSX
TNA,CTU
TNA,DLC
TNA,DMK
TNA,DSN
TNA,DYG
TNA,ENH
TNA,FOC
TNA,GYS
TNA,HAK
TNA,HET
TNA,HKG
TNA,HLD
TNA,HRB
TNA,HSN
TNA,HUZ
TNA,HYN
TNA,ICN
TNA,INC
TNA,IQN
TNA,JGS
TNA,JHG
TNA,JJN
TNA,JMU
TNA,JUZ
TNA,JXA
TNA,KHG
TNA,KHN
TNA,KIX
TNA,KMG
TNA,KOW
TNA,KWE
TNA,KWL
TNA,LJG
TNA,LZO
TNA,MIG
TNA,NAO
TNA,NNG
TNA,PUS
TNA,PVG
TNA,SHA
TNA,SHE
TNA,SWA
TNA,SYD
TNA,SYX
TNA,SZX
TNA,URC
TNA,WEH
TNA,WNZ
TNA,WUH
TNA,XFN
TNA,XIY
TNA,XMN
TNA,XNN
TNA,YBP
TNA,YIH
TNA,YIW
TNA,YNT
TNA,ZHA
TNA,ZUH
TNA,NDG
TNA,SIN
TNA,TGO
TNA,UYN
TNA,WUS
TNA,LHW
TNA,WMT
TNA,BZX
TNA,SHS
TNA,TFU
TNA,CQW
TNA,EHU
TNC,OME
TNC,WAA
TNE,ITM
TNE,KOJ
TNG,AGA
TNG,AHU
TNG,AMS
TNG,ANR
TNG,BCN
TNG,BIO
TNG,BOD
TNG,BRU
TNG,CRL
TNG,CAI
TNG,CCF
TNG,CMN
TNG,CGN
TNG,DUS
TNG,EIN
TNG,IST
TNG,SAW
TNG,FKB
TNG,LPA
TNG,LIS
TNG,LGW
TNG,STN
TNG,LGG
TNG,LYS
TNG,MAD
TNG,AGP
TNG,MAN
TNG,RAK
TNG,MRS
TNG,BGY
TNG,MPL
TNG,NDR
TNG,NTE
TNG,NRN
TNG,OUD
TNG,PMI
TNG,BVA
TNG,CDG
TNG,ORY
TNG,OPO
TNG,CIA
TNG,RTM
TNG,TLS
TNG,VLC
TNG,OZZ
TNG,FMM
TNG,ESU
TNG,RBA
TNH,DLC
TNH,PEK
TNH,TAO
TNH,TSN
TNH,YNT
TNJ,CGK
TNJ,SIQ
TNK,BET
TNN,KNH
TNN,MZG
TNO,NOB
TNO,SJO
TNR,CDG
TNR,ADD
TNR,DIE
TNR,FTU
TNR,JNB
TNR,MJN
TNR,MRU
TNR,NBO
TNR,RUN
TNR,TMM
TNR,MOQ
TNR,NOS
TNR,SMS
TNR,SVB
TNR,TLE
TNR,WMN
TOB,MJI
TOE,ORY
TOE,TUN
TOF,DME
TOF,SVO
TOF,LED
TOF,KZN
TOF,GOJ
TOF,KUF
TOF,AER
TOF,ASF
TOF,HKT
TOF,KJA
TOF,MCX
TOF,OVB
TOF,SGC
TOF,SVX
TOF,SWT
TOF,TJM
TOF,UUD
TOF,KCY
TOH,MTV
TOH,SLH
TOL,PGD
TOL,PIE
TOL,SFB
TOM,BKO
TOS,ALF
TOS,AMS
TOS,BGO
TOS,BOO
TOS,DUS
TOS,FRA
TOS,GDN
TOS,HAM
TOS,EVE
TOS,HEL
TOS,KKN
TOS,CPH
TOS,LGW
TOS,LHR
TOS,LTN
TOS,MAD
TOS,BGY
TOS,MUC
TOS,OSL
TOS,CDG
TOS,ORY
TOS,RVN
TOS,ARN
TOS,STR
TOS,TRD
TOS,VIE
TOS,ZRH
TOS,LYR
TOS,ANX
TOS,BVG
TOS,HFT
TOS,HAA
TOS,HVG
TOS,LKL
TOS,SOJ
TOS,SKN
TOS,VDS
TOS,BER
TOY,CTS
TOY,DLC
TOY,HND
TOY,PVG
TPA,AMS
TPA,FRA
TPA,LGW
TPA,LHR
TPA,ZRH
TPA,ACY
TPA,ALB
TPA,ATL
TPA,AUS
TPA,BDL
TPA,BGR
TPA,BHM
TPA,BNA
TPA,BOS
TPA,BTV
TPA,BWI
TPA,CAK
TPA,CHS
TPA,CLE
TPA,CLT
TPA,CMH
TPA,CUN
TPA,CVG
TPA,DAL
TPA,DCA
TPA,DEN
TPA,DFW
TPA,DTW
TPA,EWR
TPA,EYW
TPA,FLL
TPA,GCM
TPA,GPT
TPA,GSP
TPA,HAV
TPA,HOU
TPA,HPN
TPA,HSV
TPA,HVN
TPA,IAD
TPA,IAH
TPA,ILG
TPA,ILM
TPA,IND
TPA,ISP
TPA,JFK
TPA,LAS
TPA,LAX
TPA,LGA
TPA,MCI
TPA,MDW
TPA,MEM
TPA,MEX
TPA,MHH
TPA,MHT
TPA,MKE
TPA,MSN
TPA,MSP
TPA,MSY
TPA,MYR
TPA,NAS
TPA,OMA
TPA,ORD
TPA,ORF
TPA,PBI
TPA,PDX
TPA,PHX
TPA,PIT
TPA,PNS
TPA,PTY
TPA,PUJ
TPA,PVD
TPA,PWM
TPA,RDU
TPA,RIC
TPA,ROC
TPA,SAN
TPA,SAT
TPA,SDF
TPA,SDQ
TPA,SEA
TPA,SFO
TPA,SPI
TPA,STL
TPA,SYR
TPA,TLH
TPA,TTN
TPA,XNA
TPA,YHM
TPA,YHZ
TPA,YOW
TPA,YUL
TPA,YYC
TPA,YYT
TPA,YYZ
TPA,SJU
TPA,SLC
TPA,SNA
TPA,PHL
TPA,MIA
TPA,BUF
TPE,AMS
TPE,FRA
TPE,IST
TPE,LHR
TPE,MXP
TPE,MUC
TPE,CDG
TPE,PRG
TPE,FCO
TPE,VIE
TPE,AKJ
TPE,AXT
TPE,BKI
TPE,BKK
TPE,BNE
TPE,BWN
TPE,CAN
TPE,CEB
TPE,CGK
TPE,CGO
TPE,CJJ
TPE,CJU
TPE,CKG
TPE,CNX
TPE,CRK
TPE,CTS
TPE,DAD
TPE,DMK
TPE,DPS
TPE,DXB
TPE,FKS
TPE,FOC
TPE,FUK
TPE,HAN
TPE,HGH
TPE,HIJ
TPE,HKD
TPE,HKG
TPE,HKT
TPE,HNA
TPE,HND
TPE,HSG
TPE,IAH
TPE,ICN
TPE,ISG
TPE,JFK
TPE,KCZ
TPE,KIJ
TPE,KIX
TPE,KMJ
TPE,KMQ
TPE,KOJ
TPE,KUL
TPE,LAX
TPE,MEL
TPE,MFM
TPE,MNL
TPE,MPH
TPE,MYJ
TPE,NGB
TPE,NGO
TPE,NKG
TPE,NRT
TPE,OKA
TPE,OKJ
TPE,ONT
TPE,ORD
TPE,PEK
TPE,PEN
TPE,PNH
TPE,PPS
TPE,PUS
TPE,PVG
TPE,RGN
TPE,ROR
TPE,SDJ
TPE,SEA
TPE,SFO
TPE,SGN
TPE,SYD
TPE,SZX
TPE,TAE
TPE,TAO
TPE,WUH
TPE,XMN
TPE,YVR
TPE,YYZ
TPE,IBR
TPE,PQC
TPE,SIN
TPE,TAK
TPE,AKL
TPE,TFU
TPJ,KTM
TPK,BTJ
TPP,CIX
TPP,IQT
TPP,LIM
TPQ,MEX
TPQ,TIJ
TPS,BLL
TPS,BLQ
TPS,BOD
TPS,BTS
TPS,CRL
TPS,FKB
TPS,KTW
TPS,STN
TPS,MLA
TPS,MAN
TPS,BGY
TPS,MXP
TPS,NAP
TPS,NRN
TPS,PNL
TPS,PSR
TPS,PSA
TPS,OPO
TPS,RIX
TPS,FCO
TPS,SVQ
TPS,TLS
TPS,TRN
TPS,TSF
TQA,JUV
TQA,IUI
TQI,AGM
TQO,FRA
TQO,ATL
TQO,CLT
TQO,DFW
TQO,EWR
TQO,GDL
TQO,IAH
TQO,JFK
TQO,LAX
TQO,MTY
TQO,ORD
TQO,PTY
TQO,YUL
TQO,YYC
TQO,YYZ
TQO,MIA
TQO,NLU
TQQ,DPS
TRC,CJS
TRC,CUN
TRC,DFW
TRC,GDL
TRC,MEX
TRC,QRO
TRC,SAT
TRC,TIJ
TRC,SJD
TRD,ALC
TRD,AMS
TRD,BGO
TRD,BOO
TRD,GDN
TRD,EVE
TRD,HEL
TRD,CPH
TRD,KRK
TRD,LPA
TRD,LGW
TRD,AGP
TRD,MUC
TRD,NCE
TRD,OSL
TRD,TRF
TRD,RIX
TRD,SPU
TRD,SVG
TRD,ARN
TRD,TOS
TRD,AES
TRD,BNN
TRD,MQN
TRD,MJF
TRD,RVK
TRD,SSJ
TRD,BER
TRD,FRO
TRD,OSY
TRE,GLA
TRE,COL
TRE,CSA
TRE,OBN
TRF,ALC
TRF,BCN
TRF,BGO
TRF,OTP
TRF,DBV
TRF,FLR
TRF,GDN
TRF,CPH
TRF,KRK
TRF,LPA
TRF,STN
TRF,AGP
TRF,MAN
TRF,BGY
TRF,NCE
TRF,PMI
TRF,PSA
TRF,POZ
TRF,RIX
TRF,SKP
TRF,SVG
TRF,SZZ
TRF,TIA
TRF,TRD
TRF,VNO
TRF,WAW
TRF,WRO
TRF,ZAG
TRF,WMI
TRG,CHC
TRG,WLG
TRG,AKL
TRI,ATL
TRI,CLT
TRI,DFW
TRI,PIE
TRI,SFB
TRK,BPN
TRK,CGK
TRK,SUB
TRK,AAP
TRK,LNU
TRN,AHO
TRN,ALC
TRN,AMS
TRN,ACE
TRN,BCN
TRN,BRI
TRN,BFS
TRN,BHX
TRN,BDS
TRN,BRS
TRN,CRL
TRN,OTP
TRN,CAG
TRN,CMN
TRN,CTA
TRN,CFU
TRN,DUB
TRN,EDI
TRN,FRA
TRN,IBZ
TRN,IST
TRN,CPH
TRN,KRK
TRN,SUF
TRN,LMP
TRN,LGW
TRN,LHR
TRN,LTN
TRN,STN
TRN,MAD
TRN,AGP
TRN,MLA
TRN,MAN
TRN,RAK
TRN,MUC
TRN,NAP
TRN,OLB
TRN,PMO
TRN,BVA
TRN,CDG
TRN,ORY
TRN,PSR
TRN,OPO
TRN,PRG
TRN,REG
TRN,FCO
TRN,SVQ
TRN,SNN
TRN,ARN
TRN,TIA
TRN,TPS
TRN,VLC
TRN,VNO
TRN,WAW
TRN,CRV
TRN,TLV
TRN,BCM
TRN,IAS
TRN,CIY
TRN,FOG
TRR,BTC
TRR,CMB
TRR,GIU
TRS,BCN
TRS,BRI
TRS,BUD
TRS,BDS
TRS,CRL
TRS,CAG
TRS,CTA
TRS,DUB
TRS,DUS
TRS,FRA
TRS,HAM
TRS,HAJ
TRS,KRK
TRS,STN
TRS,MLA
TRS,LIN
TRS,NAP
TRS,OLB
TRS,PMO
TRS,BVA
TRS,FCO
TRS,SVQ
TRS,TIA
TRS,VLC
TRS,BER
TRT,BPN
TRT,UPG
TRU,LIM
TRU,SCL
TRV,AUH
TRV,BAH
TRV,BLR
TRV,BOM
TRV,CMB
TRV,COK
TRV,DEL
TRV,DMM
TRV,DOH
TRV,DXB
TRV,HYD
TRV,KUL
TRV,KWI
TRV,MAA
TRV,MCT
TRV,MLE
TRV,SHJ
TRV,SIN
TRV,CNN
TRW,AAK
TRW,ABF
TRW,AEA
TRW,BBG
TRW,BEZ
TRW,CXI
TRW,INU
TRW,MAJ
TRW,MZK
TRW,NAN
TRW,KUC
TRW,MTK
TRW,TBF
TRW,TSU
TRW,NON
TRW,OOT
TRW,MNK
TRZ,AUH
TRZ,BLR
TRZ,BOM
TRZ,CMB
TRZ,DMK
TRZ,DOH
TRZ,DXB
TRZ,HYD
TRZ,IXE
TRZ,KUL
TRZ,KWI
TRZ,MAA
TRZ,MCT
TRZ,SHJ
TRZ,SIN
TSA,CKG
TSA,FOC
TSA,GMP
TSA,HND
TSA,HUN
TSA,KNH
TSA,LZN
TSA,MZG
TSA,PVG
TSA,SHA
TSA,TTT
TSA,WUH
TSA,XMN
TSA,MFK
TSA,TFU
TSF,ALC
TSF,ACE
TSF,BLL
TSF,BHX
TSF,BUD
TSF,CRL
TSF,OTP
TSF,CHQ
TSF,CFU
TSF,ORK
TSF,EIN
TSF,HHN
TSF,GDN
TSF,IBZ
TSF,KTW
TSF,CPH
TSF,KGS
TSF,KRK
TSF,LPA
TSF,LTN
TSF,MAH
TSF,AGP
TSF,MLA
TSF,RAK
TSF,MRS
TSF,EMA
TSF,PFO
TSF,PMI
TSF,BVA
TSF,OPO
TSF,POZ
TSF,PRG
TSF,RIX
TSF,SDR
TSF,SVQ
TSF,SKP
TSF,SOF
TSF,ARN
TSF,TLL
TSF,TFS
TSF,SKG
TSF,TSR
TSF,TIA
TSF,TLS
TSF,TPS
TSF,VLC
TSF,VNO
TSF,VIE
TSF,WRO
TSF,ZAZ
TSF,CLJ
TSF,CRV
TSF,TLV
TSF,AMM
TSF,BER
TSF,WMI
TSJ,FUK
TSJ,NGS
TSN,BEG
TSN,AQG
TSN,BAV
TSN,CAN
TSN,CGO
TSN,CGQ
TSN,CHG
TSN,CIF
TSN,CIH
TSN,CKG
TSN,CSX
TSN,CTU
TSN,DLC
TSN,DMK
TSN,DSN
TSN,DYG
TSN,ENH
TSN,ENY
TSN,FOC
TSN,FUG
TSN,HAK
TSN,HET
TSN,HFE
TSN,HGH
TSN,HKG
TSN,HLD
TSN,HND
TSN,HRB
TSN,HSN
TSN,ICN
TSN,INC
TSN,IQN
TSN,JDZ
TSN,JHG
TSN,JJN
TSN,JUZ
TSN,KHN
TSN,KIX
TSN,KMG
TSN,KWE
TSN,KWL
TSN,LJG
TSN,MFM
TSN,MIG
TSN,NAO
TSN,NGB
TSN,NGO
TSN,NNG
TSN,NRT
TSN,PVG
TSN,SHA
TSN,SHE
TSN,SYX
TSN,SZX
TSN,TNH
TSN,TYN
TSN,URC
TSN,WNZ
TSN,WUH
TSN,WXN
TSN,XIL
TSN,XIY
TSN,XMN
TSN,XNN
TSN,YBP
TSN,YIH
TSN,YIW
TSN,ZUH
TSN,DQA
TSN,NDG
TSN,NTG
TSN,SIN
TSN,TGO
TSN,THQ
TSN,UYN
TSN,YCU
TSN,LHW
TSN,YIC
TSN,LLV
TSN,LFQ
TSN,WDS
TSN,WUT
TSN,SQD
TSN,DBC
TSN,WMT
TSN,TFU
TSN,EHU
TSN,SZH
TSR,BCN
TSR,BRI
TSR,BLQ
TSR,CRL
TSR,OTP
TSR,DTM
TSR,FRA
TSR,HER
TSR,FKB
TSR,LTN
TSR,MAD
TSR,BGY
TSR,MUC
TSR,BVA
TSR,CIA
TSR,VLC
TSR,TSF
TSR,ZTH
TSR,FMM
TST,DMK
TSU,TRW
TSV,ADL
TSV,BNE
TSV,CNJ
TSV,CNS
TSV,DRW
TSV,HGD
TSV,ISA
TSV,MEL
TSV,MKY
TSV,SYD
TSV,WIN
TSV,PMK
TTA,CMN
TTA,GLN
TTE,AMQ
TTE,CGK
TTE,MDC
TTE,SUB
TTE,UPG
TTE,OTI
TTE,SQN
TTE,LAH
TTJ,HND
TTN,ATL
TTN,CLT
TTN,MCO
TTN,RDU
TTN,RSW
TTN,TPA
TTQ,FON
TTQ,LIO
TTQ,SJO
TTT,TSA
TTU,AHU
TTU,ALC
TTU,AMS
TTU,BCN
TTU,BIO
TTU,BRU
TTU,CRL
TTU,CMN
TTU,MAD
TTU,AGP
TTU,RAK
TTU,MRS
TTU,SVQ
TUB,PPT
TUB,RUR
TUB,RVV
TUC,AEP
TUC,COR
TUC,EZE
TUC,IGR
TUC,MDZ
TUF,STN
TUF,RAK
TUF,MRS
TUF,OPO
TUG,MNL
TUI,RUH
TUK,AAN
TUK,KHI
TUK,SHJ
TUL,ATL
TUL,AUS
TUL,CLT
TUL,DAL
TUL,DCA
TUL,DEN
TUL,DFW
TUL,HOU
TUL,IAH
TUL,LAS
TUL,LAX
TUL,LGA
TUL,MCO
TUL,MDW
TUL,ORD
TUL,PHX
TUL,PIE
TUL,SFB
TUL,STL
TUL,VPS
TUL,SLC
TUL,MIA
TUN,ATH
TUN,BCN
TUN,BSL
TUN,BLQ
TUN,BOD
TUN,BRU
TUN,CAI
TUN,CMN
TUN,CTA
TUN,CGN
TUN,DJE
TUN,DUS
TUN,FRA
TUN,GVA
TUN,HAM
TUN,IST
TUN,CPH
TUN,LIS
TUN,LGW
TUN,LHR
TUN,LYS
TUN,MAD
TUN,MLA
TUN,MRS
TUN,MXP
TUN,MPL
TUN,MUC
TUN,NTE
TUN,NAP
TUN,NCE
TUN,PMO
TUN,CDG
TUN,ORY
TUN,LIL
TUN,FCO
TUN,ARN
TUN,STR
TUN,TLS
TUN,VCE
TUN,VIE
TUN,ZRH
TUN,SXB
TUN,TOE
TUN,ALG
TUN,AMM
TUN,ORN
TUN,ABJ
TUN,BEN
TUN,BER
TUN,BKO
TUN,CKY
TUN,CZL
TUN,DOH
TUN,DXB
TUN,JED
TUN,MED
TUN,MJI
TUN,MRA
TUN,NIM
TUN,NKC
TUN,OUA
TUN,YUL
TUN,DSS
TUO,WLG
TUO,AKL
TUP,BNA
TUR,BEL
TUS,ATL
TUS,DAL
TUS,DEN
TUS,DFW
TUS,HOU
TUS,IAH
TUS,LAS
TUS,LAX
TUS,MDW
TUS,MSP
TUS,ORD
TUS,PAE
TUS,PDX
TUS,PHX
TUS,SAN
TUS,SEA
TUS,SFO
TUS,SLC
TUS,SNA
TUU,CAI
TUU,AHB
TUU,DMM
TUU,DOH
TUU,DXB
TUU,JED
TUU,MED
TUU,RUH
TUU,SHJ
TUU,HMB
TVC,ATL
TVC,AZA
TVC,BOS
TVC,CLT
TVC,DCA
TVC,DEN
TVC,DFW
TVC,DTW
TVC,EWR
TVC,FLL
TVC,HVN
TVC,IAD
TVC,IAH
TVC,LGA
TVC,MSP
TVC,ORD
TVC,PGD
TVC,PIE
TVC,SFB
TVC,PHL
TVF,MSP
TVS,CKG
TVS,CSX
TVS,DLC
TVS,HAK
TVS,HRB
TVS,KMG
TVS,PVG
TVS,SHE
TVS,WUZ
TVS,XIY
TVS,TFU
TVU,NAN
TVU,SUV
TVY,KAW
TVY,MGZ
TVY,RGN
TWC,AKU
TWC,CAN
TWC,KCA
TWC,KHG
TWC,KRL
TWC,URC
TWC,XIY
TWC,YIN
TWC,LHW
TWC,QSZ
TWC,TFU
TWC,ACF
TWF,SLC
TWT,CBO
TWT,ZAM
TWU,BKI
TWU,CAN
TWU,JHB
TWU,KUL
TWU,NKG
TWU,SDK
TXK,DFW
TXN,CAN
TXN,CGO
TXN,CKG
TXN,DLC
TXN,KMG
TXN,PEK
TXN,SWA
TXN,SZX
TXN,WNZ
TXN,XIY
TXN,XMN
TYD,BQS
TYD,IKT
TYD,NER
TYD,NZG
TYF,HFS
TYL,LIM
TYN,BAV
TYN,BKK
TYN,CAN
TYN,CGQ
TYN,CIF
TYN,CJJ
TYN,CKG
TYN,CSX
TYN,CTU
TYN,CZX
TYN,DAT
TYN,DLC
TYN,DSN
TYN,ENY
TYN,FOC
TYN,HAK
TYN,HET
TYN,HFE
TYN,HGH
TYN,HJJ
TYN,HKG
TYN,HKT
TYN,HRB
TYN,INC
TYN,JUZ
TYN,KHN
TYN,KJA
TYN,KMG
TYN,KWE
TYN,KWL
TYN,LJG
TYN,LYI
TYN,MIG
TYN,NGB
TYN,NKG
TYN,NNG
TYN,PEK
TYN,PVG
TYN,SHA
TYN,SHE
TYN,SWA
TYN,SYX
TYN,SZX
TYN,TAO
TYN,TSN
TYN,URC
TYN,WNZ
TYN,WUH
TYN,WUX
TYN,XMN
TYN,XNN
TYN,YBP
TYN,YIH
TYN,YIW
TYN,YNT
TYN,YTY
TYN,ZUH
TYN,FUO
TYN,NTG
TYN,NZH
TYN,LHW
TYN,TLQ
TYN,RIZ
TYN,WDS
TYN,BAR
TYN,SHS
TYN,TFU
TYN,WHA
TYN,DZH
TYR,DFW
TYS,ATL
TYS,AUS
TYS,BLV
TYS,BOS
TYS,CLT
TYS,DCA
TYS,DEN
TYS,DFW
TYS,DTW
TYS,EWR
TYS,FLL
TYS,HOU
TYS,HVN
TYS,IAD
TYS,IAH
TYS,JAX
TYS,LAS
TYS,LGA
TYS,MCO
TYS,MDW
TYS,MSP
TYS,OKC
TYS,ORD
TYS,PGD
TYS,PHX
TYS,PIE
TYS,SBN
TYS,SFB
TYS,VPS
TYS,XNA
TYS,PHL
TYS,MIA
TZA,CUK
TZA,DGA
TZA,SPR
TZL,BSL
TZL,DTM
TZL,FMM
TZN,NAS
TZX,ESB
TZX,AYT
TZX,DUS
TZX,FRA
TZX,IST
TZX,SAW
TZX,ADB
TZX,MUC
TZX,STR
TZX,ADA
TZX,AMM
TZX,EBL
TZX,AUH
TZX,BAH
TZX,GYD
TZX,BGW
TZX,DIY
TZX,DMM
TZX,DOH
TZX,DXB
TZX,DYU
TZX,ELQ
TZX,GZT
TZX,JED
TZX,KWI
TZX,MCT
TZX,RUH
TZX,SHJ
TZX,YEI
UAH,NHV
UAH,UAP
UAK,CPH
UAK,KEF
UAK,GOH
UAK,JFR
UAK,JJU
UAK,JNN
UAK,JNS
UAK,SFJ
UAP,NHV
UAP,UAH
UAQ,AEP
UAQ,COR
UAQ,EZE
UAS,NYK
UAS,WIL
UBA,AAX
UBA,CGH
UBA,CNF
UBA,MCZ
UBA,VCP
UBB,KUG
UBJ,HND
UBN,FRA
UBN,IST
UBN,ALA
UBN,BKK
UBN,BYN
UBN,CAN
UBN,CJJ
UBN,DLZ
UBN,HET
UBN,HKG
UBN,HKT
UBN,HLD
UBN,HVD
UBN,ICN
UBN,IKT
UBN,KIX
UBN,KJA
UBN,LTI
UBN,MXV
UBN,NRT
UBN,PEK
UBN,PUS
UBN,TAE
UBN,ULG
UBN,ULO
UBN,MWX
UBN,ULZ
UBN,NZH
UBN,PKX
UBP,BKK
UBP,CNX
UBP,DMK
UCB,CGO
UCT,DME
UCT,SVO
UCT,VKO
UCT,LED
UCT,AER
UCT,MRV
UDI,BPS
UDI,CGH
UDI,CNF
UDI,FOR
UDI,GRU
UDI,JPA
UDI,MCZ
UDI,NAT
UDI,POJ
UDI,REC
UDI,SSA
UDI,VCP
UDR,AMD
UDR,BHO
UDR,BLR
UDR,BOM
UDR,DEL
UDR,HYD
UDR,IDR
UDR,JAI
UEL,APL
UEL,BEW
UEL,MPM
UEL,TET
UEO,HND
UEO,OKA
UET,DXB
UET,ISB
UET,JED
UET,KHI
UET,LHE
UET,MED
UET,SHJ
UFA,AYT
UFA,DLM
UFA,HRG
UFA,IST
UFA,MSQ
UFA,DME
UFA,SVO
UFA,VKO
UFA,SSH
UFA,LED
UFA,EVN
UFA,KZN
UFA,GOJ
UFA,AER
UFA,ALA
UFA,ASF
UFA,GYD
UFA,DXB
UFA,DYU
UFA,FEG
UFA,GRV
UFA,HMA
UFA,IAR
UFA,IKT
UFA,KEJ
UFA,KJA
UFA,LBD
UFA,MCX
UFA,MRV
UFA,NJC
UFA,NOJ
UFA,NSK
UFA,NUX
UFA,NYM
UFA,OMS
UFA,OVB
UFA,SGC
UFA,SHJ
UFA,SVX
UFA,TAS
UFA,TJM
UFA,VOG
UFA,NMA
UFA,SLY
UFA,USK
UFA,GSV
UGC,IST
UGC,MXP
UGC,DME
UGC,SVO
UGC,VKO
UGC,CDG
UGC,FCO
UGC,LED
UGC,BHK
UGC,MCX
UGC,TAS
UGC,ZIA
UGI,KPY
UGI,KWP
UHS,UUS
UIB,APO
UIB,BOG
UIB,CLO
UIB,EOH
UIB,NQU
UIH,HAN
UIH,SGN
UIN,ORD
UIN,STL
UIO,AMS
UIO,MAD
UIO,ATL
UIO,BLB
UIO,BOG
UIO,CCS
UIO,CUE
UIO,ESM
UIO,EZE
UIO,GPS
UIO,GYE
UIO,IAH
UIO,JFK
UIO,LIM
UIO,LOH
UIO,MCO
UIO,MDE
UIO,MEC
UIO,MEX
UIO,OCC
UIO,PTY
UIO,PUJ
UIO,SAL
UIO,SCY
UIO,SDQ
UIO,SJO
UIO,ETR
UIO,MIA
UIT,KIO
UIT,MAJ
UJE,EAL
UJE,KWA
UKA,ASV
UKA,MBA
UKA,NBO
UKA,WIL
UKB,AOJ
UKB,CTS
UKB,HNA
UKB,HND
UKB,KCZ
UKB,KOJ
UKB,MMJ
UKB,NGS
UKB,OKA
UKB,SDJ
UKB,SHI
UKB,IBR
UKE,BBI
UKG,YKS
UKK,DME
UKK,ALA
UKK,CIT
UKK,OVB
UKK,NQZ
UKX,IKT
ULB,CCV
ULB,PBJ
ULG,UBN
ULH,AMM
ULH,DMM
ULH,DOH
ULH,DXB
ULH,JED
ULH,RUH
ULK,IKT
ULK,KJA
ULK,MJZ
ULK,YKS
ULK,TLK
ULO,MXV
ULO,UBN
ULP,CTL
ULP,WNR
ULV,KGD
ULV,MSQ
ULV,SVO
ULV,VKO
ULV,LED
ULV,AER
ULV,MCX
ULV,MRV
ULV,OVB
ULV,SVX
ULZ,UBN
UMB,LUN
UMB,SLI
UMD,IKE
UMD,JAV
UMD,JQA
UMD,JUK
UMD,NIQ
UMD,SAE
UME,OSD
UME,ARN
UME,BMA
UMU,CWB
UNA,CGH
UNA,CNF
UNG,DAU
UNG,HGU
UNG,POM
UNG,TBG
UNK,ANC
UNK,KKA
UNK,OME
UNK,WBB
UNK,SKK
UNK,SMK
UNN,DMK
UPG,AMQ
UPG,BDJ
UPG,BIK
UPG,BMU
UPG,BPN
UPG,BUW
UPG,CGK
UPG,DJJ
UPG,DPS
UPG,GTO
UPG,JED
UPG,KDI
UPG,KOE
UPG,KUL
UPG,LOP
UPG,LUW
UPG,MDC
UPG,MJU
UPG,MKQ
UPG,MKW
UPG,PNK
UPG,SRG
UPG,SUB
UPG,PLW
UPG,SIN
UPG,SOQ
UPG,TIM
UPG,TTE
UPG,LLO
UPG,YIA
UPG,AAP
UPG,TRT
UPG,KXB
UPG,MOH
UPN,LAX
UPN,TIJ
URA,AYT
URA,FRA
URA,ALA
URA,CIT
URA,GUW
URA,SCO
URA,HSA
URA,NQZ
URC,SVO
URC,TBS
URC,AAT
URC,AKU
URC,ALA
URC,ASB
URC,GYD
URC,BPL
URC,CAN
URC,CGO
URC,CGQ
URC,CKG
URC,CSX
URC,CTU
URC,DLC
URC,DYU
URC,FOC
URC,FRU
URC,FUG
URC,GYS
URC,HET
URC,HFE
URC,HGH
URC,HKG
URC,HMI
URC,HTN
URC,HZG
URC,IKA
URC,INC
URC,IQN
URC,ISB
URC,JGN
URC,KBL
URC,KCA
URC,KHG
URC,KJI
URC,KMG
URC,KRL
URC,KRY
URC,KWE
URC,LBD
URC,LHE
URC,LYA
URC,LZO
URC,MIG
URC,NAO
URC,NKG
URC,NLT
URC,NNY
URC,PEK
URC,PVG
URC,SHA
URC,SHE
URC,SYX
URC,SZX
URC,TAO
URC,TAS
URC,TNA
URC,TSN
URC,TYN
URC,WUH
URC,XIY
URC,XNN
URC,YBP
URC,YIH
URC,YIN
URC,ZHY
URC,SJW
URC,SKD
URC,TCG
URC,UYN
URC,YCU
URC,LHW
URC,LFQ
URC,FYN
URC,QSZ
URC,LNL
URC,TWC
URC,PKX
URC,TFU
URC,ZFL
URC,HQL
URC,YTW
URC,NQZ
URC,ACF
URE,TLL
URG,CWB
URG,FLN
URG,POA
URJ,HMA
URJ,SVX
URJ,TJM
URS,VKO
URS,LED
URS,MRV
URT,BKK
URT,CNX
URT,DMK
URY,JED
URY,RUH
USA,FLL
USA,HVN
USA,PGD
USA,PIE
USA,SFB
USH,AEP
USH,COR
USH,EZE
USH,FTE
USH,REL
USJ,ALA
USJ,TDK
USJ,NQZ
USK,VKO
USK,KZN
USK,KUF
USK,PEE
USK,UFA
USK,UUA
USM,BKK
USM,CKG
USM,CNX
USM,DMK
USM,HKG
USM,HKT
USM,KBV
USM,UTP
USM,SIN
USM,TFU
USN,CJU
USN,GMP
USR,YKS
USU,CEB
USU,CRK
USU,ENI
USU,MNL
UTH,BKK
UTH,CNX
UTH,DMK
UTH,HDY
UTH,HKT
UTH,KMG
UTK,MAJ
UTN,CPT
UTN,JNB
UTP,CNX
UTP,DXB
UTP,HKT
UTP,KUL
UTP,USM
UTT,JNB
UUA,DME
UUA,NJC
UUA,NOJ
UUA,NUX
UUA,SGC
UUA,USK
UUD,DME
UUD,SVO
UUD,KZN
UUD,IKT
UUD,KHV
UUD,KJA
UUD,KYZ
UUD,OVB
UUD,TOF
UUD,UUS
UUD,VVO
UUD,YKS
UUD,RGK
UUD,TKM
UUD,NZG
UUS,SVO
UUS,BQS
UUS,HRB
UUS,HTA
UUS,IKT
UUS,KHV
UUS,KJA
UUS,OHH
UUS,OVB
UUS,PKC
UUS,UUD
UUS,VVO
UUS,DEE
UUS,EKS
UUS,ITU
UUS,PKX
UUS,ZZO
UUS,GVN
UUS,UHS
UVE,GEA
UVE,LIF
UVF,LGW
UVF,LHR
UVF,ATL
UVF,BGI
UVF,BOS
UVF,CLT
UVF,EWR
UVF,GEO
UVF,GND
UVF,JFK
UVF,ORD
UVF,TAB
UVF,YYZ
UVF,PHL
UVF,MIA
UVI,CWB
UYN,CAN
UYN,CGO
UYN,CKG
UYN,CSX
UYN,DLC
UYN,FOC
UYN,HAK
UYN,HRB
UYN,HZG
UYN,JNG
UYN,KMG
UYN,KWE
UYN,NGB
UYN,NKG
UYN,PEK
UYN,PVG
UYN,SHE
UYN,SZX
UYN,TAO
UYN,TNA
UYN,TSN
UYN,URC
UYN,WUH
UYN,XIY
UYN,XMN
UYN,XNN
UYN,YTY
UYN,LHW
UYN,PKX
UYN,TFU
UYU,LPB
UZR,ALA
UZR,NQZ
VAA,HEL
VAA,ARN
VAG,CNF
VAI,WWK
VAK,BET
VAK,HPB
VAM,MLE
VAN,ESB
VAN,AYT
VAN,IST
VAN,SAW
VAN,ADB
VAN,ADA
VAO,EGM
VAO,FRE
VAO,HIR
VAO,MUA
VAQ,KJA
VAQ,KCY
VAR,BEG
VAR,BRE
VAR,BRQ
VAR,BRU
VAR,CRL
VAR,BOJ
VAR,CGN
VAR,DTM
VAR,DRS
VAR,DUS
VAR,EIN
VAR,FRA
VAR,HAM
VAR,HAJ
VAR,IST
VAR,KTW
VAR,KRK
VAR,LTN
VAR,LUX
VAR,MUC
VAR,NTE
VAR,OSL
VAR,ORY
VAR,PRG
VAR,LIL
VAR,SOF
VAR,STR
VAR,VNO
VAR,VIE
VAR,ZRH
VAR,FMM
VAR,TLV
VAR,OSR
VAR,BER
VAS,IST
VAS,SAW
VAV,NAN
VAV,TBU
VAV,NTT
VAW,KKN
VAW,BJF
VAW,VDS
VBA,AKY
VBA,RGN
VBP,MGZ
VBP,RGN
VBV,SUV
VBY,GOT
VBY,HEL
VBY,MMX
VBY,ARN
VBY,BMA
VBY,AGH
VBY,NRK
VBY,THN
VCA,DAD
VCA,HAN
VCA,HPH
VCA,VCS
VCA,VII
VCE,AHO
VCE,AMS
VCE,ATH
VCE,BCN
VCE,BRI
VCE,BSL
VCE,BEG
VCE,BIO
VCE,BHX
VCE,BOD
VCE,BOH
VCE,BDS
VCE,BRS
VCE,BRU
VCE,CAG
VCE,CMN
VCE,CTA
VCE,CGN
VCE,CFU
VCE,ORK
VCE,DUB
VCE,DBV
VCE,DUS
VCE,EDI
VCE,FRA
VCE,GVA
VCE,HAM
VCE,HEL
VCE,IBZ
VCE,IST
VCE,SAW
VCE,ADB
VCE,CPH
VCE,SUF
VCE,LMP
VCE,LPA
VCE,LIS
VCE,LGW
VCE,LHR
VCE,STN
VCE,LUX
VCE,LYS
VCE,MAD
VCE,MAN
VCE,MRS
VCE,MUC
VCE,JMK
VCE,NTE
VCE,NAP
VCE,NCE
VCE,OLB
VCE,OSL
VCE,OVD
VCE,PMO
VCE,PNL
VCE,CDG
VCE,ORY
VCE,PRG
VCE,REG
VCE,KEF
VCE,RHO
VCE,RIX
VCE,LIL
VCE,FCO
VCE,JTR
VCE,SSH
VCE,ARN
VCE,STR
VCE,TFS
VCE,TLS
VCE,TUN
VCE,WAW
VCE,VIE
VCE,ZTH
VCE,ZRH
VCE,RMO
VCE,AOK
VCE,EFL
VCE,JSI
VCE,TLV
VCE,IAS
VCE,EVN
VCE,ATL
VCE,BER
VCE,DOH
VCE,DXB
VCE,EWR
VCE,ICN
VCE,JFK
VCE,ORD
VCE,YUL
VCE,YYZ
VCE,PHL
VCL,HAN
VCL,SGN
VCP,LIS
VCP,ORY
VCP,AJU
VCP,AQA
VCP,ARU
VCP,BEL
VCP,BPS
VCP,BRC
VCP,BSB
VCP,BVB
VCP,CAC
VCP,CAW
VCP,CGB
VCP,CGR
VCP,CLV
VCP,CMG
VCP,CNF
VCP,CWB
VCP,CXJ
VCP,FLL
VCP,FLN
VCP,FOR
VCP,GEL
VCP,GIG
VCP,GYN
VCP,IGU
VCP,IOS
VCP,IZA
VCP,JDO
VCP,JOI
VCP,JPA
VCP,LDB
VCP,MAO
VCP,MCO
VCP,MCZ
VCP,MGF
VCP,MII
VCP,NAT
VCP,NVT
VCP,OPS
VCP,PFB
VCP,PMG
VCP,PNZ
VCP,POA
VCP,PPB
VCP,RAO
VCP,REC
VCP,RIA
VCP,SDU
VCP,SSA
VCP,THE
VCP,UBA
VCP,UDI
VCP,VIX
VCP,XAP
VCP,JTC
VCP,ROO
VCP,RVD
VCP,SJP
VCP,SLZ
VCP,BYO
VCP,PMW
VCP,TJL
VCP,JJG
VCP,DIQ
VCP,PGZ
VCP,GPB
VCP,RRJ
VCP,EEA
VCP,PET
VCP,QNS
VCS,SGN
VCS,VCA
VCT,IAH
VDC,CNF
VDC,GRU
VDC,SSA
VDE,LPA
VDE,TFN
VDH,HAN
VDH,SGN
VDM,AEP
VDM,BRC
VDO,SGN
VDS,ALF
VDS,KKN
VDS,TOS
VDS,BJF
VDS,BVG
VDS,HFT
VDS,MEH
VDS,VAW
VDY,BLR
VDZ,ANC
VEE,ARC
VEE,FAI
VEE,FYU
VEL,PHX
VEO,KJA
VEO,KCY
VER,CUN
VER,DFW
VER,GDL
VER,IAH
VER,MEX
VER,MID
VER,MTY
VER,REX
VER,TAM
VER,TIJ
VER,VSA
VER,NLU
VEY,RKV
VFA,ADD
VFA,BUQ
VFA,CPT
VFA,GBE
VFA,HRE
VFA,HWN
VFA,JNB
VFA,MQP
VFA,NBO
VFA,WDH
VGA,BLR
VGA,BOM
VGA,CDP
VGA,DEL
VGA,HYD
VGA,MAA
VGA,SHJ
VGA,TIR
VGA,VTZ
VGA,SAG
VGD,VKO
VGD,LED
VGD,VUS
VGO,ACE
VGO,BCN
VGO,BIO
VGO,IBZ
VGO,LPA
VGO,STN
VGO,MAD
VGO,MAH
VGO,PMI
VGO,SDR
VGO,TFN
VGZ,BOG
VHC,LAD
VHM,ARN
VHM,AJR
VHM,LYC
VHZ,HOI
VHZ,NUK
VIE,AGA
VIE,ALC
VIE,AMS
VIE,ESB
VIE,AYT
VIE,GPA
VIE,ACE
VIE,ATH
VIE,BCN
VIE,BRI
VIE,BSL
VIE,BEG
VIE,BIO
VIE,BLL
VIE,BHX
VIE,BUD
VIE,BLQ
VIE,BRE
VIE,BRS
VIE,BRU
VIE,CRL
VIE,OTP
VIE,BOJ
VIE,CAG
VIE,CAI
VIE,CLY
VIE,CTA
VIE,CHQ
VIE,CGN
VIE,CFU
VIE,DLM
VIE,DJE
VIE,DUB
VIE,DBV
VIE,DUS
VIE,EDI
VIE,EIN
VIE,ERF
VIE,FAO
VIE,FLR
VIE,FRA
VIE,FUE
VIE,FNC
VIE,GVA
VIE,GLA
VIE,GOT
VIE,GRZ
VIE,HAM
VIE,HAJ
VIE,HEL
VIE,HER
VIE,HRG
VIE,IBZ
VIE,INN
VIE,IST
VIE,SAW
VIE,ADB
VIE,KTT
VIE,KLU
VIE,CPH
VIE,KGS
VIE,KSC
VIE,KRK
VIE,SUF
VIE,LCA
VIE,LPA
VIE,LBA
VIE,LEJ
VIE,LIS
VIE,LJU
VIE,LGW
VIE,LHR
VIE,STN
VIE,LUX
VIE,LYS
VIE,MAD
VIE,MAH
VIE,AGP
VIE,MLA
VIE,MAN
VIE,RAK
VIE,RMF
VIE,MRS
VIE,BGY
VIE,MXP
VIE,MIR
VIE,MUC
VIE,JMK
VIE,NTE
VIE,NAP
VIE,NCL
VIE,NCE
VIE,EMA
VIE,OLB
VIE,OSL
VIE,PFO
VIE,PMO
VIE,PMI
VIE,BVA
VIE,CDG
VIE,ORY
VIE,OPO
VIE,PRG
VIE,PVK
VIE,PRN
VIE,PUY
VIE,KEF
VIE,RHO
VIE,RIX
VIE,RJK
VIE,RMI
VIE,FCO
VIE,RVN
VIE,SZG
VIE,SMI
VIE,SDR
VIE,JTR
VIE,SVQ
VIE,SSH
VIE,SKP
VIE,SOF
VIE,SPU
VIE,ARN
VIE,STR
VIE,TLL
VIE,TBS
VIE,TFS
VIE,SKG
VIE,TIA
VIE,TOS
VIE,TUN
VIE,VLC
VIE,VAR
VIE,TSF
VIE,VCE
VIE,VNO
VIE,WAW
VIE,ZAD
VIE,ZAG
VIE,ZTH
VIE,ZRH
VIE,TIV
VIE,KVA
VIE,SJJ
VIE,RMO
VIE,AOK
VIE,EFL
VIE,JSI
VIE,KLX
VIE,VOL
VIE,TLV
VIE,OHD
VIE,ASR
VIE,ALG
VIE,AMM
VIE,ACH
VIE,TGD
VIE,SBZ
VIE,IAS
VIE,EVN
VIE,EBL
VIE,INI
VIE,IVL
VIE,ADD
VIE,AUH
VIE,GYD
VIE,BER
VIE,BKK
VIE,BNX
VIE,BOS
VIE,DEL
VIE,DOH
VIE,DXB
VIE,EWR
VIE,HND
VIE,IAD
VIE,ICN
VIE,IKA
VIE,JED
VIE,JFK
VIE,KUT
VIE,KWI
VIE,LAX
VIE,MLE
VIE,MRU
VIE,NRT
VIE,ORD
VIE,PEK
VIE,PVG
VIE,RUH
VIE,SZF
VIE,SZX
VIE,TPE
VIE,WMI
VIE,YUL
VIE,YYZ
VIG,CCS
VIG,PMV
VII,BMV
VII,CXR
VII,DLI
VII,HAN
VII,SGN
VII,VCA
VIJ,STT
VIJ,SJU
VIL,AGA
VIL,CMN
VIL,LPA
VIL,RAK
VIL,ORY
VIL,EUN
VIT,ALC
VIT,CRL
VIT,CGN
VIT,AGP
VIT,BGY
VIT,PMI
VIT,SVQ
VIX,BPS
VIX,BSB
VIX,CGH
VIX,CNF
VIX,GIG
VIX,GRU
VIX,REC
VIX,SSA
VIX,VCP
VJB,BEW
VJB,MPM
VKG,SGN
VKO,ESB
VKO,AYT
VKO,BJV
VKO,DLM
VKO,IST
VKO,SAW
VKO,ADB
VKO,MSQ
VKO,LED
VKO,TBS
VKO,EVN
VKO,GME
VKO,KUF
VKO,AER
VKO,ALA
VKO,GYD
VKO,BHK
VKO,CCS
VKO,CIT
VKO,DXB
VKO,DYU
VKO,EGO
VKO,FEG
VKO,FRU
VKO,GRV
VKO,HAV
VKO,HMA
VKO,IKA
VKO,IKT
VKO,KGP
VKO,KJA
VKO,KLF
VKO,KSQ
VKO,KVX
VKO,LBD
VKO,MCX
VKO,MJZ
VKO,MRV
VKO,NCU
VKO,NJC
VKO,NNM
VKO,NOJ
VKO,NUX
VKO,NYM
VKO,OGZ
VKO,OSS
VKO,OVB
VKO,PEZ
VKO,PKV
VKO,SCW
VKO,SGC
VKO,SVX
VKO,TAS
VKO,TBW
VKO,TJM
VKO,TMJ
VKO,UCT
VKO,UFA
VKO,URS
VKO,VGD
VKO,VKT
VKO,VOZ
VKO,YKS
VKO,NAJ
VKO,NER
VKO,NMA
VKO,SKD
VKO,UGC
VKO,ULV
VKO,USK
VKO,NVI
VKO,GNJ
VKO,NQZ
VKT,VKO
VLC,AGA
VLC,AMS
VLC,ACE
VLC,ATH
VLC,BCN
VLC,BRI
VLC,BSL
VLC,BFS
VLC,BEG
VLC,BIO
VLC,BLL
VLC,BHX
VLC,BUD
VLC,BLQ
VLC,BOD
VLC,BRS
VLC,BRU
VLC,CRL
VLC,OTP
VLC,CAG
VLC,CAI
VLC,CMN
VLC,CGN
VLC,ORK
VLC,DUB
VLC,DUS
VLC,EDI
VLC,EIN
VLC,FEZ
VLC,FRA
VLC,HHN
VLC,FNC
VLC,GDN
VLC,GVA
VLC,HAM
VLC,IBZ
VLC,IST
VLC,FKB
VLC,CPH
VLC,KRK
VLC,LCG
VLC,SPC
VLC,SUF
VLC,LPA
VLC,LIS
VLC,LGW
VLC,LHR
VLC,STN
VLC,LUX
VLC,LXR
VLC,LYS
VLC,MAD
VLC,MAH
VLC,AGP
VLC,MLA
VLC,MAN
VLC,RAK
VLC,MRS
VLC,BGY
VLC,MXP
VLC,MUC
VLC,NTE
VLC,NAP
VLC,EMA
VLC,NUE
VLC,OLB
VLC,OVD
VLC,PMO
VLC,PMI
VLC,BVA
VLC,CDG
VLC,ORY
VLC,PSA
VLC,OPO
VLC,PRG
VLC,RIX
VLC,FCO
VLC,RTM
VLC,EAS
VLC,SDR
VLC,SCQ
VLC,SVQ
VLC,SOF
VLC,ARN
VLC,STR
VLC,TNG
VLC,TFN
VLC,TFS
VLC,TSR
VLC,TIA
VLC,TLS
VLC,TRS
VLC,TRN
VLC,TSF
VLC,VRN
VLC,WAW
VLC,VIE
VLC,WRO
VLC,ZRH
VLC,CLJ
VLC,RMO
VLC,FMM
VLC,BER
VLC,WMI
VLD,ATL
VLI,BNE
VLI,CCV
VLI,DLY
VLI,HIR
VLI,IPA
VLI,LNB
VLI,LNE
VLI,LOD
VLI,LPM
VLI,MEL
VLI,NAN
VLI,NOU
VLI,SYD
VLI,PBJ
VLI,SON
VLI,TAH
VLI,SWJ
VLI,NUS
VLI,AKL
VLL,ACE
VLL,BCN
VLL,LPA
VLL,PMI
VLL,TFN
VLN,BLA
VLN,BOG
VLN,CUM
VLN,MAR
VLN,PMV
VLN,PTY
VLN,SDQ
VLN,STD
VLN,PZO
VLV,CCS
VNO,AMS
VNO,ATH
VNO,BCN
VNO,BLL
VNO,BRU
VNO,CFU
VNO,DTM
VNO,DUB
VNO,DBV
VNO,EIN
VNO,FRA
VNO,HHN
VNO,FNC
VNO,GNB
VNO,HAM
VNO,HEL
VNO,HER
VNO,HRG
VNO,IST
VNO,CPH
VNO,KRK
VNO,LCA
VNO,LPA
VNO,LIS
VNO,LCY
VNO,LTN
VNO,STN
VNO,AGP
VNO,MLA
VNO,BGY
VNO,MXP
VNO,MUC
VNO,NCE
VNO,NUE
VNO,OSL
VNO,TRF
VNO,PMI
VNO,BVA
VNO,CDG
VNO,KEF
VNO,RIX
VNO,CIA
VNO,FCO
VNO,SPU
VNO,ARN
VNO,TLL
VNO,TFS
VNO,TRN
VNO,VAR
VNO,TSF
VNO,WAW
VNO,VIE
VNO,ZRH
VNO,TLV
VNO,BER
VNO,DXB
VNO,KUT
VNS,AMD
VNS,BBI
VNS,BLR
VNS,BOM
VNS,CCU
VNS,DEL
VNS,HJR
VNS,HYD
VNS,IDR
VNS,KTM
VNS,LKO
VNS,MAA
VNS,PNQ
VNS,SHJ
VNS,GOX
VNX,INH
VNX,JNB
VNX,MPM
VNX,MQP
VOG,AYT
VOG,DME
VOG,SVO
VOG,LED
VOG,EVN
VOG,KZN
VOG,GOJ
VOG,GYD
VOG,CEK
VOG,DXB
VOG,MRV
VOG,OVB
VOG,PEE
VOG,SGC
VOG,SVX
VOG,TJM
VOG,UFA
VOL,DUS
VOL,HER
VOL,MUC
VOL,VIE
VOZ,KGD
VOZ,VKO
VPE,LAD
VPG,ASV
VPN,AEY
VPN,THO
VPS,ATL
VPS,AUS
VPS,AVL
VPS,BLV
VPS,BNA
VPS,BOS
VPS,BWI
VPS,CKB
VPS,CLT
VPS,CVG
VPS,DAL
VPS,DCA
VPS,DFW
VPS,DSM
VPS,EVV
VPS,EWR
VPS,GRR
VPS,HOU
VPS,HTS
VPS,HVN
VPS,ICT
VPS,IND
VPS,LAS
VPS,LCK
VPS,LEX
VPS,LIT
VPS,MCI
VPS,MDW
VPS,MEM
VPS,MSP
VPS,OKC
VPS,OMA
VPS,ORD
VPS,PIA
VPS,PIT
VPS,SDF
VPS,SGF
VPS,STL
VPS,TUL
VPS,TYS
VPS,XNA
VPS,SHV
VPS,PHL
VPY,MPM
VQS,CPX
VQS,SJU
VQS,NRR
VRA,FRA
VRA,LIS
VRA,SVO
VRA,YHZ
VRA,YOW
VRA,YQB
VRA,YQM
VRA,YUL
VRA,YYC
VRA,YYZ
VRA,MIA
VRB,BDL
VRB,HPN
VRB,ISP
VRB,PVD
VRC,MNL
VRL,BGC
VRL,VSE
VRN,AHO
VRN,AMS
VRN,ATH
VRN,BCN
VRN,BRI
VRN,BFS
VRN,BHX
VRN,BOD
VRN,BWK
VRN,BDS
VRN,BRS
VRN,CRL
VRN,CAG
VRN,CAI
VRN,CTA
VRN,CGN
VRN,CFU
VRN,DJE
VRN,DUB
VRN,EDI
VRN,FRA
VRN,FUE
VRN,GDN
VRN,GLA
VRN,HAM
VRN,HEL
VRN,HER
VRN,HRG
VRN,IBZ
VRN,CPH
VRN,KGS
VRN,SUF
VRN,LMP
VRN,LPA
VRN,LBA
VRN,LGW
VRN,STN
VRN,LXR
VRN,MAD
VRN,MAH
VRN,MAN
VRN,RMF
VRN,MUH
VRN,MXP
VRN,MIR
VRN,MUC
VRN,JMK
VRN,NAP
VRN,NCL
VRN,EMA
VRN,OLB
VRN,OSL
VRN,PMO
VRN,PMI
VRN,PNL
VRN,CDG
VRN,ORY
VRN,OPO
VRN,POZ
VRN,PRG
VRN,KEF
VRN,RHO
VRN,RIX
VRN,FCO
VRN,SSH
VRN,TFS
VRN,TIA
VRN,VLC
VRN,WAW
VRN,ZAD
VRN,ZTH
VRN,RMO
VRN,AOK
VRN,TLV
VRN,NBE
VRN,BER
VRN,BVC
VRN,CIY
VRN,CUN
VRN,LRM
VRN,MBA
VRN,MBJ
VRN,OMO
VRN,QSR
VRN,ZNZ
VRN,NOS
VRN,SID
VRN,SLL
VRN,DSS
VSA,CUN
VSA,GDL
VSA,MEX
VSA,MID
VSA,MTY
VSA,VER
VSA,NLU
VSE,BGC
VSE,CAT
VSE,VRL
VST,ALC
VST,STN
VST,AGP
VTE,BKK
VTE,CAN
VTE,CKG
VTE,CSX
VTE,CZX
VTE,DAD
VTE,DMK
VTE,HAK
VTE,HAN
VTE,HGH
VTE,HKG
VTE,ICN
VTE,KMG
VTE,KUL
VTE,LPQ
VTE,LXG
VTE,NNG
VTE,PNH
VTE,PUS
VTE,PVG
VTE,RGN
VTE,SGN
VTE,XKH
VTE,ZBY
VTE,ZVK
VTE,PKZ
VTE,SIN
VTE,ODY
VTE,NEU
VTE,PCQ
VTE,TFU
VTZ,BLR
VTZ,BOM
VTZ,CCU
VTZ,CDP
VTZ,DEL
VTZ,DMK
VTZ,HYD
VTZ,IXZ
VTZ,KUL
VTZ,MAA
VTZ,PNQ
VTZ,TIR
VTZ,SIN
VTZ,VGA
VTZ,KJB
VTZ,PYB
VUP,BAQ
VUP,BOG
VUS,CEE
VUS,KSZ
VUS,VGD
VUU,LLW
VVC,BOG
VVC,CLO
VVC,EOH
VVC,MVP
VVC,PCR
VVC,PDA
VVC,PEI
VVI,MAD
VVI,AEP
VVI,ASU
VVI,BOG
VVI,CBB
VVI,CCS
VVI,CIJ
VVI,EZE
VVI,GRU
VVI,HAV
VVI,LIM
VVI,LPB
VVI,ORU
VVI,PTY
VVI,SCL
VVI,SRE
VVI,TDD
VVI,TJA
VVI,MIA
VVO,SVO
VVO,LED
VVO,BKK
VVO,BQS
VVO,DLC
VVO,FNJ
VVO,HKT
VVO,HRB
VVO,HTA
VVO,IKT
VVO,KHV
VVO,KJA
VVO,NRT
VVO,OVB
VVO,PKC
VVO,PVG
VVO,SVX
VVO,TAS
VVO,UUD
VVO,UUS
VVO,YKS
VVO,YNJ
VVO,NER
VVO,KVR
VVO,TLY
VVO,DHG
VVO,NEI
VVO,RZH
VVO,NLI
VVO,PKX
VVZ,ALG
VVZ,DJG
VVZ,ELU
VVZ,GHA
VVZ,TMR
VVZ,OGX
VXC,APL
VXE,AMS
VXE,LIS
VXE,LUX
VXE,RAK
VXE,CDG
VXE,ORY
VXE,RAI
VXE,SID
VXE,SNE
VXO,ALC
VXO,GDN
VXO,AGP
VXO,PMI
VXO,ZAD
VXO,BMA
VXO,KID
WAA,OME
WAA,SHH
WAA,TNC
WAE,JED
WAE,RUH
WAG,AKL
WAW,ALC
WAW,AMS
WAW,ESB
WAW,AYT
WAW,ATH
WAW,BCN
WAW,BRI
WAW,BSL
WAW,BEG
WAW,BIO
WAW,BLL
WAW,BUD
WAW,BLQ
WAW,BRU
WAW,CRL
WAW,OTP
WAW,BOJ
WAW,BZG
WAW,CAI
WAW,CTA
WAW,CHQ
WAW,CFU
WAW,DUB
WAW,DBV
WAW,DUS
WAW,EIN
WAW,FRA
WAW,FUE
WAW,FNC
WAW,GDN
WAW,GVA
WAW,GOT
WAW,GNB
WAW,HAM
WAW,HEL
WAW,HER
WAW,HRG
WAW,IST
WAW,ADB
WAW,KTW
WAW,CPH
WAW,KSC
WAW,KRK
WAW,LCA
WAW,LBA
WAW,LIS
WAW,LPL
WAW,LJU
WAW,LHR
WAW,LTN
WAW,LUX
WAW,MAD
WAW,AGP
WAW,MLA
WAW,MAN
WAW,RAK
WAW,BGY
WAW,MXP
WAW,MUC
WAW,NAP
WAW,NCE
WAW,OLB
WAW,OSL
WAW,TRF
WAW,PFO
WAW,PMI
WAW,CDG
WAW,ORY
WAW,OPO
WAW,POZ
WAW,PRG
WAW,KEF
WAW,RHO
WAW,RIX
WAW,FCO
WAW,RZE
WAW,JTR
WAW,SVQ
WAW,SKP
WAW,SOF
WAW,SPU
WAW,ARN
WAW,NYO
WAW,STR
WAW,SZZ
WAW,TLL
WAW,TBS
WAW,TFS
WAW,TIA
WAW,TRN
WAW,VLC
WAW,VCE
WAW,VRN
WAW,VNO
WAW,VIE
WAW,WRO
WAW,ZAG
WAW,ZTH
WAW,ZRH
WAW,SJJ
WAW,CLJ
WAW,RMO
WAW,SXB
WAW,TLV
WAW,BEY
WAW,OSR
WAW,TGD
WAW,EVN
WAW,GYD
WAW,BER
WAW,BOM
WAW,DEL
WAW,DOH
WAW,DXB
WAW,EWR
WAW,ICN
WAW,IEG
WAW,JFK
WAW,KUT
WAW,LAX
WAW,NRT
WAW,OMR
WAW,ORD
WAW,PEK
WAW,RUH
WAW,TAS
WAW,YYZ
WAW,LUZ
WAW,MIA
WAW,NQZ
WBB,OME
WBB,UNK
WBB,SMK
WBM,HGU
WBM,POM
WBM,TIZ
WDH,FRA
WDH,ADD
WDH,CPT
WDH,JNB
WDH,LAD
WDH,MUB
WDH,VFA
WDS,CAN
WDS,CKG
WDS,DLC
WDS,HGH
WDS,KMG
WDS,KWE
WDS,PEK
WDS,PVG
WDS,SZX
WDS,TSN
WDS,TYN
WDS,WUH
WDS,XMN
WDS,PKX
WDS,TFU
WEF,CGQ
WEF,CKG
WEF,CSX
WEF,DLC
WEF,HAK
WEF,HGH
WEF,HRB
WEF,XIY
WEF,YNJ
WEF,TFU
WEH,CAN
WEH,CGQ
WEH,DLC
WEH,DSN
WEH,FOC
WEH,HFE
WEH,HGH
WEH,HRB
WEH,ICN
WEH,JMU
WEH,JNG
WEH,LYA
WEH,MDG
WEH,NGB
WEH,NKG
WEH,PEK
WEH,PVG
WEH,SHA
WEH,SHE
WEH,TNA
WEH,WNZ
WEH,XIY
WEH,YNJ
WEH,YNZ
WEH,DQA
WEH,PKX
WEH,TFU
WEH,DZH
WEI,BNE
WEI,CNS
WGA,BNE
WGA,MEL
WGA,SYD
WGE,DBO
WGE,LHG
WGN,HAK
WGN,PEK
WGN,XIY
WGP,DPS
WGP,KOE
WHA,CAN
WHA,CKG
WHA,CSX
WHA,CTU
WHA,DLC
WHA,HAK
WHA,HRB
WHA,KMG
WHA,KWE
WHA,SHE
WHA,SYX
WHA,SZX
WHA,TAO
WHA,TYN
WHA,XIY
WHA,XMN
WHA,ZUH
WHA,FUO
WHA,PKX
WHA,TFU
WHK,AKL
WIC,ABZ
WIL,ASV
WIL,EDL
WIL,JRO
WIL,KIS
WIL,KTL
WIL,LAU
WIL,LOK
WIL,MBA
WIL,MRE
WIL,MYD
WIL,NYK
WIL,ZNZ
WIL,UKA
WIL,UAS
WIL,GGM
WIL,MDR
WIL,KEU
WIL,HKR
WIL,KTJ
WIL,OLG
WIL,OLX
WIL,OSJ
WIL,ANA
WIN,LRE
WIN,TSV
WJA,KWA
WJA,MAJ
WJR,ASV
WJU,CJU
WKA,CHC
WKJ,CTS
WKJ,HND
WLE,BNE
WLG,BHE
WLG,BNE
WLG,CHC
WLG,CHT
WLG,DUD
WLG,GIS
WLG,HLZ
WLG,IVC
WLG,MEL
WLG,NAN
WLG,NPE
WLG,NPL
WLG,NSN
WLG,ROT
WLG,SYD
WLG,TIU
WLG,TRG
WLG,TUO
WLG,WSZ
WLG,ZQN
WLG,PCN
WLG,AKL
WLG,OOL
WLH,SON
WLK,OTZ
WLS,FUT
WLS,NAN
WLS,NOU
WMI,ALC
WMI,ATH
WMI,BCN
WMI,BRI
WMI,BHX
WMI,BUD
WMI,BLQ
WMI,CRL
WMI,BOJ
WMI,CTA
WMI,CHQ
WMI,CFU
WMI,DUB
WMI,EDI
WMI,EIN
WMI,GOT
WMI,HEL
WMI,KUN
WMI,CPH
WMI,LBA
WMI,LIS
WMI,LPL
WMI,STN
WMI,MAD
WMI,AGP
WMI,MLA
WMI,MAN
WMI,BGY
WMI,NAP
WMI,TRF
WMI,PFO
WMI,PMI
WMI,BVA
WMI,OPO
WMI,RHO
WMI,RIX
WMI,CIA
WMI,ARN
WMI,TFS
WMI,SKG
WMI,TIA
WMI,VLC
WMI,TSF
WMI,VIE
WMI,ZAD
WMI,ZTH
WMN,TNR
WMO,GLV
WMO,OME
WMT,CAN
WMT,CGO
WMT,CKG
WMT,CSX
WMT,DLU
WMT,HAK
WMT,HFE
WMT,HGH
WMT,INC
WMT,JHG
WMT,JJN
WMT,KHN
WMT,KMG
WMT,KWE
WMT,LLB
WMT,NGB
WMT,NKG
WMT,NNG
WMT,PEK
WMT,PVG
WMT,SWA
WMT,SYX
WMT,SZX
WMT,TAO
WMT,TNA
WMT,TSN
WMT,WUH
WMT,XIY
WMT,XMN
WMT,YIW
WMT,ZHA
WMT,ZUH
WMT,ACX
WMT,TFU
WMT,TEN
WMX,DJJ
WMX,TIM
WNA,BET
WNH,CAN
WNH,CKG
WNH,KMG
WNH,PVG
WNH,SZX
WNH,PKX
WNH,TFU
WNN,KIF
WNN,YTL
WNN,YXL
WNN,SUR
WNP,CEB
WNP,MNL
WNR,BVI
WNR,ULP
WNZ,MAD
WNZ,MXP
WNZ,FCO
WNZ,AQG
WNZ,BKK
WNZ,CAN
WNZ,CGO
WNZ,CGQ
WNZ,CKG
WNZ,CSX
WNZ,CTU
WNZ,CZX
WNZ,DAT
WNZ,DLC
WNZ,DSN
WNZ,ENH
WNZ,FUG
WNZ,HAK
WNZ,HDG
WNZ,HFE
WNZ,HKG
WNZ,HLD
WNZ,HNY
WNZ,HRB
WNZ,HZG
WNZ,ICN
WNZ,JIQ
WNZ,JNG
WNZ,KMG
WNZ,KWE
WNZ,KWL
WNZ,LYG
WNZ,LYI
WNZ,LZH
WNZ,LZO
WNZ,MFM
WNZ,MIG
WNZ,NAO
WNZ,NKG
WNZ,NNG
WNZ,PEK
WNZ,PVG
WNZ,SHE
WNZ,SWA
WNZ,SYX
WNZ,SZX
WNZ,TAO
WNZ,TNA
WNZ,TSN
WNZ,TYN
WNZ,WEH
WNZ,WUH
WNZ,XFN
WNZ,XIY
WNZ,XMN
WNZ,XNN
WNZ,YBP
WNZ,YIH
WNZ,YNT
WNZ,YTY
WNZ,ZUH
WNZ,ZYI
WNZ,ACX
WNZ,DOY
WNZ,FUO
WNZ,SJW
WNZ,TXN
WNZ,YCU
WNZ,LHW
WNZ,PKX
WNZ,SHS
WNZ,TFU
WNZ,EHU
WNZ,TEN
WOL,BNE
WOL,MEL
WPL,CXH
WPR,PUQ
WPU,PUQ
WRE,AKL
WRG,KTN
WRG,PSG
WRO,AGA
WRO,ALC
WRO,AMS
WRO,ATH
WRO,BCN
WRO,GRO
WRO,BRI
WRO,BLL
WRO,BLQ
WRO,BOH
WRO,BDS
WRO,BRS
WRO,CRL
WRO,CHQ
WRO,CFU
WRO,DUB
WRO,DBV
WRO,EDI
WRO,EIN
WRO,FRA
WRO,GDN
WRO,GLA
WRO,HEL
WRO,HER
WRO,CPH
WRO,LCA
WRO,LBA
WRO,LIS
WRO,LPL
WRO,LTN
WRO,STN
WRO,AGP
WRO,MLA
WRO,MAN
WRO,MRS
WRO,BGY
WRO,MUC
WRO,NAP
WRO,NCL
WRO,EMA
WRO,OSL
WRO,TRF
WRO,PFO
WRO,PMO
WRO,PMI
WRO,BVA
WRO,PSA
WRO,OPO
WRO,CIA
WRO,SNN
WRO,SOF
WRO,SPU
WRO,ARN
WRO,TIA
WRO,VLC
WRO,TSF
WRO,WAW
WRO,ZAD
WRO,ZRH
WRO,TGD
WRO,ICN
WRZ,CMB
WRZ,KCT
WSK,CAN
WSK,KWE
WSK,YNT
WSZ,WLG
WTB,BNE
WTB,CTL
WTB,SYD
WTB,SGO
WTE,MAJ
WTK,KVL
WTK,OTZ
WTL,BET
WTO,KWA
WTO,LML
WUA,CGO
WUA,CIF
WUA,CKG
WUA,HET
WUA,PEK
WUA,WUH
WUA,XIL
WUA,XIY
WUA,TGO
WUA,PKX
WUA,TFU
WUH,LHR
WUH,AAT
WUH,AKA
WUH,BAV
WUH,BHY
WUH,BKI
WUH,BKK
WUH,BPL
WUH,CAN
WUH,CGQ
WUH,CIH
WUH,CKG
WUH,CTU
WUH,DAT
WUH,DLC
WUH,DLU
WUH,DMK
WUH,DSN
WUH,DXB
WUH,ENH
WUH,FOC
WUH,HAK
WUH,HET
WUH,HGH
WUH,HIA
WUH,HKG
WUH,HLD
WUH,HLH
WUH,HRB
WUH,HSN
WUH,HUZ
WUH,HYN
WUH,ICN
WUH,INC
WUH,JHG
WUH,JJN
WUH,JNG
WUH,JNZ
WUH,KHG
WUH,KHH
WUH,KMG
WUH,KUL
WUH,KWE
WUH,LJG
WUH,LLB
WUH,LUM
WUH,LXA
WUH,LYI
WUH,LZH
WUH,LZO
WUH,MFM
WUH,MIG
WUH,NAO
WUH,NGB
WUH,NNG
WUH,NRT
WUH,PEK
WUH,PVG
WUH,SFO
WUH,SHA
WUH,SHE
WUH,SWA
WUH,SYD
WUH,SYX
WUH,SZX
WUH,TAO
WUH,TCZ
WUH,TNA
WUH,TPE
WUH,TSA
WUH,TSN
WUH,TYN
WUH,URC
WUH,WNZ
WUH,WUA
WUH,XIC
WUH,XIY
WUH,XMN
WUH,XNN
WUH,YBP
WUH,YIN
WUH,YIW
WUH,YNT
WUH,YNZ
WUH,YZY
WUH,ZHA
WUH,ZHY
WUH,ZUH
WUH,ZYI
WUH,ACX
WUH,DOY
WUH,JIC
WUH,SIN
WUH,UYN
WUH,YCU
WUH,NZH
WUH,LHW
WUH,KJH
WUH,LLV
WUH,GYU
WUH,LPF
WUH,RIZ
WUH,LFQ
WUH,WDS
WUH,WUT
WUH,BAR
WUH,CDE
WUH,WMT
WUH,PKX
WUH,TFU
WUH,HZA
WUH,DZH
WUN,MKR
WUN,PER
WUS,CAN
WUS,PEK
WUS,SZX
WUS,TAO
WUS,TNA
WUS,XMN
WUS,PKX
WUS,TFU
WUT,CAN
WUT,CKG
WUT,HET
WUT,HRB
WUT,KHN
WUT,PVG
WUT,SHE
WUT,TSN
WUT,WUH
WUT,TFU
WUU,JUB
WUX,CAN
WUX,CGQ
WUX,CJU
WUX,CKG
WUX,CSX
WUX,CTU
WUX,DLC
WUX,DYG
WUX,FOC
WUX,HET
WUX,HFE
WUX,HKG
WUX,HNY
WUX,HRB
WUX,HUZ
WUX,ICN
WUX,JJN
WUX,KIX
WUX,KMG
WUX,KWE
WUX,KWL
WUX,LJG
WUX,LZO
WUX,MFM
WUX,NNG
WUX,NRT
WUX,PEK
WUX,PVG
WUX,SHE
WUX,SYX
WUX,SZX
WUX,TAO
WUX,TYN
WUX,XFN
WUX,XIY
WUX,XMN
WUX,XNN
WUX,YBP
WUX,YNT
WUX,ZUH
WUX,SIN
WUX,YCU
WUX,TLQ
WUX,SHF
WUX,YKH
WUX,PKX
WUX,TFU
WUX,TEN
WUZ,CSX
WUZ,FOC
WUZ,TVS
WUZ,PKX
WUZ,TFU
WVB,CPT
WVB,JNB
WVB,HLE
WWK,HGU
WWK,MAG
WWK,MAS
WWK,POM
WWK,VAI
WWP,KCC
WWP,KTN
WWP,NKI
WWT,BET
WXN,CAN
WXN,CSX
WXN,HAK
WXN,HFE
WXN,JNG
WXN,KMG
WXN,KWE
WXN,LXA
WXN,NGB
WXN,NKG
WXN,PEK
WXN,PVG
WXN,TSN
WXN,XMN
WXN,LHW
WYA,ADL
WYS,DEN
WYS,SLC
WZA,ACC
XAI,CKG
XAI,HAK
XAI,HGH
XAI,PVG
XAI,SZX
XAI,XIY
XAI,TFU
XAP,CGH
XAP,FLN
XAP,GRU
XAP,VCP
XBE,MSA
XBE,YXL
XBE,ZPB
XBJ,MHD
XBJ,THR
XCH,CCK
XCH,PER
XCR,RAK
XCR,OPO
XEQ,JNN
XEQ,QUV
XFN,CAN
XFN,CGQ
XFN,CKG
XFN,FOC
XFN,HAK
XFN,HET
XFN,HGH
XFN,HRB
XFN,INC
XFN,KMG
XFN,KWE
XFN,LJG
XFN,NGB
XFN,NKG
XFN,NNG
XFN,PEK
XFN,SHA
XFN,SHE
XFN,SZX
XFN,TAO
XFN,TNA
XFN,WNZ
XFN,WUX
XFN,XIY
XFN,ZUH
XFN,LHW
XFN,TFU
XGR,YVP
XIC,CAN
XIC,CSX
XIC,CTU
XIC,GYS
XIC,JHG
XIC,KWE
XIC,LZO
XIC,LZY
XIC,MIG
XIC,NGB
XIC,NNG
XIC,PEK
XIC,PVG
XIC,SZX
XIC,WUH
XIC,XIY
XIC,ZUH
XIC,PKX
XIC,TFU
XIC,DZH
XIL,BAV
XIL,CGO
XIL,CIF
XIL,DLC
XIL,DSN
XIL,ERL
XIL,HET
XIL,HLD
XIL,HLH
XIL,HRB
XIL,PEK
XIL,TSN
XIL,WUA
XIL,TGO
XIL,NZH
XIL,HUO
XIL,PKX
XIQ,JAV
XIQ,JCH
XIY,BUD
XIY,LHR
XIY,SVO
XIY,AAT
XIY,AKU
XIY,ALA
XIY,AQG
XIY,BAV
XIY,BHY
XIY,BKK
XIY,BPL
XIY,BPX
XIY,CAN
XIY,CGD
XIY,CGQ
XIY,CIF
XIY,CIH
XIY,CJU
XIY,CKG
XIY,CSX
XIY,CTU
XIY,CZX
XIY,DLC
XIY,DLU
XIY,DMK
XIY,DNH
XIY,DSN
XIY,DXB
XIY,DYG
XIY,ENH
XIY,ENY
XIY,FOC
XIY,FRU
XIY,GOQ
XIY,HAK
XIY,HET
XIY,HFE
XIY,HGH
XIY,HJJ
XIY,HKG
XIY,HKT
XIY,HMI
XIY,HNY
XIY,HRB
XIY,HTN
XIY,HUZ
XIY,HYN
XIY,ICN
XIY,INC
XIY,JDZ
XIY,JGN
XIY,JGS
XIY,JHG
XIY,JIQ
XIY,JIU
XIY,JJN
XIY,JNG
XIY,JUZ
XIY,KCA
XIY,KHG
XIY,KHN
XIY,KIX
XIY,KMG
XIY,KOW
XIY,KRL
XIY,KRY
XIY,KUL
XIY,KWE
XIY,KWL
XIY,LJG
XIY,LUM
XIY,LXA
XIY,LYG
XIY,LYI
XIY,LZO
XIY,LZY
XIY,NGB
XIY,NKG
XIY,NNG
XIY,NNY
XIY,NRT
XIY,PEK
XIY,PUS
XIY,PVG
XIY,RKZ
XIY,SGN
XIY,SHA
XIY,SHE
XIY,SWA
XIY,SYX
XIY,SZX
XIY,TAO
XIY,TAS
XIY,TCZ
XIY,TNA
XIY,TSN
XIY,TVS
XIY,URC
XIY,WEF
XIY,WEH
XIY,WNZ
XIY,WUA
XIY,WUH
XIY,WUX
XIY,XFN
XIY,XIC
XIY,XMN
XIY,XNN
XIY,YBP
XIY,YIH
XIY,YIN
XIY,YIW
XIY,YNT
XIY,YNZ
XIY,YTY
XIY,YZY
XIY,ZHA
XIY,ZHY
XIY,ZUH
XIY,ZYI
XIY,ACX
XIY,AVA
XIY,DOY
XIY,DQA
XIY,JIC
XIY,NTG
XIY,RLK
XIY,SIN
XIY,SJW
XIY,SKD
XIY,TCG
XIY,TGO
XIY,TXN
XIY,UYN
XIY,LHW
XIY,PZI
XIY,YIC
XIY,BFJ
XIY,LLV
XIY,GYU
XIY,TLQ
XIY,RIZ
XIY,SQD
XIY,CDE
XIY,WGN
XIY,WMT
XIY,QSZ
XIY,XAI
XIY,BZX
XIY,TWC
XIY,YYA
XIY,PKX
XIY,YLX
XIY,SHS
XIY,TFU
XIY,HZA
XIY,WHA
XIY,HCZ
XIY,NQZ
XIY,TEN
XKH,VTE
XKS,YPL
XKS,YQT
XKS,YTL
XKS,YXL
XKS,YAX
XLS,DKR
XMH,AHE
XMH,PPT
XMN,AMS
XMN,CDG
XMN,AQG
XMN,BKK
XMN,CAN
XMN,CGK
XMN,CGO
XMN,CGQ
XMN,CKG
XMN,CSX
XMN,CTU
XMN,CZX
XMN,DLC
XMN,DOH
XMN,DPS
XMN,FUG
XMN,HAK
XMN,HAN
XMN,HDG
XMN,HET
XMN,HFE
XMN,HGH
XMN,HIA
XMN,HKG
XMN,HNY
XMN,HRB
XMN,HSN
XMN,ICN
XMN,INC
XMN,JDZ
XMN,JGS
XMN,JHG
XMN,JNG
XMN,KHH
XMN,KHN
XMN,KIX
XMN,KMG
XMN,KUL
XMN,KWE
XMN,KWL
XMN,LAX
XMN,LJG
XMN,LYG
XMN,LYI
XMN,LZH
XMN,LZO
XMN,MEL
XMN,MFM
XMN,MIG
XMN,MNL
XMN,NGB
XMN,NKG
XMN,NNG
XMN,NNY
XMN,NRT
XMN,PEK
XMN,PEN
XMN,PNH
XMN,PVG
XMN,RGN
XMN,SGN
XMN,SHA
XMN,SHE
XMN,SYD
XMN,SYX
XMN,TAO
XMN,TNA
XMN,TPE
XMN,TSA
XMN,TSN
XMN,TYN
XMN,WNZ
XMN,WUH
XMN,WUX
XMN,WXN
XMN,XIY
XMN,XUZ
XMN,YNT
XMN,YNZ
XMN,YTY
XMN,YVR
XMN,ZUH
XMN,ZYI
XMN,DOY
XMN,NTG
XMN,SIN
XMN,SJW
XMN,TXN
XMN,UYN
XMN,WUS
XMN,YCU
XMN,LHW
XMN,YIC
XMN,WDS
XMN,WMT
XMN,PKX
XMN,SHS
XMN,TFU
XMN,HZA
XMN,WHA
XMN,DZH
XMN,EHU
XMN,TEN
XMY,BDD
XMY,CNC
XMY,HID
XNA,ATL
XNA,AUS
XNA,AZA
XNA,BNA
XNA,CLT
XNA,DCA
XNA,DEN
XNA,DFW
XNA,FLL
XNA,IAH
XNA,LAS
XNA,LAX
XNA,LGA
XNA,MCO
XNA,MSP
XNA,MSY
XNA,ORD
XNA,PHX
XNA,PIE
XNA,SFB
XNA,TPA
XNA,TYS
XNA,VPS
XNA,MIA
XNN,CAN
XNN,CGO
XNN,CKG
XNN,CSX
XNN,CTU
XNN,CZX
XNN,DNH
XNN,DSN
XNN,ENH
XNN,GOQ
XNN,HAK
XNN,HDG
XNN,HET
XNN,HFE
XNN,HGH
XNN,HRB
XNN,INC
XNN,JHG
XNN,KHG
XNN,KHN
XNN,KMG
XNN,KWE
XNN,KWL
XNN,LXA
XNN,LYA
XNN,LYG
XNN,LYI
XNN,LZO
XNN,MIG
XNN,NGB
XNN,NKG
XNN,NNG
XNN,PEK
XNN,PVG
XNN,SHA
XNN,SZX
XNN,TNA
XNN,TSN
XNN,TYN
XNN,URC
XNN,WNZ
XNN,WUH
XNN,WUX
XNN,XIY
XNN,XUZ
XNN,YIH
XNN,YTY
XNN,YUS
XNN,NTG
XNN,SJW
XNN,UYN
XNN,HXD
XNN,HTT
XNN,GMQ
XNN,HBQ
XNN,PKX
XNN,TFU
XPL,BCN
XPL,MAD
XPL,BOG
XPL,DFW
XPL,FLL
XPL,GUA
XPL,IAH
XPL,PTY
XPL,SAL
XPL,MIA
XQP,DRK
XQP,SJO
XRY,LEI
XRY,BCN
XRY,BIO
XRY,BRU
XRY,DUS
XRY,FRA
XRY,HAM
XRY,HAJ
XRY,LPA
XRY,LEJ
XRY,STN
XRY,LUX
XRY,MAD
XRY,AGP
XRY,MUC
XRY,PMI
XRY,SDR
XRY,STR
XRY,TFN
XRY,ZRH
XSC,GDT
XSC,PLS
XSP,SZB
XSP,RDN
XTG,CMA
XUZ,CAN
XUZ,CGQ
XUZ,CKG
XUZ,CSX
XUZ,DLC
XUZ,DSN
XUZ,DYG
XUZ,FOC
XUZ,HAK
XUZ,HET
XUZ,HRB
XUZ,HSN
XUZ,INC
XUZ,JJN
XUZ,JUZ
XUZ,KHN
XUZ,KMG
XUZ,KWE
XUZ,KWL
XUZ,NNG
XUZ,SHE
XUZ,SWA
XUZ,SZX
XUZ,XMN
XUZ,XNN
XUZ,YBP
XUZ,ZUH
XUZ,LHW
XUZ,TFU
XWA,DEN
XWA,LAS
XWA,MSP
YAA,QBC
YAA,YVR
YAB,YFB
YAB,YIO
YAB,YRB
YAC,YVZ
YAC,YXL
YAE,KCY
YAK,CDV
YAK,JNU
YAM,YQT
YAM,YSB
YAM,YTZ
YAM,YYZ
YAP,GUM
YAQ,CXH
YAQ,YGG
YAT,YMO
YAT,YPO
YAT,YTS
YAT,ZKE
YAX,XKS
YAX,YTL
YAY,YBX
YAY,YYT
YAZ,YVR
YBB,YCB
YBB,YHK
YBB,YYH
YBC,YQB
YBC,YZV
YBE,YSF
YBG,YUL
YBK,YRT
YBL,YVR
YBP,CAN
YBP,CGO
YBP,CSX
YBP,FOC
YBP,HAK
YBP,HFE
YBP,HGH
YBP,JHG
YBP,JJN
YBP,KMG
YBP,LJG
YBP,LXA
YBP,NGB
YBP,NKG
YBP,NNG
YBP,PEK
YBP,PVG
YBP,SWA
YBP,SYX
YBP,SZX
YBP,TAO
YBP,TNA
YBP,TSN
YBP,TYN
YBP,URC
YBP,WNZ
YBP,WUH
YBP,WUX
YBP,XIY
YBP,XUZ
YBP,ZUH
YBP,SJW
YBP,PKX
YBP,DZH
YBR,YYC
YBX,YAY
YBX,YIF
YBX,YYR
YBX,YZV
YCB,YBB
YCB,YCO
YCB,YYH
YCB,YZF
YCD,YEG
YCD,YLW
YCD,YVR
YCD,YYC
YCG,YVR
YCK,YGH
YCK,YZF
YCO,YCB
YCO,YHI
YCO,YZF
YCS,YRT
YCU,BKK
YCU,CAN
YCU,CGQ
YCU,CKG
YCU,CSX
YCU,DLC
YCU,HAK
YCU,HFE
YCU,HGH
YCU,HRB
YCU,INC
YCU,KHN
YCU,KMG
YCU,KWE
YCU,LJG
YCU,NGB
YCU,NKG
YCU,NNG
YCU,PEK
YCU,PVG
YCU,SHE
YCU,SYX
YCU,SZX
YCU,TAO
YCU,TSN
YCU,URC
YCU,WNZ
YCU,WUH
YCU,WUX
YCU,XMN
YCU,ZUH
YCU,PKX
YCU,TFU
YCY,YFB
YCY,YVM
YDA,YEV
YDA,YOC
YDA,YXY
YDF,YHZ
YDF,YKF
YDF,YQM
YDF,YUL
YDF,YYC
YDF,YYR
YDF,YYT
YDF,YYZ
YDL,YYD
YDP,YYR
YDP,YNP
YEG,AMS
YEG,FRA
YEG,ATL
YEG,BNA
YEG,CUN
YEG,DEN
YEG,HNL
YEG,HUX
YEG,LAS
YEG,LAX
YEG,MCO
YEG,MSP
YEG,MZT
YEG,OGG
YEG,PHX
YEG,PSP
YEG,PVR
YEG,SEA
YEG,SFO
YEG,YCD
YEG,YHZ
YEG,YKF
YEG,YLW
YEG,YMM
YEG,YOJ
YEG,YOW
YEG,YPY
YEG,YQM
YEG,YQQ
YEG,YQR
YEG,YQU
YEG,YSM
YEG,YUL
YEG,YVR
YEG,YWG
YEG,YXE
YEG,YXS
YEG,YXX
YEG,YXY
YEG,YYC
YEG,YYG
YEG,YYJ
YEG,YYT
YEG,YYZ
YEG,YZF
YEG,SJD
YEI,DIY
YEI,ERZ
YEI,MSR
YEI,TZX
YEK,YRT
YEK,YYQ
YER,YXL
YES,THR
YEV,LAK
YEV,YDA
YEV,YOC
YEV,YVQ
YEV,YXY
YEV,YZF
YFA,YMO
YFA,ZKE
YFB,GOH
YFB,YAB
YFB,YCY
YFB,YGT
YFB,YIO
YFB,YLC
YFB,YOW
YFB,YRB
YFB,YRT
YFB,YTE
YFB,YUX
YFB,YVM
YFB,YVP
YFB,YXP
YFC,YOW
YFC,YTZ
YFC,YUL
YFC,YYC
YFC,YYZ
YFH,YOG
YFH,YQT
YFJ,YZF
YFO,YQD
YFO,YWG
YFS,YHY
YFS,YZF
YGG,CXH
YGG,YVR
YGG,YWH
YGG,YAQ
YGH,YCK
YGH,YVQ
YGH,YWJ
YGJ,HND
YGJ,ICN
YGL,YGW
YGL,YPX
YGL,YUL
YGP,YGR
YGP,YQB
YGR,FSP
YGR,YGP
YGR,YHU
YGR,YQB
YGR,YUL
YGR,YVB
YGT,YFB
YGT,YUX
YGV,YPN
YGW,YGL
YGW,YKU
YGW,YSK
YGW,YUD
YGW,YUL
YGX,YTH
YGX,YWG
YGZ,YRB
YHD,YQK
YHD,YQT
YHI,YCO
YHI,YZF
YHK,YBB
YHK,YYH
YHK,YZF
YHM,KEF
YHM,MCO
YHM,TPA
YHM,YHZ
YHM,YYC
YHM,YYT
YHO,YSO
YHO,YNP
YHP,YNO
YHP,YRL
YHP,YVZ
YHP,YXL
YHR,YIF
YHR,YNA
YHR,YZV
YHR,ZLT
YHR,ZTB
YHR,ZGS
YHS,CXH
YHS,YVR
YHS,ZNA
YHU,YGR
YHU,YQB
YHU,YVB
YHU,YZV
YHY,YFS
YHY,YOJ
YHY,YSM
YHY,YZF
YHZ,DUB
YHZ,EDI
YHZ,FRA
YHZ,LGW
YHZ,LHR
YHZ,KEF
YHZ,BDA
YHZ,BOS
YHZ,CCC
YHZ,CUN
YHZ,DCA
YHZ,EWR
YHZ,FLL
YHZ,FSP
YHZ,HOG
YHZ,LGA
YHZ,MBJ
YHZ,MCO
YHZ,POP
YHZ,PUJ
YHZ,SNU
YHZ,TPA
YHZ,VRA
YHZ,YDF
YHZ,YEG
YHZ,YHM
YHZ,YKF
YHZ,YOW
YHZ,YQX
YHZ,YTZ
YHZ,YUL
YHZ,YVR
YHZ,YWG
YHZ,YYC
YHZ,YYR
YHZ,YYT
YHZ,YYZ
YHZ,PHL
YIA,BDJ
YIA,BPN
YIA,BTH
YIA,CGK
YIA,DPS
YIA,HLP
YIA,KUL
YIA,LOP
YIA,PKU
YIA,PLM
YIA,PNK
YIA,UPG
YIA,SIN
YIA,KNO
YIA,AAP
YIC,CAN
YIC,DLC
YIC,FOC
YIC,KWE
YIC,PEK
YIC,SHE
YIC,SYX
YIC,SZX
YIC,TSN
YIC,XIY
YIC,XMN
YIC,ZUH
YIC,TFU
YIE,HET
YIE,PKX
YIF,YBX
YIF,YHR
YIF,YZV
YIF,ZGS
YIH,BHY
YIH,CAN
YIH,CTU
YIH,DLC
YIH,DMK
YIH,FOC
YIH,HAK
YIH,HET
YIH,HGH
YIH,HRB
YIH,HSN
YIH,HUZ
YIH,HYN
YIH,INC
YIH,JJN
YIH,KMG
YIH,KWE
YIH,NGB
YIH,NNG
YIH,PEK
YIH,PVG
YIH,SGN
YIH,SHE
YIH,SWA
YIH,SYX
YIH,SZX
YIH,TAO
YIH,TNA
YIH,TSN
YIH,TYN
YIH,URC
YIH,WNZ
YIH,XIY
YIH,XNN
YIH,ZHA
YIH,ZUH
YIH,SJW
YIH,LHW
YIH,PKX
YIH,TFU
YIK,AKV
YIK,YZG
YIN,AAT
YIN,AKU
YIN,CGO
YIN,HMI
YIN,IQM
YIN,KCA
YIN,KHG
YIN,KRL
YIN,KRY
YIN,URC
YIN,WUH
YIN,XIY
YIN,TCG
YIN,LHW
YIN,TLQ
YIN,SHF
YIN,FYN
YIN,QSZ
YIN,TWC
YIN,TFU
YIN,ACF
YIO,YAB
YIO,YFB
YIW,CAN
YIW,CGO
YIW,CGQ
YIW,CKG
YIW,HKG
YIW,INC
YIW,KMG
YIW,KWE
YIW,PEK
YIW,SHE
YIW,SWA
YIW,SZX
YIW,TAO
YIW,TNA
YIW,TSN
YIW,TYN
YIW,WUH
YIW,XIY
YIW,ZUH
YIW,SJW
YIW,WMT
YIW,BZX
YIW,PKX
YIW,TFU
YKA,YLW
YKA,YVR
YKA,YYC
YKA,YYD
YKA,YYJ
YKF,CUN
YKF,FLL
YKF,MCO
YKF,PVR
YKF,YDF
YKF,YEG
YKF,YHZ
YKF,YVR
YKF,YWG
YKF,YXX
YKF,YYC
YKF,YYG
YKF,YYT
YKG,YPJ
YKG,YQC
YKG,YVP
YKH,CAN
YKH,NGB
YKH,NKG
YKH,PVG
YKH,WUX
YKL,YZV
YKM,SEA
YKO,ESB
YKO,IST
YKQ,YVO
YKQ,ZEM
YKS,DME
YKS,SVO
YKS,VKO
YKS,LED
YKS,KZN
YKS,BQS
YKS,CKH
YKS,CYX
YKS,HRB
YKS,HTA
YKS,IKS
YKS,IKT
YKS,KHV
YKS,KJA
YKS,MJZ
YKS,OMS
YKS,OVB
YKS,PWE
YKS,SVX
YKS,UUD
YKS,VVO
YKS,NER
YKS,PYJ
YKS,ULK
YKS,DPT
YKS,BQJ
YKS,USR
YKS,SYS
YKS,ZKP
YKS,KDY
YKS,MQJ
YKS,NYR
YKS,OLZ
YKS,SEK
YKS,SUK
YKS,SUY
YKS,UKG
YKS,ZIX
YKS,ONK
YKS,BGN
YKU,YGW
YKU,YNC
YKU,YVO
YLC,YFB
YLE,YZF
YLH,YQT
YLW,CUN
YLW,LAS
YLW,MZT
YLW,PHX
YLW,PVR
YLW,SEA
YLW,YCD
YLW,YEG
YLW,YKA
YLW,YQQ
YLW,YQR
YLW,YUL
YLW,YVR
YLW,YWG
YLW,YXE
YLW,YXS
YLW,YYC
YLW,YYJ
YLW,YYZ
YLW,SJD
YLX,CAN
YLX,CSX
YLX,HAK
YLX,HGH
YLX,KMG
YLX,PEK
YLX,PVG
YLX,SZX
YLX,XIY
YLX,TFU
YMM,YEG
YMM,YYC
YMM,YYZ
YMN,YRG
YMN,YSO
YMO,YAT
YMO,YFA
YMO,YTS
YMT,YNS
YMT,YUL
YMX,YVO
YNA,YHR
YNA,YZV
YNA,ZGS
YNB,CAI
YNB,RMF
YNB,SSH
YNB,DMM
YNB,DOH
YNB,DXB
YNB,JED
YNB,RUH
YNC,YKU
YNC,ZEM
YNJ,CGO
YNJ,CGQ
YNJ,CJJ
YNJ,DLC
YNJ,ICN
YNJ,PEK
YNJ,PUS
YNJ,PVG
YNJ,TAE
YNJ,TAO
YNJ,VVO
YNJ,WEF
YNJ,WEH
YNJ,YNT
YNJ,MWX
YNJ,PKX
YNL,YPA
YNL,YXE
YNL,ZWL
YNO,YHP
YNO,YVZ
YNO,YXL
YNP,YDP
YNP,YHO
YNP,YYR
YNS,YMT
YNT,CAN
YNT,CGO
YNT,CGQ
YNT,CKG
YNT,CSX
YNT,CTU
YNT,DDG
YNT,DLC
YNT,DSN
YNT,DYG
YNT,FOC
YNT,HET
YNT,HFE
YNT,HGH
YNT,HLD
YNT,HRB
YNT,HSN
YNT,ICN
YNT,INC
YNT,JMU
YNT,JXA
YNT,KHN
YNT,KMG
YNT,KWL
YNT,LYI
YNT,MDG
YNT,NGB
YNT,NKG
YNT,PEK
YNT,PVG
YNT,SHA
YNT,SHE
YNT,SYX
YNT,SZX
YNT,TNA
YNT,TNH
YNT,TYN
YNT,WNZ
YNT,WUH
YNT,WUX
YNT,XIY
YNT,XMN
YNT,YNJ
YNT,ZUH
YNT,DQA
YNT,NTG
YNT,LHW
YNT,WSK
YNT,TFU
YNT,HZA
YNZ,CAN
YNZ,CGQ
YNZ,CKG
YNZ,CSX
YNZ,DLC
YNZ,FOC
YNZ,HAK
YNZ,HET
YNZ,HRB
YNZ,ICN
YNZ,KHN
YNZ,KMG
YNZ,KWE
YNZ,PEK
YNZ,SHE
YNZ,SZX
YNZ,WEH
YNZ,WUH
YNZ,XIY
YNZ,XMN
YNZ,ZUH
YNZ,SJW
YNZ,PKX
YNZ,TFU
YOC,YDA
YOC,YEV
YOC,YXY
YOG,YFH
YOG,YQT
YOJ,YEG
YOJ,YHY
YOL,ABV
YON,PBH
YON,BUT
YON,GLU
YOW,CDG
YOW,BOS
YOW,CCC
YOW,CUN
YOW,DCA
YOW,EWR
YOW,FLL
YOW,IAD
YOW,MCO
YOW,ORD
YOW,POP
YOW,PUJ
YOW,RSW
YOW,SNU
YOW,TPA
YOW,VRA
YOW,YEG
YOW,YFB
YOW,YFC
YOW,YHZ
YOW,YQB
YOW,YQM
YOW,YQT
YOW,YTZ
YOW,YUL
YOW,YVR
YOW,YWG
YOW,YYC
YOW,YYG
YOW,YYT
YOW,YYZ
YOW,YZF
YPA,YNL
YPA,YSF
YPA,YVC
YPA,YXE
YPA,ZFD
YPA,ZWL
YPH,YPX
YPH,YUD
YPH,YVP
YPJ,YKG
YPJ,YTQ
YPJ,YVP
YPL,XKS
YPL,YTL
YPL,YXL
YPM,KEW
YPM,YRL
YPM,YXL
YPM,ZSJ
YPN,YGV
YPN,YZV
YPO,YAT
YPR,YVR
YPW,YVR
YPX,AKV
YPX,YGL
YPX,YPH
YPX,YUL
YPX,YVP
YPY,YEG
YPY,YSM
YQB,LGW
YQB,CDG
YQB,AZS
YQB,CCC
YQB,CLT
YQB,CUN
YQB,EWR
YQB,FLL
YQB,HOG
YQB,MCO
YQB,ORD
YQB,POP
YQB,PUJ
YQB,PVR
YQB,SNU
YQB,VRA
YQB,YBC
YQB,YGP
YQB,YGR
YQB,YHU
YQB,YOW
YQB,YTZ
YQB,YUL
YQB,YUY
YQB,YVO
YQB,YVP
YQB,YVR
YQB,YYC
YQB,YYZ
YQB,YZV
YQB,PHL
YQC,YKG
YQC,YWB
YQD,YFO
YQD,YWG
YQG,YTZ
YQG,YYC
YQG,YYZ
YQK,YHD
YQL,YYC
YQM,CUN
YQM,MCO
YQM,PUJ
YQM,VRA
YQM,YDF
YQM,YEG
YQM,YOW
YQM,YTZ
YQM,YUL
YQM,YYC
YQM,YYY
YQM,YYZ
YQQ,CXH
YQQ,PVR
YQQ,YEG
YQQ,YLW
YQQ,YVR
YQQ,YYC
YQQ,YYZ
YQR,CUN
YQR,LAS
YQR,MCO
YQR,MSP
YQR,PHX
YQR,PVR
YQR,YEG
YQR,YLW
YQR,YUL
YQR,YVR
YQR,YWG
YQR,YYC
YQR,YYZ
YQT,KIF
YQT,XKS
YQT,YAM
YQT,YFH
YQT,YHD
YQT,YLH
YQT,YOG
YQT,YOW
YQT,YSB
YQT,YTL
YQT,YTZ
YQT,YWG
YQT,YWP
YQT,YXL
YQT,YYC
YQT,YYZ
YQU,YEG
YQU,YYC
YQX,YHZ
YQX,YUL
YQX,YWK
YQX,YYR
YQX,YYT
YQX,YYZ
YQY,YUL
YQY,YYZ
YQZ,YVR
YQZ,YWL
YRA,YZF
YRB,YAB
YRB,YFB
YRB,YGZ
YRG,YMN
YRG,YYR
YRL,YHP
YRL,YPM
YRL,YWG
YRL,YXL
YRT,YBK
YRT,YCS
YRT,YEK
YRT,YFB
YRT,YUT
YRT,YWG
YRT,YXN
YRT,YZF
YRT,YZS
YSB,YAM
YSB,YQT
YSB,YTZ
YSB,YYB
YSB,YYZ
YSF,YBE
YSF,YPA
YSF,YXE
YSF,ZFD
YSG,YZF
YSJ,MCO
YSJ,YUL
YSJ,YYZ
YSK,YGW
YSK,YUD
YSK,YWG
YSM,YEG
YSM,YHY
YSM,YPY
YSM,YZF
YSO,YHO
YSO,YMN
YSQ,CAN
YSQ,CTU
YSQ,HFE
YSQ,PVG
YSQ,SJW
YSQ,PKX
YTE,YFB
YTH,YGX
YTH,YWG
YTH,YYQ
YTL,XKS
YTL,YPL
YTL,YQT
YTL,YXL
YTL,YAX
YTL,WNN
YTP,CXH
YTP,YVR
YTP,YWH
YTQ,YPJ
YTQ,YVP
YTS,YAT
YTS,YMO
YTS,YTZ
YTS,YYZ
YTW,HTN
YTW,IQM
YTW,KHG
YTW,URC
YTW,QSZ
YTW,RQA
YTW,ACF
YTY,CAN
YTY,CGQ
YTY,CKG
YTY,CSX
YTY,CTU
YTY,DDG
YTY,DLC
YTY,DYG
YTY,FOC
YTY,HRB
YTY,ICN
YTY,INC
YTY,KMG
YTY,KWE
YTY,KWL
YTY,NNG
YTY,PEK
YTY,SHE
YTY,SWA
YTY,SYX
YTY,SZX
YTY,TYN
YTY,WNZ
YTY,XIY
YTY,XMN
YTY,XNN
YTY,ZUH
YTY,UYN
YTY,LHW
YTY,PKX
YTY,TFU
YTZ,BOS
YTZ,EWR
YTZ,IAD
YTZ,MDW
YTZ,YAM
YTZ,YFC
YTZ,YHZ
YTZ,YOW
YTZ,YQB
YTZ,YQG
YTZ,YQM
YTZ,YQT
YTZ,YSB
YTZ,YTS
YTZ,YUL
YUD,YGW
YUD,YPH
YUD,YSK
YUL,AMS
YUL,ATH
YUL,BCN
YUL,BSL
YUL,BOD
YUL,BRU
YUL,CMN
YUL,DUB
YUL,FRA
YUL,GVA
YUL,IST
YUL,CPH
YUL,LIS
YUL,LGW
YUL,LHR
YUL,LYS
YUL,MAD
YUL,AGP
YUL,RAK
YUL,MRS
YUL,MXP
YUL,MUC
YUL,NTE
YUL,NCE
YUL,CDG
YUL,ORY
YUL,OPO
YUL,KEF
YUL,FCO
YUL,ARN
YUL,TLS
YUL,TUN
YUL,VCE
YUL,VIE
YUL,ZRH
YUL,TLV
YUL,ALG
YUL,AMM
YUL,ACA
YUL,ANU
YUL,ATL
YUL,AUS
YUL,AZS
YUL,BGI
YUL,BNA
YUL,BOG
YUL,BOS
YUL,CCC
YUL,CFG
YUL,CLT
YUL,CTG
YUL,CUN
YUL,CUR
YUL,CYO
YUL,CZM
YUL,DCA
YUL,DEL
YUL,DEN
YUL,DFW
YUL,DOH
YUL,DTW
YUL,DXB
YUL,EWR
YUL,FDF
YUL,FLL
YUL,FPO
YUL,FSP
YUL,GRU
YUL,HOG
YUL,IAD
YUL,IAH
YUL,ICN
YUL,JFK
YUL,LAS
YUL,LAX
YUL,LGA
YUL,LIM
YUL,LIR
YUL,LRM
YUL,MBJ
YUL,MCO
YUL,MEX
YUL,MSP
YUL,MSY
YUL,NAS
YUL,NRT
YUL,ORD
YUL,PAP
YUL,PBI
YUL,PDL
YUL,PHX
YUL,PIT
YUL,PLS
YUL,POP
YUL,PTP
YUL,PTY
YUL,PUJ
YUL,PVR
YUL,RDU
YUL,SAL
YUL,SAN
YUL,SDQ
YUL,SEA
YUL,SFO
YUL,SNU
YUL,STL
YUL,SXM
YUL,TPA
YUL,VRA
YUL,YBG
YUL,YDF
YUL,YEG
YUL,YFC
YUL,YGL
YUL,YGR
YUL,YGW
YUL,YHZ
YUL,YLW
YUL,YMT
YUL,YOW
YUL,YPX
YUL,YQB
YUL,YQM
YUL,YQR
YUL,YQX
YUL,YQY
YUL,YSJ
YUL,YTZ
YUL,YUY
YUL,YVO
YUL,YVP
YUL,YVR
YUL,YWG
YUL,YWK
YUL,YXE
YUL,YYC
YUL,YYG
YUL,YYJ
YUL,YYT
YUL,YYZ
YUL,YZV
YUL,ZBF
YUL,ZIH
YUL,ZSA
YUL,SJD
YUL,SJO
YUL,SJU
YUL,RIH
YUL,PHL
YUL,MIA
YUL,TQO
YUM,DFW
YUM,PHX
YUS,XNN
YUS,TFU
YUT,YRT
YUT,YZS
YUX,YFB
YUX,YGT
YUY,YQB
YUY,YUL
YUY,YVO
YVB,YGR
YVB,YHU
YVC,YPA
YVC,YXE
YVC,ZWL
YVM,YCY
YVM,YFB
YVM,YXP
YVO,YKQ
YVO,YKU
YVO,YMX
YVO,YQB
YVO,YUL
YVO,YUY
YVP,XGR
YVP,YFB
YVP,YKG
YVP,YPH
YVP,YPJ
YVP,YPX
YVP,YQB
YVP,YTQ
YVP,YUL
YVQ,YEV
YVQ,YGH
YVQ,YZF
YVQ,ZFN
YVR,AMS
YVR,DUB
YVR,FRA
YVR,IST
YVR,LGW
YVR,LHR
YVR,MUC
YVR,CDG
YVR,KEF
YVR,ZRH
YVR,ANC
YVR,ATL
YVR,AUS
YVR,BKK
YVR,BNA
YVR,BNE
YVR,BOS
YVR,CLT
YVR,CUN
YVR,DEL
YVR,DEN
YVR,DFW
YVR,DTW
YVR,DXB
YVR,EWR
YVR,FLL
YVR,GDL
YVR,HKG
YVR,HND
YVR,HNL
YVR,HUX
YVR,IAD
YVR,IAH
YVR,ICN
YVR,JFK
YVR,KIX
YVR,KOA
YVR,LAS
YVR,LAX
YVR,LIH
YVR,MCO
YVR,MEX
YVR,MNL
YVR,MSP
YVR,MZT
YVR,NAN
YVR,NRT
YVR,OGG
YVR,ORD
YVR,PDX
YVR,PHX
YVR,PSP
YVR,PVG
YVR,PVR
YVR,QBC
YVR,SAN
YVR,SEA
YVR,SFO
YVR,SHE
YVR,SYD
YVR,SZX
YVR,TPE
YVR,XMN
YVR,YAA
YVR,YAZ
YVR,YBL
YVR,YCD
YVR,YCG
YVR,YEG
YVR,YGG
YVR,YHS
YVR,YHZ
YVR,YKA
YVR,YKF
YVR,YLW
YVR,YOW
YVR,YPR
YVR,YPW
YVR,YQB
YVR,YQQ
YVR,YQR
YVR,YQZ
YVR,YTP
YVR,YUL
YVR,YWG
YVR,YWH
YVR,YWL
YVR,YWS
YVR,YXC
YVR,YXE
YVR,YXJ
YVR,YXS
YVR,YXT
YVR,YXU
YVR,YXY
YVR,YYC
YVR,YYD
YVR,YYF
YVR,YYJ
YVR,YYZ
YVR,YZF
YVR,YZP
YVR,YZT
YVR,ZEL
YVR,ZIH
YVR,ZMT
YVR,ZNA
YVR,SIN
YVR,SJD
YVR,SLC
YVR,SMF
YVR,SNA
YVR,YZZ
YVR,MIA
YVR,AKL
YVR,TFU
YVZ,YAC
YVZ,YHP
YVZ,YNO
YVZ,YXL
YWB,YQC
YWB,YZG
YWG,ATL
YWG,BNA
YWG,CUN
YWG,DEN
YWG,FLL
YWG,HUX
YWG,LAS
YWG,LAX
YWG,MBJ
YWG,MCO
YWG,MSP
YWG,ORD
YWG,PHX
YWG,PSP
YWG,PVR
YWG,YEG
YWG,YFO
YWG,YGX
YWG,YHZ
YWG,YKF
YWG,YLW
YWG,YOW
YWG,YQD
YWG,YQR
YWG,YQT
YWG,YRL
YWG,YRT
YWG,YSK
YWG,YTH
YWG,YUL
YWG,YVR
YWG,YXE
YWG,YYC
YWG,YYJ
YWG,YYQ
YWG,YYZ
YWG,SJD
YWH,CXH
YWH,YGG
YWH,YTP
YWH,YVR
YWH,YWS
YWJ,YGH
YWJ,YZF
YWJ,ZFN
YWK,YQX
YWK,YUL
YWK,YYR
YWK,YYY
YWK,YZV
YWK,ZUM
YWL,YQZ
YWL,YVR
YWP,YQT
YWS,CXH
YWS,YVR
YWS,YWH
YXC,YVR
YXC,YYC
YXE,CUN
YXE,LAS
YXE,MCO
YXE,MSP
YXE,PHX
YXE,PVR
YXE,YEG
YXE,YLW
YXE,YNL
YXE,YPA
YXE,YSF
YXE,YUL
YXE,YVC
YXE,YVR
YXE,YWG
YXE,YYC
YXE,YYZ
YXE,ZFD
YXE,ZWL
YXH,YYC
YXJ,YVR
YXJ,YYC
YXL,KIF
YXL,MSA
YXL,XBE
YXL,XKS
YXL,YAC
YXL,YER
YXL,YHP
YXL,YNO
YXL,YPL
YXL,YPM
YXL,YQT
YXL,YRL
YXL,YTL
YXL,YVZ
YXL,ZPB
YXL,ZSJ
YXL,SUR
YXL,WNN
YXN,YRT
YXP,YFB
YXP,YVM
YXS,PVR
YXS,YEG
YXS,YLW
YXS,YVR
YXS,YXT
YXS,YYC
YXS,YYE
YXS,YYJ
YXT,YVR
YXT,YXS
YXT,YYC
YXU,CUN
YXU,MCO
YXU,PUJ
YXU,YVR
YXU,YYC
YXU,YYZ
YXX,PVR
YXX,YEG
YXX,YKF
YXX,YYC
YXX,YYZ
YXY,YDA
YXY,YEG
YXY,YEV
YXY,YOC
YXY,YVR
YXY,YYC
YXY,YYJ
YXY,YZF
YYA,CTU
YYA,HAK
YYA,HYN
YYA,KMG
YYA,PEK
YYA,PVG
YYA,SHA
YYA,SYX
YYA,XIY
YYB,YSB
YYB,YYZ
YYC,AMS
YYC,BCN
YYC,DUB
YYC,EDI
YYC,FRA
YYC,LHR
YYC,CDG
YYC,KEF
YYC,FCO
YYC,ZRH
YYC,ATL
YYC,AUS
YYC,BNA
YYC,BOS
YYC,BZE
YYC,CLT
YYC,CUN
YYC,DEN
YYC,DFW
YYC,DTW
YYC,EWR
YYC,FLL
YYC,HNL
YYC,HUX
YYC,IAD
YYC,IAH
YYC,ICN
YYC,JFK
YYC,KOA
YYC,LAS
YYC,LAX
YYC,LIR
YYC,LTO
YYC,MBJ
YYC,MCO
YYC,MSP
YYC,MZT
YYC,NAS
YYC,NRT
YYC,OGG
YYC,ORD
YYC,PDX
YYC,PHX
YYC,PSP
YYC,PUJ
YYC,PVR
YYC,SAN
YYC,SEA
YYC,SFO
YYC,TPA
YYC,VRA
YYC,YBR
YYC,YCD
YYC,YDF
YYC,YEG
YYC,YFC
YYC,YHM
YYC,YHZ
YYC,YKA
YYC,YKF
YYC,YLW
YYC,YMM
YYC,YOW
YYC,YQB
YYC,YQG
YYC,YQL
YYC,YQM
YYC,YQQ
YYC,YQR
YYC,YQT
YYC,YQU
YYC,YUL
YYC,YVR
YYC,YWG
YYC,YXC
YYC,YXE
YYC,YXH
YYC,YXJ
YYC,YXS
YYC,YXT
YYC,YXU
YYC,YXX
YYC,YXY
YYC,YYF
YYC,YYG
YYC,YYJ
YYC,YYT
YYC,YYZ
YYC,YZF
YYC,ZIH
YYC,ZLO
YYC,SJD
YYC,SLC
YYC,SNA
YYC,TQO
YYD,YDL
YYD,YKA
YYD,YVR
YYE,YXS
YYF,YVR
YYF,YYC
YYG,YEG
YYG,YKF
YYG,YOW
YYG,YUL
YYG,YYC
YYG,YYZ
YYH,YBB
YYH,YCB
YYH,YHK
YYH,YZF
YYJ,CUN
YYJ,LAS
YYJ,PVR
YYJ,SEA
YYJ,YEG
YYJ,YKA
YYJ,YLW
YYJ,YUL
YYJ,YVR
YYJ,YWG
YYJ,YXS
YYJ,YXY
YYJ,YYC
YYJ,YYZ
YYJ,SJD
YYQ,YEK
YYQ,YTH
YYQ,YWG
YYR,YBX
YYR,YDF
YYR,YDP
YYR,YHZ
YYR,YQX
YYR,YRG
YYR,YWK
YYR,ZUM
YYR,YNP
YYT,LGW
YYT,FSP
YYT,MCO
YYT,TPA
YYT,YAY
YYT,YDF
YYT,YEG
YYT,YHM
YYT,YHZ
YYT,YKF
YYT,YOW
YYT,YQX
YYT,YUL
YYT,YYC
YYT,YYZ
YYY,YQM
YYY,YWK
YYZ,AMS
YYZ,ATH
YYZ,BCN
YYZ,BRU
YYZ,CAI
YYZ,DUB
YYZ,EDI
YYZ,FAO
YYZ,FRA
YYZ,FNC
YYZ,GLA
YYZ,IST
YYZ,CPH
YYZ,SUF
YYZ,LIS
YYZ,LGW
YYZ,LHR
YYZ,MAD
YYZ,MAN
YYZ,MXP
YYZ,MUC
YYZ,CDG
YYZ,OPO
YYZ,KEF
YYZ,FCO
YYZ,ARN
YYZ,VCE
YYZ,WAW
YYZ,VIE
YYZ,ZAG
YYZ,ZRH
YYZ,TLV
YYZ,TER
YYZ,ADD
YYZ,ANU
YYZ,ATL
YYZ,AUA
YYZ,AUH
YYZ,AUS
YYZ,AZS
YYZ,BDA
YYZ,BDL
YYZ,BGI
YYZ,BNA
YYZ,BOG
YYZ,BON
YYZ,BOS
YYZ,BZE
YYZ,CAN
YYZ,CCC
YYZ,CHS
YYZ,CLE
YYZ,CLT
YYZ,CMH
YYZ,CTG
YYZ,CUN
YYZ,CUR
YYZ,CVG
YYZ,CZM
YYZ,DCA
YYZ,DEL
YYZ,DEN
YYZ,DFW
YYZ,DTW
YYZ,DXB
YYZ,EWR
YYZ,FDF
YYZ,FLL
YYZ,GCM
YYZ,GDL
YYZ,GEO
YYZ,GGT
YYZ,GND
YYZ,GRU
YYZ,HKG
YYZ,HND
YYZ,HNL
YYZ,HOG
YYZ,HUX
YYZ,IAD
YYZ,IAH
YYZ,ICN
YYZ,IND
YYZ,ISB
YYZ,JED
YYZ,JFK
YYZ,KHI
YYZ,KIN
YYZ,KIX
YYZ,LAS
YYZ,LAX
YYZ,LGA
YYZ,LHE
YYZ,LIM
YYZ,LIR
YYZ,LRM
YYZ,MBJ
YYZ,MCI
YYZ,MCO
YYZ,MEX
YYZ,MID
YYZ,MNL
YYZ,MSP
YYZ,MSY
YYZ,MTY
YYZ,NAS
YYZ,NRT
YYZ,ORD
YYZ,PBI
YYZ,PDL
YYZ,PDX
YYZ,PHX
YYZ,PIT
YYZ,PLS
YYZ,POP
YYZ,POS
YYZ,PSP
YYZ,PTY
YYZ,PUJ
YYZ,PVG
YYZ,PVR
YYZ,RDU
YYZ,RSW
YYZ,RTB
YYZ,SAL
YYZ,SAN
YYZ,SCL
YYZ,SDQ
YYZ,SEA
YYZ,SFO
YYZ,SNU
YYZ,SRQ
YYZ,STL
YYZ,SVD
YYZ,SXM
YYZ,TPA
YYZ,TPE
YYZ,UVF
YYZ,VRA
YYZ,YAM
YYZ,YDF
YYZ,YEG
YYZ,YFC
YYZ,YHZ
YYZ,YLW
YYZ,YMM
YYZ,YOW
YYZ,YQB
YYZ,YQG
YYZ,YQM
YYZ,YQQ
YYZ,YQR
YYZ,YQT
YYZ,YQX
YYZ,YQY
YYZ,YSB
YYZ,YSJ
YYZ,YTS
YYZ,YUL
YYZ,YVR
YYZ,YWG
YYZ,YXE
YYZ,YXU
YYZ,YXX
YYZ,YYB
YYZ,YYC
YYZ,YYG
YYZ,YYJ
YYZ,YYT
YYZ,YZF
YYZ,ZIH
YYZ,SJD
YYZ,SJO
YYZ,SJU
YYZ,SKB
YYZ,SLC
YYZ,SMF
YYZ,RIH
YYZ,PHL
YYZ,MIA
YYZ,TQO
YZF,YCB
YZF,YCK
YZF,YCO
YZF,YEG
YZF,YEV
YZF,YFS
YZF,YHI
YZF,YHK
YZF,YHY
YZF,YLE
YZF,YOW
YZF,YRA
YZF,YRT
YZF,YSG
YZF,YSM
YZF,YVQ
YZF,YVR
YZF,YWJ
YZF,YXY
YZF,YYC
YZF,YYH
YZF,YYZ
YZF,YFJ
YZG,YIK
YZG,YWB
YZP,YVR
YZS,YRT
YZS,YUT
YZT,YVR
YZV,YBC
YZV,YBX
YZV,YHR
YZV,YHU
YZV,YIF
YZV,YKL
YZV,YNA
YZV,YPN
YZV,YQB
YZV,YUL
YZV,YWK
YZV,ZGS
YZY,PEK
YZY,PVG
YZY,WUH
YZY,XIY
YZY,LHW
YZY,PKX
YZZ,YVR
ZAD,AAR
ZAD,BCN
ZAD,BSL
ZAD,BEG
ZAD,BHX
ZAD,BUD
ZAD,BLQ
ZAD,BOD
ZAD,BOH
ZAD,BRE
ZAD,BRU
ZAD,CRL
ZAD,OTP
ZAD,CGN
ZAD,ORK
ZAD,DUB
ZAD,DUS
ZAD,EDI
ZAD,EIN
ZAD,FRA
ZAD,HHN
ZAD,GDN
ZAD,GOT
ZAD,HAM
ZAD,HEL
ZAD,FKB
ZAD,KTW
ZAD,KUN
ZAD,CPH
ZAD,KSC
ZAD,KRK
ZAD,LBA
ZAD,LPL
ZAD,LGW
ZAD,STN
ZAD,LUX
ZAD,MST
ZAD,MAN
ZAD,MRS
ZAD,BGY
ZAD,MXP
ZAD,MUC
ZAD,FMO
ZAD,NCL
ZAD,NRN
ZAD,NUE
ZAD,OSL
ZAD,BVA
ZAD,PSA
ZAD,POZ
ZAD,PRG
ZAD,PUY
ZAD,RJK
ZAD,RTM
ZAD,RZE
ZAD,SOF
ZAD,ARN
ZAD,STR
ZAD,TLS
ZAD,VRN
ZAD,VIE
ZAD,WRO
ZAD,ZAG
ZAD,FMM
ZAD,VXO
ZAD,OSI
ZAD,BER
ZAD,WMI
ZAG,ALC
ZAG,AMS
ZAG,ACE
ZAG,ATH
ZAG,BCN
ZAG,GRO
ZAG,BSL
ZAG,BEG
ZAG,BWK
ZAG,BRU
ZAG,CRL
ZAG,CGN
ZAG,CFU
ZAG,DUB
ZAG,DBV
ZAG,DUS
ZAG,EIN
ZAG,FRA
ZAG,HHN
ZAG,GOT
ZAG,IST
ZAG,SAW
ZAG,FKB
ZAG,CPH
ZAG,KGS
ZAG,LGW
ZAG,LHR
ZAG,STN
ZAG,MAD
ZAG,AGP
ZAG,MMX
ZAG,MLA
ZAG,MAN
ZAG,MRS
ZAG,BGY
ZAG,MUC
ZAG,NAP
ZAG,NRN
ZAG,TRF
ZAG,PFO
ZAG,PMI
ZAG,BVA
ZAG,CDG
ZAG,PSA
ZAG,PUY
ZAG,FCO
ZAG,SKP
ZAG,SOF
ZAG,SPU
ZAG,ARN
ZAG,STR
ZAG,SKG
ZAG,TIA
ZAG,WAW
ZAG,VIE
ZAG,ZAD
ZAG,ZRH
ZAG,SJJ
ZAG,FMM
ZAG,TGD
ZAG,OSI
ZAG,BER
ZAG,DOH
ZAG,DXB
ZAG,FRU
ZAG,ICN
ZAG,OMO
ZAG,YYZ
ZAH,MHD
ZAH,SYZ
ZAH,THR
ZAH,ZBR
ZAL,SCL
ZAM,CEB
ZAM,DVO
ZAM,MNL
ZAM,TWT
ZAT,CAN
ZAT,CTU
ZAT,DLU
ZAT,FOC
ZAT,HGH
ZAT,KMG
ZAT,LJG
ZAT,PVG
ZAT,SZX
ZAT,PKX
ZAZ,BLQ
ZAZ,CRL
ZAZ,OTP
ZAZ,FEZ
ZAZ,LPA
ZAZ,STN
ZAZ,MAH
ZAZ,RAK
ZAZ,BGY
ZAZ,PMI
ZAZ,BVA
ZAZ,SCQ
ZAZ,TFN
ZAZ,TSF
ZAZ,CLJ
ZBF,YUL
ZBL,BNE
ZBR,DXB
ZBR,MHD
ZBR,THR
ZBR,ZAH
ZBY,VTE
ZCL,DFW
ZCL,LAX
ZCL,MDW
ZCL,MEX
ZCL,TIJ
ZCL,SJC
ZCO,BBA
ZCO,SCL
ZEL,YVR
ZEM,YKQ
ZEM,YNC
ZER,HGI
ZFD,YPA
ZFD,YSF
ZFD,YXE
ZFL,AKU
ZFL,KHG
ZFL,KJI
ZFL,KRL
ZFL,KRY
ZFL,URC
ZFL,TCG
ZFN,YVQ
ZFN,YWJ
ZGS,YHR
ZGS,YIF
ZGS,YNA
ZGS,YZV
ZGU,SLH
ZGU,SON
ZHA,CAN
ZHA,CGO
ZHA,CKG
ZHA,CSX
ZHA,FOC
ZHA,HFE
ZHA,HGH
ZHA,JJN
ZHA,JUZ
ZHA,KHN
ZHA,KMG
ZHA,KWE
ZHA,LZO
ZHA,NKG
ZHA,PEK
ZHA,PVG
ZHA,SWA
ZHA,SYX
ZHA,TNA
ZHA,WUH
ZHA,XIY
ZHA,YIH
ZHA,WMT
ZHA,PKX
ZHA,TFU
ZHY,CAN
ZHY,HET
ZHY,KMG
ZHY,PEK
ZHY,URC
ZHY,WUH
ZHY,XIY
ZHY,TFU
ZIA,IST
ZIA,KGD
ZIA,TBS
ZIA,AER
ZIA,ALA
ZIA,GYD
ZIA,DYU
ZIA,ESL
ZIA,FEG
ZIA,FRU
ZIA,KSQ
ZIA,LBD
ZIA,OSS
ZIA,TAS
ZIA,NMA
ZIA,SKD
ZIA,TJU
ZIA,UGC
ZIH,DFW
ZIH,IAH
ZIH,LAX
ZIH,MEX
ZIH,MSP
ZIH,ORD
ZIH,PHX
ZIH,QRO
ZIH,SFO
ZIH,TIJ
ZIH,YUL
ZIH,YVR
ZIH,YYC
ZIH,YYZ
ZIH,NLU
ZIX,YKS
ZKE,YAT
ZKE,YFA
ZKP,YKS
ZLO,DFW
ZLO,IAH
ZLO,LAX
ZLO,MEX
ZLO,PHX
ZLO,YYC
ZLT,YHR
ZLT,ZTB
ZMT,YVR
ZNA,CXH
ZNA,YHS
ZNA,YVR
ZND,AJY
ZND,NIM
ZNE,PER
ZNE,PHE
ZNZ,AMS
ZNZ,FRA
ZNZ,IST
ZNZ,MAD
ZNZ,MXP
ZNZ,CDG
ZNZ,FCO
ZNZ,VRN
ZNZ,ZRH
ZNZ,TLV
ZNZ,ADD
ZNZ,ARK
ZNZ,CAN
ZNZ,DAR
ZNZ,DOH
ZNZ,DXB
ZNZ,EBB
ZNZ,JNB
ZNZ,JRO
ZNZ,LKY
ZNZ,MBA
ZNZ,MCT
ZNZ,NBO
ZNZ,WIL
ZNZ,PMA
ZNZ,SEU
ZNZ,TGT
ZOS,SCL
ZPB,MSA
ZPB,XBE
ZPB,YXL
ZQN,BNE
ZQN,CHC
ZQN,MEL
ZQN,SYD
ZQN,WLG
ZQN,AKL
ZQN,OOL
ZQZ,PVG
ZQZ,SJW
ZRH,AGA
ZRH,AEY
ZRH,ALC
ZRH,AMS
ZRH,ESB
ZRH,AYT
ZRH,ACE
ZRH,ATH
ZRH,BCN
ZRH,BRI
ZRH,BEG
ZRH,BGO
ZRH,BIQ
ZRH,BIO
ZRH,BLL
ZRH,BHX
ZRH,BJV
ZRH,BUD
ZRH,BLQ
ZRH,BOD
ZRH,BRE
ZRH,BDS
ZRH,BRS
ZRH,BRU
ZRH,OTP
ZRH,CAG
ZRH,CAI
ZRH,CTA
ZRH,CHQ
ZRH,CGN
ZRH,CFU
ZRH,ORK
ZRH,DLM
ZRH,DJE
ZRH,DRS
ZRH,DUB
ZRH,DBV
ZRH,DUS
ZRH,EDI
ZRH,FAO
ZRH,FLR
ZRH,FRA
ZRH,FUE
ZRH,FNC
ZRH,GDN
ZRH,GVA
ZRH,GOT
ZRH,GRZ
ZRH,GCI
ZRH,HAM
ZRH,HAJ
ZRH,EVE
ZRH,HEL
ZRH,HER
ZRH,HRG
ZRH,IBZ
ZRH,IST
ZRH,SAW
ZRH,ADB
ZRH,XRY
ZRH,JER
ZRH,KTT
ZRH,CPH
ZRH,KGS
ZRH,KSC
ZRH,KRK
ZRH,SPC
ZRH,SUF
ZRH,LCA
ZRH,LPA
ZRH,LIS
ZRH,LJU
ZRH,LCY
ZRH,LGW
ZRH,LHR
ZRH,LTN
ZRH,LUX
ZRH,LXR
ZRH,MAD
ZRH,MAH
ZRH,AGP
ZRH,MLA
ZRH,MAN
ZRH,RAK
ZRH,RMF
ZRH,MRS
ZRH,MXP
ZRH,MUC
ZRH,JMK
ZRH,NTE
ZRH,NAP
ZRH,NQY
ZRH,NCE
ZRH,OLB
ZRH,OSL
ZRH,PMO
ZRH,PMI
ZRH,CDG
ZRH,OPO
ZRH,PRG
ZRH,PVK
ZRH,PRN
ZRH,PUY
ZRH,KEF
ZRH,RHO
ZRH,RIX
ZRH,FCO
ZRH,RVN
ZRH,SMI
ZRH,SCQ
ZRH,JTR
ZRH,SVQ
ZRH,SSH
ZRH,SKP
ZRH,SOF
ZRH,SPU
ZRH,ARN
ZRH,STR
ZRH,TLL
ZRH,TFS
ZRH,SKG
ZRH,TIA
ZRH,TOS
ZRH,TUN
ZRH,VLC
ZRH,VAR
ZRH,VCE
ZRH,VNO
ZRH,WAW
ZRH,VIE
ZRH,GWT
ZRH,WRO
ZRH,ZAG
ZRH,ZTH
ZRH,TIV
ZRH,SJJ
ZRH,CLJ
ZRH,FSC
ZRH,JSI
ZRH,KLX
ZRH,TLV
ZRH,BEY
ZRH,OHD
ZRH,AMM
ZRH,TGD
ZRH,KAO
ZRH,IVL
ZRH,ATL
ZRH,AUH
ZRH,BER
ZRH,BKK
ZRH,BOG
ZRH,BOM
ZRH,BOS
ZRH,BVC
ZRH,CMB
ZRH,CPT
ZRH,CTG
ZRH,CUN
ZRH,DEL
ZRH,DEN
ZRH,DOH
ZRH,DWC
ZRH,DXB
ZRH,EWR
ZRH,GRU
ZRH,GZT
ZRH,HAV
ZRH,HKG
ZRH,HKT
ZRH,IAD
ZRH,ICN
ZRH,JFK
ZRH,JNB
ZRH,JRO
ZRH,LAS
ZRH,LAX
ZRH,LIR
ZRH,MBJ
ZRH,MCT
ZRH,MLE
ZRH,MRU
ZRH,NRT
ZRH,ORD
ZRH,PDL
ZRH,POP
ZRH,PUJ
ZRH,PVG
ZRH,RUH
ZRH,SEZ
ZRH,SFO
ZRH,TPA
ZRH,YUL
ZRH,YVR
ZRH,YYC
ZRH,YYZ
ZRH,ZNZ
ZRH,SID
ZRH,SIN
ZRH,SJO
ZRH,PHL
ZRH,MIA
ZRI,DJJ
ZSA,ORY
ZSA,LGI
ZSA,NAS
ZSA,SDQ
ZSA,YUL
ZSA,MIA
ZSE,MRU
ZSJ,KEW
ZSJ,YPM
ZSJ,YXL
ZTA,PPT
ZTA,NUK
ZTB,YHR
ZTB,ZLT
ZTH,AMS
ZTH,GPA
ZTH,ATH
ZTH,BRI
ZTH,BFS
ZTH,BHX
ZTH,BUD
ZTH,BOH
ZTH,BTS
ZTH,BRS
ZTH,BRQ
ZTH,BRU
ZTH,OTP
ZTH,DUB
ZTH,DUS
ZTH,EDI
ZTH,EIN
ZTH,FRA
ZTH,GVA
ZTH,GLA
ZTH,HAM
ZTH,CPH
ZTH,KSC
ZTH,LBA
ZTH,LPL
ZTH,LGW
ZTH,LHR
ZTH,LTN
ZTH,STN
ZTH,MAN
ZTH,BGY
ZTH,MXP
ZTH,MUC
ZTH,NAP
ZTH,NCL
ZTH,EMA
ZTH,PMO
ZTH,ORY
ZTH,PRG
ZTH,PRN
ZTH,FCO
ZTH,RTM
ZTH,SZG
ZTH,STR
ZTH,TSR
ZTH,TIA
ZTH,VCE
ZTH,VRN
ZTH,WAW
ZTH,VIE
ZTH,ZRH
ZTH,CLJ
ZTH,EFL
ZTH,OSR
ZTH,BER
ZTH,WMI
ZUH,CGD
ZUH,CGO
ZUH,CKG
ZUH,CSX
ZUH,CTU
ZUH,CZX
ZUH,DSN
ZUH,FOC
ZUH,FUG
ZUH,HAK
ZUH,HFE
ZUH,HGH
ZUH,HRB
ZUH,JGS
ZUH,JJN
ZUH,JUZ
ZUH,KHN
ZUH,KMG
ZUH,KOW
ZUH,KWE
ZUH,LJG
ZUH,LYG
ZUH,LZO
ZUH,NGB
ZUH,NKG
ZUH,PEK
ZUH,PVG
ZUH,SHA
ZUH,SHE
ZUH,SWA
ZUH,SYX
ZUH,TAO
ZUH,TNA
ZUH,TSN
ZUH,TYN
ZUH,WNZ
ZUH,WUH
ZUH,WUX
ZUH,XFN
ZUH,XIC
ZUH,XIY
ZUH,XMN
ZUH,XUZ
ZUH,YBP
ZUH,YIH
ZUH,YIW
ZUH,YNT
ZUH,YNZ
ZUH,YTY
ZUH,ZYI
ZUH,ACX
ZUH,NTG
ZUH,SJW
ZUH,YCU
ZUH,LHW
ZUH,YIC
ZUH,WMT
ZUH,PKX
ZUH,SHS
ZUH,TFU
ZUH,WHA
ZUH,DZH
ZUH,EHU
ZUM,YWK
ZUM,YYR
ZVK,VTE
ZWL,YNL
ZWL,YPA
ZWL,YVC
ZWL,YXE
ZYI,CAN
ZYI,CGO
ZYI,ENY
ZYI,HAK
ZYI,HFE
ZYI,HGH
ZYI,JHG
ZYI,LJG
ZYI,NKG
ZYI,PVG
ZYI,SZX
ZYI,WNZ
ZYI,WUH
ZYI,XIY
ZYI,XMN
ZYI,ZUH
ZYI,ACX
ZYI,LHW
ZYI,PKX
ZYI,TFU
ZYL,LHR
ZYL,MAN
ZYL,AUH
ZYL,CXB
ZYL,DAC
ZYL,DOH
ZYL,DXB
ZYL,JED
ZYL,MCT
ZYL,MED
ZYL,SHJ
ZZO,UUS
ZZO,NGK
ZZU,LLW
